{"type":"FeatureCollection","features":[{"type":"Feature","properties":{"elev_class":2,"elev_range_ft":"58-172 ft","Block_No":35},"geometry":{"type":"Polygon","coordinates":[[[-122.5400959,37.896759],[-122.5400845,37.896759],[-122.5400846,37.8967409],[-122.5400733,37.8967409],[-122.5400733,37.8967319],[-122.5400278,37.8967317],[-122.5400279,37.8967227],[-122.5399938,37.8967226],[-122.5399938,37.8967136],[-122.5400052,37.8967136],[-122.5400053,37.8966956],[-122.5400167,37.8966956],[-122.5400167,37.8966866],[-122.5400281,37.8966866],[-122.5400282,37.8966776],[-122.5400509,37.8966777],[-122.540051,37.8966687],[-122.5401192,37.896669],[-122.5401192,37.896678],[-122.5401305,37.896678],[-122.5401305,37.896687],[-122.5401418,37.8966871],[-122.5401416,37.8967231],[-122.5401303,37.8967231],[-122.5401302,37.8967321],[-122.5400961,37.896732],[-122.540096,37.896741],[-122.5401074,37.896741],[-122.5401073,37.89675],[-122.5401187,37.8967501],[-122.5401186,37.8967681],[-122.5400959,37.896768],[-122.5400959,37.896759]]]}},{"type":"Feature","properties":{"elev_class":1,"elev_range_ft":"9-58 ft","Block_No":24},"geometry":{"type":"MultiPolygon","coordinates":[[[[-122.5449322,37.8963632],[-122.5449209,37.8963632],[-122.544921,37.8963451],[-122.5448927,37.896345],[-122.5449334,37.8962641],[-122.5449442,37.8962641],[-122.5449442,37.8962731],[-122.5449555,37.8962732],[-122.5449555,37.8962822],[-122.5449668,37.8962822],[-122.5449668,37.8962912],[-122.5449782,37.8962913],[-122.5449781,37.8963003],[-122.5450009,37.8963004],[-122.5450008,37.8963094],[-122.5450463,37.8963096],[-122.5450464,37.8963006],[-122.5450691,37.8963007],[-122.5450692,37.8962916],[-122.5450919,37.8962917],[-122.545092,37.8962827],[-122.5451261,37.8962828],[-122.5451261,37.8962738],[-122.545274,37.8962744],[-122.5452739,37.8962834],[-122.5453194,37.8962836],[-122.5453194,37.8962926],[-122.5453421,37.8962927],[-122.5453421,37.8963017],[-122.5453648,37.8963018],[-122.5453647,37.8963198],[-122.5453761,37.8963199],[-122.545376,37.8963379],[-122.5453873,37.8963379],[-122.5453873,37.8963469],[-122.5453987,37.896347],[-122.5453986,37.896356],[-122.5454668,37.8963563],[-122.5454668,37.8963566],[-122.5454625,37.8963653],[-122.545444,37.8963652],[-122.545444,37.8963742],[-122.5454212,37.8963741],[-122.5454213,37.8963651],[-122.5453758,37.8963649],[-122.5453758,37.8963559],[-122.5453645,37.8963559],[-122.5453645,37.8963469],[-122.5453532,37.8963468],[-122.5453533,37.8963288],[-122.5453419,37.8963287],[-122.5453419,37.8963197],[-122.5453306,37.8963197],[-122.5453306,37.8963107],[-122.5453079,37.8963106],[-122.5453079,37.8963016],[-122.5452624,37.8963014],[-122.5452625,37.8962924],[-122.5452284,37.8962923],[-122.5452283,37.8963013],[-122.5452056,37.8963012],[-122.5452055,37.8963102],[-122.5451942,37.8963101],[-122.5451941,37.8963192],[-122.5451372,37.8963189],[-122.5451372,37.8963279],[-122.545103,37.8963278],[-122.545103,37.8963368],[-122.5450689,37.8963367],[-122.5450688,37.8963457],[-122.5450575,37.8963457],[-122.5450571,37.8963997],[-122.5450457,37.8963997],[-122.5450457,37.8964073],[-122.5449321,37.8963784],[-122.5449322,37.8963632]]],[[[-122.5435121,37.8960963],[-122.5435121,37.8961053],[-122.5435349,37.8961054],[-122.5435349,37.8960964],[-122.5435576,37.8960965],[-122.5435577,37.8960875],[-122.5435804,37.8960876],[-122.5435805,37.8960786],[-122.5436146,37.8960787],[-122.5436147,37.8960697],[-122.5436261,37.8960697],[-122.543626,37.8960788],[-122.5436601,37.8960789],[-122.5436601,37.8960879],[-122.5436828,37.896088],[-122.5436828,37.896097],[-122.5437055,37.8960971],[-122.5437055,37.8961061],[-122.5437168,37.8961061],[-122.5437168,37.8961151],[-122.5437281,37.8961152],[-122.5437281,37.8961242],[-122.5437508,37.8961243],[-122.5437508,37.8961333],[-122.5438076,37.8961335],[-122.5438076,37.8961425],[-122.5438303,37.8961426],[-122.5438303,37.8961516],[-122.5438417,37.8961517],[-122.5438417,37.8961427],[-122.5438986,37.8961429],[-122.5438986,37.8961339],[-122.54391,37.8961339],[-122.5439105,37.8960528],[-122.5439219,37.8960529],[-122.543922,37.8960258],[-122.5439334,37.8960259],[-122.5439335,37.8960169],[-122.5439449,37.8960169],[-122.5439449,37.8960079],[-122.5439563,37.8960079],[-122.5439563,37.8959989],[-122.5439791,37.895999],[-122.5439802,37.8958187],[-122.5439916,37.8958188],[-122.5439917,37.8958008],[-122.5440031,37.8958008],[-122.5440033,37.8957557],[-122.5440147,37.8957558],[-122.544015,37.8957107],[-122.5440263,37.8957108],[-122.5440265,37.8956837],[-122.5440379,37.8956838],[-122.544038,37.8956748],[-122.5440493,37.8956748],[-122.5440494,37.8956658],[-122.5440607,37.8956658],[-122.5440608,37.8956568],[-122.5440722,37.8956569],[-122.5440723,37.8956298],[-122.5440837,37.8956299],[-122.5440838,37.8956209],[-122.5440952,37.8956209],[-122.5440953,37.8956029],[-122.5441066,37.8956029],[-122.5441067,37.8955939],[-122.5441181,37.8955939],[-122.544118,37.895603],[-122.5441294,37.895603],[-122.5441292,37.8956391],[-122.5441178,37.895639],[-122.5441176,37.8956751],[-122.5441062,37.895675],[-122.5441061,37.895684],[-122.5440948,37.895684],[-122.5440943,37.8957561],[-122.5440829,37.8957561],[-122.5440826,37.8958101],[-122.5440712,37.8958101],[-122.5440712,37.8958191],[-122.5440825,37.8958191],[-122.5440824,37.8958372],[-122.5440711,37.8958371],[-122.5440709,37.8958642],[-122.5440595,37.8958641],[-122.5440595,37.8958731],[-122.5440708,37.8958732],[-122.5440705,37.8959272],[-122.5440819,37.8959273],[-122.5440818,37.8959453],[-122.5440931,37.8959454],[-122.5440931,37.8959544],[-122.5441045,37.8959544],[-122.5441043,37.8959815],[-122.5441157,37.8959815],[-122.5441156,37.8959995],[-122.5441042,37.8959995],[-122.5441041,37.8960085],[-122.5440928,37.8960084],[-122.5440926,37.8960265],[-122.5440813,37.8960264],[-122.5440812,37.8960354],[-122.5440698,37.8960354],[-122.5440698,37.8960444],[-122.5440598,37.8960444],[-122.5440431,37.8960404],[-122.5440327,37.8960533],[-122.5440242,37.8960533],[-122.5440242,37.896064],[-122.5439149,37.8962002],[-122.5434991,37.8961054],[-122.5435031,37.8960963],[-122.5435121,37.8960963]]],[[[-122.5442629,37.8960902],[-122.5442628,37.8960926],[-122.5442526,37.8960902],[-122.5442629,37.8960902]]],[[[-122.5443083,37.8960994],[-122.5443083,37.8961034],[-122.5442911,37.8960994],[-122.5443083,37.8960994]]],[[[-122.5443992,37.8961088],[-122.5443992,37.8961178],[-122.5444788,37.8961181],[-122.5444787,37.8961271],[-122.544547,37.8961274],[-122.5445469,37.8961364],[-122.5445583,37.8961364],[-122.5445582,37.8961454],[-122.5445696,37.8961455],[-122.5445696,37.8961545],[-122.5445923,37.8961546],[-122.5445922,37.8961636],[-122.5446076,37.8961637],[-122.5446003,37.8961729],[-122.5443296,37.8961085],[-122.5443992,37.8961088]]]]}},{"type":"Feature","properties":{"elev_class":1,"elev_range_ft":"9-58 ft","Block_No":33},"geometry":{"type":"Polygon","coordinates":[[[-122.5422988,37.8955148],[-122.5423215,37.8955149],[-122.5423215,37.8955239],[-122.5422987,37.8955238],[-122.5422988,37.8955148]]]}},{"type":"Feature","properties":{"elev_class":2,"elev_range_ft":"58-172 ft","Block_No":37},"geometry":{"type":"Polygon","coordinates":[[[-122.5422419,37.8955146],[-122.5422533,37.8955146],[-122.5422532,37.8955236],[-122.5422418,37.8955236],[-122.5422419,37.8955146]]]}},{"type":"Feature","properties":{"elev_class":6,"elev_range_ft":"578-692 ft","Block_No":3},"geometry":{"type":"Polygon","coordinates":[[[-122.5584003,37.8980188],[-122.5584002,37.8980278],[-122.5583434,37.8980276],[-122.5583433,37.8980366],[-122.5583092,37.8980365],[-122.5583091,37.8980455],[-122.558275,37.8980454],[-122.558275,37.8980544],[-122.5582181,37.8980542],[-122.558218,37.8980632],[-122.5581839,37.8980631],[-122.558184,37.8980541],[-122.5581726,37.898054],[-122.5581727,37.898045],[-122.5581613,37.898045],[-122.5581613,37.898036],[-122.55815,37.8980359],[-122.55815,37.8980269],[-122.5580704,37.8980266],[-122.5580704,37.8980176],[-122.5580477,37.8980175],[-122.5580478,37.8980085],[-122.558025,37.8980084],[-122.5580251,37.8979994],[-122.5580023,37.8979993],[-122.5580024,37.8979813],[-122.557991,37.8979812],[-122.5579911,37.8979722],[-122.5579797,37.8979722],[-122.5579798,37.8979632],[-122.5579457,37.897963],[-122.5579458,37.897945],[-122.5579344,37.897945],[-122.5579345,37.8979269],[-122.557889,37.8979268],[-122.5578891,37.8979178],[-122.5578777,37.8979177],[-122.5578777,37.8979087],[-122.5578664,37.8979087],[-122.5578665,37.8978906],[-122.5578551,37.8978906],[-122.5578551,37.8978816],[-122.5578324,37.8978815],[-122.5578325,37.8978725],[-122.5578211,37.8978724],[-122.5578211,37.8978634],[-122.557787,37.8978633],[-122.5577871,37.8978543],[-122.5577757,37.8978542],[-122.5577758,37.8978452],[-122.557753,37.8978451],[-122.5577531,37.8978271],[-122.5577417,37.8978271],[-122.5577418,37.897809],[-122.5577305,37.897809],[-122.5577306,37.897791],[-122.5577192,37.8977909],[-122.5577194,37.8977639],[-122.5577307,37.8977639],[-122.5577308,37.8977549],[-122.5577194,37.8977549],[-122.5577195,37.8977459],[-122.5577081,37.8977458],[-122.5577082,37.8977368],[-122.5576968,37.8977368],[-122.5576968,37.8977278],[-122.5576855,37.8977277],[-122.5576855,37.8977187],[-122.5576741,37.8977187],[-122.5576742,37.8977097],[-122.5576628,37.8977096],[-122.5576629,37.8976916],[-122.5576516,37.8976915],[-122.5576517,37.8976735],[-122.5576403,37.8976735],[-122.5576403,37.8976645],[-122.557629,37.8976644],[-122.557629,37.8976554],[-122.5576176,37.8976554],[-122.5576178,37.8976373],[-122.5576064,37.8976373],[-122.5576065,37.8976193],[-122.5575951,37.8976192],[-122.5575952,37.8976102],[-122.5575724,37.8976101],[-122.5575725,37.8976011],[-122.5575611,37.8976011],[-122.5575612,37.8975921],[-122.5575498,37.897592],[-122.5575499,37.897574],[-122.5575385,37.897574],[-122.5575387,37.8975469],[-122.5575273,37.8975469],[-122.5575275,37.8975198],[-122.5575161,37.8975198],[-122.5575162,37.8975018],[-122.5575048,37.8975017],[-122.5575051,37.8974476],[-122.5574938,37.8974476],[-122.5574938,37.8974386],[-122.5575052,37.8974386],[-122.5575057,37.8973575],[-122.5575171,37.8973576],[-122.5575171,37.8973485],[-122.5575058,37.8973485],[-122.5575058,37.8973395],[-122.5575172,37.8973395],[-122.5575173,37.8973215],[-122.5575287,37.8973215],[-122.5575288,37.8973035],[-122.5575629,37.8973036],[-122.5575629,37.8972946],[-122.5575743,37.8972947],[-122.5575745,37.8972676],[-122.5575858,37.8972677],[-122.557586,37.8972497],[-122.5575973,37.8972497],[-122.5575975,37.8972227],[-122.5576089,37.8972227],[-122.557609,37.8972047],[-122.5576203,37.8972047],[-122.5576206,37.8971597],[-122.557632,37.8971597],[-122.557632,37.8971507],[-122.5576434,37.8971507],[-122.5576435,37.8971327],[-122.5576549,37.8971327],[-122.5576549,37.8971237],[-122.5576663,37.8971238],[-122.5576665,37.8970877],[-122.5576779,37.8970878],[-122.5576781,37.8970517],[-122.5576895,37.8970518],[-122.5576898,37.8969977],[-122.5576785,37.8969976],[-122.5576787,37.8969616],[-122.5576673,37.8969616],[-122.5576674,37.8969435],[-122.557656,37.8969435],[-122.5576562,37.8969164],[-122.5576448,37.8969164],[-122.5576449,37.8968984],[-122.5576222,37.8968983],[-122.5576221,37.8969073],[-122.5575994,37.8969072],[-122.5575994,37.8968982],[-122.5575767,37.8968981],[-122.5575767,37.8968891],[-122.5575654,37.8968891],[-122.5575655,37.896871],[-122.5575541,37.896871],[-122.5575542,37.896862],[-122.5575428,37.8968619],[-122.5575428,37.8968529],[-122.5575315,37.8968529],[-122.5575315,37.8968439],[-122.5575201,37.8968438],[-122.5575202,37.8968258],[-122.5574975,37.8968257],[-122.5574976,37.8968167],[-122.5574634,37.8968166],[-122.5574635,37.8968076],[-122.5574407,37.8968075],[-122.5574408,37.8967985],[-122.5574294,37.8967984],[-122.5574295,37.8967894],[-122.5574181,37.8967894],[-122.5574182,37.8967804],[-122.5574068,37.8967803],[-122.5574068,37.8967713],[-122.5573955,37.8967713],[-122.5573955,37.8967622],[-122.5573842,37.8967622],[-122.5573842,37.8967532],[-122.5573728,37.8967531],[-122.5573729,37.8967441],[-122.5573615,37.8967441],[-122.5573616,37.8967351],[-122.5573388,37.896735],[-122.5573389,37.896726],[-122.5573275,37.8967259],[-122.5573275,37.8967169],[-122.5573162,37.8967169],[-122.5573162,37.8967079],[-122.5572935,37.8967078],[-122.5572935,37.8966988],[-122.5572822,37.8966987],[-122.5572822,37.8966897],[-122.5572708,37.8966897],[-122.5572709,37.8966807],[-122.5572595,37.8966806],[-122.5572596,37.8966716],[-122.5572482,37.8966716],[-122.5572483,37.8966625],[-122.5572369,37.8966625],[-122.5572369,37.8966535],[-122.5572256,37.8966534],[-122.5572257,37.8966354],[-122.557237,37.8966355],[-122.5572371,37.8966264],[-122.5572485,37.8966265],[-122.5572485,37.8966175],[-122.5572599,37.8966175],[-122.55726,37.8965995],[-122.5572486,37.8965994],[-122.557249,37.8965364],[-122.5572376,37.8965363],[-122.5572379,37.8965003],[-122.5572265,37.8965002],[-122.5572267,37.8964642],[-122.5572153,37.8964641],[-122.5572154,37.8964551],[-122.557204,37.8964551],[-122.5572041,37.8964371],[-122.5571927,37.896437],[-122.5571929,37.896419],[-122.5571815,37.8964189],[-122.5571815,37.8964099],[-122.5571702,37.8964099],[-122.5571703,37.8963919],[-122.5571589,37.8963918],[-122.5571589,37.8963828],[-122.5571476,37.8963828],[-122.5571476,37.8963738],[-122.5571362,37.8963737],[-122.5571363,37.8963647],[-122.5571249,37.8963647],[-122.557125,37.8963556],[-122.5571136,37.8963556],[-122.5571137,37.8963466],[-122.5570795,37.8963465],[-122.5570796,37.8963374],[-122.5570455,37.8963373],[-122.5570455,37.8963283],[-122.557,37.8963281],[-122.5570001,37.8963191],[-122.556966,37.896319],[-122.556966,37.89631],[-122.5569546,37.8963099],[-122.5569548,37.8962829],[-122.5569662,37.8962829],[-122.5569663,37.8962649],[-122.5569777,37.896265],[-122.5569777,37.8962559],[-122.5569891,37.896256],[-122.5569892,37.896247],[-122.5569778,37.8962469],[-122.5569778,37.8962379],[-122.5569437,37.8962378],[-122.5569438,37.8962288],[-122.556921,37.8962287],[-122.5569211,37.8962197],[-122.556887,37.8962195],[-122.556887,37.8962105],[-122.5568643,37.8962104],[-122.5568643,37.8962014],[-122.5568188,37.8962013],[-122.5568189,37.8961922],[-122.5567734,37.8961921],[-122.5567734,37.8961831],[-122.5567393,37.8961829],[-122.5567394,37.8961739],[-122.5566825,37.8961737],[-122.5566826,37.8961647],[-122.5566257,37.8961645],[-122.5566257,37.8961555],[-122.5565575,37.8961552],[-122.5565575,37.8961462],[-122.5565234,37.8961461],[-122.5565235,37.8961371],[-122.5565007,37.896137],[-122.5565008,37.896128],[-122.5564553,37.8961278],[-122.5564553,37.8961188],[-122.5564326,37.8961187],[-122.5564327,37.8961097],[-122.5564277,37.8961097],[-122.556855,37.8957021],[-122.5568566,37.8957006],[-122.5569222,37.8956402],[-122.5569251,37.8956376],[-122.5572392,37.8953486],[-122.5572411,37.8953469],[-122.5572836,37.8953078],[-122.5572837,37.8953078],[-122.5572907,37.8953163],[-122.5572982,37.8953254],[-122.5573333,37.8953676],[-122.5574947,37.8955621],[-122.5576491,37.8957429],[-122.557656,37.8957505],[-122.5579244,37.8960465],[-122.5579301,37.8960547],[-122.5579999,37.8961556],[-122.5580787,37.8962698],[-122.5580822,37.8962776],[-122.5581175,37.8963572],[-122.5581208,37.8963686],[-122.5581848,37.8965897],[-122.5582625,37.8969594],[-122.5582624,37.8969608],[-122.5582391,37.8973973],[-122.558247,37.8976855],[-122.5582471,37.897689],[-122.5583126,37.897732],[-122.5583647,37.8977655],[-122.5583745,37.8977722],[-122.558378,37.8977745],[-122.5584061,37.8977935],[-122.558409,37.8977955],[-122.5584101,37.8977962],[-122.5584132,37.8977983],[-122.5584747,37.8978399],[-122.5585507,37.8978912],[-122.5585253,37.8979322],[-122.5584935,37.8979837],[-122.5584207,37.8980189],[-122.5584003,37.8980188]]]}},{"type":"Feature","properties":{"elev_class":6,"elev_range_ft":"578-692 ft","Block_No":1},"geometry":{"type":"Polygon","coordinates":[[[-122.5584457,37.898037],[-122.5584457,37.898028],[-122.558423,37.8980279],[-122.558423,37.8980189],[-122.5584207,37.8980189],[-122.5584935,37.8979837],[-122.558457,37.8980426],[-122.5584571,37.8980371],[-122.5584457,37.898037]]]}},{"type":"Feature","properties":{"elev_class":1,"elev_range_ft":"9-58 ft","Block_No":67},"geometry":{"type":"Polygon","coordinates":[[[-122.5373611,37.8939453],[-122.5373497,37.8939452],[-122.5373498,37.8939272],[-122.5373725,37.8939273],[-122.5373726,37.8939183],[-122.537384,37.8939183],[-122.5373838,37.8939363],[-122.5373952,37.8939364],[-122.5373952,37.8939454],[-122.5373838,37.8939453],[-122.5373837,37.8939544],[-122.537361,37.8939543],[-122.5373611,37.8939453]]]}},{"type":"Feature","properties":{"elev_class":1,"elev_range_ft":"9-58 ft","Block_No":52},"geometry":{"type":"MultiPolygon","coordinates":[[[[-122.5378818,37.8943349],[-122.5378817,37.8943439],[-122.5379045,37.894344],[-122.5379044,37.894353],[-122.5381205,37.8943538],[-122.5381205,37.8943628],[-122.5381432,37.8943629],[-122.5381431,37.8943719],[-122.5382455,37.8943723],[-122.5382456,37.8943633],[-122.5382569,37.8943634],[-122.5382569,37.8943724],[-122.538291,37.8943725],[-122.538291,37.8943635],[-122.5383418,37.8943637],[-122.5382374,37.894397],[-122.5379421,37.8944535],[-122.5378752,37.8943348],[-122.5378818,37.8943349]]],[[[-122.5384391,37.894328],[-122.5384508,37.8943281],[-122.5384391,37.8943321],[-122.5384391,37.894328]]],[[[-122.5384619,37.8943191],[-122.5384764,37.8943192],[-122.5384619,37.8943242],[-122.5384619,37.8943191]]],[[[-122.5386901,37.8942118],[-122.5386962,37.8942119],[-122.53869,37.8942164],[-122.5386901,37.8942118]]],[[[-122.5387016,37.8941849],[-122.5386902,37.8941848],[-122.5386905,37.8941397],[-122.5387019,37.8941398],[-122.538702,37.8941308],[-122.5387247,37.8941309],[-122.5387248,37.8941218],[-122.5387475,37.8941219],[-122.5387476,37.8941129],[-122.5387817,37.8941131],[-122.5387817,37.8941041],[-122.5387931,37.8941041],[-122.5387932,37.8940861],[-122.5388046,37.8940861],[-122.5388049,37.894041],[-122.5388162,37.8940411],[-122.5388163,37.8940321],[-122.5388618,37.8940323],[-122.5388617,37.8940413],[-122.5388731,37.8940413],[-122.5388731,37.8940503],[-122.5388958,37.8940504],[-122.5388958,37.8940564],[-122.538821,37.8941098],[-122.5387509,37.8941718],[-122.5387015,37.894208],[-122.5387016,37.8941849]]]]}},{"type":"Feature","properties":{"elev_class":1,"elev_range_ft":"9-58 ft","Block_No":67},"geometry":{"type":"Polygon","coordinates":[[[-122.53663,37.8944471],[-122.5366305,37.894375],[-122.5366191,37.894375],[-122.5366193,37.8943479],[-122.5366306,37.894348],[-122.5366311,37.8942759],[-122.5366197,37.8942758],[-122.5366198,37.8942578],[-122.5366312,37.8942578],[-122.5366313,37.8942398],[-122.5366427,37.8942399],[-122.5366427,37.8942308],[-122.5366541,37.8942309],[-122.5366542,37.8942219],[-122.5366655,37.8942219],[-122.5366656,37.8942129],[-122.536677,37.8942129],[-122.536677,37.8942039],[-122.5366884,37.894204],[-122.5366884,37.894195],[-122.5366998,37.894195],[-122.5366999,37.894186],[-122.5367112,37.8941861],[-122.5367114,37.894168],[-122.5367227,37.8941681],[-122.5367228,37.894159],[-122.5367342,37.8941591],[-122.5367342,37.8941501],[-122.536757,37.8941502],[-122.536757,37.8941412],[-122.5367684,37.8941412],[-122.5367685,37.8941232],[-122.5367913,37.8941233],[-122.5367913,37.8941143],[-122.5368482,37.8941145],[-122.5368482,37.8941055],[-122.536871,37.8941056],[-122.536871,37.8940966],[-122.5369165,37.8940967],[-122.5369166,37.8940877],[-122.5369507,37.8940878],[-122.5369508,37.8940788],[-122.5369621,37.8940789],[-122.5369622,37.8940699],[-122.5369963,37.89407],[-122.5369963,37.894079],[-122.5370076,37.8940791],[-122.5370076,37.8940881],[-122.537019,37.8940881],[-122.5370189,37.8940971],[-122.5370303,37.8940972],[-122.5370302,37.8941062],[-122.5370643,37.8941063],[-122.5370644,37.8940973],[-122.5370871,37.8940974],[-122.5370872,37.8940884],[-122.5370986,37.8940884],[-122.5370986,37.8940794],[-122.5371214,37.8940795],[-122.5371214,37.8940705],[-122.5371328,37.8940705],[-122.5371329,37.8940615],[-122.5371783,37.8940617],[-122.5371784,37.8940527],[-122.5372125,37.8940528],[-122.5372125,37.8940618],[-122.5372238,37.8940619],[-122.5372238,37.8940709],[-122.5372352,37.8940709],[-122.5372351,37.8940799],[-122.5372578,37.89408],[-122.5372578,37.8940891],[-122.5372692,37.8940891],[-122.5372691,37.8940981],[-122.5372805,37.8940982],[-122.5372804,37.8941072],[-122.5373259,37.8941073],[-122.5373259,37.8941164],[-122.5373372,37.8941164],[-122.5373372,37.8941254],[-122.5373485,37.8941255],[-122.5373485,37.8941345],[-122.5373599,37.8941345],[-122.5373598,37.8941435],[-122.5373712,37.8941436],[-122.5373713,37.8941255],[-122.5374054,37.8941257],[-122.5374055,37.8941167],[-122.5374396,37.8941168],[-122.5374395,37.8941258],[-122.5374623,37.8941259],[-122.5374622,37.8941349],[-122.5374963,37.8941351],[-122.5374963,37.8941441],[-122.5375077,37.8941441],[-122.5375076,37.8941531],[-122.537519,37.8941532],[-122.5375189,37.8941622],[-122.5375303,37.8941622],[-122.5375302,37.8941712],[-122.5375416,37.8941713],[-122.5375416,37.8941803],[-122.5375529,37.8941803],[-122.5375529,37.8941894],[-122.5375642,37.8941894],[-122.5375641,37.8942074],[-122.5375755,37.8942075],[-122.5375754,37.8942165],[-122.5375868,37.8942165],[-122.5375868,37.8942255],[-122.5375981,37.8942256],[-122.537598,37.8942436],[-122.5376094,37.8942437],[-122.5376093,37.8942527],[-122.5376207,37.8942527],[-122.5376206,37.8942707],[-122.537632,37.8942708],[-122.5376319,37.8942798],[-122.5376433,37.8942798],[-122.5376432,37.8942889],[-122.5377001,37.8942891],[-122.5377,37.8942981],[-122.5377114,37.8942981],[-122.5377114,37.8943072],[-122.5377227,37.8943072],[-122.5377227,37.8943162],[-122.5377454,37.8943163],[-122.5377454,37.8943253],[-122.5377795,37.8943254],[-122.5377794,37.8943345],[-122.5378022,37.8943345],[-122.5378021,37.8943436],[-122.5378135,37.8943436],[-122.5378135,37.8943346],[-122.5378752,37.8943348],[-122.5379421,37.8944535],[-122.5377672,37.8945356],[-122.5369667,37.8948653],[-122.5368598,37.8948946],[-122.536627,37.8944471],[-122.53663,37.8944471]]]}},{"type":"Feature","properties":{"elev_class":1,"elev_range_ft":"9-58 ft","Block_No":68},"geometry":{"type":"Polygon","coordinates":[[[-122.5347049,37.8949172],[-122.5347049,37.8949262],[-122.5347958,37.8949266],[-122.5347959,37.8949176],[-122.53483,37.8949177],[-122.5348301,37.8949087],[-122.5348528,37.8949088],[-122.5348529,37.8948998],[-122.534887,37.8948999],[-122.5348871,37.8948909],[-122.5349212,37.894891],[-122.5349212,37.894882],[-122.534944,37.8948821],[-122.534944,37.8948731],[-122.5349668,37.8948732],[-122.5349669,37.8948642],[-122.5349896,37.8948642],[-122.5349896,37.8948552],[-122.5350124,37.8948553],[-122.5350124,37.8948463],[-122.5350352,37.8948464],[-122.5350353,37.8948374],[-122.5350466,37.8948374],[-122.5350467,37.8948284],[-122.5350694,37.8948285],[-122.5350695,37.8948195],[-122.5350809,37.8948195],[-122.5350809,37.8948105],[-122.5350923,37.8948106],[-122.5350923,37.8948016],[-122.5351037,37.8948016],[-122.5351038,37.8947926],[-122.5351151,37.8947926],[-122.5351152,37.8947836],[-122.5351266,37.8947837],[-122.5351267,37.8947656],[-122.5351381,37.8947657],[-122.5351381,37.8947567],[-122.5351495,37.8947567],[-122.5351496,37.8947387],[-122.535161,37.8947387],[-122.535161,37.8947297],[-122.5351724,37.8947298],[-122.5351725,37.8947117],[-122.5351839,37.8947118],[-122.535184,37.8946938],[-122.5351954,37.8946938],[-122.5351955,37.8946848],[-122.5352068,37.8946848],[-122.5352069,37.8946668],[-122.5352183,37.8946669],[-122.5352184,37.8946579],[-122.5352297,37.8946579],[-122.5352298,37.8946489],[-122.5352412,37.8946489],[-122.5352412,37.8946399],[-122.5352526,37.89464],[-122.5352527,37.8946309],[-122.535264,37.894631],[-122.5352641,37.894622],[-122.5352868,37.8946221],[-122.5352869,37.8946131],[-122.535321,37.8946132],[-122.5353209,37.8946222],[-122.5353437,37.8946223],[-122.5353436,37.8946403],[-122.5353663,37.8946404],[-122.5353663,37.8946494],[-122.5354231,37.8946496],[-122.5354231,37.8946587],[-122.5354344,37.8946587],[-122.5354344,37.8946677],[-122.5354458,37.8946678],[-122.5354457,37.8946768],[-122.5354571,37.8946768],[-122.535457,37.8946858],[-122.5354684,37.8946859],[-122.5354684,37.8946949],[-122.5354797,37.8946949],[-122.5354797,37.894704],[-122.535491,37.894704],[-122.535491,37.894713],[-122.5355024,37.8947131],[-122.5355023,37.8947221],[-122.5355137,37.8947221],[-122.5355136,37.8947401],[-122.5355249,37.8947402],[-122.5355249,37.8947492],[-122.5355363,37.8947492],[-122.5355362,37.8947583],[-122.5355476,37.8947583],[-122.5355474,37.8947763],[-122.5355588,37.8947764],[-122.5355587,37.8947944],[-122.5355701,37.8947944],[-122.53557,37.8948125],[-122.5355813,37.8948125],[-122.5355812,37.8948305],[-122.5355926,37.8948306],[-122.5355926,37.8948396],[-122.5356039,37.8948396],[-122.5356039,37.8948487],[-122.5356152,37.8948487],[-122.5356151,37.8948667],[-122.5356265,37.8948668],[-122.5356264,37.8948848],[-122.5356378,37.8948848],[-122.5356376,37.8949029],[-122.535649,37.8949029],[-122.5356489,37.8949209],[-122.5356603,37.894921],[-122.5356602,37.89493],[-122.5356716,37.89493],[-122.5356715,37.894939],[-122.5356829,37.8949391],[-122.5356829,37.8949481],[-122.5356942,37.8949481],[-122.5356942,37.8949572],[-122.5357169,37.8949572],[-122.5357169,37.8949663],[-122.5357282,37.8949663],[-122.5357282,37.8949753],[-122.5357737,37.8949755],[-122.5357736,37.8949845],[-122.5357964,37.8949846],[-122.5357963,37.8949936],[-122.5358304,37.8949937],[-122.5358304,37.8950028],[-122.5359441,37.8950032],[-122.5359442,37.8949942],[-122.5360124,37.8949945],[-122.5360125,37.8949855],[-122.5360466,37.8949856],[-122.5360466,37.8949766],[-122.5360694,37.8949767],[-122.5360694,37.8949676],[-122.5360922,37.8949677],[-122.5360922,37.8949587],[-122.536115,37.8949588],[-122.536115,37.8949498],[-122.5361264,37.8949499],[-122.5361265,37.8949408],[-122.5361492,37.8949409],[-122.5361493,37.8949319],[-122.536172,37.894932],[-122.5361721,37.894923],[-122.5361948,37.8949231],[-122.5361949,37.8949141],[-122.5362063,37.8949141],[-122.5362063,37.8949051],[-122.5362291,37.8949052],[-122.5362291,37.8948962],[-122.5362405,37.8948962],[-122.5362405,37.8948872],[-122.5362519,37.8948872],[-122.536252,37.8948692],[-122.5362634,37.8948693],[-122.5362635,37.8948513],[-122.5362749,37.8948513],[-122.5362752,37.8948062],[-122.5362865,37.8948063],[-122.5362866,37.8947973],[-122.5363093,37.8947973],[-122.5363094,37.8947883],[-122.5363208,37.8947884],[-122.5363208,37.8947794],[-122.536355,37.8947795],[-122.536355,37.8947705],[-122.5363664,37.8947705],[-122.5363664,37.8947615],[-122.5363892,37.8947616],[-122.5363892,37.8947526],[-122.5364006,37.8947526],[-122.5364007,37.8947436],[-122.536412,37.8947437],[-122.5364123,37.8946986],[-122.5364237,37.8946987],[-122.5364238,37.8946806],[-122.5364352,37.8946807],[-122.5364352,37.8946717],[-122.5364466,37.8946717],[-122.5364467,37.8946537],[-122.5364581,37.8946537],[-122.5364582,37.8946447],[-122.5364809,37.8946448],[-122.536481,37.8946358],[-122.5364923,37.8946358],[-122.5364924,37.8946268],[-122.5365038,37.8946269],[-122.5365038,37.8946179],[-122.5365266,37.8946179],[-122.5365266,37.8946089],[-122.536538,37.894609],[-122.5365381,37.894591],[-122.5365495,37.894591],[-122.5365495,37.894582],[-122.5365609,37.894582],[-122.536561,37.894573],[-122.5365837,37.8945731],[-122.5365841,37.894519],[-122.5365727,37.894519],[-122.5365728,37.894501],[-122.5365842,37.894501],[-122.5365842,37.894492],[-122.5365956,37.894492],[-122.5365957,37.894483],[-122.5366184,37.8944831],[-122.5366186,37.8944471],[-122.536627,37.8944471],[-122.5368598,37.8948946],[-122.5367384,37.8949279],[-122.5363892,37.8949864],[-122.5360197,37.8950175],[-122.5357701,37.8950126],[-122.5356046,37.8949474],[-122.5354004,37.8948354],[-122.535162,37.8948751],[-122.5348044,37.8949347],[-122.5346862,37.894994],[-122.5346479,37.8951893],[-122.5345997,37.8951628],[-122.5345997,37.8951627],[-122.5345997,37.8951626],[-122.5345998,37.8951602],[-122.5346068,37.8950174],[-122.5346068,37.8950171],[-122.5346069,37.8950157],[-122.5346088,37.8949881],[-122.534609,37.8949854],[-122.5346146,37.8949078],[-122.5346709,37.894908],[-122.5346708,37.8949171],[-122.5347049,37.8949172]]]}},{"type":"Feature","properties":{"elev_class":1,"elev_range_ft":"9-58 ft","Block_No":69},"geometry":{"type":"Polygon","coordinates":[[[-122.5362439,37.8957327],[-122.5362351,37.8957245],[-122.5362195,37.8957106],[-122.5362013,37.8956943],[-122.5361916,37.8956856],[-122.5361233,37.8956247],[-122.5361224,37.8956238],[-122.5361168,37.8956188],[-122.5360525,37.8955614],[-122.53602,37.8955321],[-122.5360199,37.895532],[-122.5360195,37.8955317],[-122.5359974,37.8955117],[-122.5359927,37.8955075],[-122.5359686,37.8954857],[-122.5359666,37.895484],[-122.5359596,37.8954776],[-122.535937,37.8954576],[-122.5359369,37.8954575],[-122.5359335,37.8954545],[-122.5358792,37.8954062],[-122.5358701,37.8953982],[-122.5356891,37.8952501],[-122.5356887,37.89525],[-122.5356886,37.8952499],[-122.5356885,37.8952498],[-122.5356878,37.8952495],[-122.5356867,37.895249],[-122.5356759,37.8952438],[-122.5358682,37.8951777],[-122.5361284,37.8951423],[-122.5364595,37.8951335],[-122.5367273,37.8950887],[-122.5369594,37.895026],[-122.5372204,37.8948763],[-122.5375058,37.8947633],[-122.5377556,37.8946584],[-122.538045,37.8945664],[-122.5383204,37.8945122],[-122.5385921,37.8944107],[-122.5388798,37.8942594],[-122.5391047,37.8941103],[-122.5391243,37.8945713],[-122.5391379,37.8947345],[-122.5383342,37.8947841],[-122.5382206,37.8947292],[-122.5380106,37.8947612],[-122.5380065,37.8949391],[-122.5378642,37.8949878],[-122.5377422,37.8949579],[-122.5375736,37.8950248],[-122.5373888,37.8951596],[-122.5371865,37.8952754],[-122.5369922,37.8953106],[-122.5366365,37.8955352],[-122.5363825,37.8956989],[-122.5362814,37.8957677],[-122.5362439,37.8957327]]]}},{"type":"Feature","properties":{"elev_class":1,"elev_range_ft":"9-58 ft","Block_No":51},"geometry":{"type":"Polygon","coordinates":[[[-122.5373888,37.8951596],[-122.5375736,37.8950248],[-122.5377422,37.8949579],[-122.5378642,37.8949878],[-122.5380065,37.8949391],[-122.5380106,37.8947612],[-122.5382206,37.8947292],[-122.5383342,37.8947841],[-122.5391379,37.8947345],[-122.539176,37.895191],[-122.5390829,37.8955226],[-122.5388273,37.8955225],[-122.5385828,37.8957178],[-122.5384132,37.8956047],[-122.5382328,37.8957284],[-122.537992,37.8955369],[-122.5376879,37.895756],[-122.5371865,37.8952754],[-122.5373888,37.8951596]]]}},{"type":"Feature","properties":{"elev_class":1,"elev_range_ft":"9-58 ft","Block_No":50},"geometry":{"type":"Polygon","coordinates":[[[-122.5371213,37.8964409],[-122.5371203,37.89644],[-122.536897,37.896234],[-122.5368745,37.8962133],[-122.5368656,37.8962051],[-122.5368553,37.8961979],[-122.5367371,37.8961162],[-122.5367268,37.896109],[-122.5363683,37.8957943],[-122.5363595,37.8957866],[-122.5363593,37.8957864],[-122.5363574,37.8957877],[-122.536355,37.8957893],[-122.5363463,37.8957816],[-122.5363461,37.8957815],[-122.5363442,37.8957827],[-122.5363169,37.8958007],[-122.5362814,37.8957677],[-122.5363825,37.8956989],[-122.5366365,37.8955352],[-122.5369922,37.8953106],[-122.5371865,37.8952754],[-122.5376879,37.895756],[-122.537992,37.8955369],[-122.5382328,37.8957284],[-122.5384132,37.8956047],[-122.5385828,37.8957178],[-122.5385972,37.8958223],[-122.5382991,37.8960504],[-122.5380896,37.896161],[-122.5378928,37.8960028],[-122.537683,37.896102],[-122.5374627,37.8962355],[-122.5372117,37.8964015],[-122.5371222,37.8964418],[-122.5371213,37.8964409]]]}},{"type":"Feature","properties":{"elev_class":1,"elev_range_ft":"9-58 ft","Block_No":49},"geometry":{"type":"Polygon","coordinates":[[[-122.5372701,37.896582],[-122.5372613,37.8965739],[-122.5371789,37.8964956],[-122.5371776,37.8964944],[-122.5371755,37.8964924],[-122.5371301,37.8964493],[-122.5371222,37.8964418],[-122.5372117,37.8964015],[-122.5374627,37.8962355],[-122.537683,37.896102],[-122.5378928,37.8960028],[-122.5380896,37.896161],[-122.5382991,37.8960504],[-122.5385972,37.8958223],[-122.5385828,37.8957178],[-122.5388273,37.8955225],[-122.5390829,37.8955226],[-122.539176,37.895191],[-122.5395726,37.89525],[-122.5395618,37.89536],[-122.5395168,37.8956357],[-122.5394294,37.8959035],[-122.5394109,37.895943],[-122.53931,37.8961581],[-122.5392039,37.8963716],[-122.5391909,37.8964048],[-122.5391535,37.8963885],[-122.5386422,37.8961942],[-122.5376034,37.8968871],[-122.5372701,37.896582]]]}},{"type":"Feature","properties":{"elev_class":1,"elev_range_ft":"9-58 ft","Block_No":48},"geometry":{"type":"Polygon","coordinates":[[[-122.5399993,37.8940007],[-122.5401472,37.8940012],[-122.5401472,37.8939922],[-122.5401814,37.8939924],[-122.5401814,37.8939833],[-122.5402383,37.8939836],[-122.5402383,37.8939746],[-122.5402725,37.8939747],[-122.5402724,37.8939837],[-122.5403293,37.8939839],[-122.5403292,37.8939929],[-122.5403633,37.8939931],[-122.5403636,37.893948],[-122.540375,37.893948],[-122.540375,37.893939],[-122.5403864,37.8939391],[-122.5403865,37.8939301],[-122.5404206,37.8939302],[-122.5404206,37.8939212],[-122.540432,37.8939212],[-122.540432,37.8939302],[-122.5404506,37.8939303],[-122.5404309,37.8941754],[-122.5402553,37.8943171],[-122.5401032,37.894494],[-122.5399997,37.8946487],[-122.5399553,37.8948272],[-122.5399329,37.8949912],[-122.5400028,37.895086],[-122.5399614,37.8953159],[-122.5395726,37.89525],[-122.539176,37.895191],[-122.5391379,37.8947345],[-122.5391243,37.8945713],[-122.5391047,37.8941103],[-122.5395541,37.8940751],[-122.5399993,37.8939977],[-122.5399993,37.8940007]]]}},{"type":"Feature","properties":{"elev_class":1,"elev_range_ft":"9-58 ft","Block_No":47},"geometry":{"type":"Polygon","coordinates":[[[-122.5404547,37.8939303],[-122.5404547,37.8939393],[-122.540466,37.8939394],[-122.540466,37.8939484],[-122.5404773,37.8939485],[-122.5404772,37.8939665],[-122.5404886,37.8939665],[-122.5404886,37.8939755],[-122.5404999,37.8939756],[-122.5404999,37.8939846],[-122.5405112,37.8939846],[-122.5405112,37.8939936],[-122.5405226,37.8939937],[-122.5405225,37.8940027],[-122.5405339,37.8940027],[-122.5405337,37.8940388],[-122.540545,37.8940388],[-122.5405449,37.8940569],[-122.5405335,37.8940568],[-122.5405334,37.8940749],[-122.5405448,37.8940749],[-122.5405446,37.8941109],[-122.5405559,37.894111],[-122.5405559,37.89412],[-122.5405673,37.89412],[-122.5405672,37.8941291],[-122.5405899,37.8941291],[-122.5405899,37.8941382],[-122.5406013,37.8941382],[-122.5406012,37.8941472],[-122.5406126,37.8941473],[-122.5406125,37.8941563],[-122.5406239,37.8941563],[-122.5406237,37.8941834],[-122.5406351,37.8941834],[-122.5406351,37.8941924],[-122.5406578,37.8941925],[-122.5406577,37.8942015],[-122.5406691,37.8942016],[-122.5406691,37.8942106],[-122.5406804,37.8942106],[-122.5406804,37.8942196],[-122.5407031,37.8942197],[-122.540703,37.8942377],[-122.5407144,37.8942378],[-122.5407143,37.8942558],[-122.5407256,37.8942559],[-122.5407255,37.8942739],[-122.5407369,37.8942739],[-122.5407368,37.894292],[-122.5407482,37.894292],[-122.5407481,37.89431],[-122.5407708,37.8943101],[-122.5407707,37.8943191],[-122.5407821,37.8943192],[-122.540782,37.8943372],[-122.5407934,37.8943372],[-122.5407933,37.8943462],[-122.5408047,37.8943463],[-122.5408046,37.8943643],[-122.540816,37.8943644],[-122.5408159,37.8943734],[-122.5408273,37.8943734],[-122.5408272,37.8943824],[-122.5408386,37.8943825],[-122.5408385,37.8943915],[-122.5408499,37.8943915],[-122.5408499,37.8944006],[-122.5408612,37.8944006],[-122.5408612,37.8944096],[-122.5408726,37.8944097],[-122.5408725,37.8944187],[-122.5408839,37.8944187],[-122.5408838,37.8944367],[-122.5409179,37.8944369],[-122.5409178,37.8944459],[-122.5409406,37.894446],[-122.5409405,37.894455],[-122.5409633,37.8944551],[-122.5409631,37.8944731],[-122.5409745,37.8944731],[-122.5409743,37.8945092],[-122.5409857,37.8945092],[-122.5409856,37.8945182],[-122.540997,37.8945183],[-122.5409969,37.8945273],[-122.5410083,37.8945273],[-122.5410082,37.8945364],[-122.5410651,37.8945366],[-122.5410651,37.8945456],[-122.5410878,37.8945457],[-122.5410877,37.8945547],[-122.5411105,37.8945548],[-122.5411104,37.8945638],[-122.5411218,37.8945638],[-122.5411218,37.8945729],[-122.5411445,37.8945729],[-122.5411444,37.894582],[-122.5411558,37.894582],[-122.5411557,37.8946],[-122.5411671,37.8946001],[-122.541167,37.8946091],[-122.5411784,37.8946091],[-122.5411783,37.8946181],[-122.5411897,37.8946182],[-122.5411896,37.8946362],[-122.541201,37.8946363],[-122.5412009,37.8946453],[-122.5412123,37.8946453],[-122.5412121,37.8946724],[-122.5412349,37.8946724],[-122.5412348,37.8946905],[-122.5412461,37.8946905],[-122.5412461,37.8946995],[-122.5412688,37.8946996],[-122.5412688,37.8947086],[-122.5412801,37.8947087],[-122.5412801,37.8947177],[-122.5413028,37.8947178],[-122.5413027,37.8947358],[-122.5413128,37.8947358],[-122.5412561,37.8949754],[-122.5411611,37.8952722],[-122.5410465,37.8955432],[-122.5403663,37.8953846],[-122.5399614,37.8953159],[-122.5400028,37.895086],[-122.5399329,37.8949912],[-122.5399553,37.8948272],[-122.5399997,37.8946487],[-122.5401032,37.894494],[-122.5402553,37.8943171],[-122.5404309,37.8941754],[-122.5404506,37.8939303],[-122.5404547,37.8939303]]]}},{"type":"Feature","properties":{"elev_class":1,"elev_range_ft":"9-58 ft","Block_No":37},"geometry":{"type":"Polygon","coordinates":[[[-122.5413141,37.8947358],[-122.541314,37.8947539],[-122.5413253,37.8947539],[-122.5413253,37.8947629],[-122.5413367,37.894763],[-122.5413366,37.894772],[-122.541348,37.894772],[-122.5413479,37.894781],[-122.5413593,37.8947811],[-122.5413592,37.8947901],[-122.5413706,37.8947901],[-122.5413706,37.8947991],[-122.5413819,37.8947992],[-122.5413818,37.8948262],[-122.5413931,37.8948263],[-122.5413931,37.8948353],[-122.5414045,37.8948353],[-122.5414044,37.8948443],[-122.5414158,37.8948444],[-122.5414157,37.8948534],[-122.5414271,37.8948534],[-122.541427,37.8948625],[-122.5414384,37.8948625],[-122.5414384,37.8948715],[-122.5414497,37.8948716],[-122.5414497,37.8948806],[-122.541461,37.8948806],[-122.5414609,37.8948987],[-122.5414723,37.8948987],[-122.5414722,37.8949077],[-122.541495,37.8949078],[-122.5414949,37.8949168],[-122.5415177,37.8949169],[-122.5415176,37.8949259],[-122.5415517,37.894926],[-122.5415517,37.8949351],[-122.5415858,37.8949352],[-122.5415858,37.8949442],[-122.5416199,37.8949443],[-122.5416198,37.8949533],[-122.5416426,37.8949534],[-122.5416425,37.8949624],[-122.5416766,37.8949626],[-122.5416766,37.8949716],[-122.5417107,37.8949717],[-122.5417106,37.8949807],[-122.5417561,37.8949809],[-122.5417561,37.8949899],[-122.5417902,37.8949901],[-122.5417901,37.8949991],[-122.5418129,37.8949992],[-122.5418128,37.8950082],[-122.541847,37.8950083],[-122.5418469,37.8950173],[-122.5418583,37.8950174],[-122.5418582,37.8950264],[-122.5418696,37.8950264],[-122.5418695,37.8950354],[-122.5419037,37.8950356],[-122.5419036,37.8950446],[-122.541915,37.8950446],[-122.5419149,37.8950536],[-122.5419832,37.8950539],[-122.5419832,37.8950449],[-122.5419946,37.8950449],[-122.5419945,37.8950539],[-122.5420059,37.895054],[-122.5420056,37.895099],[-122.5420284,37.8950991],[-122.5420283,37.8951081],[-122.5420397,37.8951082],[-122.5420396,37.8951172],[-122.5420624,37.8951173],[-122.5420623,37.8951263],[-122.5420851,37.8951264],[-122.542085,37.8951354],[-122.5420964,37.8951355],[-122.5420963,37.8951445],[-122.5421077,37.8951445],[-122.5421076,37.8951625],[-122.542119,37.8951626],[-122.5421187,37.8951986],[-122.5421301,37.8951987],[-122.5421298,37.8952437],[-122.5421526,37.8952438],[-122.5421525,37.8952528],[-122.5421753,37.8952529],[-122.5421752,37.8952619],[-122.5421866,37.895262],[-122.5421865,37.895271],[-122.5421979,37.895271],[-122.5421977,37.8953071],[-122.5422091,37.8953071],[-122.542209,37.8953162],[-122.5422204,37.8953162],[-122.5422202,37.8953523],[-122.5422088,37.8953522],[-122.5422087,37.8953612],[-122.5422201,37.8953613],[-122.54222,37.8953703],[-122.5422087,37.8953702],[-122.5422086,37.8953883],[-122.5422199,37.8953883],[-122.5422196,37.8954424],[-122.542231,37.8954424],[-122.5422309,37.8954514],[-122.5422195,37.8954514],[-122.5422194,37.8954694],[-122.5422308,37.8954695],[-122.5422308,37.8954785],[-122.5422421,37.8954785],[-122.5422421,37.8954875],[-122.5422534,37.8954876],[-122.5422534,37.8954966],[-122.5422619,37.8954966],[-122.5422489,37.8955416],[-122.5422304,37.8955416],[-122.5422303,37.8955506],[-122.5422417,37.8955506],[-122.5422416,37.8955668],[-122.5422375,37.8955807],[-122.5421495,37.8957968],[-122.5417474,37.8957067],[-122.5410465,37.8955432],[-122.5411611,37.8952722],[-122.5412561,37.8949754],[-122.5413128,37.8947358],[-122.5413141,37.8947358]],[[-122.5422418,37.8955236],[-122.5422532,37.8955236],[-122.5422533,37.8955146],[-122.5422419,37.8955146],[-122.5422418,37.8955236]]]}},{"type":"Feature","properties":{"elev_class":1,"elev_range_ft":"9-58 ft","Block_No":33},"geometry":{"type":"MultiPolygon","coordinates":[[[[-122.5422761,37.8954967],[-122.5422761,37.8955057],[-122.5422988,37.8955058],[-122.5422988,37.8955148],[-122.542276,37.8955147],[-122.542276,37.8955237],[-122.5422646,37.8955237],[-122.5422645,37.8955327],[-122.5422759,37.8955327],[-122.5422758,37.8955417],[-122.5422986,37.8955418],[-122.5422985,37.8955508],[-122.5423099,37.8955509],[-122.5423099,37.8955599],[-122.5422985,37.8955598],[-122.5422984,37.8955689],[-122.5422871,37.8955688],[-122.5422872,37.8955508],[-122.542253,37.8955507],[-122.5422531,37.8955416],[-122.5422489,37.8955416],[-122.5422619,37.8954966],[-122.5422761,37.8954967]]],[[[-122.5422416,37.8955687],[-122.5422529,37.8955687],[-122.5422529,37.8955777],[-122.542287,37.8955778],[-122.5422869,37.8955869],[-122.5423097,37.8955869],[-122.5423096,37.895596],[-122.5423438,37.8955961],[-122.5423435,37.8956321],[-122.5423549,37.8956322],[-122.542355,37.8956232],[-122.5423891,37.8956233],[-122.542389,37.8956323],[-122.5424345,37.8956325],[-122.5424345,37.8956415],[-122.54248,37.8956417],[-122.5424799,37.8956507],[-122.5425027,37.8956508],[-122.5425026,37.8956598],[-122.542514,37.8956598],[-122.5425139,37.8956688],[-122.5425253,37.8956689],[-122.5425252,37.8956869],[-122.5425138,37.8956869],[-122.5425137,37.8957049],[-122.5425251,37.8957049],[-122.542525,37.895714],[-122.5425591,37.8957141],[-122.5425591,37.8957231],[-122.5426046,37.8957233],[-122.5426045,37.8957323],[-122.5426386,37.8957324],[-122.5426386,37.8957414],[-122.5426499,37.8957415],[-122.5426498,37.8957595],[-122.5426612,37.8957596],[-122.542661,37.8957866],[-122.5426497,37.8957865],[-122.5426492,37.8958677],[-122.5426719,37.8958678],[-122.5426718,37.8958858],[-122.5426832,37.8958858],[-122.5426831,37.8958948],[-122.5426945,37.8958949],[-122.5426944,37.8959039],[-122.5427172,37.895904],[-122.5427172,37.895895],[-122.5427286,37.895895],[-122.5427286,37.895904],[-122.5427399,37.8959041],[-122.5427399,37.8959143],[-122.5427027,37.8959208],[-122.5421495,37.8957968],[-122.5422375,37.8955807],[-122.5422416,37.8955668],[-122.5422416,37.8955687]]]]}},{"type":"Feature","properties":{"elev_class":1,"elev_range_ft":"9-58 ft","Block_No":36},"geometry":{"type":"Polygon","coordinates":[[[-122.5402929,37.8961726],[-122.539805,37.896053],[-122.5394109,37.895943],[-122.5394294,37.8959035],[-122.5395168,37.8956357],[-122.5395618,37.89536],[-122.5415442,37.8958351],[-122.5414599,37.8961375],[-122.5411527,37.896108],[-122.5410873,37.8963402],[-122.54069,37.8962511],[-122.5402929,37.8961726]]]}},{"type":"Feature","properties":{"elev_class":1,"elev_range_ft":"9-58 ft","Block_No":34},"geometry":{"type":"Polygon","coordinates":[[[-122.5431814,37.8962393],[-122.5431701,37.8962392],[-122.54317,37.8962482],[-122.5431473,37.8962481],[-122.5431472,37.8962571],[-122.5431358,37.8962571],[-122.5431358,37.8962661],[-122.543113,37.896266],[-122.543113,37.896275],[-122.5431016,37.896275],[-122.5431015,37.896284],[-122.5431129,37.8962841],[-122.5431128,37.8963021],[-122.5430332,37.8963018],[-122.5430331,37.8963108],[-122.5429876,37.8963106],[-122.5429876,37.8963196],[-122.5429648,37.8963195],[-122.5429649,37.8963105],[-122.5429421,37.8963104],[-122.5429422,37.8963014],[-122.5429194,37.8963013],[-122.5429195,37.8962923],[-122.5429081,37.8962923],[-122.542908,37.8963103],[-122.5428967,37.8963103],[-122.5428966,37.8963193],[-122.5428852,37.8963192],[-122.5428852,37.8963282],[-122.5428397,37.8963281],[-122.5428396,37.8963371],[-122.5428169,37.896337],[-122.5428168,37.896346],[-122.5427713,37.8963458],[-122.5427713,37.8963548],[-122.5427258,37.8963547],[-122.5427259,37.8963366],[-122.5427145,37.8963366],[-122.5427146,37.8963276],[-122.5427032,37.8963275],[-122.5427032,37.8963185],[-122.5426919,37.8963185],[-122.5426918,37.8963275],[-122.5426804,37.8963274],[-122.5426803,37.8963545],[-122.5426689,37.8963544],[-122.5426688,37.8963635],[-122.5426461,37.8963634],[-122.542646,37.8963724],[-122.5426347,37.8963723],[-122.5426346,37.8963813],[-122.5425777,37.8963811],[-122.5425777,37.8963901],[-122.5425549,37.8963901],[-122.5425549,37.8963991],[-122.5425208,37.8963989],[-122.5425207,37.8964079],[-122.5424752,37.8964078],[-122.5424751,37.8964258],[-122.5424637,37.8964257],[-122.5424637,37.8964348],[-122.5424409,37.8964347],[-122.5424409,37.8964437],[-122.5424295,37.8964436],[-122.5424294,37.8964527],[-122.5423953,37.8964525],[-122.5423953,37.8964615],[-122.5423498,37.8964614],[-122.5423497,37.8964704],[-122.542327,37.8964703],[-122.5423269,37.8964793],[-122.5423042,37.8964792],[-122.5423041,37.8964882],[-122.5422586,37.896488],[-122.5422586,37.8964971],[-122.5422131,37.8964969],[-122.5422129,37.8965239],[-122.5422015,37.8965239],[-122.5422015,37.8965329],[-122.5421787,37.8965328],[-122.5421787,37.8965418],[-122.5421559,37.8965417],[-122.542156,37.8965327],[-122.5421219,37.8965326],[-122.5421219,37.8965236],[-122.5421105,37.8965235],[-122.5421106,37.8965145],[-122.5420992,37.8965145],[-122.5420993,37.8965054],[-122.5420879,37.8965054],[-122.542088,37.8964964],[-122.5420652,37.8964963],[-122.5420653,37.8964873],[-122.5420425,37.8964872],[-122.5420426,37.8964782],[-122.5420084,37.896478],[-122.5420085,37.896469],[-122.5419858,37.8964689],[-122.5419858,37.8964599],[-122.5419631,37.8964598],[-122.5419631,37.8964508],[-122.541929,37.8964507],[-122.5419291,37.8964417],[-122.5418722,37.8964415],[-122.5418722,37.8964325],[-122.5418268,37.8964323],[-122.5418268,37.8964233],[-122.5417358,37.8964229],[-122.5417358,37.8964319],[-122.541713,37.8964318],[-122.541713,37.8964408],[-122.5416447,37.8964406],[-122.5416448,37.8964316],[-122.5415993,37.8964314],[-122.5415993,37.8964224],[-122.5415766,37.8964223],[-122.5415766,37.8964133],[-122.5415312,37.8964131],[-122.5415312,37.8964041],[-122.5415198,37.8964041],[-122.5415199,37.896395],[-122.5414971,37.8963949],[-122.5414972,37.8963859],[-122.5414631,37.8963858],[-122.5414631,37.8963768],[-122.5414518,37.8963767],[-122.5414517,37.8963858],[-122.5414062,37.8963856],[-122.5414062,37.8963946],[-122.5413883,37.8963945],[-122.5414599,37.8961375],[-122.5415442,37.8958351],[-122.5431815,37.8962273],[-122.5431814,37.8962393]]]}},{"type":"Feature","properties":{"elev_class":1,"elev_range_ft":"9-58 ft","Block_No":35},"geometry":{"type":"Polygon","coordinates":[[[-122.5413493,37.8963944],[-122.5413492,37.8964124],[-122.5413378,37.8964123],[-122.5413377,37.8964304],[-122.5413263,37.8964303],[-122.5413263,37.8964393],[-122.5413035,37.8964393],[-122.5413035,37.8964483],[-122.5411783,37.8964478],[-122.5411783,37.8964568],[-122.5411555,37.8964567],[-122.5411555,37.8964657],[-122.5411441,37.8964657],[-122.5411441,37.8964747],[-122.54111,37.8964746],[-122.5411099,37.8964836],[-122.541053,37.8964833],[-122.541053,37.8964924],[-122.5410416,37.8964923],[-122.5410415,37.8965013],[-122.5409392,37.8965009],[-122.5409391,37.8965099],[-122.5408254,37.8965095],[-122.5408253,37.8965185],[-122.540814,37.8965185],[-122.5408139,37.8965275],[-122.5407684,37.8965273],[-122.5407683,37.8965363],[-122.5407115,37.8965361],[-122.5407114,37.8965451],[-122.5406887,37.896545],[-122.5406886,37.896554],[-122.5406659,37.8965539],[-122.5406658,37.896563],[-122.5406544,37.8965629],[-122.5406544,37.8965719],[-122.540643,37.8965719],[-122.540643,37.8965809],[-122.5406316,37.8965808],[-122.5406315,37.8965898],[-122.5406202,37.8965898],[-122.5406201,37.8965988],[-122.540586,37.8965987],[-122.5405859,37.8966077],[-122.5405746,37.8966077],[-122.5405745,37.8966167],[-122.5404835,37.8966163],[-122.5404834,37.8966253],[-122.5404721,37.8966253],[-122.540472,37.8966343],[-122.5404493,37.8966342],[-122.5404492,37.8966432],[-122.5404037,37.896643],[-122.5404037,37.8966521],[-122.5403923,37.896652],[-122.5403922,37.89667],[-122.5403808,37.89667],[-122.5403807,37.896688],[-122.5403693,37.896688],[-122.5403693,37.896697],[-122.5402669,37.8966966],[-122.5402668,37.8967056],[-122.5402555,37.8967056],[-122.5402555,37.8966965],[-122.54021,37.8966964],[-122.5402101,37.8966874],[-122.5401987,37.8966873],[-122.5401987,37.8966963],[-122.5401873,37.8966963],[-122.5401872,37.8967053],[-122.5401759,37.8967052],[-122.5401758,37.8967143],[-122.5401644,37.8967142],[-122.5401643,37.8967412],[-122.5401529,37.8967412],[-122.5401528,37.8967592],[-122.5401414,37.8967592],[-122.5401413,37.8967682],[-122.54013,37.8967682],[-122.5401299,37.8967772],[-122.5400844,37.896777],[-122.5400845,37.896768],[-122.5400526,37.8967678],[-122.5400504,37.896767],[-122.5400504,37.8967588],[-122.5400278,37.8967587],[-122.5400277,37.8967587],[-122.5400277,37.8967497],[-122.5400164,37.8967497],[-122.5400164,37.8967407],[-122.5399823,37.8967405],[-122.5399823,37.8967315],[-122.5399596,37.8967314],[-122.5399597,37.8967224],[-122.5399287,37.8967223],[-122.5399255,37.8967211],[-122.5399256,37.8967133],[-122.539904,37.8967132],[-122.5398829,37.8967054],[-122.5391909,37.8964048],[-122.5392039,37.8963716],[-122.53931,37.8961581],[-122.5394109,37.895943],[-122.539805,37.896053],[-122.5402929,37.8961726],[-122.54069,37.8962511],[-122.5410873,37.8963402],[-122.5411527,37.896108],[-122.5414599,37.8961375],[-122.5413883,37.8963945],[-122.5413493,37.8963944]],[[-122.5401074,37.896741],[-122.540096,37.896741],[-122.5400961,37.896732],[-122.5401302,37.8967321],[-122.5401303,37.8967231],[-122.5401416,37.8967231],[-122.5401418,37.8966871],[-122.5401305,37.896687],[-122.5401305,37.896678],[-122.5401192,37.896678],[-122.5401192,37.896669],[-122.540051,37.8966687],[-122.5400509,37.8966777],[-122.5400282,37.8966776],[-122.5400281,37.8966866],[-122.5400167,37.8966866],[-122.5400167,37.8966956],[-122.5400053,37.8966956],[-122.5400052,37.8967136],[-122.5399938,37.8967136],[-122.5399938,37.8967226],[-122.5400279,37.8967227],[-122.5400278,37.8967317],[-122.5400733,37.8967319],[-122.5400733,37.8967409],[-122.5400846,37.8967409],[-122.5400845,37.896759],[-122.5400959,37.896759],[-122.5400959,37.896768],[-122.5401186,37.8967681],[-122.5401187,37.8967501],[-122.5401073,37.89675],[-122.5401074,37.896741]]]}},{"type":"Feature","properties":{"elev_class":1,"elev_range_ft":"9-58 ft","Block_No":64},"geometry":{"type":"Polygon","coordinates":[[[-122.5326764,37.8939202],[-122.5326752,37.8939193],[-122.5326601,37.8939084],[-122.5326603,37.8939083],[-122.5326605,37.8939082],[-122.5329564,37.8937576],[-122.5330288,37.8937209],[-122.5330292,37.8937209],[-122.5330292,37.8937207],[-122.5330345,37.893718],[-122.5330465,37.8937119],[-122.5330991,37.8937121],[-122.5329719,37.8937762],[-122.5326802,37.893923],[-122.5326764,37.8939202]]]}},{"type":"Feature","properties":{"elev_class":5,"elev_range_ft":"444-578 ft","Block_No":3},"geometry":{"type":"Polygon","coordinates":[[[-122.5563936,37.8961412],[-122.5563942,37.8961416],[-122.5563944,37.8961416],[-122.556396,37.89614],[-122.5563978,37.8961384],[-122.5563987,37.8961375],[-122.5564049,37.8961315],[-122.5564113,37.8961254],[-122.5564277,37.8961097],[-122.5564327,37.8961097],[-122.5564326,37.8961187],[-122.5564553,37.8961188],[-122.5564553,37.8961278],[-122.5565008,37.896128],[-122.5565007,37.896137],[-122.5565235,37.8961371],[-122.5565234,37.8961461],[-122.5565575,37.8961462],[-122.5565575,37.8961552],[-122.5566257,37.8961555],[-122.5566257,37.8961645],[-122.5566826,37.8961647],[-122.5566825,37.8961737],[-122.5567394,37.8961739],[-122.5567393,37.8961829],[-122.5567734,37.8961831],[-122.5567734,37.8961921],[-122.5568189,37.8961922],[-122.5568188,37.8962013],[-122.5568643,37.8962014],[-122.5568643,37.8962104],[-122.556887,37.8962105],[-122.556887,37.8962195],[-122.5569211,37.8962197],[-122.556921,37.8962287],[-122.5569438,37.8962288],[-122.5569437,37.8962378],[-122.5569778,37.8962379],[-122.5569778,37.8962469],[-122.5569892,37.896247],[-122.5569891,37.896256],[-122.5569777,37.8962559],[-122.5569777,37.896265],[-122.5569663,37.8962649],[-122.5569662,37.8962829],[-122.5569548,37.8962829],[-122.5569546,37.8963099],[-122.556966,37.89631],[-122.556966,37.896319],[-122.5570001,37.8963191],[-122.557,37.8963281],[-122.5570455,37.8963283],[-122.5570455,37.8963373],[-122.5570796,37.8963374],[-122.5570795,37.8963465],[-122.5571137,37.8963466],[-122.5571136,37.8963556],[-122.557125,37.8963556],[-122.5571249,37.8963647],[-122.5571363,37.8963647],[-122.5571362,37.8963737],[-122.5571476,37.8963738],[-122.5571476,37.8963828],[-122.5571589,37.8963828],[-122.5571589,37.8963918],[-122.5571703,37.8963919],[-122.5571702,37.8964099],[-122.5571815,37.8964099],[-122.5571815,37.8964189],[-122.5571929,37.896419],[-122.5571927,37.896437],[-122.5572041,37.8964371],[-122.557204,37.8964551],[-122.5572154,37.8964551],[-122.5572153,37.8964641],[-122.5572267,37.8964642],[-122.5572265,37.8965002],[-122.5572379,37.8965003],[-122.5572376,37.8965363],[-122.557249,37.8965364],[-122.5572486,37.8965994],[-122.55726,37.8965995],[-122.5572599,37.8966175],[-122.5572485,37.8966175],[-122.5572485,37.8966265],[-122.5572371,37.8966264],[-122.557237,37.8966355],[-122.5572257,37.8966354],[-122.5572256,37.8966534],[-122.5572369,37.8966535],[-122.5572369,37.8966625],[-122.5572483,37.8966625],[-122.5572482,37.8966716],[-122.5572596,37.8966716],[-122.5572595,37.8966806],[-122.5572709,37.8966807],[-122.5572708,37.8966897],[-122.5572822,37.8966897],[-122.5572822,37.8966987],[-122.5572935,37.8966988],[-122.5572935,37.8967078],[-122.5573162,37.8967079],[-122.5573162,37.8967169],[-122.5573275,37.8967169],[-122.5573275,37.8967259],[-122.5573389,37.896726],[-122.5573388,37.896735],[-122.5573616,37.8967351],[-122.5573615,37.8967441],[-122.5573729,37.8967441],[-122.5573728,37.8967531],[-122.5573842,37.8967532],[-122.5573842,37.8967622],[-122.5573955,37.8967622],[-122.5573955,37.8967713],[-122.5574068,37.8967713],[-122.5574068,37.8967803],[-122.5574182,37.8967804],[-122.5574181,37.8967894],[-122.5574295,37.8967894],[-122.5574294,37.8967984],[-122.5574408,37.8967985],[-122.5574407,37.8968075],[-122.5574635,37.8968076],[-122.5574634,37.8968166],[-122.5574976,37.8968167],[-122.5574975,37.8968257],[-122.5575202,37.8968258],[-122.5575201,37.8968438],[-122.5575315,37.8968439],[-122.5575315,37.8968529],[-122.5575428,37.8968529],[-122.5575428,37.8968619],[-122.5575542,37.896862],[-122.5575541,37.896871],[-122.5575655,37.896871],[-122.5575654,37.8968891],[-122.5575767,37.8968891],[-122.5575767,37.8968981],[-122.5575994,37.8968982],[-122.5575994,37.8969072],[-122.5576221,37.8969073],[-122.5576222,37.8968983],[-122.5576449,37.8968984],[-122.5576448,37.8969164],[-122.5576562,37.8969164],[-122.557656,37.8969435],[-122.5576674,37.8969435],[-122.5576673,37.8969616],[-122.5576787,37.8969616],[-122.5576785,37.8969976],[-122.5576898,37.8969977],[-122.5576895,37.8970518],[-122.5576781,37.8970517],[-122.5576779,37.8970878],[-122.5576665,37.8970877],[-122.5576663,37.8971238],[-122.5576549,37.8971237],[-122.5576549,37.8971327],[-122.5576435,37.8971327],[-122.5576434,37.8971507],[-122.557632,37.8971507],[-122.557632,37.8971597],[-122.5576206,37.8971597],[-122.5576203,37.8972047],[-122.557609,37.8972047],[-122.5576089,37.8972227],[-122.5575975,37.8972227],[-122.5575973,37.8972497],[-122.557586,37.8972497],[-122.5575858,37.8972677],[-122.5575745,37.8972676],[-122.5575743,37.8972947],[-122.5575629,37.8972946],[-122.5575629,37.8973036],[-122.5575288,37.8973035],[-122.5575287,37.8973215],[-122.5575173,37.8973215],[-122.5575172,37.8973395],[-122.5575058,37.8973395],[-122.5575058,37.8973485],[-122.5575171,37.8973485],[-122.5575171,37.8973576],[-122.5575057,37.8973575],[-122.5575052,37.8974386],[-122.5574938,37.8974386],[-122.5574938,37.8974476],[-122.5575051,37.8974476],[-122.5575048,37.8975017],[-122.5575162,37.8975018],[-122.5575161,37.8975198],[-122.5575275,37.8975198],[-122.5575273,37.8975469],[-122.5575387,37.8975469],[-122.5575385,37.897574],[-122.5575499,37.897574],[-122.5575498,37.897592],[-122.5575612,37.8975921],[-122.5575611,37.8976011],[-122.5575725,37.8976011],[-122.5575724,37.8976101],[-122.5575952,37.8976102],[-122.5575951,37.8976192],[-122.5576065,37.8976193],[-122.5576064,37.8976373],[-122.5576178,37.8976373],[-122.5576176,37.8976554],[-122.557629,37.8976554],[-122.557629,37.8976644],[-122.5576403,37.8976645],[-122.5576403,37.8976735],[-122.5576517,37.8976735],[-122.5576516,37.8976915],[-122.5576629,37.8976916],[-122.5576628,37.8977096],[-122.5576742,37.8977097],[-122.5576741,37.8977187],[-122.5576855,37.8977187],[-122.5576855,37.8977277],[-122.5576968,37.8977278],[-122.5576968,37.8977368],[-122.5577082,37.8977368],[-122.5577081,37.8977458],[-122.5577195,37.8977459],[-122.5577194,37.8977549],[-122.5577308,37.8977549],[-122.5577307,37.8977639],[-122.5577194,37.8977639],[-122.5577192,37.8977909],[-122.5577306,37.897791],[-122.5577305,37.897809],[-122.5577418,37.897809],[-122.5577417,37.8978271],[-122.5577531,37.8978271],[-122.557753,37.8978451],[-122.5577758,37.8978452],[-122.5577757,37.8978542],[-122.5577871,37.8978543],[-122.557787,37.8978633],[-122.5578211,37.8978634],[-122.5578211,37.8978724],[-122.5578325,37.8978725],[-122.5578324,37.8978815],[-122.5578551,37.8978816],[-122.5578551,37.8978906],[-122.5578665,37.8978906],[-122.5578664,37.8979087],[-122.5578777,37.8979087],[-122.5578777,37.8979177],[-122.5578891,37.8979178],[-122.557889,37.8979268],[-122.5579345,37.8979269],[-122.5579344,37.897945],[-122.5579458,37.897945],[-122.5579457,37.897963],[-122.5579798,37.8979632],[-122.5579797,37.8979722],[-122.5579911,37.8979722],[-122.557991,37.8979812],[-122.5580024,37.8979813],[-122.5580023,37.8979993],[-122.5580251,37.8979994],[-122.558025,37.8980084],[-122.5580478,37.8980085],[-122.5580477,37.8980175],[-122.5580704,37.8980176],[-122.5580704,37.8980266],[-122.55815,37.8980269],[-122.55815,37.8980359],[-122.5581613,37.898036],[-122.5581613,37.898045],[-122.5581727,37.898045],[-122.5581726,37.898054],[-122.558184,37.8980541],[-122.5581839,37.8980631],[-122.558218,37.8980632],[-122.5582181,37.8980542],[-122.558275,37.8980544],[-122.558275,37.8980454],[-122.5583091,37.8980455],[-122.5583092,37.8980365],[-122.5583433,37.8980366],[-122.5583434,37.8980276],[-122.5584002,37.8980278],[-122.5584003,37.8980188],[-122.5584207,37.8980189],[-122.5581808,37.898135],[-122.5578974,37.8983579],[-122.5577569,37.8984685],[-122.5576627,37.8985325],[-122.5573175,37.8982444],[-122.5574116,37.8981227],[-122.5572435,37.8979196],[-122.5573927,37.8978312],[-122.5572998,37.897215],[-122.5567253,37.8968046],[-122.5567119,37.8967104],[-122.5567826,37.896529],[-122.556641,37.8964971],[-122.5565139,37.8966023],[-122.556163,37.8968315],[-122.5557442,37.896959],[-122.5555126,37.8968085],[-122.5557359,37.8966588],[-122.555974,37.8966546],[-122.5561982,37.8965392],[-122.5562682,37.896332],[-122.5563804,37.8961362],[-122.556381,37.8961366],[-122.5563812,37.8961367],[-122.5563828,37.8961351],[-122.556383,37.8961349],[-122.5563936,37.8961412]]]}},{"type":"Feature","properties":{"elev_class":5,"elev_range_ft":"444-578 ft","Block_No":1},"geometry":{"type":"MultiPolygon","coordinates":[[[[-122.558423,37.8980189],[-122.558423,37.8980279],[-122.5584457,37.898028],[-122.5584457,37.898037],[-122.5584571,37.8980371],[-122.558457,37.8980426],[-122.5584497,37.8980544],[-122.5584482,37.8980569],[-122.5584475,37.898058],[-122.5584441,37.8980635],[-122.5583978,37.8981383],[-122.5583797,37.8981651],[-122.5583452,37.8982161],[-122.5583422,37.8982325],[-122.5582949,37.8984896],[-122.558473,37.8986493],[-122.5584297,37.898842],[-122.558427,37.8988469],[-122.55839,37.8989151],[-122.558438,37.8989792],[-122.5584581,37.8990396],[-122.5584598,37.8990449],[-122.5584785,37.8991014],[-122.5584075,37.8992432],[-122.5583848,37.8992808],[-122.5582314,37.8994391],[-122.5581092,37.8995869],[-122.5580297,37.8997226],[-122.5580914,37.8997761],[-122.5583055,37.8999339],[-122.558485,37.9000901],[-122.5583463,37.9002655],[-122.5582241,37.9004155],[-122.5581106,37.90057],[-122.5580959,37.9007967],[-122.5577279,37.9007967],[-122.5577122,37.9003893],[-122.5579693,37.9003848],[-122.5580147,37.9001047],[-122.5576873,37.8999621],[-122.5575746,37.899895],[-122.5575401,37.8997842],[-122.5578859,37.8994583],[-122.5580113,37.8993402],[-122.5580175,37.8992452],[-122.5580981,37.8991137],[-122.5581162,37.8989658],[-122.5580708,37.8987697],[-122.5579701,37.8984974],[-122.5578974,37.8983579],[-122.5581808,37.898135],[-122.5584207,37.8980189],[-122.558423,37.8980189]]],[[[-122.5580748,37.9012996],[-122.5580799,37.9014999],[-122.5580984,37.9016809],[-122.5581836,37.901843],[-122.5583329,37.9020193],[-122.5577314,37.9020632],[-122.5575123,37.9019078],[-122.5575722,37.9018189],[-122.5577525,37.9015741],[-122.5577107,37.9013167],[-122.5580748,37.9012996]]]]}},{"type":"Feature","properties":{"elev_class":5,"elev_range_ft":"444-578 ft","Block_No":2},"geometry":{"type":"Polygon","coordinates":[[[-122.5569562,37.9017358],[-122.5569676,37.9017358],[-122.5569677,37.9017268],[-122.556979,37.9017268],[-122.5569792,37.9017088],[-122.5569905,37.9017088],[-122.5569906,37.9016998],[-122.557002,37.9016999],[-122.5570021,37.9016819],[-122.5570134,37.9016819],[-122.5570135,37.9016729],[-122.5570249,37.9016729],[-122.5570249,37.9016639],[-122.5570363,37.9016639],[-122.5570364,37.9016549],[-122.5570477,37.901655],[-122.5570478,37.901646],[-122.5570592,37.901646],[-122.5570592,37.901637],[-122.5570706,37.901637],[-122.5570706,37.901628],[-122.557082,37.9016281],[-122.5570821,37.9016191],[-122.5570934,37.9016191],[-122.5570935,37.9016101],[-122.5571049,37.9016101],[-122.5571049,37.9016011],[-122.5571277,37.9016012],[-122.5571277,37.9015922],[-122.5571391,37.9015922],[-122.5571392,37.9015832],[-122.5571505,37.9015833],[-122.5571506,37.9015743],[-122.557162,37.9015743],[-122.557162,37.9015653],[-122.5571848,37.9015654],[-122.5571848,37.9015564],[-122.5571962,37.9015564],[-122.5571962,37.9015474],[-122.5572076,37.9015474],[-122.5572077,37.9015384],[-122.5572304,37.9015385],[-122.5572305,37.9015205],[-122.5572419,37.9015205],[-122.557242,37.9015115],[-122.5572533,37.9015116],[-122.5572534,37.9015025],[-122.5572648,37.9015026],[-122.5572648,37.9014936],[-122.5572762,37.9014936],[-122.5572763,37.9014666],[-122.5572877,37.9014666],[-122.5572879,37.9014396],[-122.5572993,37.9014396],[-122.5572996,37.9013855],[-122.557311,37.9013856],[-122.5573112,37.9013495],[-122.5572998,37.9013495],[-122.5573001,37.9013044],[-122.5572887,37.9013044],[-122.5572894,37.9011782],[-122.5573008,37.9011783],[-122.557301,37.9011422],[-122.5573124,37.9011422],[-122.5573127,37.9010972],[-122.5573241,37.9010972],[-122.5573241,37.9010882],[-122.5573355,37.9010883],[-122.5573355,37.9010792],[-122.5573469,37.9010793],[-122.557347,37.9010703],[-122.5573583,37.9010703],[-122.5573585,37.9010433],[-122.5573699,37.9010433],[-122.5573703,37.9009712],[-122.5573817,37.9009712],[-122.5573817,37.9009622],[-122.5573931,37.9009623],[-122.5573932,37.9009533],[-122.5574045,37.9009533],[-122.5574046,37.9009353],[-122.557416,37.9009353],[-122.5574161,37.9009263],[-122.5574275,37.9009264],[-122.5574275,37.9009174],[-122.5574389,37.9009174],[-122.5574389,37.9009084],[-122.5574503,37.9009084],[-122.5574504,37.9008904],[-122.5574618,37.9008904],[-122.5574618,37.9008814],[-122.5574732,37.9008815],[-122.5574733,37.9008634],[-122.5574847,37.9008635],[-122.5574849,37.9008274],[-122.5574963,37.9008275],[-122.5574964,37.9008094],[-122.5575078,37.9008095],[-122.5575079,37.9007915],[-122.5575193,37.9007915],[-122.5575194,37.9007645],[-122.5575308,37.9007645],[-122.5575309,37.9007555],[-122.5575422,37.9007555],[-122.5575423,37.9007375],[-122.5575537,37.9007376],[-122.5575538,37.9007195],[-122.5575652,37.9007196],[-122.5575653,37.9007016],[-122.5575767,37.9007016],[-122.5575768,37.9006836],[-122.5575882,37.9006836],[-122.5575884,37.9006476],[-122.5575997,37.9006476],[-122.5575999,37.9006296],[-122.5576112,37.9006296],[-122.5576114,37.9006026],[-122.5576228,37.9006026],[-122.5576229,37.9005846],[-122.5576342,37.9005846],[-122.5576346,37.9005306],[-122.5576232,37.9005305],[-122.5576234,37.9004945],[-122.557612,37.9004944],[-122.5576121,37.9004854],[-122.5576007,37.9004854],[-122.5576008,37.9004673],[-122.5575894,37.9004673],[-122.5575895,37.9004583],[-122.5575781,37.9004582],[-122.5575783,37.9004312],[-122.5575669,37.9004312],[-122.5575671,37.9003951],[-122.5575558,37.9003951],[-122.5575558,37.9003861],[-122.5575444,37.900386],[-122.5575445,37.900368],[-122.5575332,37.900368],[-122.5575332,37.9003589],[-122.5575219,37.9003589],[-122.5575222,37.9003048],[-122.5575336,37.9003049],[-122.5575336,37.9002958],[-122.557545,37.9002959],[-122.5575452,37.9002508],[-122.5575339,37.9002508],[-122.5575339,37.9002418],[-122.5575226,37.9002417],[-122.5575226,37.9002327],[-122.5575112,37.9002327],[-122.5575113,37.9002237],[-122.5574885,37.9002236],[-122.5574885,37.9002326],[-122.5574316,37.9002324],[-122.5574317,37.9002234],[-122.5573748,37.9002232],[-122.5573749,37.9002141],[-122.5573635,37.9002141],[-122.5573636,37.900187],[-122.557375,37.9001871],[-122.5573751,37.9001781],[-122.5573864,37.9001781],[-122.5573865,37.9001691],[-122.5574092,37.9001692],[-122.5574095,37.9001241],[-122.5573981,37.9001241],[-122.5573982,37.9001061],[-122.5573869,37.900106],[-122.557387,37.900088],[-122.5573756,37.900088],[-122.5573757,37.9000789],[-122.5573643,37.9000789],[-122.5573644,37.9000609],[-122.557353,37.9000608],[-122.5573531,37.9000518],[-122.5573417,37.9000518],[-122.5573418,37.9000337],[-122.5573191,37.9000337],[-122.5573191,37.9000246],[-122.5572736,37.9000245],[-122.5572737,37.9000155],[-122.5572623,37.9000154],[-122.5572624,37.9000064],[-122.5572396,37.9000063],[-122.5572396,37.8999973],[-122.5572283,37.8999973],[-122.5572283,37.8999883],[-122.557217,37.8999882],[-122.557217,37.8999792],[-122.5572056,37.8999792],[-122.5572057,37.8999702],[-122.5571829,37.8999701],[-122.557183,37.8999611],[-122.5571716,37.899961],[-122.5571717,37.899952],[-122.5571603,37.899952],[-122.5571604,37.8999339],[-122.557149,37.8999339],[-122.5571491,37.8999249],[-122.5571377,37.8999248],[-122.5571379,37.8998978],[-122.5571265,37.8998978],[-122.5571266,37.8998797],[-122.5571152,37.8998797],[-122.5571155,37.8998436],[-122.5571268,37.8998437],[-122.5571269,37.8998256],[-122.5571156,37.8998256],[-122.5571157,37.8998076],[-122.5571271,37.8998076],[-122.5571271,37.8997986],[-122.5571385,37.8997987],[-122.5571385,37.8997896],[-122.5571499,37.8997897],[-122.55715,37.8997716],[-122.5571614,37.8997717],[-122.5571615,37.8997537],[-122.5571729,37.8997537],[-122.5571729,37.8997447],[-122.5571843,37.8997447],[-122.5571844,37.8997267],[-122.5571958,37.8997268],[-122.5571959,37.8997087],[-122.5572073,37.8997088],[-122.5572074,37.8996907],[-122.5572301,37.8996908],[-122.5572302,37.8996818],[-122.5572529,37.8996819],[-122.557253,37.8996729],[-122.5572985,37.8996731],[-122.5572985,37.8996641],[-122.5573326,37.8996642],[-122.5573327,37.8996552],[-122.5574123,37.8996555],[-122.5574124,37.8996465],[-122.5574237,37.8996465],[-122.5574238,37.8996375],[-122.5574352,37.8996375],[-122.5574352,37.8996285],[-122.5574466,37.8996286],[-122.5574467,37.8996195],[-122.557458,37.8996196],[-122.5574581,37.8996106],[-122.5574695,37.8996106],[-122.5574696,37.8995926],[-122.5574809,37.8995926],[-122.5574811,37.8995746],[-122.5574924,37.8995747],[-122.5574925,37.8995566],[-122.5575039,37.8995567],[-122.557504,37.8995477],[-122.5575153,37.8995477],[-122.5575154,37.8995387],[-122.5575268,37.8995387],[-122.5575268,37.8995297],[-122.5575382,37.8995298],[-122.5575384,37.8995027],[-122.557527,37.8995027],[-122.5575271,37.8994847],[-122.5575498,37.8994847],[-122.5575499,37.8994757],[-122.5575613,37.8994758],[-122.5575614,37.8994578],[-122.5575727,37.8994578],[-122.5575728,37.8994398],[-122.5575842,37.8994398],[-122.5575843,37.8994308],[-122.5575956,37.8994308],[-122.5575957,37.8994218],[-122.5576185,37.8994219],[-122.5576185,37.8994129],[-122.5576413,37.899413],[-122.5576413,37.899404],[-122.5576527,37.899404],[-122.5576527,37.899395],[-122.5576641,37.899395],[-122.5576642,37.899386],[-122.5576755,37.8993861],[-122.5576756,37.8993771],[-122.557687,37.8993771],[-122.557687,37.8993681],[-122.5576984,37.8993681],[-122.5576985,37.8993591],[-122.5577098,37.8993592],[-122.5577099,37.8993411],[-122.5577213,37.8993412],[-122.5577215,37.8993051],[-122.5577101,37.8993051],[-122.5577102,37.8992871],[-122.5576989,37.899287],[-122.5576992,37.8992329],[-122.5577106,37.899233],[-122.5577109,37.8991879],[-122.5577222,37.899188],[-122.5577223,37.8991789],[-122.5577337,37.899179],[-122.5577338,37.8991519],[-122.5577452,37.899152],[-122.5577455,37.8990979],[-122.5577569,37.899098],[-122.557757,37.8990799],[-122.5577456,37.8990799],[-122.5577458,37.8990528],[-122.5577572,37.8990529],[-122.5577572,37.8990439],[-122.5577686,37.8990439],[-122.5577687,37.8990259],[-122.5577573,37.8990259],[-122.5577574,37.8990078],[-122.5577461,37.8990078],[-122.5577462,37.8989807],[-122.5577348,37.8989807],[-122.5577349,37.8989717],[-122.5577235,37.8989717],[-122.5577236,37.8989536],[-122.5577122,37.8989536],[-122.5577123,37.8989446],[-122.5577009,37.8989445],[-122.557701,37.8989355],[-122.5576896,37.8989355],[-122.5576897,37.8989265],[-122.5576783,37.8989264],[-122.5576783,37.8989174],[-122.557667,37.8989174],[-122.557667,37.8989083],[-122.5576557,37.8989083],[-122.5576557,37.8988993],[-122.5576443,37.8988992],[-122.5576444,37.8988902],[-122.557633,37.8988902],[-122.5576331,37.8988812],[-122.5576103,37.8988811],[-122.5576104,37.8988721],[-122.5575762,37.898872],[-122.5575764,37.8988449],[-122.5575878,37.898845],[-122.5575879,37.8988179],[-122.5575766,37.8988179],[-122.5575769,37.8987548],[-122.5575883,37.8987548],[-122.5575885,37.8987188],[-122.5575999,37.8987188],[-122.5576001,37.8986828],[-122.5575887,37.8986827],[-122.5575889,37.8986557],[-122.5575775,37.8986557],[-122.5575776,37.8986466],[-122.5575662,37.8986466],[-122.5575663,37.8986376],[-122.5575322,37.8986375],[-122.5575322,37.8986284],[-122.5575219,37.8986284],[-122.5576627,37.8985325],[-122.5577569,37.8984685],[-122.5578974,37.8983579],[-122.5579701,37.8984974],[-122.5580708,37.8987697],[-122.5581162,37.8989658],[-122.5580981,37.8991137],[-122.5580175,37.8992452],[-122.5580113,37.8993402],[-122.5578859,37.8994583],[-122.5575401,37.8997842],[-122.5575746,37.899895],[-122.5576873,37.8999621],[-122.5580147,37.9001047],[-122.5579693,37.9003848],[-122.5577122,37.9003893],[-122.5577279,37.9007967],[-122.5580959,37.9007967],[-122.5580893,37.9010303],[-122.5580748,37.9012996],[-122.5577107,37.9013167],[-122.5577525,37.9015741],[-122.5575722,37.9018189],[-122.5575123,37.9019078],[-122.5577314,37.9020632],[-122.5583329,37.9020193],[-122.5584895,37.9021568],[-122.5584236,37.9021856],[-122.5583944,37.9021983],[-122.5583114,37.9022342],[-122.5582883,37.9022442],[-122.5582106,37.9022422],[-122.5579375,37.9022351],[-122.5579253,37.9022348],[-122.5576084,37.9022593],[-122.557595,37.9022604],[-122.5574855,37.9022689],[-122.5574228,37.9022946],[-122.557306,37.9021232],[-122.5570669,37.902093],[-122.5569562,37.9017489],[-122.5569562,37.9017358]]]}},{"type":"Feature","properties":{"elev_class":5,"elev_range_ft":"444-578 ft","Block_No":4},"geometry":{"type":"Polygon","coordinates":[[[-122.5562513,37.9025186],[-122.5562512,37.9025185],[-122.5562459,37.9025136],[-122.556185,37.9024572],[-122.5559491,37.9022636],[-122.5559441,37.9022595],[-122.5559439,37.9022593],[-122.5559357,37.9022585],[-122.5559309,37.9022545],[-122.5559307,37.9022543],[-122.5559212,37.9022533],[-122.5556525,37.902227],[-122.5556497,37.9022267],[-122.5556308,37.9022102],[-122.555629,37.9022087],[-122.5556064,37.9021889],[-122.5554249,37.9020339],[-122.5554102,37.9020213],[-122.5553823,37.9019974],[-122.5553194,37.9019436],[-122.5552745,37.9019052],[-122.5552725,37.9019035],[-122.5552222,37.9018606],[-122.5550815,37.9017427],[-122.5550752,37.9017374],[-122.5549979,37.9016726],[-122.5548927,37.9015825],[-122.5548853,37.9015762],[-122.5547843,37.9014896],[-122.554745,37.9014564],[-122.5547439,37.9014555],[-122.5547314,37.9014511],[-122.5547307,37.9014505],[-122.5546938,37.9014375],[-122.554663,37.9014267],[-122.5545333,37.901381],[-122.5545313,37.9013803],[-122.5545262,37.9013784],[-122.5545261,37.9013784],[-122.5545259,37.9013783],[-122.5545258,37.9013783],[-122.5544902,37.9013656],[-122.5544904,37.9013299],[-122.5545018,37.9013299],[-122.5545019,37.9013119],[-122.5545246,37.901312],[-122.5545247,37.901303],[-122.5545361,37.901303],[-122.5545361,37.901294],[-122.5545475,37.901294],[-122.5545475,37.901285],[-122.5545589,37.9012851],[-122.554559,37.9012761],[-122.5545704,37.9012761],[-122.5545704,37.9012671],[-122.5545932,37.9012672],[-122.5545932,37.9012582],[-122.5546159,37.9012582],[-122.554616,37.9012492],[-122.5546274,37.9012493],[-122.5546274,37.9012403],[-122.5546843,37.9012405],[-122.5546844,37.9012225],[-122.5546958,37.9012225],[-122.554696,37.9011864],[-122.5546619,37.9011863],[-122.5546619,37.9011773],[-122.5546506,37.9011773],[-122.5546508,37.9011322],[-122.5546622,37.9011322],[-122.5546624,37.9010962],[-122.5546738,37.9010962],[-122.5546739,37.9010782],[-122.5546853,37.9010782],[-122.5546853,37.9010692],[-122.5546967,37.9010693],[-122.5546968,37.9010603],[-122.5547081,37.9010603],[-122.5547082,37.9010513],[-122.5547196,37.9010513],[-122.5547197,37.9010333],[-122.5547311,37.9010334],[-122.5547311,37.9010244],[-122.5547425,37.9010244],[-122.5547425,37.9010154],[-122.5547539,37.9010154],[-122.554754,37.9010064],[-122.5547653,37.9010064],[-122.5547654,37.9009974],[-122.5547881,37.9009975],[-122.5547882,37.9009885],[-122.5547996,37.9009886],[-122.5547996,37.9009795],[-122.5548224,37.9009796],[-122.5548224,37.9009706],[-122.5548338,37.9009707],[-122.5548339,37.9009616],[-122.5548452,37.9009617],[-122.5548453,37.9009527],[-122.5548567,37.9009527],[-122.5548567,37.9009437],[-122.5548681,37.9009438],[-122.5548681,37.9009347],[-122.5548795,37.9009348],[-122.5548796,37.9009258],[-122.5549023,37.9009259],[-122.5549024,37.9009168],[-122.5549251,37.9009169],[-122.5549252,37.9009079],[-122.5549479,37.900908],[-122.554948,37.900899],[-122.5549821,37.9008991],[-122.5549821,37.9009081],[-122.5549934,37.9009082],[-122.5549935,37.9008992],[-122.555039,37.9008993],[-122.555039,37.9008903],[-122.5550731,37.9008904],[-122.5550731,37.9008995],[-122.5551413,37.9008997],[-122.5551414,37.9008907],[-122.5551641,37.9008908],[-122.5551642,37.9008818],[-122.5551756,37.9008818],[-122.5551756,37.9008728],[-122.5552211,37.900873],[-122.5552211,37.900882],[-122.5552552,37.9008821],[-122.5552551,37.9008911],[-122.5552779,37.9008912],[-122.5552778,37.9009002],[-122.555312,37.9009004],[-122.5553118,37.9009274],[-122.5553345,37.9009275],[-122.5553345,37.9009365],[-122.5553572,37.9009366],[-122.5553572,37.9009456],[-122.5553685,37.9009456],[-122.5553685,37.9009547],[-122.5553571,37.9009546],[-122.555357,37.9009816],[-122.5553797,37.9009817],[-122.5553797,37.9009907],[-122.5554138,37.9009909],[-122.5554137,37.9009999],[-122.5554478,37.901],[-122.5554478,37.901009],[-122.5554705,37.9010091],[-122.5554705,37.9010181],[-122.5555046,37.9010183],[-122.5555046,37.9010273],[-122.5555387,37.9010274],[-122.5555386,37.9010364],[-122.5555727,37.9010365],[-122.5555727,37.9010455],[-122.5555954,37.9010456],[-122.5555954,37.9010546],[-122.5556181,37.9010547],[-122.5556181,37.9010637],[-122.5556408,37.9010638],[-122.5556408,37.9010728],[-122.5556749,37.901073],[-122.5556749,37.901082],[-122.555709,37.9010821],[-122.5557089,37.9010911],[-122.555743,37.9010913],[-122.555743,37.9011003],[-122.5557657,37.9011004],[-122.5557657,37.9011094],[-122.5557884,37.9011095],[-122.5557884,37.9011185],[-122.5558111,37.9011186],[-122.5558111,37.9011276],[-122.5558224,37.9011276],[-122.5558224,37.9011366],[-122.5558565,37.9011367],[-122.5558564,37.9011458],[-122.5558678,37.9011458],[-122.5558678,37.9011548],[-122.5558905,37.9011549],[-122.5558905,37.9011639],[-122.5559018,37.901164],[-122.5559017,37.901182],[-122.5559131,37.901182],[-122.5559131,37.9011911],[-122.5559244,37.9011911],[-122.5559244,37.9011982],[-122.5555573,37.9015409],[-122.5566373,37.9025592],[-122.5565802,37.9025646],[-122.5565463,37.9025678],[-122.5565208,37.9025702],[-122.5563267,37.9025884],[-122.5562513,37.9025186]]]}},{"type":"Feature","properties":{"elev_class":3,"elev_range_ft":"172-306 ft","Block_No":41},"geometry":{"type":"Polygon","coordinates":[[[-122.5398266,37.8925219],[-122.5398379,37.8925219],[-122.539838,37.8925129],[-122.5398494,37.8925129],[-122.5398494,37.8925039],[-122.5398608,37.892504],[-122.5398608,37.8924949],[-122.5398836,37.892495],[-122.5398834,37.8925221],[-122.5398721,37.892522],[-122.539872,37.892531],[-122.5398265,37.8925309],[-122.5398266,37.8925219]]]}},{"type":"Feature","properties":{"elev_class":3,"elev_range_ft":"172-306 ft","Block_No":41},"geometry":{"type":"Polygon","coordinates":[[[-122.5400793,37.8921082],[-122.5400907,37.8921083],[-122.5400908,37.8920903],[-122.5401022,37.8920903],[-122.5401021,37.8920993],[-122.5401249,37.8920994],[-122.5401248,37.8921174],[-122.5401134,37.8921174],[-122.5401133,37.8921264],[-122.5400792,37.8921263],[-122.5400793,37.8921082]]]}},{"type":"Feature","properties":{"elev_class":2,"elev_range_ft":"58-172 ft","Block_No":54},"geometry":{"type":"Polygon","coordinates":[[[-122.537346,37.8927104],[-122.5374029,37.8927106],[-122.5374029,37.8927173],[-122.537346,37.8927183],[-122.537346,37.8927104]]]}},{"type":"Feature","properties":{"elev_class":2,"elev_range_ft":"58-172 ft","Block_No":41},"geometry":{"type":"Polygon","coordinates":[[[-122.5397582,37.8925486],[-122.5397695,37.8925487],[-122.5397696,37.8925397],[-122.5397923,37.8925397],[-122.5397924,37.8925307],[-122.5398038,37.8925308],[-122.5398038,37.8925218],[-122.5398152,37.8925218],[-122.5398153,37.8925128],[-122.5398266,37.8925128],[-122.5398267,37.8925038],[-122.5398381,37.8925039],[-122.5398381,37.8924949],[-122.5398495,37.8924949],[-122.5398495,37.8924939],[-122.5402676,37.8924786],[-122.5399198,37.8921552],[-122.5399199,37.8921437],[-122.5399085,37.8921436],[-122.5399086,37.8921256],[-122.53992,37.8921256],[-122.5399201,37.8921076],[-122.5399315,37.8921077],[-122.5399317,37.8920806],[-122.539943,37.8920807],[-122.5399431,37.8920717],[-122.5399545,37.8920717],[-122.5399545,37.8920627],[-122.54,37.8920629],[-122.5400001,37.8920539],[-122.5400342,37.892054],[-122.5400343,37.892045],[-122.5400684,37.8920451],[-122.5400684,37.8920361],[-122.5401139,37.8920363],[-122.5401139,37.8920453],[-122.5401252,37.8920453],[-122.5401251,37.8920724],[-122.5401364,37.8920724],[-122.5401363,37.8920904],[-122.5401591,37.8920905],[-122.540159,37.8920995],[-122.54025,37.8920999],[-122.54025,37.8920909],[-122.5402614,37.8920909],[-122.5402613,37.892109],[-122.5402727,37.892109],[-122.5402726,37.892118],[-122.540284,37.8921181],[-122.5402839,37.8921361],[-122.5402953,37.8921361],[-122.5402952,37.8921542],[-122.5403065,37.8921542],[-122.5403065,37.8921632],[-122.5403292,37.8921633],[-122.5403292,37.8921723],[-122.5403405,37.8921724],[-122.5403405,37.8921814],[-122.5403518,37.8921814],[-122.5403518,37.8921904],[-122.5403745,37.8921905],[-122.5403745,37.8921995],[-122.5404086,37.8921997],[-122.5404085,37.8922087],[-122.540545,37.8922092],[-122.5405451,37.8922002],[-122.5405906,37.8922004],[-122.5405906,37.8921914],[-122.5406247,37.8921915],[-122.5406248,37.8921825],[-122.5406475,37.8921826],[-122.5406476,37.8921736],[-122.540659,37.8921736],[-122.540659,37.8921646],[-122.5406704,37.8921646],[-122.5406705,37.8921556],[-122.5406932,37.8921557],[-122.5406933,37.8921467],[-122.5407046,37.8921467],[-122.5407047,37.8921377],[-122.5407161,37.8921378],[-122.5407161,37.8921287],[-122.5407275,37.8921288],[-122.5407276,37.8921108],[-122.540739,37.8921108],[-122.540739,37.8921018],[-122.5407504,37.8921019],[-122.5407505,37.8920838],[-122.5407619,37.8920839],[-122.540762,37.8920658],[-122.5407734,37.8920659],[-122.5407734,37.8920569],[-122.5407848,37.8920569],[-122.540785,37.8920209],[-122.5407964,37.8920209],[-122.5407965,37.8920029],[-122.5408079,37.8920029],[-122.5408079,37.8919939],[-122.5408307,37.891994],[-122.5408307,37.891985],[-122.5408421,37.891985],[-122.5408421,37.8919941],[-122.5408534,37.8919941],[-122.5408534,37.8920031],[-122.5408647,37.8920032],[-122.5408647,37.8920122],[-122.5408874,37.8920123],[-122.5408874,37.8920213],[-122.5408987,37.8920213],[-122.5408987,37.8920303],[-122.5409101,37.8920304],[-122.54091,37.8920394],[-122.5409214,37.8920394],[-122.5409213,37.8920484],[-122.5409327,37.8920485],[-122.5409326,37.8920665],[-122.540944,37.8920666],[-122.5409437,37.8921026],[-122.5409551,37.8921026],[-122.5409548,37.8921477],[-122.5409662,37.8921478],[-122.540966,37.8921748],[-122.5409774,37.8921748],[-122.5409772,37.8922019],[-122.5409886,37.8922019],[-122.5409883,37.892247],[-122.5409997,37.892247],[-122.5409995,37.8922799],[-122.5409662,37.8922963],[-122.5406106,37.8924328],[-122.5405604,37.8926026],[-122.5406106,37.8928769],[-122.5399639,37.8928572],[-122.5397581,37.8925593],[-122.5397582,37.8925486]],[[-122.5398836,37.892495],[-122.5398608,37.8924949],[-122.5398608,37.892504],[-122.5398494,37.8925039],[-122.5398494,37.8925129],[-122.539838,37.8925129],[-122.5398379,37.8925219],[-122.5398266,37.8925219],[-122.5398265,37.8925309],[-122.539872,37.892531],[-122.5398721,37.892522],[-122.5398834,37.8925221],[-122.5398836,37.892495]],[[-122.5401249,37.8920994],[-122.5401021,37.8920993],[-122.5401022,37.8920903],[-122.5400908,37.8920903],[-122.5400907,37.8921083],[-122.5400793,37.8921082],[-122.5400792,37.8921263],[-122.5401133,37.8921264],[-122.5401134,37.8921174],[-122.5401248,37.8921174],[-122.5401249,37.8920994]]]}},{"type":"Feature","properties":{"elev_class":2,"elev_range_ft":"58-172 ft","Block_No":30},"geometry":{"type":"Polygon","coordinates":[[[-122.5445657,37.8930811],[-122.5445999,37.8930812],[-122.5445999,37.8930722],[-122.5446227,37.8930723],[-122.5446225,37.8930903],[-122.5446339,37.8930903],[-122.5446339,37.8930993],[-122.5446452,37.8930994],[-122.5446452,37.8931084],[-122.5446566,37.8931084],[-122.5446566,37.8930994],[-122.5446794,37.8930995],[-122.5446794,37.8930905],[-122.5446908,37.8930906],[-122.5446908,37.8930815],[-122.5447022,37.8930816],[-122.5447024,37.8930546],[-122.544691,37.8930545],[-122.5446911,37.8930455],[-122.5446797,37.8930455],[-122.5446799,37.8930184],[-122.5446912,37.8930185],[-122.5446913,37.8930094],[-122.5447027,37.8930095],[-122.5447027,37.8930005],[-122.5447141,37.8930005],[-122.5447142,37.8929915],[-122.5447255,37.8929915],[-122.5447256,37.8929825],[-122.544737,37.8929826],[-122.544737,37.8929736],[-122.5447484,37.8929736],[-122.5447485,37.8929556],[-122.5447599,37.8929556],[-122.54476,37.8929376],[-122.5447714,37.8929377],[-122.5447715,37.8929196],[-122.5447828,37.8929197],[-122.5447829,37.8929016],[-122.5447943,37.8929017],[-122.5447944,37.8928837],[-122.5448058,37.8928837],[-122.544806,37.8928567],[-122.5448173,37.8928567],[-122.5448174,37.8928387],[-122.5448288,37.8928387],[-122.544829,37.8928117],[-122.5448404,37.8928117],[-122.5448406,37.8927757],[-122.544852,37.8927757],[-122.5448526,37.8926766],[-122.5448412,37.8926765],[-122.5448415,37.8926225],[-122.5448301,37.8926224],[-122.5448303,37.8925954],[-122.544819,37.8925953],[-122.544819,37.8925863],[-122.5448076,37.8925863],[-122.5448078,37.8925592],[-122.5447964,37.8925592],[-122.5447967,37.8925141],[-122.5447853,37.8925141],[-122.5447854,37.8925051],[-122.5447968,37.8925051],[-122.544797,37.8924691],[-122.5447856,37.892469],[-122.5447857,37.892451],[-122.5447743,37.892451],[-122.5447745,37.8924329],[-122.5447631,37.8924329],[-122.5447631,37.8924239],[-122.5447518,37.8924238],[-122.5447519,37.8923968],[-122.5447406,37.8923968],[-122.5447407,37.8923787],[-122.5447293,37.8923787],[-122.5447294,37.8923607],[-122.544718,37.8923606],[-122.5447182,37.8923336],[-122.5447296,37.8923336],[-122.5447296,37.8923246],[-122.544741,37.8923246],[-122.5447411,37.8923156],[-122.5447524,37.8923157],[-122.5447525,37.8923067],[-122.5447639,37.8923067],[-122.5447639,37.8922977],[-122.5447525,37.8922977],[-122.5447527,37.8922796],[-122.5447413,37.8922796],[-122.5447414,37.8922616],[-122.54473,37.8922615],[-122.5447301,37.8922435],[-122.5447415,37.8922435],[-122.5447416,37.8922345],[-122.5447529,37.8922346],[-122.544753,37.8922255],[-122.5447757,37.8922256],[-122.5447758,37.8922166],[-122.5447985,37.8922167],[-122.5447986,37.8922077],[-122.5448327,37.8922078],[-122.5448328,37.8921988],[-122.5448555,37.8921989],[-122.5448556,37.8921899],[-122.5448669,37.8921899],[-122.544867,37.8921809],[-122.5448784,37.892181],[-122.5448784,37.892172],[-122.5449012,37.892172],[-122.5449012,37.892163],[-122.5449126,37.8921631],[-122.5449127,37.8921541],[-122.5449354,37.8921542],[-122.5449354,37.8921451],[-122.5449468,37.8921452],[-122.5449469,37.8921362],[-122.5449582,37.8921362],[-122.5449583,37.8921272],[-122.5449697,37.8921273],[-122.5449697,37.8921182],[-122.5449811,37.8921183],[-122.5449812,37.8921093],[-122.545038,37.8921095],[-122.545038,37.8921185],[-122.5450493,37.8921185],[-122.5450493,37.8921276],[-122.545072,37.8921276],[-122.545072,37.8921367],[-122.5450833,37.8921367],[-122.5450832,37.8921547],[-122.5450946,37.8921548],[-122.5450946,37.8921638],[-122.5451059,37.8921638],[-122.5451059,37.8921728],[-122.5451173,37.8921729],[-122.545117,37.892218],[-122.5451056,37.8922179],[-122.5451055,37.8922269],[-122.5450942,37.8922269],[-122.5450939,37.8922629],[-122.5451053,37.892263],[-122.5451051,37.892299],[-122.5451165,37.8922991],[-122.5451164,37.8923171],[-122.5451277,37.8923171],[-122.5451276,37.8923352],[-122.545139,37.8923352],[-122.5451389,37.8923442],[-122.5451731,37.8923444],[-122.5451729,37.8923624],[-122.5451843,37.8923624],[-122.5451842,37.8923804],[-122.5451956,37.8923805],[-122.5451955,37.8923985],[-122.5452068,37.8923986],[-122.5452067,37.8924166],[-122.5452181,37.8924166],[-122.5452179,37.8924437],[-122.5452293,37.8924437],[-122.5452292,37.8924617],[-122.5452406,37.8924618],[-122.5452405,37.8924708],[-122.5452519,37.8924708],[-122.5452518,37.8924889],[-122.5452632,37.8924889],[-122.5452631,37.8924979],[-122.5452858,37.892498],[-122.5452858,37.892507],[-122.5452972,37.8925071],[-122.5452971,37.8925161],[-122.5453085,37.8925161],[-122.5453084,37.8925251],[-122.5453198,37.8925252],[-122.5453197,37.8925342],[-122.5453311,37.8925342],[-122.545331,37.8925523],[-122.5453424,37.8925523],[-122.5453423,37.8925613],[-122.5453651,37.8925614],[-122.545365,37.8925704],[-122.5453764,37.8925705],[-122.5453763,37.8925795],[-122.5453991,37.8925796],[-122.545399,37.8925886],[-122.5454218,37.8925887],[-122.5454217,37.8925977],[-122.5454445,37.8925978],[-122.5454444,37.8926068],[-122.5455468,37.8926072],[-122.5455468,37.8925981],[-122.5455696,37.8925982],[-122.5455696,37.8925892],[-122.5455924,37.8925893],[-122.5455924,37.8925803],[-122.5456038,37.8925804],[-122.5456039,37.8925713],[-122.5456266,37.8925714],[-122.5456267,37.8925624],[-122.545638,37.8925624],[-122.5456381,37.8925534],[-122.5456494,37.8925535],[-122.5456495,37.8925445],[-122.5456609,37.8925445],[-122.5456609,37.8925355],[-122.5456837,37.8925356],[-122.5456837,37.8925266],[-122.5457065,37.8925267],[-122.5457065,37.8925177],[-122.5457179,37.8925177],[-122.545718,37.8925087],[-122.5457293,37.8925087],[-122.5457294,37.8924997],[-122.5457408,37.8924998],[-122.5457408,37.8924908],[-122.5457522,37.8924908],[-122.5457523,37.8924818],[-122.5457636,37.8924818],[-122.5457637,37.8924638],[-122.5457751,37.8924638],[-122.5457752,37.8924548],[-122.5457865,37.8924549],[-122.5457866,37.8924459],[-122.545798,37.8924459],[-122.545798,37.8924369],[-122.5458094,37.8924369],[-122.5458094,37.8924279],[-122.5458208,37.892428],[-122.5458209,37.8924189],[-122.5458323,37.892419],[-122.5458324,37.892401],[-122.5458437,37.892401],[-122.5458438,37.892392],[-122.5458552,37.892392],[-122.5458552,37.892383],[-122.5458666,37.8923831],[-122.5458666,37.8923741],[-122.545878,37.8923741],[-122.5458781,37.8923561],[-122.5458895,37.8923561],[-122.5458896,37.8923381],[-122.545901,37.8923381],[-122.545901,37.8923291],[-122.5459124,37.8923292],[-122.5459125,37.8923202],[-122.5459011,37.8923201],[-122.5459012,37.8923021],[-122.5459126,37.8923021],[-122.5459126,37.8922931],[-122.545924,37.8922932],[-122.5459241,37.8922842],[-122.5459354,37.8922842],[-122.5459355,37.8922752],[-122.5459469,37.8922752],[-122.5459469,37.8922662],[-122.5459583,37.8922663],[-122.5459584,37.8922482],[-122.5459698,37.8922483],[-122.5459698,37.8922393],[-122.5459812,37.8922393],[-122.5459813,37.8922303],[-122.5459926,37.8922303],[-122.5459927,37.8922213],[-122.5460154,37.8922214],[-122.5460155,37.8922124],[-122.5460269,37.8922125],[-122.5460269,37.8922034],[-122.5460383,37.8922035],[-122.5460383,37.8921945],[-122.5460611,37.8921945],[-122.5460611,37.8921855],[-122.5460725,37.8921856],[-122.5460726,37.8921766],[-122.5460953,37.8921767],[-122.5460954,37.8921676],[-122.5461181,37.8921677],[-122.5461182,37.8921587],[-122.5461296,37.8921588],[-122.5461296,37.8921498],[-122.5461523,37.8921498],[-122.5461524,37.8921408],[-122.5461638,37.8921409],[-122.5461639,37.8921228],[-122.5461753,37.8921229],[-122.5461754,37.8921049],[-122.5461981,37.8921049],[-122.5461982,37.8920959],[-122.5462209,37.892096],[-122.546221,37.892087],[-122.5462551,37.8920871],[-122.5462551,37.8920781],[-122.5462779,37.8920782],[-122.5462778,37.8920872],[-122.546312,37.8920874],[-122.546312,37.8920783],[-122.5463348,37.8920784],[-122.5463348,37.8920694],[-122.5463689,37.8920696],[-122.546369,37.8920605],[-122.5464031,37.8920607],[-122.5464032,37.8920517],[-122.5464145,37.8920517],[-122.5464145,37.8920607],[-122.5464372,37.8920608],[-122.5464373,37.8920518],[-122.54646,37.8920519],[-122.5464601,37.8920429],[-122.5465056,37.892043],[-122.5465056,37.892034],[-122.546517,37.8920341],[-122.5465169,37.8920431],[-122.5465511,37.8920432],[-122.546551,37.8920522],[-122.5465624,37.8920523],[-122.5465623,37.8920613],[-122.5465737,37.8920613],[-122.5465736,37.8920794],[-122.546585,37.8920794],[-122.5465847,37.8921245],[-122.5465733,37.8921244],[-122.5465732,37.8921334],[-122.5465619,37.8921334],[-122.5465618,37.8921424],[-122.5465504,37.8921424],[-122.5465504,37.8921514],[-122.546539,37.8921513],[-122.5465389,37.8921784],[-122.5465275,37.8921783],[-122.5465274,37.8921963],[-122.546516,37.8921963],[-122.5465159,37.8922143],[-122.5465045,37.8922143],[-122.5465045,37.8922233],[-122.5464931,37.8922233],[-122.546493,37.8922413],[-122.5464816,37.8922412],[-122.5464815,37.8922502],[-122.5464702,37.8922502],[-122.5464701,37.8922682],[-122.5464587,37.8922682],[-122.5464586,37.8922772],[-122.5464473,37.8922772],[-122.5464472,37.8922862],[-122.5464358,37.8922861],[-122.5464358,37.8922951],[-122.5464244,37.8922951],[-122.5464244,37.8923041],[-122.546413,37.8923041],[-122.5464129,37.8923131],[-122.5464015,37.892313],[-122.5464015,37.892322],[-122.5463901,37.892322],[-122.54639,37.89234],[-122.5463786,37.89234],[-122.5463786,37.892349],[-122.5463672,37.8923489],[-122.5463672,37.892358],[-122.5463558,37.8923579],[-122.5463557,37.8923669],[-122.5463444,37.8923669],[-122.5463443,37.8923759],[-122.5463329,37.8923759],[-122.5463329,37.8923849],[-122.5463215,37.8923848],[-122.5463214,37.8924029],[-122.54631,37.8924028],[-122.54631,37.8924118],[-122.5462986,37.8924118],[-122.5462984,37.8924388],[-122.5462871,37.8924388],[-122.5462869,37.8924568],[-122.5462756,37.8924568],[-122.5462755,37.8924658],[-122.5462641,37.8924657],[-122.546264,37.8924837],[-122.5462527,37.8924837],[-122.5462525,37.8925107],[-122.5462411,37.8925107],[-122.546241,37.8925287],[-122.5462296,37.8925287],[-122.5462295,37.8925467],[-122.5462182,37.8925467],[-122.546218,37.8925647],[-122.5462067,37.8925646],[-122.5462066,37.8925827],[-122.5461952,37.8925826],[-122.5461952,37.8925873],[-122.5459951,37.8926148],[-122.5456909,37.8927498],[-122.5454229,37.8929274],[-122.5452603,37.8931063],[-122.5450109,37.8929685],[-122.5447165,37.8931775],[-122.5445657,37.8930895],[-122.5445657,37.8930811]]]}},{"type":"Feature","properties":{"elev_class":2,"elev_range_ft":"58-172 ft","Block_No":40},"geometry":{"type":"Polygon","coordinates":[[[-122.5409994,37.8923011],[-122.5410107,37.8923012],[-122.5410106,37.8923282],[-122.541022,37.8923282],[-122.5410218,37.8923463],[-122.5410332,37.8923463],[-122.5410331,37.8923643],[-122.5410445,37.8923644],[-122.5410444,37.8923824],[-122.5410557,37.8923824],[-122.5410556,37.8924005],[-122.541067,37.8924005],[-122.5410669,37.8924095],[-122.5410783,37.8924096],[-122.5410783,37.8924186],[-122.5410896,37.8924186],[-122.5410896,37.8924276],[-122.541101,37.8924277],[-122.5411009,37.8924367],[-122.5411123,37.8924367],[-122.5411122,37.8924458],[-122.5411236,37.8924458],[-122.5411235,37.8924548],[-122.5411918,37.8924551],[-122.5411918,37.8924461],[-122.5412259,37.8924462],[-122.541226,37.8924372],[-122.5412601,37.8924373],[-122.5412601,37.8924463],[-122.5412828,37.8924464],[-122.5412827,37.8924554],[-122.5413282,37.8924556],[-122.5413283,37.8924466],[-122.541351,37.8924467],[-122.5413511,37.8924377],[-122.5413738,37.8924378],[-122.5413739,37.8924288],[-122.5413853,37.8924288],[-122.5413853,37.8924198],[-122.5413967,37.8924198],[-122.5413968,37.8924108],[-122.5414081,37.8924108],[-122.5414082,37.8924018],[-122.5414309,37.8924019],[-122.541431,37.8923929],[-122.5414424,37.892393],[-122.5414424,37.892384],[-122.5414538,37.892384],[-122.5414538,37.892375],[-122.5414766,37.8923751],[-122.5414766,37.8923661],[-122.541488,37.8923661],[-122.5414881,37.8923571],[-122.5414995,37.8923571],[-122.5414995,37.8923481],[-122.5415222,37.8923482],[-122.5415223,37.8923392],[-122.5415337,37.8923392],[-122.5415337,37.8923302],[-122.5415451,37.8923303],[-122.5415452,37.8923213],[-122.5415565,37.8923213],[-122.5415566,37.8923123],[-122.541568,37.8923123],[-122.541568,37.8923033],[-122.5415794,37.8923034],[-122.5415795,37.8922944],[-122.5415908,37.8922944],[-122.5415909,37.8922854],[-122.541625,37.8922855],[-122.5416249,37.8922945],[-122.5416363,37.8922946],[-122.5416363,37.8923036],[-122.5416249,37.8923035],[-122.5416245,37.8923666],[-122.5416359,37.8923667],[-122.5416356,37.8924027],[-122.541647,37.8924028],[-122.5416468,37.8924388],[-122.5416582,37.8924389],[-122.541658,37.8924659],[-122.5416694,37.892466],[-122.5416693,37.892484],[-122.5416806,37.892484],[-122.5416805,37.892502],[-122.5416919,37.8925021],[-122.5416917,37.8925291],[-122.5417031,37.8925292],[-122.5417029,37.8925652],[-122.5417142,37.8925653],[-122.5417142,37.8925743],[-122.5417028,37.8925742],[-122.5417028,37.8925833],[-122.5417141,37.8925833],[-122.541714,37.8926103],[-122.5417253,37.8926104],[-122.5417251,37.8926464],[-122.5417137,37.8926464],[-122.5417136,37.8926644],[-122.5417023,37.8926644],[-122.5417022,37.8926734],[-122.5416908,37.8926733],[-122.5416908,37.8926824],[-122.5416794,37.8926823],[-122.5416793,37.8926913],[-122.541668,37.8926913],[-122.5416679,37.8927093],[-122.5416565,37.8927093],[-122.5416564,37.8927183],[-122.5416905,37.8927184],[-122.5416905,37.8927274],[-122.5417019,37.8927275],[-122.5417018,37.8927365],[-122.5416904,37.8927364],[-122.5416903,37.8927544],[-122.541679,37.8927544],[-122.5416785,37.8928355],[-122.5416671,37.8928355],[-122.5416668,37.8928715],[-122.5416782,37.8928716],[-122.5416781,37.8928896],[-122.5416895,37.8928896],[-122.5416894,37.8929077],[-122.541678,37.8929076],[-122.5416779,37.8929257],[-122.5416665,37.8929256],[-122.5416665,37.8929346],[-122.5416551,37.8929346],[-122.541655,37.8929526],[-122.5416436,37.8929525],[-122.5416436,37.8929616],[-122.5416322,37.8929615],[-122.5416321,37.8929795],[-122.5416207,37.8929795],[-122.5416206,37.8929885],[-122.5416093,37.8929885],[-122.5416091,37.8930155],[-122.5415636,37.8930153],[-122.5415635,37.8930334],[-122.5415749,37.8930334],[-122.5415748,37.8930424],[-122.5415862,37.8930425],[-122.5415861,37.8930605],[-122.5415974,37.8930605],[-122.5415974,37.8930695],[-122.5416088,37.8930696],[-122.5416087,37.8930786],[-122.5416201,37.8930786],[-122.54162,37.8930876],[-122.5416541,37.8930878],[-122.541654,37.8931148],[-122.5416426,37.8931148],[-122.5416425,37.8931328],[-122.5416311,37.8931328],[-122.5416311,37.8931418],[-122.5416197,37.8931417],[-122.5416196,37.8931598],[-122.5416082,37.8931597],[-122.5416081,37.8931777],[-122.5415967,37.8931777],[-122.5415967,37.8931867],[-122.5415853,37.8931867],[-122.5415852,37.8932047],[-122.5415738,37.8932046],[-122.5415737,37.8932137],[-122.5415624,37.8932136],[-122.5415623,37.8932316],[-122.5415509,37.8932316],[-122.5415508,37.8932496],[-122.541528,37.8932495],[-122.5415279,37.8932676],[-122.5415165,37.8932675],[-122.5415165,37.8932765],[-122.5415279,37.8932766],[-122.5415276,37.8933183],[-122.5415231,37.8934073],[-122.5413267,37.8935768],[-122.5412703,37.8936142],[-122.5411704,37.8936341],[-122.5411096,37.8936169],[-122.5410524,37.8936248],[-122.5410144,37.8937051],[-122.5409758,37.8937649],[-122.5408565,37.8938428],[-122.5408403,37.8936983],[-122.5407802,37.8935062],[-122.540506,37.8935013],[-122.5406162,37.8933015],[-122.5406977,37.893165],[-122.5406106,37.8928769],[-122.5405604,37.8926026],[-122.5406106,37.8924328],[-122.5409662,37.8922963],[-122.5409995,37.8922799],[-122.5409994,37.8923011]]]}},{"type":"Feature","properties":{"elev_class":2,"elev_range_ft":"58-172 ft","Block_No":39},"geometry":{"type":"Polygon","coordinates":[[[-122.5415274,37.8933487],[-122.5415388,37.8933487],[-122.5415387,37.8933667],[-122.54155,37.8933668],[-122.54155,37.8933758],[-122.5415614,37.8933758],[-122.5415613,37.8933848],[-122.5415727,37.8933849],[-122.5415726,37.8933939],[-122.5416067,37.893394],[-122.5416067,37.8934031],[-122.5416294,37.8934031],[-122.5416294,37.8934122],[-122.5416408,37.8934122],[-122.5416407,37.8934212],[-122.5416521,37.8934213],[-122.541652,37.8934303],[-122.5416634,37.8934303],[-122.5416633,37.8934393],[-122.5416861,37.8934394],[-122.541686,37.8934484],[-122.5416974,37.8934485],[-122.5416973,37.8934575],[-122.5417201,37.8934576],[-122.54172,37.8934756],[-122.5417427,37.8934757],[-122.5417427,37.8934847],[-122.5417882,37.8934849],[-122.5417881,37.8934939],[-122.5418791,37.8934943],[-122.541879,37.8935033],[-122.5419245,37.8935034],[-122.5419245,37.8935125],[-122.54197,37.8935126],[-122.5419699,37.8935216],[-122.5419926,37.8935217],[-122.5419926,37.8935307],[-122.5420267,37.8935309],[-122.5420267,37.8935399],[-122.5420608,37.89354],[-122.5420607,37.893549],[-122.5421062,37.8935492],[-122.5421062,37.8935582],[-122.5421403,37.8935584],[-122.5421402,37.8935674],[-122.542163,37.8935675],[-122.5421629,37.8935765],[-122.5421743,37.8935765],[-122.5421742,37.8935855],[-122.5421856,37.8935856],[-122.5421855,37.8935946],[-122.5421969,37.8935946],[-122.5421968,37.8936127],[-122.5422082,37.8936127],[-122.5422081,37.8936217],[-122.5422195,37.8936218],[-122.5422193,37.8936488],[-122.5422307,37.8936488],[-122.5422305,37.8936849],[-122.5422418,37.8936849],[-122.5422413,37.8937661],[-122.5422527,37.8937661],[-122.5422526,37.8937841],[-122.542264,37.8937842],[-122.5422638,37.8938202],[-122.5422524,37.8938202],[-122.5422522,37.8938562],[-122.5422635,37.8938563],[-122.5422635,37.8938653],[-122.5422749,37.8938653],[-122.5422748,37.8938743],[-122.5422862,37.8938744],[-122.5422861,37.8938834],[-122.5423089,37.8938835],[-122.5423088,37.8938925],[-122.5423202,37.8938925],[-122.5423201,37.8939016],[-122.5423315,37.8939016],[-122.5423314,37.8939106],[-122.5423428,37.8939107],[-122.5423428,37.8939197],[-122.5423541,37.8939197],[-122.5423541,37.8939287],[-122.5423655,37.8939288],[-122.5423654,37.8939378],[-122.5423768,37.8939378],[-122.5423767,37.8939468],[-122.5423881,37.8939469],[-122.542388,37.8939559],[-122.542396,37.8939559],[-122.5417864,37.8946836],[-122.5415892,37.8945734],[-122.5411732,37.8942862],[-122.5409231,37.8940492],[-122.5408565,37.8938428],[-122.5409758,37.8937649],[-122.5410144,37.8937051],[-122.5410524,37.8936248],[-122.5411096,37.8936169],[-122.5411704,37.8936341],[-122.5412703,37.8936142],[-122.5413267,37.8935768],[-122.5415231,37.8934073],[-122.5415276,37.8933183],[-122.5415274,37.8933487]]]}},{"type":"Feature","properties":{"elev_class":2,"elev_range_ft":"58-172 ft","Block_No":46},"geometry":{"type":"Polygon","coordinates":[[[-122.5390731,37.8929786],[-122.5390731,37.8929695],[-122.5390845,37.8929696],[-122.5390846,37.8929606],[-122.5391073,37.8929607],[-122.5391074,37.8929517],[-122.5391301,37.8929518],[-122.5391302,37.8929427],[-122.5391529,37.8929428],[-122.539153,37.8929338],[-122.5391757,37.8929339],[-122.5391758,37.8929249],[-122.5392099,37.892925],[-122.53921,37.892916],[-122.5392441,37.8929161],[-122.5392441,37.8929071],[-122.5393237,37.8929074],[-122.5393238,37.8928984],[-122.5393352,37.8928985],[-122.5393352,37.8928895],[-122.5393466,37.8928895],[-122.5393467,37.8928715],[-122.5393581,37.8928715],[-122.5393581,37.8928625],[-122.5393809,37.8928626],[-122.5393809,37.8928536],[-122.5393923,37.8928536],[-122.5393924,37.8928446],[-122.5394151,37.8928447],[-122.5394152,37.8928357],[-122.5394266,37.8928357],[-122.5394266,37.8928267],[-122.539438,37.8928268],[-122.539438,37.8928178],[-122.5394608,37.8928179],[-122.5394608,37.8928088],[-122.5394722,37.8928089],[-122.5394723,37.8927999],[-122.5394874,37.8927999],[-122.5395319,37.8928454],[-122.5399639,37.8928572],[-122.5406106,37.8928769],[-122.5406977,37.893165],[-122.5406162,37.8933015],[-122.540506,37.8935013],[-122.5399561,37.8936605],[-122.5394917,37.8936057],[-122.5391234,37.8935405],[-122.539105,37.8932774],[-122.5390689,37.8929786],[-122.5390731,37.8929786]]]}},{"type":"Feature","properties":{"elev_class":2,"elev_range_ft":"58-172 ft","Block_No":31},"geometry":{"type":"Polygon","coordinates":[[[-122.544327,37.8930621],[-122.5443611,37.8930622],[-122.5443611,37.8930713],[-122.5443838,37.8930713],[-122.5443838,37.8930804],[-122.5444065,37.8930804],[-122.5444065,37.8930895],[-122.5444292,37.8930895],[-122.5444292,37.8930986],[-122.5444519,37.8930986],[-122.5444519,37.8931077],[-122.5444973,37.8931078],[-122.5444974,37.8930988],[-122.5445429,37.893099],[-122.5445429,37.89309],[-122.5445657,37.8930901],[-122.5445657,37.8930895],[-122.5447165,37.8931775],[-122.5450109,37.8929685],[-122.5452603,37.8931063],[-122.5454229,37.8929274],[-122.5456909,37.8927498],[-122.5459951,37.8926148],[-122.5461952,37.8925873],[-122.5461946,37.8926818],[-122.5461832,37.8926817],[-122.5461826,37.8927809],[-122.5461712,37.8927808],[-122.5461709,37.8928349],[-122.5461595,37.8928348],[-122.5461593,37.8928619],[-122.546148,37.8928619],[-122.5461478,37.8928889],[-122.5461364,37.8928888],[-122.5461363,37.8929159],[-122.5461249,37.8929158],[-122.5461248,37.8929339],[-122.5461134,37.8929338],[-122.5461133,37.8929519],[-122.5461019,37.8929518],[-122.5461019,37.8929608],[-122.5460905,37.8929608],[-122.5460904,37.8929788],[-122.546079,37.8929787],[-122.546079,37.8929878],[-122.5460676,37.8929877],[-122.5460675,37.8929967],[-122.5460562,37.8929967],[-122.5460561,37.8930147],[-122.5460447,37.8930147],[-122.5460446,37.8930327],[-122.5460332,37.8930327],[-122.5460331,37.8930507],[-122.5460217,37.8930506],[-122.5460216,37.8930687],[-122.5460102,37.8930686],[-122.5460099,37.8931137],[-122.5460554,37.8931139],[-122.5460552,37.8931499],[-122.5460439,37.8931499],[-122.5460436,37.8931879],[-122.5460322,37.8932039],[-122.5460321,37.8932039],[-122.5460321,37.893204],[-122.5460138,37.8932298],[-122.5459158,37.8933676],[-122.5455648,37.8937508],[-122.5458723,37.8939539],[-122.5460149,37.8940479],[-122.5459124,37.8940705],[-122.5455438,37.8940927],[-122.5453344,37.8940983],[-122.5451709,37.8939635],[-122.5450122,37.8938643],[-122.5448414,37.8937499],[-122.5446616,37.8937314],[-122.5444741,37.8937161],[-122.5443925,37.8935847],[-122.544309,37.8933853],[-122.5442092,37.8931473],[-122.5442317,37.8931272],[-122.544327,37.8930591],[-122.544327,37.8930621]]]}},{"type":"Feature","properties":{"elev_class":2,"elev_range_ft":"58-172 ft","Block_No":38},"geometry":{"type":"Polygon","coordinates":[[[-122.5424108,37.893956],[-122.5424107,37.893974],[-122.542422,37.893974],[-122.5424218,37.8940191],[-122.5424331,37.8940192],[-122.5424331,37.8940282],[-122.5424445,37.8940282],[-122.5424444,37.8940372],[-122.5424558,37.8940373],[-122.5424557,37.8940463],[-122.5424671,37.8940463],[-122.542467,37.8940553],[-122.5424784,37.8940554],[-122.5424783,37.8940644],[-122.5424897,37.8940644],[-122.5424897,37.8940735],[-122.5425124,37.8940735],[-122.5425123,37.8940826],[-122.5425351,37.8940826],[-122.542535,37.8940917],[-122.5425692,37.8940918],[-122.5425691,37.8941008],[-122.5426374,37.8941011],[-122.5426373,37.8941101],[-122.5426828,37.8941103],[-122.5426827,37.8941193],[-122.5427282,37.8941194],[-122.5427282,37.8941285],[-122.5427509,37.8941285],[-122.5427509,37.8941376],[-122.5428077,37.8941378],[-122.5428078,37.8941198],[-122.5428192,37.8941198],[-122.5428193,37.8941108],[-122.5428306,37.8941108],[-122.5428307,37.8941018],[-122.5428648,37.8941019],[-122.5428649,37.8940929],[-122.5428762,37.894093],[-122.5428763,37.894084],[-122.5428877,37.894084],[-122.5428877,37.894075],[-122.5429446,37.8940752],[-122.5429445,37.8940842],[-122.5429786,37.8940844],[-122.5429787,37.8940754],[-122.5430242,37.8940755],[-122.5430241,37.8940845],[-122.5430696,37.8940847],[-122.5430696,37.8940937],[-122.5430923,37.8940938],[-122.5430923,37.8941028],[-122.543115,37.8941029],[-122.543115,37.8941119],[-122.5431491,37.8941121],[-122.5431491,37.894103],[-122.5431605,37.8941031],[-122.5431606,37.8940941],[-122.5431719,37.8940941],[-122.543172,37.8940761],[-122.5431607,37.8940761],[-122.5431608,37.894058],[-122.5431835,37.8940581],[-122.5431836,37.8940491],[-122.5432291,37.8940493],[-122.5432291,37.8940403],[-122.5432974,37.8940405],[-122.5432974,37.8940315],[-122.5433429,37.8940317],[-122.543343,37.8940227],[-122.5433544,37.8940227],[-122.5433544,37.8940137],[-122.5433658,37.8940138],[-122.5433659,37.8939957],[-122.5433773,37.8939958],[-122.5433774,37.8939778],[-122.5433888,37.8939778],[-122.5433889,37.8939598],[-122.5434002,37.8939598],[-122.5434003,37.8939418],[-122.5434117,37.8939418],[-122.5434118,37.8939238],[-122.5434232,37.8939239],[-122.5434233,37.8939058],[-122.5434347,37.8939059],[-122.5434349,37.8938698],[-122.5434463,37.8938699],[-122.5434463,37.8938609],[-122.5434577,37.8938609],[-122.543458,37.8938158],[-122.5434694,37.8938159],[-122.5434698,37.8937438],[-122.5434812,37.8937438],[-122.5434812,37.8937348],[-122.5434926,37.8937349],[-122.5434927,37.8937168],[-122.5435041,37.8937169],[-122.5435042,37.8936988],[-122.5435156,37.8936989],[-122.5435156,37.8936899],[-122.543527,37.8936899],[-122.5435271,37.8936809],[-122.5435498,37.893681],[-122.5435499,37.893672],[-122.5435612,37.893672],[-122.5435613,37.893663],[-122.5435841,37.8936631],[-122.5435841,37.8936541],[-122.5437092,37.8936546],[-122.5437091,37.8936636],[-122.543766,37.8936638],[-122.5437661,37.8936548],[-122.5438116,37.893655],[-122.5438116,37.893646],[-122.5438344,37.8936461],[-122.5438344,37.893637],[-122.5438572,37.8936371],[-122.5438572,37.8936281],[-122.54388,37.8936282],[-122.54388,37.8936192],[-122.5439142,37.8936193],[-122.5439142,37.8936103],[-122.5439367,37.8936104],[-122.5439413,37.8937014],[-122.5439247,37.8938222],[-122.5439138,37.8939687],[-122.543937,37.894087],[-122.5438327,37.8941935],[-122.5437975,37.8942772],[-122.5437898,37.8943584],[-122.5436492,37.8944181],[-122.5435686,37.8944789],[-122.5435252,37.894535],[-122.5435276,37.8946199],[-122.5434723,37.894698],[-122.543401,37.8947348],[-122.5433945,37.8951021],[-122.542223,37.8948086],[-122.541849,37.8947186],[-122.5417864,37.8946836],[-122.542396,37.8939559],[-122.5424108,37.893956]]]}},{"type":"Feature","properties":{"elev_class":2,"elev_range_ft":"58-172 ft","Block_No":32},"geometry":{"type":"Polygon","coordinates":[[[-122.5439711,37.8936105],[-122.5439711,37.8936015],[-122.5440507,37.8936018],[-122.5440508,37.8935928],[-122.5440735,37.8935929],[-122.5440736,37.8935839],[-122.5440963,37.893584],[-122.5440964,37.893575],[-122.5441078,37.893575],[-122.5441078,37.893566],[-122.5441192,37.893566],[-122.5441198,37.8934669],[-122.5441084,37.8934669],[-122.5441086,37.8934398],[-122.5440972,37.8934398],[-122.5440974,37.8934127],[-122.544086,37.8934127],[-122.5440861,37.8933947],[-122.5440748,37.8933946],[-122.5440748,37.8933856],[-122.5440634,37.8933856],[-122.5440636,37.8933675],[-122.5440522,37.8933675],[-122.5440523,37.8933495],[-122.5440409,37.8933494],[-122.544041,37.8933314],[-122.5440296,37.8933313],[-122.5440297,37.8933212],[-122.5440834,37.8932595],[-122.5442092,37.8931473],[-122.544309,37.8933853],[-122.5443925,37.8935847],[-122.5444741,37.8937161],[-122.5446616,37.8937314],[-122.5448414,37.8937499],[-122.5450122,37.8938643],[-122.5451709,37.8939635],[-122.5449872,37.8940903],[-122.5449813,37.8941583],[-122.5449652,37.8942822],[-122.5447736,37.8943998],[-122.5448619,37.8944909],[-122.5449488,37.8945327],[-122.54472,37.8947992],[-122.5445135,37.8950393],[-122.544354,37.8952207],[-122.5442777,37.8953233],[-122.544045,37.8952791],[-122.5436891,37.8951839],[-122.5433945,37.8951021],[-122.543401,37.8947348],[-122.5434723,37.894698],[-122.5435276,37.8946199],[-122.5435252,37.894535],[-122.5435686,37.8944789],[-122.5436492,37.8944181],[-122.5437898,37.8943584],[-122.5437975,37.8942772],[-122.5438327,37.8941935],[-122.543937,37.894087],[-122.5439138,37.8939687],[-122.5439247,37.8938222],[-122.5439413,37.8937014],[-122.5439367,37.8936104],[-122.5439711,37.8936105]]]}},{"type":"Feature","properties":{"elev_class":2,"elev_range_ft":"58-172 ft","Block_No":45},"geometry":{"type":"MultiPolygon","coordinates":[[[[-122.539495,37.8928],[-122.5394951,37.8927909],[-122.5395064,37.892791],[-122.5395065,37.892782],[-122.5395292,37.8927821],[-122.5395293,37.8927731],[-122.539552,37.8927731],[-122.5395521,37.8927641],[-122.5395748,37.8927642],[-122.5395749,37.8927552],[-122.5395863,37.8927553],[-122.5395863,37.8927462],[-122.5395977,37.8927463],[-122.539598,37.8927012],[-122.5396094,37.8927013],[-122.5396094,37.8926923],[-122.5396208,37.8926923],[-122.5396208,37.8926833],[-122.5396436,37.8926834],[-122.5396436,37.8926744],[-122.5396664,37.8926745],[-122.5396664,37.8926654],[-122.5396778,37.8926655],[-122.5396779,37.8926565],[-122.5397006,37.8926565],[-122.5397007,37.8926475],[-122.5397121,37.8926476],[-122.5397121,37.8926386],[-122.5397349,37.8926387],[-122.5397349,37.8926297],[-122.5397463,37.8926297],[-122.5397463,37.8926207],[-122.5397577,37.8926207],[-122.5397581,37.8925593],[-122.5399639,37.8928572],[-122.5395319,37.8928454],[-122.5394874,37.8927999],[-122.539495,37.8928]]],[[[-122.5398495,37.8924859],[-122.5398609,37.8924859],[-122.539861,37.8924769],[-122.5398723,37.892477],[-122.5398725,37.8924499],[-122.5398611,37.8924499],[-122.5398613,37.8924228],[-122.5398499,37.8924228],[-122.5398501,37.8923958],[-122.5398615,37.8923958],[-122.5398617,37.8923598],[-122.5398503,37.8923597],[-122.5398504,37.8923417],[-122.5398618,37.8923417],[-122.5398621,37.8922967],[-122.5398735,37.8922967],[-122.5398736,37.8922787],[-122.5398622,37.8922786],[-122.5398622,37.8922696],[-122.5398736,37.8922697],[-122.5398739,37.8922336],[-122.5398852,37.8922337],[-122.5398853,37.8922156],[-122.5398967,37.8922157],[-122.5398968,37.8921977],[-122.5399082,37.8921977],[-122.5399083,37.8921797],[-122.5399197,37.8921797],[-122.5399198,37.8921552],[-122.5402676,37.8924786],[-122.5398495,37.8924939],[-122.5398495,37.8924859]]]]}},{"type":"Feature","properties":{"elev_class":2,"elev_range_ft":"58-172 ft","Block_No":63},"geometry":{"type":"Polygon","coordinates":[[[-122.5337099,37.8921823],[-122.5336985,37.8921823],[-122.5336985,37.8921913],[-122.5336871,37.8921913],[-122.533687,37.8922183],[-122.5336756,37.8922182],[-122.5336755,37.8922363],[-122.5336641,37.8922362],[-122.533664,37.8922452],[-122.5336527,37.8922452],[-122.5336526,37.8922542],[-122.5336299,37.8922541],[-122.5336298,37.8922631],[-122.5336184,37.8922631],[-122.5336183,37.8922799],[-122.5335915,37.8922487],[-122.5336602,37.8921882],[-122.5337216,37.8921345],[-122.5337214,37.8921644],[-122.53371,37.8921643],[-122.5337099,37.8921823]]]}},{"type":"Feature","properties":{"elev_class":2,"elev_range_ft":"58-172 ft","Block_No":53},"geometry":{"type":"Polygon","coordinates":[[[-122.5379117,37.8931813],[-122.5379118,37.8931723],[-122.53798,37.8931726],[-122.5379801,37.8931635],[-122.5380028,37.8931636],[-122.5380029,37.8931546],[-122.5380825,37.8931549],[-122.5380826,37.8931369],[-122.538094,37.893137],[-122.5380942,37.8931099],[-122.5381055,37.89311],[-122.538106,37.8930289],[-122.5381174,37.8930289],[-122.5381176,37.8930019],[-122.538129,37.8930019],[-122.5381291,37.8929839],[-122.5381404,37.8929839],[-122.5381406,37.8929659],[-122.5381633,37.892966],[-122.5381634,37.892957],[-122.5381747,37.892957],[-122.5381748,37.892939],[-122.5381862,37.892939],[-122.5381863,37.892921],[-122.5381977,37.8929211],[-122.5381978,37.892903],[-122.5382092,37.8929031],[-122.5382093,37.892885],[-122.5382207,37.8928851],[-122.5382208,37.8928581],[-122.5382322,37.8928581],[-122.5382324,37.8928311],[-122.5382438,37.8928311],[-122.538244,37.8927951],[-122.5382554,37.8927951],[-122.5382555,37.8927771],[-122.5382668,37.8927771],[-122.5382669,37.8927681],[-122.5382783,37.8927682],[-122.5382783,37.8927591],[-122.5382897,37.8927592],[-122.5382898,37.8927502],[-122.5383125,37.8927503],[-122.5383126,37.8927413],[-122.5383467,37.8927414],[-122.5383467,37.8927324],[-122.5383581,37.8927324],[-122.5383582,37.8927234],[-122.5383695,37.8927234],[-122.5383696,37.8927144],[-122.538381,37.8927145],[-122.5383809,37.8927235],[-122.5383923,37.8927235],[-122.5383922,37.8927325],[-122.5384036,37.8927326],[-122.5384035,37.8927416],[-122.5384149,37.8927416],[-122.5384149,37.8927507],[-122.5384262,37.8927507],[-122.5384262,37.8927597],[-122.5384489,37.8927598],[-122.5384488,37.8927778],[-122.5384602,37.8927779],[-122.5384601,37.8927869],[-122.5384715,37.8927869],[-122.5384714,37.892796],[-122.5384828,37.892796],[-122.5384827,37.892814],[-122.5384941,37.8928141],[-122.538494,37.8928321],[-122.5385053,37.8928321],[-122.5385053,37.8928412],[-122.5385167,37.8928412],[-122.5385166,37.8928502],[-122.5385393,37.8928503],[-122.5385392,37.8928683],[-122.5385506,37.8928684],[-122.5385505,37.8928774],[-122.5385619,37.8928774],[-122.5385618,37.8928954],[-122.5385732,37.8928955],[-122.5385731,37.8929045],[-122.5385845,37.8929045],[-122.5385844,37.8929226],[-122.5385958,37.8929226],[-122.5385956,37.8929406],[-122.538607,37.8929407],[-122.538607,37.8929497],[-122.5386183,37.8929497],[-122.5386182,37.8929678],[-122.5386296,37.8929678],[-122.5386295,37.8929768],[-122.5386409,37.8929769],[-122.5386409,37.8929859],[-122.5386522,37.8929859],[-122.5386522,37.8929949],[-122.5386635,37.892995],[-122.5386635,37.893004],[-122.5386862,37.8930041],[-122.5386862,37.8930131],[-122.5386975,37.8930132],[-122.5386975,37.8930222],[-122.5387202,37.8930223],[-122.5387202,37.8930313],[-122.5387429,37.8930314],[-122.5387429,37.8930404],[-122.5387656,37.8930405],[-122.5387656,37.8930495],[-122.5387769,37.8930495],[-122.538777,37.8930405],[-122.5388111,37.8930406],[-122.5388112,37.8930316],[-122.5388908,37.8930319],[-122.5388908,37.8930229],[-122.5389477,37.8930231],[-122.5389478,37.8930141],[-122.5389819,37.8930143],[-122.5389819,37.8930053],[-122.5390161,37.8930054],[-122.5390161,37.8929964],[-122.5390388,37.8929965],[-122.5390389,37.8929874],[-122.5390503,37.8929875],[-122.5390503,37.8929785],[-122.5390689,37.8929786],[-122.539105,37.8932774],[-122.5391234,37.8935405],[-122.5390694,37.893531],[-122.5389274,37.893461],[-122.538712,37.8933827],[-122.5385646,37.893337],[-122.5384796,37.8933481],[-122.5384149,37.8934313],[-122.5383878,37.8935524],[-122.5383191,37.8937129],[-122.5381867,37.8937682],[-122.5381059,37.8937117],[-122.5380477,37.8935872],[-122.5379639,37.8934197],[-122.5378629,37.8931811],[-122.5379117,37.8931813]]]}},{"type":"Feature","properties":{"elev_class":2,"elev_range_ft":"58-172 ft","Block_No":66},"geometry":{"type":"Polygon","coordinates":[[[-122.5362748,37.8930577],[-122.5362747,37.8930667],[-122.5363202,37.8930669],[-122.5363201,37.8930759],[-122.5363656,37.8930761],[-122.5363656,37.8930851],[-122.5363883,37.8930852],[-122.5363883,37.8930942],[-122.5363769,37.8930942],[-122.5363767,37.8931212],[-122.5363881,37.8931212],[-122.536388,37.8931303],[-122.5363994,37.8931303],[-122.5363994,37.8931393],[-122.5364221,37.8931394],[-122.536422,37.8931484],[-122.5364448,37.8931485],[-122.5364448,37.8931395],[-122.5364676,37.8931396],[-122.5364677,37.8931216],[-122.5364791,37.8931216],[-122.5364791,37.8931126],[-122.5364678,37.8931125],[-122.5364679,37.8930945],[-122.536502,37.8930947],[-122.5365021,37.8930856],[-122.5366158,37.8930861],[-122.5366158,37.8930771],[-122.5367182,37.8930775],[-122.5367181,37.8930865],[-122.5367409,37.8930866],[-122.5367409,37.8930776],[-122.5367637,37.8930777],[-122.5367636,37.8930867],[-122.5369001,37.8930872],[-122.5368999,37.8931233],[-122.5368885,37.8931232],[-122.5368885,37.8931322],[-122.5368771,37.8931322],[-122.536877,37.8931412],[-122.5368884,37.8931412],[-122.5368883,37.8931502],[-122.5369111,37.8931503],[-122.536911,37.8931593],[-122.5369224,37.8931594],[-122.5369223,37.8931684],[-122.5369337,37.8931685],[-122.5369337,37.8931775],[-122.5369678,37.8931776],[-122.5369677,37.8931866],[-122.5370815,37.8931871],[-122.5370815,37.8931781],[-122.5371043,37.8931781],[-122.5371043,37.8931691],[-122.5371157,37.8931692],[-122.5371157,37.8931602],[-122.5371271,37.8931602],[-122.5371272,37.8931422],[-122.5371386,37.8931422],[-122.5371387,37.8931332],[-122.53715,37.8931332],[-122.5371502,37.8931152],[-122.5371615,37.8931153],[-122.5371616,37.8930972],[-122.537173,37.8930973],[-122.5371731,37.8930883],[-122.5371844,37.8930883],[-122.5371846,37.8930703],[-122.5371959,37.8930703],[-122.5371961,37.8930433],[-122.5372075,37.8930433],[-122.5372078,37.8929893],[-122.5372192,37.8929893],[-122.5372194,37.8929533],[-122.5372308,37.8929533],[-122.537231,37.8929173],[-122.5372424,37.8929173],[-122.5372426,37.8928813],[-122.537254,37.8928813],[-122.5372541,37.8928543],[-122.5372655,37.8928543],[-122.5372658,37.8928092],[-122.5372772,37.8928093],[-122.5372775,37.8927642],[-122.5372888,37.8927643],[-122.5372889,37.8927462],[-122.5373231,37.8927464],[-122.5373231,37.8927374],[-122.5373345,37.8927374],[-122.5373345,37.8927284],[-122.5373459,37.8927284],[-122.537346,37.8927183],[-122.5374029,37.8927173],[-122.5374028,37.8927196],[-122.5374142,37.8927197],[-122.5374142,37.8927287],[-122.5374228,37.8927287],[-122.5374366,37.8928549],[-122.537481,37.8930163],[-122.5376187,37.8932156],[-122.5377289,37.8933224],[-122.5377526,37.8935493],[-122.5375021,37.8936733],[-122.5369548,37.8938457],[-122.5368482,37.8936223],[-122.5367732,37.8935052],[-122.5365111,37.8935826],[-122.5362384,37.8937002],[-122.5361174,37.8934676],[-122.5361267,37.8933181],[-122.536224,37.8930575],[-122.5362748,37.8930577]]]}},{"type":"Feature","properties":{"elev_class":2,"elev_range_ft":"58-172 ft","Block_No":64},"geometry":{"type":"Polygon","coordinates":[[[-122.5344097,37.8930413],[-122.534421,37.8930414],[-122.534421,37.8930504],[-122.5344323,37.8930504],[-122.5344323,37.8930595],[-122.5344437,37.8930595],[-122.5344434,37.8930955],[-122.5344548,37.8930956],[-122.5344545,37.8931406],[-122.5344659,37.8931407],[-122.5344654,37.8932128],[-122.5344768,37.8932128],[-122.5344767,37.8932219],[-122.5344654,37.8932218],[-122.5344653,37.8932398],[-122.5344766,37.8932399],[-122.5344765,37.8932579],[-122.5345334,37.8932581],[-122.5345328,37.8933483],[-122.5345442,37.8933483],[-122.5345439,37.8933934],[-122.5345553,37.8933934],[-122.5345551,37.8934295],[-122.5345664,37.8934295],[-122.5345663,37.8934475],[-122.5345777,37.8934476],[-122.5345776,37.8934656],[-122.5345889,37.8934657],[-122.5345888,37.8934837],[-122.5346002,37.8934837],[-122.5346001,37.8935017],[-122.5346115,37.8935018],[-122.5346114,37.8935108],[-122.5346228,37.8935108],[-122.5346228,37.8935018],[-122.5346342,37.8935019],[-122.5346342,37.8935109],[-122.534644,37.8935109],[-122.5347076,37.8935712],[-122.5342545,37.8939173],[-122.5341632,37.893987],[-122.534159,37.8939904],[-122.5339061,37.8941998],[-122.5338669,37.8942336],[-122.5338669,37.8942336],[-122.5337445,37.8941493],[-122.5337199,37.8941312],[-122.5336865,37.8941068],[-122.5336762,37.8940992],[-122.5336064,37.8940488],[-122.5334674,37.8939485],[-122.533219,37.8937691],[-122.5331423,37.8937137],[-122.5331328,37.8937068],[-122.5331291,37.8937087],[-122.5331196,37.8937018],[-122.5330991,37.8937121],[-122.5330465,37.8937119],[-122.5331012,37.8936842],[-122.5331014,37.8936841],[-122.5331629,37.893653],[-122.5332399,37.893614],[-122.5332439,37.8936119],[-122.5334192,37.8935231],[-122.5334195,37.893523],[-122.5331965,37.8933632],[-122.5331912,37.8933594],[-122.533191,37.8933593],[-122.5332576,37.8933256],[-122.5332611,37.8933238],[-122.5333148,37.8932967],[-122.5333149,37.8932967],[-122.5332315,37.8931768],[-122.5332245,37.8931667],[-122.5332192,37.8931591],[-122.533219,37.8931589],[-122.5332189,37.8931587],[-122.5332187,37.8931584],[-122.5332184,37.8931579],[-122.5332183,37.893158],[-122.5332113,37.8931617],[-122.533206,37.8931541],[-122.5332058,37.8931539],[-122.5332057,37.8931537],[-122.5332055,37.8931534],[-122.5332052,37.893153],[-122.5332051,37.893153],[-122.5331939,37.8931589],[-122.5331451,37.8931848],[-122.533142,37.8931864],[-122.5331339,37.8931768],[-122.5331153,37.893155],[-122.5331082,37.8931467],[-122.5330884,37.8931235],[-122.5330883,37.8931234],[-122.5330882,37.8931232],[-122.5330724,37.8931047],[-122.5330718,37.893104],[-122.5330713,37.8931034],[-122.533005,37.8930256],[-122.532938,37.8929471],[-122.5329209,37.892927],[-122.5328205,37.8928092],[-122.5327503,37.8927268],[-122.5327492,37.8927255],[-122.5327493,37.8927254],[-122.5328074,37.8926753],[-122.5328144,37.8926692],[-122.5329404,37.8925608],[-122.5329525,37.8925503],[-122.5329544,37.8925487],[-122.5331406,37.8925479],[-122.5331422,37.8925503],[-122.5332574,37.8927247],[-122.533353,37.8928695],[-122.5333591,37.8928641],[-122.5333592,37.8928639],[-122.5333662,37.8928745],[-122.5333723,37.8928691],[-122.5333736,37.8928679],[-122.5333737,37.8928678],[-122.5334178,37.8928286],[-122.5334842,37.8927697],[-122.5335844,37.8929218],[-122.5336644,37.8929946],[-122.5338644,37.8930406],[-122.534157,37.8930479],[-122.5344097,37.8930331],[-122.5344097,37.8930413]]]}},{"type":"Feature","properties":{"elev_class":2,"elev_range_ft":"58-172 ft","Block_No":65},"geometry":{"type":"Polygon","coordinates":[[[-122.5348728,37.8935479],[-122.5348728,37.8935389],[-122.5348842,37.8935389],[-122.5348841,37.8935479],[-122.5349638,37.8935483],[-122.5349638,37.8935392],[-122.5350662,37.8935396],[-122.5350662,37.8935306],[-122.5351117,37.8935308],[-122.5351117,37.8935398],[-122.5351799,37.8935401],[-122.5351799,37.8935311],[-122.5352482,37.8935314],[-122.5352482,37.8935223],[-122.535271,37.8935224],[-122.5352711,37.8935134],[-122.5353507,37.8935137],[-122.5353506,37.8935227],[-122.535362,37.8935228],[-122.5353619,37.8935318],[-122.5353733,37.8935318],[-122.5353732,37.8935409],[-122.5353846,37.8935409],[-122.5353846,37.8935499],[-122.5353959,37.89355],[-122.5353958,37.893568],[-122.5354072,37.893568],[-122.5354071,37.893577],[-122.5354526,37.8935772],[-122.5354527,37.8935682],[-122.5354868,37.8935683],[-122.5354869,37.8935593],[-122.5355323,37.8935595],[-122.5355324,37.8935505],[-122.5355665,37.8935506],[-122.5355666,37.8935416],[-122.5356007,37.8935417],[-122.5356008,37.8935327],[-122.5356121,37.8935328],[-122.5356122,37.8935238],[-122.5356349,37.8935239],[-122.5356349,37.8935329],[-122.5357259,37.8935332],[-122.5357259,37.8935242],[-122.5357714,37.8935244],[-122.5357715,37.8935154],[-122.5358056,37.8935155],[-122.5358056,37.8935065],[-122.5358284,37.8935066],[-122.5358284,37.8934976],[-122.5358512,37.8934977],[-122.5358512,37.8934887],[-122.5358626,37.8934887],[-122.5358627,37.8934797],[-122.5358854,37.8934798],[-122.5358855,37.8934708],[-122.5358969,37.8934708],[-122.535897,37.8934528],[-122.5359083,37.8934528],[-122.5359084,37.8934438],[-122.5359198,37.8934439],[-122.5359199,37.8934168],[-122.5359313,37.8934169],[-122.5359314,37.8933988],[-122.5359428,37.8933989],[-122.535943,37.8933719],[-122.5359543,37.8933719],[-122.5359546,37.8933358],[-122.5359659,37.8933359],[-122.5359663,37.8932728],[-122.5359777,37.8932729],[-122.535978,37.8932278],[-122.5359894,37.8932278],[-122.5359895,37.8932008],[-122.5360009,37.8932008],[-122.5360014,37.8931287],[-122.5360127,37.8931288],[-122.5360128,37.8931198],[-122.5360242,37.8931198],[-122.5360242,37.8931108],[-122.5360356,37.8931108],[-122.5360357,37.8931018],[-122.536047,37.8931019],[-122.5360471,37.8930929],[-122.5360698,37.893093],[-122.5360699,37.8930839],[-122.5360926,37.893084],[-122.5360927,37.893075],[-122.5361154,37.8930751],[-122.5361155,37.8930661],[-122.5361837,37.8930664],[-122.5361838,37.8930573],[-122.536224,37.8930575],[-122.5361267,37.8933181],[-122.5361174,37.8934676],[-122.5362384,37.8937002],[-122.5364726,37.8941504],[-122.5360564,37.8941753],[-122.5356374,37.8941848],[-122.5356456,37.8943803],[-122.5353844,37.8943848],[-122.5350223,37.8943729],[-122.5347594,37.894316],[-122.5345643,37.8942192],[-122.5344493,37.8941074],[-122.5343225,37.8939889],[-122.5342545,37.8939173],[-122.5347076,37.8935712],[-122.5347893,37.8936486],[-122.5348532,37.893561],[-122.5348447,37.8935478],[-122.5348728,37.8935479]]]}},{"type":"Feature","properties":{"elev_class":2,"elev_range_ft":"58-172 ft","Block_No":52},"geometry":{"type":"Polygon","coordinates":[[[-122.5388958,37.8940504],[-122.5388731,37.8940503],[-122.5388731,37.8940413],[-122.5388617,37.8940413],[-122.5388618,37.8940323],[-122.5388163,37.8940321],[-122.5388162,37.8940411],[-122.5388049,37.894041],[-122.5388046,37.8940861],[-122.5387932,37.8940861],[-122.5387931,37.8941041],[-122.5387817,37.8941041],[-122.5387817,37.8941131],[-122.5387476,37.8941129],[-122.5387475,37.8941219],[-122.5387248,37.8941218],[-122.5387247,37.8941309],[-122.538702,37.8941308],[-122.5387019,37.8941398],[-122.5386905,37.8941397],[-122.5386902,37.8941848],[-122.5387016,37.8941849],[-122.5387015,37.894208],[-122.5386962,37.8942119],[-122.5386901,37.8942118],[-122.53869,37.8942164],[-122.5386554,37.8942418],[-122.5385482,37.8942942],[-122.5384764,37.8943192],[-122.5384619,37.8943191],[-122.5384619,37.8943242],[-122.5384508,37.8943281],[-122.5384391,37.894328],[-122.5384391,37.8943321],[-122.5384217,37.8943382],[-122.5383418,37.8943637],[-122.538291,37.8943635],[-122.538291,37.8943725],[-122.5382569,37.8943724],[-122.5382569,37.8943634],[-122.5382456,37.8943633],[-122.5382455,37.8943723],[-122.5381431,37.8943719],[-122.5381432,37.8943629],[-122.5381205,37.8943628],[-122.5381205,37.8943538],[-122.5379044,37.894353],[-122.5379045,37.894344],[-122.5378817,37.8943439],[-122.5378818,37.8943349],[-122.5378752,37.8943348],[-122.5375021,37.8936733],[-122.5377526,37.8935493],[-122.5378616,37.8937036],[-122.5379848,37.89383],[-122.5380889,37.8938935],[-122.5382338,37.8939009],[-122.5383729,37.8938807],[-122.5384495,37.8938517],[-122.5384769,37.8936693],[-122.5385068,37.8935778],[-122.5385658,37.8935452],[-122.5387166,37.8935861],[-122.5392591,37.8937414],[-122.5395295,37.8937924],[-122.5396863,37.8938236],[-122.5397003,37.8938606],[-122.5396764,37.8939217],[-122.5393827,37.893923],[-122.5390764,37.8939321],[-122.5389353,37.8940282],[-122.5388958,37.8940564],[-122.5388958,37.8940504]]]}},{"type":"Feature","properties":{"elev_class":2,"elev_range_ft":"58-172 ft","Block_No":67},"geometry":{"type":"Polygon","coordinates":[[[-122.5378135,37.8943346],[-122.5378135,37.8943436],[-122.5378021,37.8943436],[-122.5378022,37.8943345],[-122.5377794,37.8943345],[-122.5377795,37.8943254],[-122.5377454,37.8943253],[-122.5377454,37.8943163],[-122.5377227,37.8943162],[-122.5377227,37.8943072],[-122.5377114,37.8943072],[-122.5377114,37.8942981],[-122.5377,37.8942981],[-122.5377001,37.8942891],[-122.5376432,37.8942889],[-122.5376433,37.8942798],[-122.5376319,37.8942798],[-122.537632,37.8942708],[-122.5376206,37.8942707],[-122.5376207,37.8942527],[-122.5376093,37.8942527],[-122.5376094,37.8942437],[-122.537598,37.8942436],[-122.5375981,37.8942256],[-122.5375868,37.8942255],[-122.5375868,37.8942165],[-122.5375754,37.8942165],[-122.5375755,37.8942075],[-122.5375641,37.8942074],[-122.5375642,37.8941894],[-122.5375529,37.8941894],[-122.5375529,37.8941803],[-122.5375416,37.8941803],[-122.5375416,37.8941713],[-122.5375302,37.8941712],[-122.5375303,37.8941622],[-122.5375189,37.8941622],[-122.537519,37.8941532],[-122.5375076,37.8941531],[-122.5375077,37.8941441],[-122.5374963,37.8941441],[-122.5374963,37.8941351],[-122.5374622,37.8941349],[-122.5374623,37.8941259],[-122.5374395,37.8941258],[-122.5374396,37.8941168],[-122.5374055,37.8941167],[-122.5374054,37.8941257],[-122.5373713,37.8941255],[-122.5373712,37.8941436],[-122.5373598,37.8941435],[-122.5373599,37.8941345],[-122.5373485,37.8941345],[-122.5373485,37.8941255],[-122.5373372,37.8941254],[-122.5373372,37.8941164],[-122.5373259,37.8941164],[-122.5373259,37.8941073],[-122.5372804,37.8941072],[-122.5372805,37.8940982],[-122.5372691,37.8940981],[-122.5372692,37.8940891],[-122.5372578,37.8940891],[-122.5372578,37.89408],[-122.5372351,37.8940799],[-122.5372352,37.8940709],[-122.5372238,37.8940709],[-122.5372238,37.8940619],[-122.5372125,37.8940618],[-122.5372125,37.8940528],[-122.5371784,37.8940527],[-122.5371783,37.8940617],[-122.5371329,37.8940615],[-122.5371328,37.8940705],[-122.5371214,37.8940705],[-122.5371214,37.8940795],[-122.5370986,37.8940794],[-122.5370986,37.8940884],[-122.5370872,37.8940884],[-122.5370871,37.8940974],[-122.5370644,37.8940973],[-122.5370643,37.8941063],[-122.5370302,37.8941062],[-122.5370303,37.8940972],[-122.5370189,37.8940971],[-122.537019,37.8940881],[-122.5370076,37.8940881],[-122.5370076,37.8940791],[-122.5369963,37.894079],[-122.5369963,37.89407],[-122.5369622,37.8940699],[-122.5369621,37.8940789],[-122.5369508,37.8940788],[-122.5369507,37.8940878],[-122.5369166,37.8940877],[-122.5369165,37.8940967],[-122.536871,37.8940966],[-122.536871,37.8941056],[-122.5368482,37.8941055],[-122.5368482,37.8941145],[-122.5367913,37.8941143],[-122.5367913,37.8941233],[-122.5367685,37.8941232],[-122.5367684,37.8941412],[-122.536757,37.8941412],[-122.536757,37.8941502],[-122.5367342,37.8941501],[-122.5367342,37.8941591],[-122.5367228,37.894159],[-122.5367227,37.8941681],[-122.5367114,37.894168],[-122.5367112,37.8941861],[-122.5366999,37.894186],[-122.5366998,37.894195],[-122.5366884,37.894195],[-122.5366884,37.894204],[-122.536677,37.8942039],[-122.536677,37.8942129],[-122.5366656,37.8942129],[-122.5366655,37.8942219],[-122.5366542,37.8942219],[-122.5366541,37.8942309],[-122.5366427,37.8942308],[-122.5366427,37.8942399],[-122.5366313,37.8942398],[-122.5366312,37.8942578],[-122.5366198,37.8942578],[-122.5366197,37.8942758],[-122.5366311,37.8942759],[-122.5366306,37.894348],[-122.5366193,37.8943479],[-122.5366191,37.894375],[-122.5366305,37.894375],[-122.53663,37.8944471],[-122.536627,37.8944471],[-122.5364726,37.8941504],[-122.5362384,37.8937002],[-122.5365111,37.8935826],[-122.5367732,37.8935052],[-122.5368482,37.8936223],[-122.5369548,37.8938457],[-122.5375021,37.8936733],[-122.5378752,37.8943348],[-122.5378135,37.8943346]],[[-122.5373952,37.8939364],[-122.5373838,37.8939363],[-122.537384,37.8939183],[-122.5373726,37.8939183],[-122.5373725,37.8939273],[-122.5373498,37.8939272],[-122.5373497,37.8939452],[-122.5373611,37.8939453],[-122.537361,37.8939543],[-122.5373837,37.8939544],[-122.5373838,37.8939453],[-122.5373952,37.8939454],[-122.5373952,37.8939364]]]}},{"type":"Feature","properties":{"elev_class":2,"elev_range_ft":"58-172 ft","Block_No":68},"geometry":{"type":"Polygon","coordinates":[[[-122.5366186,37.8944471],[-122.5366184,37.8944831],[-122.5365957,37.894483],[-122.5365956,37.894492],[-122.5365842,37.894492],[-122.5365842,37.894501],[-122.5365728,37.894501],[-122.5365727,37.894519],[-122.5365841,37.894519],[-122.5365837,37.8945731],[-122.536561,37.894573],[-122.5365609,37.894582],[-122.5365495,37.894582],[-122.5365495,37.894591],[-122.5365381,37.894591],[-122.536538,37.894609],[-122.5365266,37.8946089],[-122.5365266,37.8946179],[-122.5365038,37.8946179],[-122.5365038,37.8946269],[-122.5364924,37.8946268],[-122.5364923,37.8946358],[-122.536481,37.8946358],[-122.5364809,37.8946448],[-122.5364582,37.8946447],[-122.5364581,37.8946537],[-122.5364467,37.8946537],[-122.5364466,37.8946717],[-122.5364352,37.8946717],[-122.5364352,37.8946807],[-122.5364238,37.8946806],[-122.5364237,37.8946987],[-122.5364123,37.8946986],[-122.536412,37.8947437],[-122.5364007,37.8947436],[-122.5364006,37.8947526],[-122.5363892,37.8947526],[-122.5363892,37.8947616],[-122.5363664,37.8947615],[-122.5363664,37.8947705],[-122.536355,37.8947705],[-122.536355,37.8947795],[-122.5363208,37.8947794],[-122.5363208,37.8947884],[-122.5363094,37.8947883],[-122.5363093,37.8947973],[-122.5362866,37.8947973],[-122.5362865,37.8948063],[-122.5362752,37.8948062],[-122.5362749,37.8948513],[-122.5362635,37.8948513],[-122.5362634,37.8948693],[-122.536252,37.8948692],[-122.5362519,37.8948872],[-122.5362405,37.8948872],[-122.5362405,37.8948962],[-122.5362291,37.8948962],[-122.5362291,37.8949052],[-122.5362063,37.8949051],[-122.5362063,37.8949141],[-122.5361949,37.8949141],[-122.5361948,37.8949231],[-122.5361721,37.894923],[-122.536172,37.894932],[-122.5361493,37.8949319],[-122.5361492,37.8949409],[-122.5361265,37.8949408],[-122.5361264,37.8949499],[-122.536115,37.8949498],[-122.536115,37.8949588],[-122.5360922,37.8949587],[-122.5360922,37.8949677],[-122.5360694,37.8949676],[-122.5360694,37.8949767],[-122.5360466,37.8949766],[-122.5360466,37.8949856],[-122.5360125,37.8949855],[-122.5360124,37.8949945],[-122.5359442,37.8949942],[-122.5359441,37.8950032],[-122.5358304,37.8950028],[-122.5358304,37.8949937],[-122.5357963,37.8949936],[-122.5357964,37.8949846],[-122.5357736,37.8949845],[-122.5357737,37.8949755],[-122.5357282,37.8949753],[-122.5357282,37.8949663],[-122.5357169,37.8949663],[-122.5357169,37.8949572],[-122.5356942,37.8949572],[-122.5356942,37.8949481],[-122.5356829,37.8949481],[-122.5356829,37.8949391],[-122.5356715,37.894939],[-122.5356716,37.89493],[-122.5356602,37.89493],[-122.5356603,37.894921],[-122.5356489,37.8949209],[-122.535649,37.8949029],[-122.5356376,37.8949029],[-122.5356378,37.8948848],[-122.5356264,37.8948848],[-122.5356265,37.8948668],[-122.5356151,37.8948667],[-122.5356152,37.8948487],[-122.5356039,37.8948487],[-122.5356039,37.8948396],[-122.5355926,37.8948396],[-122.5355926,37.8948306],[-122.5355812,37.8948305],[-122.5355813,37.8948125],[-122.53557,37.8948125],[-122.5355701,37.8947944],[-122.5355587,37.8947944],[-122.5355588,37.8947764],[-122.5355474,37.8947763],[-122.5355476,37.8947583],[-122.5355362,37.8947583],[-122.5355363,37.8947492],[-122.5355249,37.8947492],[-122.5355249,37.8947402],[-122.5355136,37.8947401],[-122.5355137,37.8947221],[-122.5355023,37.8947221],[-122.5355024,37.8947131],[-122.535491,37.894713],[-122.535491,37.894704],[-122.5354797,37.894704],[-122.5354797,37.8946949],[-122.5354684,37.8946949],[-122.5354684,37.8946859],[-122.535457,37.8946858],[-122.5354571,37.8946768],[-122.5354457,37.8946768],[-122.5354458,37.8946678],[-122.5354344,37.8946677],[-122.5354344,37.8946587],[-122.5354231,37.8946587],[-122.5354231,37.8946496],[-122.5353663,37.8946494],[-122.5353663,37.8946404],[-122.5353436,37.8946403],[-122.5353437,37.8946223],[-122.5353209,37.8946222],[-122.535321,37.8946132],[-122.5352869,37.8946131],[-122.5352868,37.8946221],[-122.5352641,37.894622],[-122.535264,37.894631],[-122.5352527,37.8946309],[-122.5352526,37.89464],[-122.5352412,37.8946399],[-122.5352412,37.8946489],[-122.5352298,37.8946489],[-122.5352297,37.8946579],[-122.5352184,37.8946579],[-122.5352183,37.8946669],[-122.5352069,37.8946668],[-122.5352068,37.8946848],[-122.5351955,37.8946848],[-122.5351954,37.8946938],[-122.535184,37.8946938],[-122.5351839,37.8947118],[-122.5351725,37.8947117],[-122.5351724,37.8947298],[-122.535161,37.8947297],[-122.535161,37.8947387],[-122.5351496,37.8947387],[-122.5351495,37.8947567],[-122.5351381,37.8947567],[-122.5351381,37.8947657],[-122.5351267,37.8947656],[-122.5351266,37.8947837],[-122.5351152,37.8947836],[-122.5351151,37.8947926],[-122.5351038,37.8947926],[-122.5351037,37.8948016],[-122.5350923,37.8948016],[-122.5350923,37.8948106],[-122.5350809,37.8948105],[-122.5350809,37.8948195],[-122.5350695,37.8948195],[-122.5350694,37.8948285],[-122.5350467,37.8948284],[-122.5350466,37.8948374],[-122.5350353,37.8948374],[-122.5350352,37.8948464],[-122.5350124,37.8948463],[-122.5350124,37.8948553],[-122.5349896,37.8948552],[-122.5349896,37.8948642],[-122.5349669,37.8948642],[-122.5349668,37.8948732],[-122.534944,37.8948731],[-122.534944,37.8948821],[-122.5349212,37.894882],[-122.5349212,37.894891],[-122.5348871,37.8948909],[-122.534887,37.8948999],[-122.5348529,37.8948998],[-122.5348528,37.8949088],[-122.5348301,37.8949087],[-122.53483,37.8949177],[-122.5347959,37.8949176],[-122.5347958,37.8949266],[-122.5347049,37.8949262],[-122.5347049,37.8949172],[-122.5346708,37.8949171],[-122.5346709,37.894908],[-122.5346146,37.8949078],[-122.5346174,37.8948697],[-122.5346227,37.8947951],[-122.534623,37.8947914],[-122.534623,37.8947911],[-122.534623,37.8947908],[-122.5346208,37.89479],[-122.5346164,37.8947885],[-122.5346099,37.8947862],[-122.5346098,37.8947862],[-122.5346098,37.8947861],[-122.5346098,37.8947858],[-122.5346076,37.8947851],[-122.5346032,37.8947835],[-122.5345967,37.8947813],[-122.5345851,37.8947772],[-122.5343969,37.8947115],[-122.5343927,37.8947101],[-122.5343924,37.8947098],[-122.5343856,37.8947036],[-122.5342919,37.8946177],[-122.5342918,37.8946176],[-122.5342939,37.8946128],[-122.534316,37.8945624],[-122.5343935,37.8943857],[-122.5344104,37.8943472],[-122.5344206,37.8943235],[-122.5344207,37.8943232],[-122.5344201,37.8943228],[-122.5342963,37.8942347],[-122.5342272,37.8941615],[-122.5341676,37.8940796],[-122.5341669,37.894075],[-122.5341667,37.8940702],[-122.5341667,37.8940701],[-122.5341667,37.8940699],[-122.5341667,37.8940673],[-122.5341668,37.8940648],[-122.5341675,37.8940596],[-122.534168,37.894057],[-122.5341685,37.8940545],[-122.53417,37.8940494],[-122.534172,37.8940444],[-122.5341731,37.894042],[-122.5341743,37.8940396],[-122.534177,37.8940349],[-122.5341793,37.8940323],[-122.5341816,37.8940297],[-122.5341867,37.8940246],[-122.5341924,37.8940197],[-122.5341974,37.8940156],[-122.5342014,37.8940125],[-122.5342016,37.8940124],[-122.534199,37.8940103],[-122.5341966,37.8940083],[-122.5341861,37.8939998],[-122.5341764,37.8939919],[-122.5341729,37.8939948],[-122.5341632,37.893987],[-122.5342545,37.8939173],[-122.5343225,37.8939889],[-122.5344493,37.8941074],[-122.5345643,37.8942192],[-122.5347594,37.894316],[-122.5350223,37.8943729],[-122.5353844,37.8943848],[-122.5356456,37.8943803],[-122.5356374,37.8941848],[-122.5360564,37.8941753],[-122.5364726,37.8941504],[-122.536627,37.8944471],[-122.5366186,37.8944471]]]}},{"type":"Feature","properties":{"elev_class":2,"elev_range_ft":"58-172 ft","Block_No":26},"geometry":{"type":"Polygon","coordinates":[[[-122.5460432,37.893258],[-122.5460546,37.8932581],[-122.5460544,37.8932851],[-122.5460658,37.8932851],[-122.5460657,37.8933032],[-122.546077,37.8933032],[-122.5460769,37.8933212],[-122.5460883,37.8933213],[-122.5460882,37.8933393],[-122.5460995,37.8933393],[-122.5460995,37.8933484],[-122.5461109,37.8933484],[-122.5461107,37.8933755],[-122.5461221,37.8933755],[-122.546122,37.8933935],[-122.5461333,37.8933936],[-122.5461332,37.8934116],[-122.5461446,37.8934116],[-122.5461445,37.8934297],[-122.5461559,37.8934297],[-122.5461557,37.8934477],[-122.5461671,37.8934478],[-122.5461671,37.8934568],[-122.5461784,37.8934568],[-122.5461784,37.8934658],[-122.5461898,37.8934659],[-122.5461897,37.8934749],[-122.5462011,37.8934749],[-122.546201,37.8934839],[-122.5462124,37.893484],[-122.5462123,37.893493],[-122.5462237,37.893493],[-122.5462237,37.8935021],[-122.546235,37.8935021],[-122.5462349,37.8935201],[-122.5462463,37.8935202],[-122.5462462,37.8935292],[-122.5462576,37.8935292],[-122.5462576,37.8935382],[-122.5462689,37.8935383],[-122.5462689,37.8935473],[-122.5462802,37.8935473],[-122.5462802,37.8935564],[-122.5463029,37.8935564],[-122.5463029,37.8935655],[-122.5463143,37.8935655],[-122.5463142,37.8935745],[-122.5463256,37.8935746],[-122.5463255,37.8935836],[-122.5463369,37.8935836],[-122.5463368,37.8935926],[-122.5463482,37.8935927],[-122.5463482,37.8936017],[-122.5463709,37.8936018],[-122.5463709,37.8936108],[-122.5463936,37.8936109],[-122.5463935,37.8936199],[-122.5464049,37.8936199],[-122.5464049,37.8936289],[-122.5464162,37.893629],[-122.5464162,37.893638],[-122.5464389,37.8936381],[-122.5464389,37.8936471],[-122.5464502,37.8936471],[-122.5464502,37.8936562],[-122.5464616,37.8936562],[-122.5464615,37.8936652],[-122.5464842,37.8936653],[-122.5464842,37.8936743],[-122.5464956,37.8936744],[-122.5464955,37.8936834],[-122.5465069,37.8936834],[-122.5465068,37.8936924],[-122.5465296,37.8936925],[-122.5465295,37.8937015],[-122.5465523,37.8937016],[-122.5465522,37.8937106],[-122.5465749,37.8937107],[-122.5465749,37.8937197],[-122.5466204,37.8937199],[-122.5466203,37.8937289],[-122.5466317,37.893729],[-122.5466316,37.893738],[-122.546643,37.893738],[-122.546643,37.893747],[-122.5466771,37.8937472],[-122.546677,37.8937562],[-122.5467339,37.8937564],[-122.5467338,37.8937654],[-122.5467566,37.8937655],[-122.5467565,37.8937745],[-122.5467793,37.8937746],[-122.5467792,37.8937836],[-122.5467906,37.8937837],[-122.5467907,37.8937746],[-122.546802,37.8937747],[-122.546802,37.8937837],[-122.5468247,37.8937838],[-122.5468247,37.8937928],[-122.5468474,37.8937929],[-122.5468474,37.8938019],[-122.5468587,37.8938019],[-122.5468587,37.893811],[-122.5468814,37.893811],[-122.5468813,37.8938291],[-122.5468927,37.8938291],[-122.5468926,37.8938381],[-122.546904,37.8938382],[-122.5469039,37.8938472],[-122.5469381,37.8938473],[-122.546938,37.8938563],[-122.5469608,37.8938564],[-122.5469607,37.8938654],[-122.5469834,37.8938655],[-122.5469834,37.8938745],[-122.5470061,37.8938746],[-122.5470061,37.8938836],[-122.5470175,37.8938837],[-122.5470174,37.8938927],[-122.5470515,37.8938928],[-122.5470515,37.8939018],[-122.5470856,37.893902],[-122.5470855,37.893911],[-122.5471083,37.893911],[-122.5471082,37.8939201],[-122.5471423,37.8939202],[-122.5471423,37.8939292],[-122.5471764,37.8939293],[-122.5471764,37.8939384],[-122.5471991,37.8939384],[-122.547199,37.8939475],[-122.5472559,37.8939477],[-122.5472558,37.8939567],[-122.5473468,37.893957],[-122.5473468,37.8939661],[-122.5473809,37.8939662],[-122.5473808,37.8939752],[-122.5473922,37.8939752],[-122.5473922,37.8939843],[-122.5474263,37.8939844],[-122.5474262,37.8939934],[-122.547449,37.8939935],[-122.5474489,37.8940025],[-122.5474717,37.8940026],[-122.5474716,37.8940116],[-122.547483,37.8940116],[-122.5474829,37.8940207],[-122.547517,37.8940208],[-122.547517,37.8940298],[-122.5475397,37.8940299],[-122.5475397,37.8940389],[-122.5475738,37.894039],[-122.5475737,37.894048],[-122.5476192,37.8940482],[-122.5476193,37.8940392],[-122.547642,37.8940393],[-122.547642,37.8940483],[-122.5476647,37.8940484],[-122.5476647,37.8940574],[-122.5476761,37.8940574],[-122.547676,37.8940665],[-122.5477215,37.8940666],[-122.5477214,37.8940756],[-122.5477669,37.8940758],[-122.5477669,37.8940848],[-122.5478124,37.894085],[-122.5478123,37.894094],[-122.547926,37.8940945],[-122.547926,37.8941035],[-122.5479283,37.8941035],[-122.5479273,37.8941227],[-122.5478084,37.8941927],[-122.5475382,37.8942901],[-122.5472863,37.8943408],[-122.5470761,37.8943537],[-122.5469104,37.8943533],[-122.5469054,37.8943125],[-122.5469205,37.8941964],[-122.5468147,37.8941161],[-122.5460149,37.8940479],[-122.5458723,37.8939539],[-122.5455648,37.8937508],[-122.5459158,37.8933676],[-122.5460138,37.8932298],[-122.5460433,37.8932343],[-122.5460432,37.893258]]]}},{"type":"Feature","properties":{"elev_class":2,"elev_range_ft":"58-172 ft","Block_No":19},"geometry":{"type":"Polygon","coordinates":[[[-122.5457138,37.8950413],[-122.5457137,37.8950503],[-122.5457023,37.8950503],[-122.5457022,37.8950683],[-122.5456909,37.8950683],[-122.5456908,37.8950773],[-122.5457022,37.8950773],[-122.5457021,37.8950953],[-122.5457134,37.8950954],[-122.5457133,37.8951224],[-122.5457246,37.8951225],[-122.5457246,37.8951315],[-122.545736,37.8951315],[-122.5457359,37.8951406],[-122.5457587,37.8951406],[-122.5457586,37.8951497],[-122.54577,37.8951497],[-122.5457699,37.8951587],[-122.5457813,37.8951588],[-122.5457812,37.8951678],[-122.545804,37.8951678],[-122.5458039,37.8951769],[-122.5458267,37.8951769],[-122.5458266,37.895186],[-122.5458412,37.895186],[-122.5458799,37.8952209],[-122.5459987,37.8952868],[-122.5461715,37.8953332],[-122.5463033,37.8953574],[-122.5463032,37.8953591],[-122.5463122,37.8953591],[-122.5463556,37.8953671],[-122.5464968,37.8953955],[-122.5465078,37.8953882],[-122.5465078,37.8953959],[-122.5465191,37.8953959],[-122.5465191,37.8954049],[-122.5465418,37.895405],[-122.5465418,37.895414],[-122.5465645,37.8954141],[-122.5465645,37.8954231],[-122.5465758,37.8954232],[-122.5465758,37.8954322],[-122.5465985,37.8954323],[-122.5465985,37.8954413],[-122.5466098,37.8954413],[-122.5466098,37.8954504],[-122.5466211,37.8954504],[-122.5466211,37.8954594],[-122.5466325,37.8954595],[-122.5466324,37.8954685],[-122.5466438,37.8954685],[-122.5466437,37.8954775],[-122.5466551,37.8954776],[-122.546655,37.8954866],[-122.5466664,37.8954866],[-122.5466664,37.8954956],[-122.5466777,37.8954957],[-122.5466777,37.8955047],[-122.5466891,37.8955047],[-122.546689,37.8955137],[-122.5467118,37.8955138],[-122.5467117,37.8955228],[-122.5467231,37.8955229],[-122.546723,37.8955409],[-122.5467343,37.895541],[-122.5467342,37.895559],[-122.5467456,37.895559],[-122.5467455,37.8955771],[-122.5467569,37.8955771],[-122.5467565,37.8956312],[-122.5467679,37.8956312],[-122.5467677,37.8956583],[-122.5467791,37.8956583],[-122.546779,37.8956673],[-122.5467904,37.8956674],[-122.5467903,37.8956854],[-122.5468017,37.8956854],[-122.5468015,37.8957125],[-122.5468129,37.8957125],[-122.5468127,37.8957396],[-122.5468241,37.8957396],[-122.546824,37.8957576],[-122.5468354,37.8957577],[-122.5468353,37.8957757],[-122.5468466,37.8957757],[-122.5468465,37.8957938],[-122.5468579,37.8957938],[-122.5468578,37.8958028],[-122.5468692,37.8958029],[-122.5468692,37.8958119],[-122.5468805,37.8958119],[-122.5468805,37.8958209],[-122.5468918,37.895821],[-122.5468917,37.895839],[-122.5469031,37.895839],[-122.546903,37.8958481],[-122.5469372,37.8958482],[-122.5469371,37.8958572],[-122.5469599,37.8958573],[-122.5469598,37.8958663],[-122.5469939,37.8958664],[-122.5469939,37.8958754],[-122.5470394,37.8958756],[-122.5470393,37.8958846],[-122.5470734,37.8958848],[-122.5470734,37.8958938],[-122.5471416,37.895894],[-122.5471416,37.8959031],[-122.5472098,37.8959033],[-122.5472097,37.8959123],[-122.5472552,37.8959125],[-122.5472553,37.8959035],[-122.5472781,37.8959036],[-122.5472781,37.8958946],[-122.5473008,37.8958947],[-122.5473009,37.8958856],[-122.5473236,37.8958857],[-122.5473237,37.8958767],[-122.5473465,37.8958768],[-122.5473465,37.8958678],[-122.5473693,37.8958679],[-122.5473693,37.8958589],[-122.5473921,37.8958589],[-122.5473921,37.8958499],[-122.5474262,37.8958501],[-122.5474263,37.8958411],[-122.547449,37.8958412],[-122.5474491,37.8958321],[-122.5474718,37.8958322],[-122.5474719,37.8958232],[-122.5474946,37.8958233],[-122.5474947,37.8958143],[-122.5475061,37.8958143],[-122.5475061,37.8958053],[-122.5475289,37.8958054],[-122.5475289,37.8957964],[-122.5475517,37.8957965],[-122.5475517,37.8957875],[-122.5475745,37.8957876],[-122.5475745,37.8957785],[-122.5475859,37.8957786],[-122.547586,37.8957696],[-122.5476087,37.8957697],[-122.5476088,37.8957606],[-122.5476201,37.8957607],[-122.5476202,37.8957517],[-122.5476373,37.8957517],[-122.547631,37.8958145],[-122.5474751,37.8959562],[-122.5473486,37.8960356],[-122.5471742,37.8960726],[-122.5469755,37.8960761],[-122.5466935,37.8960285],[-122.5465124,37.8959606],[-122.5463551,37.8959139],[-122.5460092,37.8958086],[-122.5458552,37.8957372],[-122.5456584,37.8956695],[-122.5454547,37.8956329],[-122.5452625,37.8955899],[-122.5450198,37.8955539],[-122.5449671,37.8954807],[-122.5449842,37.8953939],[-122.5451676,37.8952579],[-122.545352,37.895159],[-122.5453356,37.8948127],[-122.5456159,37.8948362],[-122.5456903,37.8949894],[-122.5457249,37.8950414],[-122.5457138,37.8950413]]]}},{"type":"Feature","properties":{"elev_class":2,"elev_range_ft":"58-172 ft","Block_No":18},"geometry":{"type":"MultiPolygon","coordinates":[[[[-122.5475368,37.8945076],[-122.5475027,37.8945074],[-122.5475026,37.8945164],[-122.5474685,37.8945163],[-122.5474685,37.8945253],[-122.5474002,37.8945251],[-122.5474002,37.8945341],[-122.5473319,37.8945338],[-122.5473321,37.8945011],[-122.5475369,37.8944991],[-122.5475368,37.8945076]]],[[[-122.5470705,37.8945058],[-122.546934,37.8945052],[-122.546934,37.8945051],[-122.5470705,37.8945037],[-122.5470705,37.8945058]]],[[[-122.5464111,37.8944582],[-122.546377,37.894458],[-122.546377,37.894467],[-122.5463542,37.894467],[-122.5463542,37.894476],[-122.5463428,37.8944759],[-122.5463427,37.8944849],[-122.5463086,37.8944848],[-122.5463086,37.8944938],[-122.5462062,37.8944934],[-122.5462061,37.8945024],[-122.5461607,37.8945023],[-122.5461606,37.8945113],[-122.5461037,37.8945111],[-122.5461037,37.8945201],[-122.5460468,37.8945199],[-122.5460468,37.8945289],[-122.5460354,37.8945288],[-122.5460353,37.8945378],[-122.546024,37.8945378],[-122.5460238,37.8945558],[-122.5460125,37.8945558],[-122.5460124,37.8945648],[-122.546001,37.8945647],[-122.5460009,37.8945918],[-122.5459895,37.8945917],[-122.5459894,37.8946098],[-122.545978,37.8946097],[-122.5459779,37.8946277],[-122.5459665,37.8946277],[-122.5459662,37.8946818],[-122.5459548,37.8946817],[-122.5459547,37.8947088],[-122.5459433,37.8947087],[-122.5459431,37.8947358],[-122.5459317,37.8947357],[-122.5459316,37.8947628],[-122.5459202,37.8947627],[-122.5459202,37.8947717],[-122.5459088,37.8947717],[-122.5459087,37.8947807],[-122.5458974,37.8947807],[-122.5458973,37.8947897],[-122.5459087,37.8947897],[-122.5459085,37.8948167],[-122.5458971,37.8948167],[-122.5458971,37.8948257],[-122.5458857,37.8948257],[-122.5458857,37.8948347],[-122.5458743,37.8948346],[-122.5458742,37.8948436],[-122.5458628,37.8948436],[-122.5458627,37.8948616],[-122.5458514,37.8948616],[-122.5458513,37.8948706],[-122.5458286,37.8948705],[-122.5458285,37.8948795],[-122.5458171,37.8948795],[-122.5458171,37.8948885],[-122.5458057,37.8948885],[-122.5458056,37.8949065],[-122.5457942,37.8949064],[-122.5457942,37.8949154],[-122.5457714,37.8949154],[-122.5457714,37.8949244],[-122.5457486,37.8949243],[-122.5457482,37.8949964],[-122.5457595,37.8949964],[-122.5457595,37.8950054],[-122.5457481,37.8950054],[-122.5457481,37.8950144],[-122.5457367,37.8950144],[-122.5457366,37.8950234],[-122.5457253,37.8950233],[-122.5457251,37.8950414],[-122.5457249,37.8950414],[-122.5456903,37.8949894],[-122.5456159,37.8948362],[-122.5456132,37.8947374],[-122.545614,37.8946262],[-122.545655,37.8945575],[-122.5458401,37.8944833],[-122.5460497,37.8944518],[-122.5463577,37.8944527],[-122.5464111,37.8944576],[-122.5464111,37.8944582]]],[[[-122.5458949,37.8951862],[-122.5458949,37.8951772],[-122.5459632,37.8951775],[-122.545963,37.8951955],[-122.5459744,37.8951955],[-122.5459744,37.8952046],[-122.5459857,37.8952046],[-122.5459857,37.8952136],[-122.545997,37.8952137],[-122.545997,37.8952227],[-122.5460425,37.8952229],[-122.5460424,37.8952319],[-122.5460766,37.895232],[-122.5460765,37.895241],[-122.5460992,37.8952411],[-122.5460992,37.8952501],[-122.5461219,37.8952502],[-122.5461219,37.8952592],[-122.5461446,37.8952593],[-122.5461446,37.8952683],[-122.5461559,37.8952684],[-122.5461559,37.8952774],[-122.5461673,37.8952774],[-122.5461672,37.8952864],[-122.54619,37.8952865],[-122.5461899,37.8952955],[-122.5462127,37.8952956],[-122.5462126,37.8953046],[-122.546224,37.8953047],[-122.5462239,37.8953137],[-122.5462353,37.8953137],[-122.5462352,37.8953227],[-122.5462466,37.8953228],[-122.5462466,37.8953318],[-122.5462579,37.8953318],[-122.5462579,37.8953408],[-122.5462806,37.8953409],[-122.5462806,37.89535],[-122.5463033,37.89535],[-122.5463033,37.8953574],[-122.5461715,37.8953332],[-122.5459987,37.8952868],[-122.5458799,37.8952209],[-122.5458412,37.895186],[-122.5458949,37.8951862]]],[[[-122.5463146,37.8953591],[-122.5463147,37.8953501],[-122.5463715,37.8953503],[-122.5463715,37.8953593],[-122.546417,37.8953595],[-122.5464169,37.8953685],[-122.5464624,37.8953687],[-122.5464624,37.8953777],[-122.5464851,37.8953778],[-122.5464851,37.8953868],[-122.5465078,37.8953869],[-122.5465078,37.8953882],[-122.5464968,37.8953955],[-122.5463556,37.8953671],[-122.5463122,37.8953591],[-122.5463146,37.8953591]]],[[[-122.5476543,37.8957518],[-122.5476544,37.8957428],[-122.5476999,37.895743],[-122.5476996,37.895788],[-122.5477086,37.8957881],[-122.547631,37.8958145],[-122.5476373,37.8957517],[-122.5476543,37.8957518]]]]}},{"type":"Feature","properties":{"elev_class":2,"elev_range_ft":"58-172 ft","Block_No":17},"geometry":{"type":"Polygon","coordinates":[[[-122.5477109,37.8957881],[-122.5477107,37.8958241],[-122.5477221,37.8958242],[-122.5477215,37.8959233],[-122.5477329,37.8959233],[-122.5477323,37.8960225],[-122.5477436,37.8960225],[-122.5477434,37.8960586],[-122.5477548,37.8960586],[-122.5477547,37.8960676],[-122.5477661,37.8960677],[-122.547766,37.8960857],[-122.5477774,37.8960858],[-122.5477773,37.8960948],[-122.5477887,37.8960948],[-122.5477886,37.8961038],[-122.5478,37.8961039],[-122.5478,37.8961129],[-122.5478113,37.8961129],[-122.5478113,37.8961219],[-122.5478227,37.896122],[-122.5478226,37.896131],[-122.547834,37.896131],[-122.5478339,37.89614],[-122.5478453,37.8961401],[-122.5478452,37.8961491],[-122.5479476,37.8961495],[-122.5479475,37.8961585],[-122.5479817,37.8961586],[-122.5479816,37.8961677],[-122.5480271,37.8961678],[-122.548027,37.8961769],[-122.5480612,37.896177],[-122.5480612,37.896168],[-122.5480953,37.8961681],[-122.5480954,37.8961591],[-122.5481295,37.8961592],[-122.5481296,37.8961502],[-122.5481637,37.8961503],[-122.5481637,37.8961413],[-122.5481865,37.8961414],[-122.5481865,37.8961324],[-122.5482093,37.8961325],[-122.5482093,37.8961235],[-122.5482321,37.8961236],[-122.5482322,37.8961145],[-122.5482435,37.8961146],[-122.5482436,37.8961056],[-122.5482777,37.8961057],[-122.5482777,37.8960967],[-122.5482891,37.8960967],[-122.5482892,37.8960877],[-122.5483119,37.8960878],[-122.548312,37.8960788],[-122.5483461,37.8960789],[-122.5483462,37.8960699],[-122.5483575,37.89607],[-122.5483576,37.8960519],[-122.5483804,37.896052],[-122.5483804,37.896043],[-122.5484146,37.8960431],[-122.5484146,37.8960341],[-122.5484487,37.8960343],[-122.5484488,37.8960252],[-122.5484943,37.8960254],[-122.5484943,37.8960164],[-122.5485057,37.8960164],[-122.5485058,37.8960074],[-122.548528,37.8960075],[-122.5484429,37.8961341],[-122.548428,37.8963011],[-122.5484293,37.8964895],[-122.5484339,37.8966563],[-122.54837,37.8967408],[-122.5482004,37.8968723],[-122.5480827,37.8968019],[-122.5479237,37.8967806],[-122.547759,37.8967689],[-122.5477303,37.8968322],[-122.5476378,37.8970124],[-122.5466537,37.8967936],[-122.5467279,37.8965685],[-122.5462692,37.8964714],[-122.5460559,37.8963731],[-122.5459128,37.8962706],[-122.5455411,37.8962093],[-122.5456997,37.8958943],[-122.5458026,37.8959512],[-122.5459132,37.8960049],[-122.5460388,37.8960336],[-122.546235,37.8960797],[-122.5465292,37.8961456],[-122.5467494,37.8962159],[-122.5470734,37.8962319],[-122.5474167,37.8962414],[-122.5474969,37.8961814],[-122.5475314,37.8960201],[-122.547631,37.8958145],[-122.5477086,37.8957881],[-122.5477109,37.8957881]]]}},{"type":"Feature","properties":{"elev_class":2,"elev_range_ft":"58-172 ft","Block_No":20},"geometry":{"type":"Polygon","coordinates":[[[-122.5454668,37.8963653],[-122.5454668,37.8963566],[-122.5455411,37.8962093],[-122.5459128,37.8962706],[-122.5460559,37.8963731],[-122.5462692,37.8964714],[-122.5467279,37.8965685],[-122.5466537,37.8967936],[-122.5465805,37.8970159],[-122.5462986,37.8969713],[-122.5462193,37.8970654],[-122.5462112,37.8971952],[-122.546067,37.8971977],[-122.5458573,37.8972261],[-122.5456297,37.8973134],[-122.5454499,37.897437],[-122.545312,37.8975259],[-122.5451912,37.897528],[-122.5450308,37.8975061],[-122.5449428,37.8974273],[-122.5449967,37.8972595],[-122.5450592,37.8969804],[-122.5451768,37.896722],[-122.5452682,37.8965042],[-122.5452907,37.8964698],[-122.5454077,37.896474],[-122.5454625,37.8963653],[-122.5454668,37.8963653]]]}},{"type":"Feature","properties":{"elev_class":2,"elev_range_ft":"58-172 ft","Block_No":11},"geometry":{"type":"Polygon","coordinates":[[[-122.5485626,37.8960077],[-122.5485626,37.8960167],[-122.548574,37.8960167],[-122.5485737,37.8960618],[-122.5485851,37.8960618],[-122.5485848,37.8960979],[-122.5485962,37.8960979],[-122.5485961,37.896125],[-122.5486074,37.896125],[-122.5486072,37.8961611],[-122.5486186,37.8961611],[-122.5486183,37.8962061],[-122.5486297,37.8962062],[-122.5486296,37.8962242],[-122.5486409,37.8962243],[-122.5486409,37.8962333],[-122.5486523,37.8962333],[-122.5486522,37.8962423],[-122.5486636,37.8962424],[-122.5486635,37.8962514],[-122.5486749,37.8962514],[-122.5486748,37.8962695],[-122.5486861,37.8962695],[-122.5486861,37.8962785],[-122.5486975,37.8962786],[-122.5486974,37.8962876],[-122.5487088,37.8962876],[-122.5487087,37.8962966],[-122.5487201,37.8962967],[-122.5487199,37.8963237],[-122.5487313,37.8963238],[-122.5487311,37.8963508],[-122.5487425,37.8963508],[-122.5487424,37.8963689],[-122.5487538,37.8963689],[-122.5487537,37.8963779],[-122.5487651,37.896378],[-122.5487651,37.896387],[-122.5487878,37.8963871],[-122.5487877,37.8963961],[-122.5487991,37.8963961],[-122.548799,37.8964232],[-122.5487876,37.8964231],[-122.5487875,37.8964411],[-122.5487761,37.8964411],[-122.548776,37.8964501],[-122.5487874,37.8964501],[-122.5487873,37.8964682],[-122.5487987,37.8964682],[-122.5487986,37.8964863],[-122.5487872,37.8964862],[-122.548787,37.8965132],[-122.5488098,37.8965133],[-122.5488095,37.8965584],[-122.5487981,37.8965583],[-122.548798,37.8965854],[-122.5487866,37.8965854],[-122.5487865,37.8966034],[-122.5487751,37.8966033],[-122.5487747,37.8966664],[-122.5487861,37.8966665],[-122.548786,37.8966755],[-122.5487974,37.8966755],[-122.5487974,37.8966845],[-122.5488087,37.8966846],[-122.5488087,37.8966936],[-122.5488201,37.8966936],[-122.54882,37.8967026],[-122.5488314,37.8967027],[-122.5488313,37.8967117],[-122.5488427,37.8967117],[-122.5488426,37.8967208],[-122.5488654,37.8967208],[-122.5488653,37.8967299],[-122.5489108,37.89673],[-122.5489109,37.896721],[-122.5489336,37.8967211],[-122.5489337,37.8967121],[-122.5489564,37.8967122],[-122.5489564,37.8967212],[-122.5489905,37.8967213],[-122.5489904,37.8967303],[-122.5490587,37.8967306],[-122.5490586,37.8967396],[-122.54907,37.8967397],[-122.5490699,37.8967487],[-122.5490813,37.8967487],[-122.5490812,37.8967667],[-122.5490926,37.8967668],[-122.5490925,37.8967758],[-122.5491039,37.8967758],[-122.5491038,37.8967849],[-122.5491266,37.8967849],[-122.5491265,37.896794],[-122.5491379,37.896794],[-122.5491378,37.896803],[-122.5491492,37.8968031],[-122.5491492,37.8968121],[-122.5491605,37.8968121],[-122.5491605,37.8968211],[-122.5491719,37.8968212],[-122.5491717,37.8968392],[-122.5491604,37.8968391],[-122.5491598,37.8969383],[-122.5491712,37.8969383],[-122.5491711,37.8969473],[-122.5491825,37.8969474],[-122.5491824,37.8969564],[-122.5491938,37.8969564],[-122.5491937,37.8969655],[-122.5492278,37.8969656],[-122.5492278,37.8969746],[-122.5492733,37.8969748],[-122.5492732,37.8969838],[-122.5492846,37.8969838],[-122.5492844,37.8970109],[-122.5493072,37.897011],[-122.5493071,37.89702],[-122.5493299,37.8970201],[-122.5493298,37.8970291],[-122.5493981,37.8970293],[-122.549398,37.8970383],[-122.5494549,37.8970385],[-122.5494549,37.8970295],[-122.5495118,37.8970298],[-122.5495119,37.8970208],[-122.5495346,37.8970208],[-122.5495347,37.8970118],[-122.5495688,37.8970119],[-122.5495688,37.8970029],[-122.5495916,37.897003],[-122.5495916,37.896994],[-122.5496144,37.8969941],[-122.5496144,37.8969851],[-122.5496372,37.8969852],[-122.5496373,37.8969762],[-122.5497282,37.8969765],[-122.5497282,37.8969855],[-122.5497509,37.8969856],[-122.5497509,37.8969946],[-122.5497168,37.8969945],[-122.5497167,37.8970035],[-122.5497053,37.8970035],[-122.5497053,37.8970125],[-122.5497166,37.8970125],[-122.5497165,37.8970305],[-122.5497279,37.8970306],[-122.5497278,37.8970396],[-122.5497392,37.8970396],[-122.5497392,37.8970487],[-122.5497505,37.8970487],[-122.5497505,37.8970577],[-122.5497619,37.8970578],[-122.5497618,37.8970668],[-122.5497732,37.8970668],[-122.5497731,37.8970758],[-122.5497959,37.8970759],[-122.5497958,37.8970849],[-122.5498186,37.897085],[-122.5498185,37.897094],[-122.5498413,37.8970941],[-122.5498412,37.8971031],[-122.549864,37.8971032],[-122.5498639,37.8971122],[-122.5498866,37.8971123],[-122.5498866,37.8971213],[-122.549898,37.8971214],[-122.5498979,37.8971304],[-122.5499207,37.8971305],[-122.5499206,37.8971395],[-122.5499547,37.8971396],[-122.5499547,37.8971486],[-122.5500115,37.8971488],[-122.5500115,37.8971578],[-122.5501025,37.8971582],[-122.5501025,37.8971492],[-122.5501708,37.8971495],[-122.5501707,37.8971585],[-122.5502617,37.8971588],[-122.5502616,37.8971678],[-122.5503413,37.8971681],[-122.5503412,37.8971771],[-122.5503753,37.8971773],[-122.5503753,37.8971863],[-122.5504321,37.8971865],[-122.5504321,37.8971955],[-122.550489,37.8971957],[-122.550489,37.8971867],[-122.5505231,37.8971868],[-122.5505231,37.8971959],[-122.5505572,37.897196],[-122.5505571,37.897205],[-122.5505913,37.8972051],[-122.5505912,37.8972142],[-122.5506139,37.8972142],[-122.5506139,37.8972233],[-122.5506253,37.8972233],[-122.5506252,37.8972323],[-122.5506366,37.8972323],[-122.5506365,37.8972414],[-122.5506479,37.8972414],[-122.5506479,37.8972504],[-122.5506706,37.8972505],[-122.5506706,37.8972595],[-122.5506933,37.8972596],[-122.5506932,37.8972686],[-122.5507046,37.8972687],[-122.5507046,37.8972777],[-122.5507159,37.8972777],[-122.5507159,37.8972867],[-122.5507272,37.8972868],[-122.5507272,37.8972958],[-122.5507727,37.897296],[-122.5507727,37.8972869],[-122.5507955,37.897287],[-122.5507956,37.897278],[-122.5508183,37.8972781],[-122.5508184,37.8972691],[-122.5508297,37.8972691],[-122.5508298,37.8972601],[-122.5508411,37.8972602],[-122.5508412,37.8972512],[-122.5508526,37.8972512],[-122.5508526,37.8972422],[-122.550864,37.8972422],[-122.5508641,37.8972332],[-122.5508754,37.8972333],[-122.5508755,37.8972242],[-122.5508869,37.8972243],[-122.5508869,37.8972153],[-122.5508983,37.8972153],[-122.5508983,37.8972063],[-122.5509097,37.8972063],[-122.5509098,37.8971973],[-122.5509325,37.8971974],[-122.5509326,37.8971884],[-122.550944,37.8971885],[-122.550944,37.8971794],[-122.5510009,37.8971797],[-122.5510008,37.8971887],[-122.5510463,37.8971888],[-122.5510462,37.8972069],[-122.5510576,37.8972069],[-122.5510574,37.897234],[-122.5510688,37.897234],[-122.5510687,37.897252],[-122.55108,37.8972521],[-122.55108,37.8972611],[-122.5510914,37.8972611],[-122.5510913,37.8972701],[-122.5511027,37.8972702],[-122.5511026,37.8972792],[-122.551114,37.8972792],[-122.551114,37.8972882],[-122.5511253,37.8972883],[-122.5511253,37.8972973],[-122.5511367,37.8972973],[-122.5511366,37.8973064],[-122.551148,37.8973064],[-122.5511479,37.8973154],[-122.5511707,37.8973155],[-122.5511706,37.8973245],[-122.5511934,37.8973246],[-122.5511933,37.8973336],[-122.551216,37.8973337],[-122.551216,37.8973427],[-122.5512274,37.8973427],[-122.5512273,37.8973518],[-122.5512387,37.8973518],[-122.5512386,37.8973608],[-122.55125,37.8973609],[-122.5512497,37.8974059],[-122.5512384,37.8974059],[-122.5512383,37.8974149],[-122.5512269,37.8974149],[-122.5512269,37.8974239],[-122.5512041,37.8974238],[-122.5512041,37.8974328],[-122.5511813,37.8974327],[-122.5511813,37.8974417],[-122.5511472,37.8974416],[-122.5511471,37.8974506],[-122.5511243,37.8974505],[-122.5511243,37.8974595],[-122.5511129,37.8974595],[-122.5511129,37.8974685],[-122.5511015,37.8974685],[-122.5511014,37.8974775],[-122.5510901,37.8974774],[-122.55109,37.8974865],[-122.5510585,37.8975009],[-122.5509939,37.897598],[-122.5509766,37.8976753],[-122.5509751,37.8976753],[-122.5509751,37.897682],[-122.5509699,37.8977051],[-122.5509749,37.8977182],[-122.5509747,37.8977474],[-122.5509633,37.8977473],[-122.5509632,37.8977654],[-122.5509518,37.8977653],[-122.5509518,37.8977743],[-122.5509404,37.8977743],[-122.5509402,37.8978103],[-122.5509515,37.8978104],[-122.5509514,37.8978374],[-122.5509628,37.8978375],[-122.5509627,37.8978465],[-122.5509741,37.8978465],[-122.5509739,37.8978735],[-122.5509853,37.8978736],[-122.5509851,37.8979006],[-122.5509965,37.8979007],[-122.5509964,37.8979097],[-122.5510078,37.8979097],[-122.5510077,37.8979368],[-122.5510304,37.8979369],[-122.5510303,37.8979459],[-122.5510417,37.8979459],[-122.5510417,37.8979549],[-122.551053,37.897955],[-122.551053,37.897964],[-122.5510757,37.8979641],[-122.5510757,37.8979731],[-122.5510871,37.8979731],[-122.551087,37.8979821],[-122.5510984,37.8979822],[-122.5510983,37.8979912],[-122.5511097,37.8979912],[-122.5511096,37.8979977],[-122.5510238,37.8980313],[-122.5509898,37.8980994],[-122.5509924,37.8981918],[-122.5509731,37.898306],[-122.5506546,37.8983115],[-122.5504437,37.8983215],[-122.5503228,37.8983208],[-122.5501309,37.8981961],[-122.549997,37.8980598],[-122.5497998,37.8979067],[-122.5495901,37.8977859],[-122.5493721,37.8976937],[-122.549276,37.8977878],[-122.549111,37.8976627],[-122.5489961,37.8975651],[-122.5488326,37.8974933],[-122.5485425,37.897349],[-122.5484798,37.8972874],[-122.548366,37.8971349],[-122.5482642,37.8969774],[-122.5482004,37.8968723],[-122.54837,37.8967408],[-122.5484339,37.8966563],[-122.5484293,37.8964895],[-122.548428,37.8963011],[-122.5484429,37.8961341],[-122.548528,37.8960075],[-122.5485626,37.8960077]]]}},{"type":"Feature","properties":{"elev_class":2,"elev_range_ft":"58-172 ft","Block_No":48},"geometry":{"type":"Polygon","coordinates":[[[-122.540432,37.8939302],[-122.540432,37.8939212],[-122.5404206,37.8939212],[-122.5404206,37.8939302],[-122.5403865,37.8939301],[-122.5403864,37.8939391],[-122.540375,37.893939],[-122.540375,37.893948],[-122.5403636,37.893948],[-122.5403633,37.8939931],[-122.5403292,37.8939929],[-122.5403293,37.8939839],[-122.5402724,37.8939837],[-122.5402725,37.8939747],[-122.5402383,37.8939746],[-122.5402383,37.8939836],[-122.5401814,37.8939833],[-122.5401814,37.8939924],[-122.5401472,37.8939922],[-122.5401472,37.8940012],[-122.5399993,37.8940007],[-122.5399993,37.8939977],[-122.5403611,37.8939348],[-122.5404523,37.893909],[-122.5404506,37.8939303],[-122.540432,37.8939302]]]}},{"type":"Feature","properties":{"elev_class":2,"elev_range_ft":"58-172 ft","Block_No":25},"geometry":{"type":"Polygon","coordinates":[[[-122.5450004,37.8947079],[-122.5450485,37.8946144],[-122.5450074,37.8945378],[-122.5449488,37.8945327],[-122.5448619,37.8944909],[-122.5447736,37.8943998],[-122.5449652,37.8942822],[-122.5449813,37.8941583],[-122.5449872,37.8940903],[-122.5451709,37.8939635],[-122.5453344,37.8940983],[-122.5456014,37.8942796],[-122.5460237,37.8942169],[-122.5463807,37.8942245],[-122.5463577,37.8944527],[-122.5460497,37.8944518],[-122.5458401,37.8944833],[-122.545655,37.8945575],[-122.545614,37.8946262],[-122.5456132,37.8947374],[-122.5456159,37.8948362],[-122.5453356,37.8948127],[-122.5452072,37.8950176],[-122.5449463,37.8952731],[-122.5448757,37.8952744],[-122.544788,37.8952759],[-122.5445868,37.8951812],[-122.5450004,37.8947079]]]}},{"type":"Feature","properties":{"elev_class":2,"elev_range_ft":"58-172 ft","Block_No":47},"geometry":{"type":"Polygon","coordinates":[[[-122.5413027,37.8947358],[-122.5413028,37.8947178],[-122.5412801,37.8947177],[-122.5412801,37.8947087],[-122.5412688,37.8947086],[-122.5412688,37.8946996],[-122.5412461,37.8946995],[-122.5412461,37.8946905],[-122.5412348,37.8946905],[-122.5412349,37.8946724],[-122.5412121,37.8946724],[-122.5412123,37.8946453],[-122.5412009,37.8946453],[-122.541201,37.8946363],[-122.5411896,37.8946362],[-122.5411897,37.8946182],[-122.5411783,37.8946181],[-122.5411784,37.8946091],[-122.541167,37.8946091],[-122.5411671,37.8946001],[-122.5411557,37.8946],[-122.5411558,37.894582],[-122.5411444,37.894582],[-122.5411445,37.8945729],[-122.5411218,37.8945729],[-122.5411218,37.8945638],[-122.5411104,37.8945638],[-122.5411105,37.8945548],[-122.5410877,37.8945547],[-122.5410878,37.8945457],[-122.5410651,37.8945456],[-122.5410651,37.8945366],[-122.5410082,37.8945364],[-122.5410083,37.8945273],[-122.5409969,37.8945273],[-122.540997,37.8945183],[-122.5409856,37.8945182],[-122.5409857,37.8945092],[-122.5409743,37.8945092],[-122.5409745,37.8944731],[-122.5409631,37.8944731],[-122.5409633,37.8944551],[-122.5409405,37.894455],[-122.5409406,37.894446],[-122.5409178,37.8944459],[-122.5409179,37.8944369],[-122.5408838,37.8944367],[-122.5408839,37.8944187],[-122.5408725,37.8944187],[-122.5408726,37.8944097],[-122.5408612,37.8944096],[-122.5408612,37.8944006],[-122.5408499,37.8944006],[-122.5408499,37.8943915],[-122.5408385,37.8943915],[-122.5408386,37.8943825],[-122.5408272,37.8943824],[-122.5408273,37.8943734],[-122.5408159,37.8943734],[-122.540816,37.8943644],[-122.5408046,37.8943643],[-122.5408047,37.8943463],[-122.5407933,37.8943462],[-122.5407934,37.8943372],[-122.540782,37.8943372],[-122.5407821,37.8943192],[-122.5407707,37.8943191],[-122.5407708,37.8943101],[-122.5407481,37.89431],[-122.5407482,37.894292],[-122.5407368,37.894292],[-122.5407369,37.8942739],[-122.5407255,37.8942739],[-122.5407256,37.8942559],[-122.5407143,37.8942558],[-122.5407144,37.8942378],[-122.540703,37.8942377],[-122.5407031,37.8942197],[-122.5406804,37.8942196],[-122.5406804,37.8942106],[-122.5406691,37.8942106],[-122.5406691,37.8942016],[-122.5406577,37.8942015],[-122.5406578,37.8941925],[-122.5406351,37.8941924],[-122.5406351,37.8941834],[-122.5406237,37.8941834],[-122.5406239,37.8941563],[-122.5406125,37.8941563],[-122.5406126,37.8941473],[-122.5406012,37.8941472],[-122.5406013,37.8941382],[-122.5405899,37.8941382],[-122.5405899,37.8941291],[-122.5405672,37.8941291],[-122.5405673,37.89412],[-122.5405559,37.89412],[-122.5405559,37.894111],[-122.5405446,37.8941109],[-122.5405448,37.8940749],[-122.5405334,37.8940749],[-122.5405335,37.8940568],[-122.5405449,37.8940569],[-122.540545,37.8940388],[-122.5405337,37.8940388],[-122.5405339,37.8940027],[-122.5405225,37.8940027],[-122.5405226,37.8939937],[-122.5405112,37.8939936],[-122.5405112,37.8939846],[-122.5404999,37.8939846],[-122.5404999,37.8939756],[-122.5404886,37.8939755],[-122.5404886,37.8939665],[-122.5404772,37.8939665],[-122.5404773,37.8939485],[-122.540466,37.8939484],[-122.540466,37.8939394],[-122.5404547,37.8939393],[-122.5404547,37.8939303],[-122.5404506,37.8939303],[-122.5404523,37.893909],[-122.5406499,37.893853],[-122.5407171,37.8940275],[-122.5408565,37.8943107],[-122.5411333,37.8945476],[-122.5413284,37.8946698],[-122.5413128,37.8947358],[-122.5413027,37.8947358]]]}},{"type":"Feature","properties":{"elev_class":2,"elev_range_ft":"58-172 ft","Block_No":37},"geometry":{"type":"MultiPolygon","coordinates":[[[[-122.5422417,37.8955506],[-122.5422303,37.8955506],[-122.5422304,37.8955416],[-122.5422489,37.8955416],[-122.5422416,37.8955668],[-122.5422417,37.8955506]]],[[[-122.5422534,37.8954966],[-122.5422534,37.8954876],[-122.5422421,37.8954875],[-122.5422421,37.8954785],[-122.5422308,37.8954785],[-122.5422308,37.8954695],[-122.5422194,37.8954694],[-122.5422195,37.8954514],[-122.5422309,37.8954514],[-122.542231,37.8954424],[-122.5422196,37.8954424],[-122.5422199,37.8953883],[-122.5422086,37.8953883],[-122.5422087,37.8953702],[-122.54222,37.8953703],[-122.5422201,37.8953613],[-122.5422087,37.8953612],[-122.5422088,37.8953522],[-122.5422202,37.8953523],[-122.5422204,37.8953162],[-122.542209,37.8953162],[-122.5422091,37.8953071],[-122.5421977,37.8953071],[-122.5421979,37.895271],[-122.5421865,37.895271],[-122.5421866,37.895262],[-122.5421752,37.8952619],[-122.5421753,37.8952529],[-122.5421525,37.8952528],[-122.5421526,37.8952438],[-122.5421298,37.8952437],[-122.5421301,37.8951987],[-122.5421187,37.8951986],[-122.542119,37.8951626],[-122.5421076,37.8951625],[-122.5421077,37.8951445],[-122.5420963,37.8951445],[-122.5420964,37.8951355],[-122.542085,37.8951354],[-122.5420851,37.8951264],[-122.5420623,37.8951263],[-122.5420624,37.8951173],[-122.5420396,37.8951172],[-122.5420397,37.8951082],[-122.5420283,37.8951081],[-122.5420284,37.8950991],[-122.5420056,37.895099],[-122.5420059,37.895054],[-122.5419945,37.8950539],[-122.5419946,37.8950449],[-122.5419832,37.8950449],[-122.5419832,37.8950539],[-122.5419149,37.8950536],[-122.541915,37.8950446],[-122.5419036,37.8950446],[-122.5419037,37.8950356],[-122.5418695,37.8950354],[-122.5418696,37.8950264],[-122.5418582,37.8950264],[-122.5418583,37.8950174],[-122.5418469,37.8950173],[-122.541847,37.8950083],[-122.5418128,37.8950082],[-122.5418129,37.8949992],[-122.5417901,37.8949991],[-122.5417902,37.8949901],[-122.5417561,37.8949899],[-122.5417561,37.8949809],[-122.5417106,37.8949807],[-122.5417107,37.8949717],[-122.5416766,37.8949716],[-122.5416766,37.8949626],[-122.5416425,37.8949624],[-122.5416426,37.8949534],[-122.5416198,37.8949533],[-122.5416199,37.8949443],[-122.5415858,37.8949442],[-122.5415858,37.8949352],[-122.5415517,37.8949351],[-122.5415517,37.894926],[-122.5415176,37.8949259],[-122.5415177,37.8949169],[-122.5414949,37.8949168],[-122.541495,37.8949078],[-122.5414722,37.8949077],[-122.5414723,37.8948987],[-122.5414609,37.8948987],[-122.541461,37.8948806],[-122.5414497,37.8948806],[-122.5414497,37.8948716],[-122.5414384,37.8948715],[-122.5414384,37.8948625],[-122.541427,37.8948625],[-122.5414271,37.8948534],[-122.5414157,37.8948534],[-122.5414158,37.8948444],[-122.5414044,37.8948443],[-122.5414045,37.8948353],[-122.5413931,37.8948353],[-122.5413931,37.8948263],[-122.5413818,37.8948262],[-122.5413819,37.8947992],[-122.5413706,37.8947991],[-122.5413706,37.8947901],[-122.5413592,37.8947901],[-122.5413593,37.8947811],[-122.5413479,37.894781],[-122.541348,37.894772],[-122.5413366,37.894772],[-122.5413367,37.894763],[-122.5413253,37.8947629],[-122.5413253,37.8947539],[-122.541314,37.8947539],[-122.5413141,37.8947358],[-122.5413128,37.8947358],[-122.5413284,37.8946698],[-122.5415,37.8947774],[-122.5419411,37.89494],[-122.5423869,37.8950429],[-122.5423154,37.8953127],[-122.5422619,37.8954966],[-122.5422534,37.8954966]]]]}},{"type":"Feature","properties":{"elev_class":2,"elev_range_ft":"58-172 ft","Block_No":33},"geometry":{"type":"Polygon","coordinates":[[[-122.5427399,37.8959041],[-122.5427286,37.895904],[-122.5427286,37.895895],[-122.5427172,37.895895],[-122.5427172,37.895904],[-122.5426944,37.8959039],[-122.5426945,37.8958949],[-122.5426831,37.8958948],[-122.5426832,37.8958858],[-122.5426718,37.8958858],[-122.5426719,37.8958678],[-122.5426492,37.8958677],[-122.5426497,37.8957865],[-122.542661,37.8957866],[-122.5426612,37.8957596],[-122.5426498,37.8957595],[-122.5426499,37.8957415],[-122.5426386,37.8957414],[-122.5426386,37.8957324],[-122.5426045,37.8957323],[-122.5426046,37.8957233],[-122.5425591,37.8957231],[-122.5425591,37.8957141],[-122.542525,37.895714],[-122.5425251,37.8957049],[-122.5425137,37.8957049],[-122.5425138,37.8956869],[-122.5425252,37.8956869],[-122.5425253,37.8956689],[-122.5425139,37.8956688],[-122.542514,37.8956598],[-122.5425026,37.8956598],[-122.5425027,37.8956508],[-122.5424799,37.8956507],[-122.54248,37.8956417],[-122.5424345,37.8956415],[-122.5424345,37.8956325],[-122.542389,37.8956323],[-122.5423891,37.8956233],[-122.542355,37.8956232],[-122.5423549,37.8956322],[-122.5423435,37.8956321],[-122.5423438,37.8955961],[-122.5423096,37.895596],[-122.5423097,37.8955869],[-122.5422869,37.8955869],[-122.542287,37.8955778],[-122.5422529,37.8955777],[-122.5422529,37.8955687],[-122.5422416,37.8955687],[-122.5422416,37.8955668],[-122.5422489,37.8955416],[-122.5422531,37.8955416],[-122.542253,37.8955507],[-122.5422872,37.8955508],[-122.5422871,37.8955688],[-122.5422984,37.8955689],[-122.5422985,37.8955598],[-122.5423099,37.8955599],[-122.5423099,37.8955509],[-122.5422985,37.8955508],[-122.5422986,37.8955418],[-122.5422758,37.8955417],[-122.5422759,37.8955327],[-122.5422645,37.8955327],[-122.5422646,37.8955237],[-122.542276,37.8955237],[-122.542276,37.8955147],[-122.5422988,37.8955148],[-122.5422988,37.8955058],[-122.5422761,37.8955057],[-122.5422761,37.8954967],[-122.5422619,37.8954966],[-122.5423154,37.8953127],[-122.5423869,37.8950429],[-122.5425827,37.8950881],[-122.5433641,37.8952778],[-122.5435805,37.8953345],[-122.5435027,37.8957807],[-122.5427399,37.8959143],[-122.5427399,37.8959041]],[[-122.5422987,37.8955238],[-122.5423215,37.8955239],[-122.5423215,37.8955149],[-122.5422988,37.8955148],[-122.5422987,37.8955238]]]}},{"type":"Feature","properties":{"elev_class":2,"elev_range_ft":"58-172 ft","Block_No":24},"geometry":{"type":"MultiPolygon","coordinates":[[[[-122.5450457,37.8963997],[-122.5450571,37.8963997],[-122.5450575,37.8963457],[-122.5450688,37.8963457],[-122.5450689,37.8963367],[-122.545103,37.8963368],[-122.545103,37.8963278],[-122.5451372,37.8963279],[-122.5451372,37.8963189],[-122.5451941,37.8963192],[-122.5451942,37.8963101],[-122.5452055,37.8963102],[-122.5452056,37.8963012],[-122.5452283,37.8963013],[-122.5452284,37.8962923],[-122.5452625,37.8962924],[-122.5452624,37.8963014],[-122.5453079,37.8963016],[-122.5453079,37.8963106],[-122.5453306,37.8963107],[-122.5453306,37.8963197],[-122.5453419,37.8963197],[-122.5453419,37.8963287],[-122.5453533,37.8963288],[-122.5453532,37.8963468],[-122.5453645,37.8963469],[-122.5453645,37.8963559],[-122.5453758,37.8963559],[-122.5453758,37.8963649],[-122.5454213,37.8963651],[-122.5454212,37.8963741],[-122.545444,37.8963742],[-122.545444,37.8963652],[-122.5454625,37.8963653],[-122.5454077,37.896474],[-122.5452907,37.8964698],[-122.5450457,37.8964073],[-122.5450457,37.8963997]]],[[[-122.5454668,37.8963563],[-122.5453986,37.896356],[-122.5453987,37.896347],[-122.5453873,37.8963469],[-122.5453873,37.8963379],[-122.545376,37.8963379],[-122.5453761,37.8963199],[-122.5453647,37.8963198],[-122.5453648,37.8963018],[-122.5453421,37.8963017],[-122.5453421,37.8962927],[-122.5453194,37.8962926],[-122.5453194,37.8962836],[-122.5452739,37.8962834],[-122.545274,37.8962744],[-122.5451261,37.8962738],[-122.5451261,37.8962828],[-122.545092,37.8962827],[-122.5450919,37.8962917],[-122.5450692,37.8962916],[-122.5450691,37.8963007],[-122.5450464,37.8963006],[-122.5450463,37.8963096],[-122.5450008,37.8963094],[-122.5450009,37.8963004],[-122.5449781,37.8963003],[-122.5449782,37.8962913],[-122.5449668,37.8962912],[-122.5449668,37.8962822],[-122.5449555,37.8962822],[-122.5449555,37.8962732],[-122.5449442,37.8962731],[-122.5449442,37.8962641],[-122.5449334,37.8962641],[-122.5449748,37.8961818],[-122.5449454,37.8961051],[-122.5447534,37.8960713],[-122.5446455,37.8961165],[-122.5446076,37.8961637],[-122.5445922,37.8961636],[-122.5445923,37.8961546],[-122.5445696,37.8961545],[-122.5445696,37.8961455],[-122.5445582,37.8961454],[-122.5445583,37.8961364],[-122.5445469,37.8961364],[-122.544547,37.8961274],[-122.5444787,37.8961271],[-122.5444788,37.8961181],[-122.5443992,37.8961178],[-122.5443992,37.8961088],[-122.5443296,37.8961085],[-122.5443083,37.8961034],[-122.5443083,37.8960994],[-122.5442911,37.8960994],[-122.5442628,37.8960926],[-122.5442629,37.8960902],[-122.5442526,37.8960902],[-122.5440598,37.8960444],[-122.5440698,37.8960444],[-122.5440698,37.8960354],[-122.5440812,37.8960354],[-122.5440813,37.8960264],[-122.5440926,37.8960265],[-122.5440928,37.8960084],[-122.5441041,37.8960085],[-122.5441042,37.8959995],[-122.5441156,37.8959995],[-122.5441157,37.8959815],[-122.5441043,37.8959815],[-122.5441045,37.8959544],[-122.5440931,37.8959544],[-122.5440931,37.8959454],[-122.5440818,37.8959453],[-122.5440819,37.8959273],[-122.5440705,37.8959272],[-122.5440708,37.8958732],[-122.5440595,37.8958731],[-122.5440595,37.8958641],[-122.5440709,37.8958642],[-122.5440711,37.8958371],[-122.5440824,37.8958372],[-122.5440825,37.8958191],[-122.5440712,37.8958191],[-122.5440712,37.8958101],[-122.5440826,37.8958101],[-122.5440829,37.8957561],[-122.5440943,37.8957561],[-122.5440948,37.895684],[-122.5441061,37.895684],[-122.5441062,37.895675],[-122.5441176,37.8956751],[-122.5441178,37.895639],[-122.5441292,37.8956391],[-122.5441294,37.895603],[-122.544118,37.895603],[-122.5441181,37.8955939],[-122.5441067,37.8955939],[-122.5441066,37.8956029],[-122.5440953,37.8956029],[-122.5440952,37.8956209],[-122.5440838,37.8956209],[-122.5440837,37.8956299],[-122.5440723,37.8956298],[-122.5440722,37.8956569],[-122.5440608,37.8956568],[-122.5440607,37.8956658],[-122.5440494,37.8956658],[-122.5440493,37.8956748],[-122.544038,37.8956748],[-122.5440379,37.8956838],[-122.5440265,37.8956837],[-122.5440263,37.8957108],[-122.544015,37.8957107],[-122.5440147,37.8957558],[-122.5440033,37.8957557],[-122.5440031,37.8958008],[-122.5439917,37.8958008],[-122.5439916,37.8958188],[-122.5439802,37.8958187],[-122.5439791,37.895999],[-122.5439563,37.8959989],[-122.5439563,37.8960079],[-122.5439449,37.8960079],[-122.5439449,37.8960169],[-122.5439335,37.8960169],[-122.5439334,37.8960259],[-122.543922,37.8960258],[-122.5439219,37.8960529],[-122.5439105,37.8960528],[-122.54391,37.8961339],[-122.5438986,37.8961339],[-122.5438986,37.8961429],[-122.5438417,37.8961427],[-122.5438417,37.8961517],[-122.5438303,37.8961516],[-122.5438303,37.8961426],[-122.5438076,37.8961425],[-122.5438076,37.8961335],[-122.5437508,37.8961333],[-122.5437508,37.8961243],[-122.5437281,37.8961242],[-122.5437281,37.8961152],[-122.5437168,37.8961151],[-122.5437168,37.8961061],[-122.5437055,37.8961061],[-122.5437055,37.8960971],[-122.5436828,37.896097],[-122.5436828,37.896088],[-122.5436601,37.8960879],[-122.5436601,37.8960789],[-122.543626,37.8960788],[-122.5436261,37.8960697],[-122.5436147,37.8960697],[-122.5436146,37.8960787],[-122.5435805,37.8960786],[-122.5435804,37.8960876],[-122.5435577,37.8960875],[-122.5435576,37.8960965],[-122.5435349,37.8960964],[-122.5435349,37.8961054],[-122.5435121,37.8961053],[-122.5435121,37.8960963],[-122.5435031,37.8960963],[-122.5438108,37.8953926],[-122.5443463,37.8954451],[-122.5444819,37.8953013],[-122.5445868,37.8951812],[-122.544788,37.8952759],[-122.5448757,37.8952744],[-122.5448752,37.8953989],[-122.5447121,37.8955624],[-122.5447494,37.8956434],[-122.5456997,37.8958943],[-122.5455411,37.8962093],[-122.5454668,37.8963566],[-122.5454668,37.8963563]]],[[[-122.5440242,37.8960533],[-122.5440327,37.8960533],[-122.5440242,37.896064],[-122.5440242,37.8960533]]],[[[-122.544921,37.8963451],[-122.5449209,37.8963632],[-122.5449322,37.8963632],[-122.5449321,37.8963784],[-122.5448824,37.8963657],[-122.5448927,37.896345],[-122.544921,37.8963451]]]]}},{"type":"Feature","properties":{"elev_class":2,"elev_range_ft":"58-172 ft","Block_No":34},"geometry":{"type":"Polygon","coordinates":[[[-122.5414062,37.8963946],[-122.5414062,37.8963856],[-122.5414517,37.8963858],[-122.5414518,37.8963767],[-122.5414631,37.8963768],[-122.5414631,37.8963858],[-122.5414972,37.8963859],[-122.5414971,37.8963949],[-122.5415199,37.896395],[-122.5415198,37.8964041],[-122.5415312,37.8964041],[-122.5415312,37.8964131],[-122.5415766,37.8964133],[-122.5415766,37.8964223],[-122.5415993,37.8964224],[-122.5415993,37.8964314],[-122.5416448,37.8964316],[-122.5416447,37.8964406],[-122.541713,37.8964408],[-122.541713,37.8964318],[-122.5417358,37.8964319],[-122.5417358,37.8964229],[-122.5418268,37.8964233],[-122.5418268,37.8964323],[-122.5418722,37.8964325],[-122.5418722,37.8964415],[-122.5419291,37.8964417],[-122.541929,37.8964507],[-122.5419631,37.8964508],[-122.5419631,37.8964598],[-122.5419858,37.8964599],[-122.5419858,37.8964689],[-122.5420085,37.896469],[-122.5420084,37.896478],[-122.5420426,37.8964782],[-122.5420425,37.8964872],[-122.5420653,37.8964873],[-122.5420652,37.8964963],[-122.542088,37.8964964],[-122.5420879,37.8965054],[-122.5420993,37.8965054],[-122.5420992,37.8965145],[-122.5421106,37.8965145],[-122.5421105,37.8965235],[-122.5421219,37.8965236],[-122.5421219,37.8965326],[-122.542156,37.8965327],[-122.5421559,37.8965417],[-122.5421787,37.8965418],[-122.5421787,37.8965328],[-122.5422015,37.8965329],[-122.5422015,37.8965239],[-122.5422129,37.8965239],[-122.5422131,37.8964969],[-122.5422586,37.8964971],[-122.5422586,37.896488],[-122.5423041,37.8964882],[-122.5423042,37.8964792],[-122.5423269,37.8964793],[-122.542327,37.8964703],[-122.5423497,37.8964704],[-122.5423498,37.8964614],[-122.5423953,37.8964615],[-122.5423953,37.8964525],[-122.5424294,37.8964527],[-122.5424295,37.8964436],[-122.5424409,37.8964437],[-122.5424409,37.8964347],[-122.5424637,37.8964348],[-122.5424637,37.8964257],[-122.5424751,37.8964258],[-122.5424752,37.8964078],[-122.5425207,37.8964079],[-122.5425208,37.8963989],[-122.5425549,37.8963991],[-122.5425549,37.8963901],[-122.5425777,37.8963901],[-122.5425777,37.8963811],[-122.5426346,37.8963813],[-122.5426347,37.8963723],[-122.542646,37.8963724],[-122.5426461,37.8963634],[-122.5426688,37.8963635],[-122.5426689,37.8963544],[-122.5426803,37.8963545],[-122.5426804,37.8963274],[-122.5426918,37.8963275],[-122.5426919,37.8963185],[-122.5427032,37.8963185],[-122.5427032,37.8963275],[-122.5427146,37.8963276],[-122.5427145,37.8963366],[-122.5427259,37.8963366],[-122.5427258,37.8963547],[-122.5427713,37.8963548],[-122.5427713,37.8963458],[-122.5428168,37.896346],[-122.5428169,37.896337],[-122.5428396,37.8963371],[-122.5428397,37.8963281],[-122.5428852,37.8963282],[-122.5428852,37.8963192],[-122.5428966,37.8963193],[-122.5428967,37.8963103],[-122.542908,37.8963103],[-122.5429081,37.8962923],[-122.5429195,37.8962923],[-122.5429194,37.8963013],[-122.5429422,37.8963014],[-122.5429421,37.8963104],[-122.5429649,37.8963105],[-122.5429648,37.8963195],[-122.5429876,37.8963196],[-122.5429876,37.8963106],[-122.5430331,37.8963108],[-122.5430332,37.8963018],[-122.5431128,37.8963021],[-122.5431129,37.8962841],[-122.5431015,37.896284],[-122.5431016,37.896275],[-122.543113,37.896275],[-122.543113,37.896266],[-122.5431358,37.8962661],[-122.5431358,37.8962571],[-122.5431472,37.8962571],[-122.5431473,37.8962481],[-122.54317,37.8962482],[-122.5431701,37.8962392],[-122.5431814,37.8962393],[-122.5431815,37.8962273],[-122.5432173,37.8962359],[-122.5429639,37.8968499],[-122.5426631,37.8967176],[-122.5424137,37.8966797],[-122.5422263,37.8966408],[-122.5419772,37.8966135],[-122.5413979,37.8966762],[-122.5412946,37.896699],[-122.5413186,37.8965922],[-122.5413771,37.8964348],[-122.5413883,37.8963945],[-122.5414062,37.8963946]]]}},{"type":"Feature","properties":{"elev_class":2,"elev_range_ft":"58-172 ft","Block_No":35},"geometry":{"type":"MultiPolygon","coordinates":[[[[-122.5399256,37.8967133],[-122.5399255,37.8967211],[-122.539904,37.8967132],[-122.5399256,37.8967133]]],[[[-122.5399597,37.8967224],[-122.5399596,37.8967314],[-122.5399823,37.8967315],[-122.5399823,37.8967405],[-122.5400164,37.8967407],[-122.5400164,37.8967497],[-122.5400277,37.8967497],[-122.5400277,37.8967587],[-122.5399287,37.8967223],[-122.5399597,37.8967224]]],[[[-122.5400504,37.8967588],[-122.5400504,37.896767],[-122.5400278,37.8967587],[-122.5400504,37.8967588]]],[[[-122.5400845,37.896768],[-122.5400844,37.896777],[-122.5401299,37.8967772],[-122.54013,37.8967682],[-122.5401413,37.8967682],[-122.5401414,37.8967592],[-122.5401528,37.8967592],[-122.5401529,37.8967412],[-122.5401643,37.8967412],[-122.5401644,37.8967142],[-122.5401758,37.8967143],[-122.5401759,37.8967052],[-122.5401872,37.8967053],[-122.5401873,37.8966963],[-122.5401987,37.8966963],[-122.5401987,37.8966873],[-122.5402101,37.8966874],[-122.54021,37.8966964],[-122.5402555,37.8966965],[-122.5402555,37.8967056],[-122.5402668,37.8967056],[-122.5402669,37.8966966],[-122.5403693,37.896697],[-122.5403693,37.896688],[-122.5403807,37.896688],[-122.5403808,37.89667],[-122.5403922,37.89667],[-122.5403923,37.896652],[-122.5404037,37.8966521],[-122.5404037,37.896643],[-122.5404492,37.8966432],[-122.5404493,37.8966342],[-122.540472,37.8966343],[-122.5404721,37.8966253],[-122.5404834,37.8966253],[-122.5404835,37.8966163],[-122.5405745,37.8966167],[-122.5405746,37.8966077],[-122.5405859,37.8966077],[-122.540586,37.8965987],[-122.5406201,37.8965988],[-122.5406202,37.8965898],[-122.5406315,37.8965898],[-122.5406316,37.8965808],[-122.540643,37.8965809],[-122.540643,37.8965719],[-122.5406544,37.8965719],[-122.5406544,37.8965629],[-122.5406658,37.896563],[-122.5406659,37.8965539],[-122.5406886,37.896554],[-122.5406887,37.896545],[-122.5407114,37.8965451],[-122.5407115,37.8965361],[-122.5407683,37.8965363],[-122.5407684,37.8965273],[-122.5408139,37.8965275],[-122.540814,37.8965185],[-122.5408253,37.8965185],[-122.5408254,37.8965095],[-122.5409391,37.8965099],[-122.5409392,37.8965009],[-122.5410415,37.8965013],[-122.5410416,37.8964923],[-122.541053,37.8964924],[-122.541053,37.8964833],[-122.5411099,37.8964836],[-122.54111,37.8964746],[-122.5411441,37.8964747],[-122.5411441,37.8964657],[-122.5411555,37.8964657],[-122.5411555,37.8964567],[-122.5411783,37.8964568],[-122.5411783,37.8964478],[-122.5413035,37.8964483],[-122.5413035,37.8964393],[-122.5413263,37.8964393],[-122.5413263,37.8964303],[-122.5413377,37.8964304],[-122.5413378,37.8964123],[-122.5413492,37.8964124],[-122.5413493,37.8963944],[-122.5413883,37.8963945],[-122.5413771,37.8964348],[-122.5413186,37.8965922],[-122.5412946,37.896699],[-122.5412083,37.8967181],[-122.540268,37.8968471],[-122.5400526,37.8967678],[-122.5400845,37.896768]]]]}},{"type":"Feature","properties":{"elev_class":2,"elev_range_ft":"58-172 ft","Block_No":23},"geometry":{"type":"Polygon","coordinates":[[[-122.5424558,37.8983327],[-122.5426377,37.8979504],[-122.5426699,37.8975393],[-122.5425233,37.8971659],[-122.542458,37.8970937],[-122.5426685,37.8970502],[-122.5429548,37.8970501],[-122.5437721,37.897089],[-122.5438777,37.8970969],[-122.5438763,37.8973334],[-122.5441291,37.8974448],[-122.5441014,37.8977687],[-122.5437242,37.8979125],[-122.5433506,37.8981963],[-122.5431315,37.8983886],[-122.5430641,37.898441],[-122.5424553,37.8983338],[-122.5424558,37.8983327]]]}},{"type":"Feature","properties":{"elev_class":2,"elev_range_ft":"58-172 ft","Block_No":21},"geometry":{"type":"MultiPolygon","coordinates":[[[[-122.5458882,37.8981244],[-122.5458881,37.8981425],[-122.5458767,37.8981424],[-122.5458766,37.8981514],[-122.5458653,37.8981514],[-122.5458649,37.8982055],[-122.5458536,37.8982054],[-122.5458533,37.8982415],[-122.545842,37.8982414],[-122.5458419,37.8982594],[-122.5458532,37.8982595],[-122.5458532,37.8982685],[-122.5458418,37.8982685],[-122.5458417,37.8982775],[-122.5458531,37.8982775],[-122.545853,37.8982955],[-122.5458644,37.8982956],[-122.5458639,37.8983677],[-122.5458526,37.8983676],[-122.5458524,37.8983947],[-122.5458638,37.8983947],[-122.5458635,37.8984398],[-122.5458521,37.8984398],[-122.5458521,37.8984488],[-122.5458407,37.8984487],[-122.5458406,37.8984577],[-122.545852,37.8984578],[-122.545852,37.8984668],[-122.5458633,37.8984668],[-122.5458633,37.8984758],[-122.5458747,37.8984759],[-122.5458745,37.8985029],[-122.5458859,37.898503],[-122.5458855,37.8985541],[-122.5446363,37.8982501],[-122.5446363,37.8982458],[-122.5446249,37.8982457],[-122.544625,37.8982277],[-122.5446137,37.8982277],[-122.5446137,37.8982186],[-122.5446023,37.8982186],[-122.5446024,37.8982096],[-122.544591,37.8982095],[-122.5445911,37.8981915],[-122.5445797,37.8981915],[-122.5445799,37.8981735],[-122.5445685,37.8981734],[-122.5445685,37.8981644],[-122.5445572,37.8981644],[-122.5445572,37.8981553],[-122.5445459,37.8981553],[-122.5445459,37.8981463],[-122.5445345,37.8981462],[-122.5445346,37.8981372],[-122.5445232,37.8981372],[-122.5445233,37.8981282],[-122.5445119,37.8981281],[-122.544512,37.8981191],[-122.5445006,37.8981191],[-122.5445006,37.8981101],[-122.5444893,37.89811],[-122.5444893,37.898101],[-122.5444666,37.8981009],[-122.5444666,37.8980919],[-122.5444552,37.8980919],[-122.5444553,37.8980828],[-122.5444439,37.8980828],[-122.544444,37.8980738],[-122.5444326,37.8980737],[-122.5444327,37.8980647],[-122.5444213,37.8980647],[-122.5444213,37.8980557],[-122.54441,37.8980556],[-122.54441,37.8980466],[-122.5443987,37.8980466],[-122.5443987,37.8980376],[-122.5443873,37.8980375],[-122.5443874,37.8980285],[-122.544376,37.8980285],[-122.5443761,37.8980194],[-122.5443533,37.8980194],[-122.5443534,37.8980103],[-122.544342,37.8980103],[-122.5443421,37.8980013],[-122.5443307,37.8980013],[-122.5443308,37.8979922],[-122.5443194,37.8979922],[-122.5443194,37.8979832],[-122.5443081,37.8979831],[-122.5443081,37.8979741],[-122.5442967,37.8979741],[-122.5442968,37.8979651],[-122.544274,37.897965],[-122.5442741,37.897956],[-122.5442467,37.8979559],[-122.5442439,37.8978531],[-122.5441014,37.8977687],[-122.5441291,37.8974448],[-122.5438763,37.8973334],[-122.5438777,37.8970969],[-122.5440345,37.8971086],[-122.5444083,37.897189],[-122.5445752,37.8972778],[-122.544794,37.8974816],[-122.5449396,37.8976818],[-122.5452383,37.8976911],[-122.5454452,37.8976827],[-122.5455891,37.8975981],[-122.5457505,37.8974892],[-122.5458838,37.8974627],[-122.5458947,37.8981245],[-122.5458882,37.8981244]]],[[[-122.5442399,37.8979648],[-122.5442394,37.8979648],[-122.5442399,37.8979644],[-122.5442399,37.8979648]]],[[[-122.5442284,37.8979828],[-122.5442155,37.8979828],[-122.5442285,37.897973],[-122.5442284,37.8979828]]],[[[-122.5442056,37.8979918],[-122.5442036,37.8979917],[-122.5442056,37.8979902],[-122.5442056,37.8979918]]],[[[-122.5441942,37.8980007],[-122.5441917,37.8980007],[-122.5441942,37.8979988],[-122.5441942,37.8980007]]]]}},{"type":"Feature","properties":{"elev_class":2,"elev_range_ft":"58-172 ft","Block_No":16},"geometry":{"type":"Polygon","coordinates":[[[-122.5469587,37.8979032],[-122.5469586,37.8979122],[-122.5469359,37.8979122],[-122.5469358,37.8979212],[-122.5469131,37.8979211],[-122.546913,37.8979301],[-122.5469017,37.89793],[-122.5469016,37.8979391],[-122.5468675,37.8979389],[-122.5468674,37.897948],[-122.5468447,37.8979479],[-122.5468446,37.8979659],[-122.5468332,37.8979658],[-122.5468331,37.8979748],[-122.5468104,37.8979748],[-122.5468103,37.8979838],[-122.546799,37.8979837],[-122.5467989,37.8979928],[-122.5467534,37.8979926],[-122.5467534,37.8980016],[-122.5467306,37.8980015],[-122.5467306,37.8980105],[-122.5466851,37.8980103],[-122.5466851,37.8980013],[-122.5466737,37.8980013],[-122.5466738,37.8979923],[-122.5466283,37.8979921],[-122.5466284,37.8979831],[-122.5465942,37.8979829],[-122.5465943,37.8979739],[-122.5465912,37.8979739],[-122.5465938,37.8979673],[-122.5466963,37.8976811],[-122.5467422,37.8975104],[-122.5467561,37.8974484],[-122.5466574,37.8974037],[-122.5465167,37.8973907],[-122.5463329,37.8973692],[-122.5461914,37.8973253],[-122.5462112,37.8971952],[-122.5462193,37.8970654],[-122.5462986,37.8969713],[-122.5465805,37.8970159],[-122.5466537,37.8967936],[-122.5476378,37.8970124],[-122.5477303,37.8968322],[-122.547759,37.8967689],[-122.5479237,37.8967806],[-122.5480827,37.8968019],[-122.5482004,37.8968723],[-122.5482642,37.8969774],[-122.548366,37.8971349],[-122.5484798,37.8972874],[-122.5485425,37.897349],[-122.5484365,37.8974812],[-122.548391,37.8975978],[-122.5483877,37.8976993],[-122.5484459,37.8978237],[-122.5484395,37.8979491],[-122.5483308,37.8979886],[-122.5481434,37.8980689],[-122.5479069,37.8981759],[-122.5478736,37.8980558],[-122.5478539,37.8979731],[-122.5478063,37.8978751],[-122.5477333,37.8977637],[-122.5476576,37.8976405],[-122.5475758,37.8975707],[-122.5474118,37.8974741],[-122.5472544,37.8974243],[-122.54713,37.8974357],[-122.5470799,37.8975972],[-122.5469927,37.8978273],[-122.5469635,37.8979032],[-122.5469587,37.8979032]]]}},{"type":"Feature","properties":{"elev_class":2,"elev_range_ft":"58-172 ft","Block_No":10},"geometry":{"type":"MultiPolygon","coordinates":[[[[-122.5510897,37.8975315],[-122.5510784,37.8975315],[-122.5510783,37.8975495],[-122.5510669,37.8975494],[-122.5510668,37.8975584],[-122.5510554,37.8975584],[-122.5510553,37.8975764],[-122.551044,37.8975764],[-122.5510439,37.8975854],[-122.5510325,37.8975854],[-122.5510324,37.8976034],[-122.5510211,37.8976033],[-122.5510209,37.8976214],[-122.5510096,37.8976213],[-122.5510095,37.8976303],[-122.5509981,37.8976303],[-122.5509981,37.8976393],[-122.5509867,37.8976393],[-122.5509865,37.8976753],[-122.5509766,37.8976753],[-122.5509939,37.897598],[-122.5510585,37.8975009],[-122.55109,37.8974865],[-122.5510897,37.8975315]]],[[[-122.5509749,37.8977182],[-122.5509699,37.8977051],[-122.5509751,37.897682],[-122.5509749,37.8977182]]],[[[-122.5511096,37.8980003],[-122.551121,37.8980003],[-122.5511209,37.8980093],[-122.5511323,37.8980094],[-122.5511323,37.8980184],[-122.5511436,37.8980184],[-122.5511436,37.8980274],[-122.5512118,37.8980277],[-122.5512118,37.8980367],[-122.5512345,37.8980368],[-122.5512345,37.8980458],[-122.5512458,37.8980458],[-122.5512458,37.8980549],[-122.5512572,37.8980549],[-122.5512571,37.8980639],[-122.5512799,37.898064],[-122.5512798,37.898073],[-122.5513026,37.8980731],[-122.5513025,37.8980821],[-122.5513139,37.8980822],[-122.5513138,37.8980912],[-122.5513366,37.8980913],[-122.5513364,37.8981093],[-122.5513478,37.8981093],[-122.5513477,37.8981273],[-122.5513705,37.8981274],[-122.5513703,37.8981455],[-122.5513817,37.8981455],[-122.5513814,37.8981906],[-122.5513701,37.8981905],[-122.55137,37.8982085],[-122.5513813,37.8982086],[-122.5513813,37.8982176],[-122.5514268,37.8982178],[-122.5514267,37.8982268],[-122.5514722,37.898227],[-122.5514723,37.898218],[-122.5515405,37.8982182],[-122.5515406,37.8982092],[-122.5515747,37.8982093],[-122.5515746,37.8982183],[-122.5515974,37.8982184],[-122.5515975,37.8982094],[-122.5516202,37.8982095],[-122.5516201,37.8982185],[-122.5516543,37.8982186],[-122.5516543,37.8982096],[-122.5516657,37.8982097],[-122.5516656,37.8982187],[-122.5517111,37.8982189],[-122.5517111,37.8982279],[-122.5517224,37.8982279],[-122.5517224,37.8982369],[-122.5517338,37.898237],[-122.5517337,37.898246],[-122.5517451,37.898246],[-122.551745,37.898255],[-122.5517678,37.8982551],[-122.5517677,37.8982641],[-122.5518019,37.8982643],[-122.5518018,37.8982733],[-122.55187,37.8982735],[-122.5518701,37.8982645],[-122.5519611,37.8982649],[-122.5519611,37.8982559],[-122.5519839,37.8982559],[-122.5519839,37.8982469],[-122.5520222,37.8982471],[-122.5520036,37.8982669],[-122.5519624,37.8984],[-122.5519285,37.8985458],[-122.5518817,37.8985456],[-122.551783,37.8985479],[-122.5516573,37.8985465],[-122.5515694,37.8986121],[-122.5514498,37.8986675],[-122.551288,37.8986596],[-122.5511663,37.8986404],[-122.5510565,37.8985641],[-122.5509909,37.8984621],[-122.5509439,37.8983882],[-122.5509731,37.898306],[-122.5509924,37.8981918],[-122.5509898,37.8980994],[-122.5510238,37.8980313],[-122.5511096,37.8979977],[-122.5511096,37.8980003]]]]}},{"type":"Feature","properties":{"elev_class":2,"elev_range_ft":"58-172 ft","Block_No":12},"geometry":{"type":"Polygon","coordinates":[[[-122.5517979,37.8989132],[-122.5517979,37.8989222],[-122.5517524,37.898922],[-122.5517523,37.898931],[-122.5517296,37.898931],[-122.5517295,37.89894],[-122.5516954,37.8989398],[-122.5516953,37.8989488],[-122.5516612,37.8989487],[-122.5516612,37.8989577],[-122.5516384,37.8989576],[-122.5516384,37.8989667],[-122.5515474,37.8989663],[-122.5515474,37.8989573],[-122.5515133,37.8989572],[-122.5515132,37.8989662],[-122.5514791,37.898966],[-122.5514792,37.898957],[-122.5514678,37.898957],[-122.5514678,37.898948],[-122.5513427,37.8989475],[-122.5513427,37.8989565],[-122.5512517,37.8989562],[-122.5512517,37.8989472],[-122.5512063,37.898947],[-122.5512063,37.898938],[-122.5511608,37.8989378],[-122.5511607,37.8989468],[-122.5511494,37.8989468],[-122.5511493,37.8989558],[-122.5511379,37.8989557],[-122.5511379,37.8989647],[-122.5510128,37.8989643],[-122.5510128,37.8989553],[-122.5510015,37.8989552],[-122.5510015,37.8989462],[-122.5508992,37.8989458],[-122.5508992,37.8989368],[-122.5508423,37.8989366],[-122.5508424,37.8989276],[-122.5507969,37.8989274],[-122.550797,37.8989184],[-122.5507628,37.8989183],[-122.5507629,37.8989092],[-122.5507288,37.8989091],[-122.5507288,37.8989001],[-122.5507061,37.8989],[-122.5507061,37.898891],[-122.5506151,37.8988906],[-122.5506152,37.8988816],[-122.5505583,37.8988814],[-122.5505584,37.8988724],[-122.5505242,37.8988723],[-122.5505243,37.8988633],[-122.5504902,37.8988631],[-122.5504902,37.8988541],[-122.5504561,37.898854],[-122.5504562,37.898845],[-122.5504334,37.8988449],[-122.5504335,37.8988359],[-122.5503994,37.8988358],[-122.5503994,37.8988267],[-122.5503653,37.8988266],[-122.5503654,37.8988176],[-122.5503426,37.8988175],[-122.5503427,37.8988085],[-122.5503313,37.8988084],[-122.5503313,37.8987994],[-122.5502972,37.8987993],[-122.5502973,37.8987903],[-122.5502404,37.8987901],[-122.5502405,37.8987811],[-122.5501836,37.8987809],[-122.5501836,37.8987718],[-122.5501268,37.8987716],[-122.5501268,37.8987626],[-122.5500131,37.8987622],[-122.5500131,37.8987532],[-122.5499563,37.8987529],[-122.5499562,37.8987598],[-122.5499108,37.8987529],[-122.5498084,37.8987546],[-122.5498086,37.8987163],[-122.5497972,37.8987163],[-122.5497974,37.8986892],[-122.549786,37.8986892],[-122.5497861,37.8986802],[-122.5497747,37.8986801],[-122.5497748,37.8986711],[-122.5497634,37.8986711],[-122.5497635,37.8986621],[-122.549718,37.8986619],[-122.5497181,37.8986439],[-122.5497067,37.8986438],[-122.5497069,37.8986168],[-122.5496955,37.8986168],[-122.5496957,37.8985897],[-122.5496843,37.8985897],[-122.5496845,37.8985536],[-122.5496731,37.8985536],[-122.5496733,37.8985265],[-122.5496619,37.8985265],[-122.549662,37.8985085],[-122.5496507,37.8985084],[-122.5496508,37.8984904],[-122.5496394,37.8984904],[-122.5496395,37.8984723],[-122.5496281,37.8984723],[-122.5496282,37.8984543],[-122.5496169,37.8984542],[-122.549617,37.8984362],[-122.5496056,37.8984361],[-122.5496057,37.8984271],[-122.5495943,37.8984271],[-122.5495944,37.8984091],[-122.549583,37.898409],[-122.5495831,37.8984],[-122.5495717,37.8984],[-122.5495717,37.8983909],[-122.5495604,37.8983909],[-122.5495604,37.8983819],[-122.5495491,37.8983818],[-122.5495491,37.8983728],[-122.5495377,37.8983728],[-122.5495378,37.8983638],[-122.5495264,37.8983637],[-122.5495265,37.8983547],[-122.5495151,37.8983547],[-122.5495152,37.8983457],[-122.5495038,37.8983456],[-122.5495038,37.8983366],[-122.5494967,37.8983366],[-122.5494925,37.8983296],[-122.5494925,37.8983276],[-122.5494913,37.8983276],[-122.5494813,37.8983108],[-122.5494813,37.8983095],[-122.5494805,37.8983095],[-122.5494529,37.8982635],[-122.5493405,37.898148],[-122.5492137,37.898073],[-122.5490014,37.8980056],[-122.5487421,37.8979329],[-122.5485962,37.8979326],[-122.5484395,37.8979491],[-122.5484459,37.8978237],[-122.5483877,37.8976993],[-122.548391,37.8975978],[-122.5484365,37.8974812],[-122.5485425,37.897349],[-122.5488326,37.8974933],[-122.5489961,37.8975651],[-122.549111,37.8976627],[-122.549276,37.8977878],[-122.5493721,37.8976937],[-122.5495901,37.8977859],[-122.5497998,37.8979067],[-122.549997,37.8980598],[-122.5501309,37.8981961],[-122.5503228,37.8983208],[-122.5504727,37.8983858],[-122.5506519,37.8983755],[-122.5509439,37.8983882],[-122.5509909,37.8984621],[-122.5510565,37.8985641],[-122.5511663,37.8986404],[-122.551288,37.8986596],[-122.5514498,37.8986675],[-122.5515694,37.8986121],[-122.5516573,37.8985465],[-122.551783,37.8985479],[-122.5518817,37.8985456],[-122.5519285,37.8985458],[-122.5519222,37.8985727],[-122.5518147,37.8989133],[-122.5517979,37.8989132]]]}},{"type":"Feature","properties":{"elev_class":2,"elev_range_ft":"58-172 ft","Block_No":9},"geometry":{"type":"Polygon","coordinates":[[[-122.5531172,37.8989362],[-122.5531172,37.8989272],[-122.5530831,37.8989271],[-122.5530831,37.8989361],[-122.5529693,37.8989357],[-122.5529693,37.8989447],[-122.5529124,37.8989445],[-122.5529123,37.8989535],[-122.5528896,37.8989534],[-122.5528895,37.8989624],[-122.5528668,37.8989623],[-122.5528667,37.8989713],[-122.552844,37.8989712],[-122.5528439,37.8989803],[-122.5528212,37.8989802],[-122.5528211,37.8989892],[-122.5527756,37.898989],[-122.5527757,37.89898],[-122.5527643,37.8989799],[-122.5527644,37.8989709],[-122.5527189,37.8989708],[-122.5527188,37.8989798],[-122.5526051,37.8989793],[-122.552605,37.8989884],[-122.5525937,37.8989883],[-122.5525936,37.8989973],[-122.5525481,37.8989972],[-122.552548,37.8990062],[-122.5524912,37.899006],[-122.5524911,37.899015],[-122.5524798,37.8990149],[-122.5524797,37.8990239],[-122.5524683,37.8990239],[-122.5524683,37.8990329],[-122.5524569,37.8990329],[-122.5524568,37.8990419],[-122.5524455,37.8990418],[-122.5524454,37.8990509],[-122.552434,37.8990508],[-122.552434,37.8990598],[-122.5524226,37.8990598],[-122.5524226,37.8990688],[-122.5524112,37.8990687],[-122.5524111,37.8990778],[-122.5523998,37.8990777],[-122.5523997,37.8990867],[-122.5523769,37.8990866],[-122.5523768,37.8991047],[-122.5523655,37.8991046],[-122.5523654,37.8991227],[-122.552354,37.8991226],[-122.5523539,37.8991316],[-122.5523198,37.8991315],[-122.5523197,37.8991405],[-122.5523311,37.8991405],[-122.5523311,37.8991495],[-122.5522969,37.8991494],[-122.552297,37.8991404],[-122.5522938,37.8991404],[-122.5524265,37.8986817],[-122.5531524,37.8987886],[-122.5531382,37.8989363],[-122.5531172,37.8989362]]]}},{"type":"Feature","properties":{"elev_class":2,"elev_range_ft":"58-172 ft","Block_No":63},"geometry":{"type":"Polygon","coordinates":[[[-122.5342809,37.891815],[-122.5342695,37.891815],[-122.5342694,37.891833],[-122.534258,37.891833],[-122.534258,37.891842],[-122.5342466,37.891842],[-122.5342466,37.891851],[-122.5342238,37.8918509],[-122.5342237,37.8918599],[-122.5342124,37.8918599],[-122.5342123,37.8918689],[-122.5342009,37.8918688],[-122.5342009,37.8918778],[-122.5341895,37.8918778],[-122.5341895,37.8918868],[-122.5341781,37.8918867],[-122.534178,37.8918958],[-122.5341667,37.8918957],[-122.5341666,37.8919047],[-122.5341552,37.8919047],[-122.5341553,37.8918957],[-122.5341098,37.8918955],[-122.5341097,37.8919045],[-122.5340643,37.8919043],[-122.5340642,37.8919133],[-122.5340301,37.8919132],[-122.53403,37.8919222],[-122.5340171,37.8919222],[-122.5340178,37.8919071],[-122.5341566,37.8918255],[-122.5342269,37.8917841],[-122.5342699,37.8917625],[-122.5342697,37.891788],[-122.5342811,37.891788],[-122.5342809,37.891815]]]}},{"type":"Feature","properties":{"elev_class":3,"elev_range_ft":"172-306 ft","Block_No":59},"geometry":{"type":"Polygon","coordinates":[[[-122.5355906,37.8897202],[-122.5356133,37.8897203],[-122.5356133,37.8897293],[-122.5355905,37.8897292],[-122.5355906,37.8897202]]]}},{"type":"Feature","properties":{"elev_class":3,"elev_range_ft":"172-306 ft","Block_No":59},"geometry":{"type":"Polygon","coordinates":[[[-122.5362609,37.889831],[-122.5362609,37.889822],[-122.5361927,37.8898217],[-122.5361927,37.8898307],[-122.5360675,37.8898302],[-122.5360676,37.8898212],[-122.5360449,37.8898211],[-122.5360449,37.8898121],[-122.5360222,37.889812],[-122.5360222,37.889803],[-122.5360109,37.889803],[-122.5360109,37.889794],[-122.5359882,37.8897939],[-122.5359882,37.8897849],[-122.5359541,37.8897847],[-122.5359543,37.8897487],[-122.5359088,37.8897485],[-122.5359089,37.8897395],[-122.5358975,37.8897394],[-122.5358976,37.8897304],[-122.5358862,37.8897304],[-122.5358863,37.8897214],[-122.5358635,37.8897213],[-122.5358635,37.8897303],[-122.5358521,37.8897302],[-122.5358521,37.8897212],[-122.5358408,37.8897212],[-122.5358408,37.8897122],[-122.5358067,37.889712],[-122.5358068,37.889703],[-122.535784,37.8897029],[-122.535784,37.8897119],[-122.5357726,37.8897119],[-122.5357726,37.8897209],[-122.5357384,37.8897208],[-122.5357385,37.8897118],[-122.5357271,37.8897117],[-122.5357272,37.8897027],[-122.5357158,37.8897027],[-122.5357159,37.8896937],[-122.5357045,37.8896936],[-122.5357045,37.8896846],[-122.5356818,37.8896845],[-122.5356819,37.8896755],[-122.5356591,37.8896754],[-122.5356593,37.8896484],[-122.5356365,37.8896483],[-122.5356365,37.8896573],[-122.5356024,37.8896572],[-122.5356023,37.8896662],[-122.5355795,37.8896661],[-122.5355796,37.8896571],[-122.5355569,37.889657],[-122.5355568,37.889666],[-122.5355454,37.8896659],[-122.5355454,37.889675],[-122.535534,37.8896749],[-122.535534,37.8896839],[-122.5355226,37.8896839],[-122.5355225,37.8896929],[-122.5355339,37.8896929],[-122.5355338,37.889702],[-122.5355452,37.889702],[-122.5355451,37.88972],[-122.5355565,37.8897201],[-122.5355564,37.8897291],[-122.5355678,37.8897291],[-122.5355677,37.8897381],[-122.5356019,37.8897383],[-122.5356018,37.8897473],[-122.5356132,37.8897473],[-122.5356131,37.8897563],[-122.5356245,37.8897564],[-122.5356243,37.8897834],[-122.5356129,37.8897834],[-122.535613,37.8897744],[-122.5356016,37.8897743],[-122.5356017,37.8897653],[-122.5355789,37.8897652],[-122.535579,37.8897562],[-122.5355676,37.8897562],[-122.5355677,37.8897471],[-122.5355449,37.8897471],[-122.535545,37.889738],[-122.5355222,37.889738],[-122.5355223,37.8897289],[-122.5354882,37.8897288],[-122.5354881,37.8897468],[-122.5354767,37.8897468],[-122.5354766,37.8897558],[-122.5354653,37.8897558],[-122.535465,37.8898008],[-122.5354763,37.8898009],[-122.5354762,37.8898189],[-122.5354876,37.8898189],[-122.5354876,37.8898279],[-122.5354989,37.889828],[-122.5354989,37.889837],[-122.5355102,37.889837],[-122.5355101,37.8898641],[-122.5355215,37.8898641],[-122.5355213,37.8898822],[-122.5355327,37.8898822],[-122.5355326,37.8898912],[-122.535544,37.8898913],[-122.5355438,37.8899183],[-122.5355552,37.8899184],[-122.5355552,37.8899274],[-122.5355665,37.8899274],[-122.5355665,37.8899364],[-122.5355892,37.8899365],[-122.5355892,37.8899455],[-122.5356005,37.8899456],[-122.5356005,37.8899546],[-122.5356119,37.8899546],[-122.5356118,37.8899726],[-122.5356231,37.8899727],[-122.5356231,37.8899817],[-122.5356344,37.8899817],[-122.5356343,37.8900088],[-122.5356456,37.8900088],[-122.5356455,37.8900269],[-122.5356569,37.8900269],[-122.5356568,37.8900449],[-122.5356682,37.890045],[-122.535668,37.890072],[-122.5356566,37.890072],[-122.5356566,37.890081],[-122.5356452,37.8900809],[-122.5356451,37.8900899],[-122.5356565,37.89009],[-122.5356564,37.890108],[-122.5356678,37.8901081],[-122.5356676,37.8901261],[-122.535679,37.8901261],[-122.5356785,37.8902073],[-122.5356671,37.8902072],[-122.535667,37.8902252],[-122.5356556,37.8902252],[-122.5356556,37.8902342],[-122.5356442,37.8902341],[-122.5356441,37.8902612],[-122.5356099,37.8902611],[-122.5356099,37.8902701],[-122.5355985,37.89027],[-122.5355984,37.890279],[-122.5356098,37.8902791],[-122.5356098,37.8902881],[-122.5356211,37.8902881],[-122.5356202,37.8904323],[-122.5356316,37.8904324],[-122.5356311,37.8905135],[-122.5356425,37.8905136],[-122.5356424,37.8905226],[-122.5356538,37.8905226],[-122.5356537,37.8905406],[-122.535665,37.8905407],[-122.5356648,37.8905767],[-122.5356534,37.8905767],[-122.5356534,37.8905857],[-122.535642,37.8905856],[-122.535642,37.8905915],[-122.5356307,37.8905938],[-122.535362,37.8906394],[-122.5351953,37.8906477],[-122.5350621,37.8907472],[-122.5350561,37.8907228],[-122.5350364,37.890667],[-122.535008,37.8905865],[-122.5348198,37.890516],[-122.5348718,37.8903112],[-122.5348601,37.8902095],[-122.5348299,37.8900765],[-122.5347626,37.8898878],[-122.5347796,37.8897331],[-122.5347839,37.889731],[-122.5347844,37.8897308],[-122.5347846,37.8897306],[-122.5347849,37.8897305],[-122.5347867,37.8897296],[-122.5350368,37.8896051],[-122.5350393,37.8896036],[-122.5352978,37.8894918],[-122.5354033,37.8894839],[-122.5355497,37.8894732],[-122.5355499,37.8894733],[-122.5357291,37.8895684],[-122.5357409,37.8895743],[-122.5359067,37.8896568],[-122.5359182,37.8896629],[-122.5360965,37.8897579],[-122.5361082,37.889764],[-122.5361416,37.8897816],[-122.5361453,37.8897818],[-122.5361457,37.8897818],[-122.5361548,37.8897866],[-122.5361585,37.8897868],[-122.5363163,37.889795],[-122.5362612,37.889831],[-122.5362609,37.889831]]]}},{"type":"Feature","properties":{"elev_class":3,"elev_range_ft":"172-306 ft","Block_No":58},"geometry":{"type":"Polygon","coordinates":[[[-122.5363861,37.8898135],[-122.536352,37.8898133],[-122.5363519,37.8898224],[-122.5362951,37.8898221],[-122.536295,37.8898311],[-122.5362612,37.889831],[-122.5363163,37.889795],[-122.536391,37.8897988],[-122.5364089,37.8898003],[-122.5364089,37.8898045],[-122.5363861,37.8898044],[-122.5363861,37.8898135]]]}},{"type":"Feature","properties":{"elev_class":3,"elev_range_ft":"172-306 ft","Block_No":44},"geometry":{"type":"MultiPolygon","coordinates":[[[[-122.5382408,37.8914792],[-122.538251,37.8914792],[-122.5382408,37.8914806],[-122.5382408,37.8914792]]],[[[-122.5382523,37.8914702],[-122.538275,37.8914703],[-122.5382751,37.8914613],[-122.5383092,37.8914614],[-122.5383092,37.8914524],[-122.538332,37.8914525],[-122.538332,37.8914434],[-122.5383662,37.8914436],[-122.5383662,37.8914346],[-122.538389,37.8914347],[-122.5383889,37.8914437],[-122.5384344,37.8914439],[-122.5384343,37.8914529],[-122.5384349,37.8914529],[-122.5384312,37.8914542],[-122.5382522,37.891479],[-122.5382523,37.8914702]]],[[[-122.5392668,37.8910956],[-122.5392782,37.8910956],[-122.5392783,37.8910686],[-122.5392897,37.8910687],[-122.5392899,37.8910326],[-122.5393013,37.8910326],[-122.5393014,37.8910146],[-122.5393469,37.8910148],[-122.539347,37.8910058],[-122.5393697,37.8910059],[-122.5393698,37.8909969],[-122.5393925,37.890997],[-122.5393926,37.890988],[-122.5394039,37.890988],[-122.5394039,37.890997],[-122.5394835,37.8909973],[-122.5394835,37.8909883],[-122.5395064,37.8909884],[-122.539355,37.8911185],[-122.5392667,37.8911105],[-122.5392668,37.8910956]]]]}},{"type":"Feature","properties":{"elev_class":3,"elev_range_ft":"172-306 ft","Block_No":60},"geometry":{"type":"Polygon","coordinates":[[[-122.5367962,37.8915185],[-122.5367963,37.8915095],[-122.5368076,37.8915096],[-122.5368077,37.8915006],[-122.5368532,37.8915007],[-122.5368532,37.8914917],[-122.536876,37.8914918],[-122.536876,37.8914828],[-122.5368874,37.8914828],[-122.5368875,37.8914738],[-122.5368988,37.8914739],[-122.536899,37.8914468],[-122.5369104,37.8914469],[-122.5369104,37.8914379],[-122.5369332,37.891438],[-122.5369332,37.8914289],[-122.5369674,37.8914291],[-122.5369674,37.8914201],[-122.5370129,37.8914203],[-122.537013,37.8914112],[-122.5371836,37.8914119],[-122.5371835,37.8914209],[-122.5372404,37.8914211],[-122.5372403,37.8914301],[-122.5372858,37.8914303],[-122.5372857,37.8914393],[-122.5373426,37.8914396],[-122.5373426,37.8914486],[-122.5373653,37.8914487],[-122.5373652,37.8914577],[-122.537388,37.8914578],[-122.5373879,37.8914668],[-122.5374107,37.8914669],[-122.5374106,37.8914759],[-122.537422,37.8914759],[-122.5374219,37.8914849],[-122.5374447,37.891485],[-122.5374446,37.891494],[-122.537456,37.8914941],[-122.5374559,37.8915031],[-122.5374673,37.8915031],[-122.5374673,37.8915122],[-122.53749,37.8915122],[-122.5374899,37.8915213],[-122.5375013,37.8915213],[-122.5375013,37.8915227],[-122.5374461,37.8915249],[-122.5374115,37.8915357],[-122.5373663,37.891565],[-122.5373274,37.891619],[-122.5371506,37.8917145],[-122.5370845,37.8917584],[-122.5370173,37.8917631],[-122.5369276,37.8917646],[-122.5368868,37.8917475],[-122.5368305,37.8916596],[-122.5368009,37.8915606],[-122.5367908,37.8915185],[-122.5367962,37.8915185]]]}},{"type":"Feature","properties":{"elev_class":3,"elev_range_ft":"172-306 ft","Block_No":61},"geometry":{"type":"Polygon","coordinates":[[[-122.5356185,37.8907117],[-122.5356299,37.8907118],[-122.5356298,37.8907208],[-122.5356412,37.8907208],[-122.5356411,37.8907299],[-122.5356525,37.8907299],[-122.5356524,37.8907389],[-122.5356638,37.890739],[-122.5356637,37.890748],[-122.5356751,37.890748],[-122.5356751,37.890757],[-122.5356864,37.8907571],[-122.5356864,37.8907661],[-122.5356977,37.8907661],[-122.5356977,37.8907751],[-122.5357091,37.8907752],[-122.535709,37.8907842],[-122.5357204,37.8907843],[-122.5357203,37.8907933],[-122.5357317,37.8907933],[-122.5357316,37.8908023],[-122.5357544,37.8908024],[-122.5357543,37.8908114],[-122.5357657,37.8908115],[-122.5357656,37.8908205],[-122.535777,37.8908205],[-122.535777,37.8908295],[-122.5357883,37.8908296],[-122.5357883,37.8908386],[-122.5357997,37.8908386],[-122.5357996,37.8908476],[-122.5358223,37.8908477],[-122.5358223,37.8908567],[-122.5358337,37.8908568],[-122.5358336,37.8908658],[-122.535845,37.8908658],[-122.5358449,37.8908749],[-122.5358563,37.8908749],[-122.5358562,37.8908839],[-122.535879,37.890884],[-122.5358789,37.890893],[-122.5358903,37.8908931],[-122.5358902,37.8909021],[-122.5359016,37.8909021],[-122.5359016,37.8909111],[-122.5359243,37.8909112],[-122.5359242,37.8909203],[-122.5359356,37.8909203],[-122.5359356,37.8909293],[-122.5359583,37.8909294],[-122.5359582,37.8909384],[-122.5359696,37.8909385],[-122.5359696,37.8909475],[-122.5359809,37.8909475],[-122.5359809,37.8909565],[-122.5359923,37.8909566],[-122.5359922,37.8909656],[-122.5360036,37.8909656],[-122.5360035,37.8909746],[-122.5360263,37.8909747],[-122.5360262,37.8909837],[-122.5360376,37.8909838],[-122.5360375,37.8909928],[-122.5360603,37.8909929],[-122.5360602,37.8910019],[-122.5360716,37.8910019],[-122.5360715,37.891011],[-122.5360943,37.8910111],[-122.5360942,37.8910201],[-122.5361056,37.8910201],[-122.5361055,37.8910291],[-122.5361283,37.8910292],[-122.5361282,37.8910382],[-122.5361396,37.8910383],[-122.5361395,37.8910473],[-122.5361623,37.8910474],[-122.5361622,37.8910564],[-122.5361736,37.8910564],[-122.5361735,37.8910654],[-122.5361849,37.8910655],[-122.5361848,37.8910745],[-122.5361962,37.8910745],[-122.5361962,37.8910835],[-122.5362189,37.8910836],[-122.5362188,37.8910926],[-122.5362416,37.8910927],[-122.5362415,37.8911018],[-122.5362643,37.8911018],[-122.5362642,37.8911109],[-122.5362756,37.8911109],[-122.5362755,37.8911199],[-122.5362983,37.89112],[-122.5362982,37.891129],[-122.5363096,37.8911291],[-122.5363095,37.8911381],[-122.5363209,37.8911381],[-122.5363209,37.8911471],[-122.5363664,37.8911473],[-122.5363663,37.8911563],[-122.5363549,37.8911563],[-122.5363548,37.8911743],[-122.5363662,37.8911744],[-122.5363661,37.8911834],[-122.5363775,37.8911834],[-122.5363775,37.8911924],[-122.5364116,37.8911926],[-122.5364116,37.8911835],[-122.536423,37.8911836],[-122.536423,37.8911746],[-122.5364344,37.8911746],[-122.5364344,37.8911836],[-122.5364457,37.8911837],[-122.5364457,37.8911927],[-122.5364571,37.8911927],[-122.536457,37.8912018],[-122.5364684,37.8912018],[-122.5364683,37.8912108],[-122.5364797,37.8912109],[-122.5364796,37.8912199],[-122.5365024,37.8912199],[-122.5365023,37.891229],[-122.5365137,37.891229],[-122.5365136,37.891238],[-122.536525,37.8912381],[-122.536525,37.8912471],[-122.5365363,37.8912471],[-122.5365363,37.8912561],[-122.5365476,37.8912562],[-122.5365475,37.8912742],[-122.5365589,37.8912743],[-122.5365589,37.8912833],[-122.5365702,37.8912833],[-122.5365702,37.8912923],[-122.5365815,37.8912924],[-122.5365813,37.8913284],[-122.5365927,37.8913285],[-122.5365926,37.8913375],[-122.5366267,37.8913376],[-122.5366265,37.8913737],[-122.5366152,37.8913736],[-122.5366151,37.8913826],[-122.5366037,37.8913826],[-122.5366037,37.8913916],[-122.536615,37.8913916],[-122.5366148,37.8914277],[-122.5366262,37.8914277],[-122.536626,37.8914548],[-122.5366374,37.8914548],[-122.5366373,37.8914638],[-122.5366487,37.8914639],[-122.5366486,37.8914729],[-122.53666,37.8914729],[-122.53666,37.8914819],[-122.5366626,37.891482],[-122.5366558,37.8915342],[-122.5366564,37.8916594],[-122.5367028,37.8917792],[-122.5368325,37.8919021],[-122.5369782,37.8919806],[-122.5368822,37.8920712],[-122.5367513,37.8923771],[-122.5364788,37.8923045],[-122.5362448,37.892182],[-122.535944,37.8920501],[-122.5359181,37.8919135],[-122.5360009,37.8916977],[-122.5359882,37.8915608],[-122.535667,37.8913308],[-122.53531,37.8910875],[-122.5351059,37.8909223],[-122.5350621,37.8907472],[-122.5351861,37.8907175],[-122.5352689,37.8907002],[-122.5355332,37.8907024],[-122.5356185,37.8907033],[-122.5356185,37.8907117]]]}},{"type":"Feature","properties":{"elev_class":3,"elev_range_ft":"172-306 ft","Block_No":62},"geometry":{"type":"Polygon","coordinates":[[[-122.5342965,37.8917491],[-122.5342803,37.8917352],[-122.5342705,37.8917268],[-122.5349983,37.8909996],[-122.5358292,37.8916259],[-122.5358235,37.8917032],[-122.5357908,37.8917903],[-122.5357471,37.8919022],[-122.5357426,37.8920228],[-122.5358158,37.8921327],[-122.5359227,37.8921927],[-122.5360767,37.8922641],[-122.5362024,37.8922991],[-122.5364112,37.8923819],[-122.5361317,37.8924207],[-122.5359221,37.8924552],[-122.5357837,37.8925256],[-122.5356737,37.8926356],[-122.5355712,37.8925941],[-122.5354681,37.892531],[-122.5353381,37.8924808],[-122.5351939,37.8924832],[-122.5351043,37.8924848],[-122.5350483,37.8924302],[-122.5350429,37.8923777],[-122.5350528,37.8923127],[-122.5350667,37.8922507],[-122.5350614,37.8921982],[-122.5350018,37.8921591],[-122.534904,37.8921454],[-122.5348418,37.8921495],[-122.5347638,37.8921478],[-122.5346772,37.8921184],[-122.5345981,37.8920765],[-122.5344908,37.8920042],[-122.534383,37.8919103],[-122.5342886,37.8917531],[-122.5342965,37.8917491]]]}},{"type":"Feature","properties":{"elev_class":3,"elev_range_ft":"172-306 ft","Block_No":54},"geometry":{"type":"Polygon","coordinates":[[[-122.5375467,37.8915395],[-122.5375466,37.8915485],[-122.5375921,37.8915487],[-122.5375921,37.8915577],[-122.5376262,37.8915578],[-122.5376261,37.8915669],[-122.5376489,37.8915669],[-122.5376488,37.891576],[-122.5376602,37.891576],[-122.5376601,37.891585],[-122.5376829,37.8915851],[-122.5376828,37.8915941],[-122.5377056,37.8915942],[-122.5377055,37.8916032],[-122.5377169,37.8916033],[-122.5377168,37.8916123],[-122.5377282,37.8916123],[-122.5377282,37.8916213],[-122.5377395,37.8916214],[-122.5377395,37.8916304],[-122.5377508,37.8916305],[-122.5377508,37.8916395],[-122.5377622,37.8916395],[-122.5377621,37.8916485],[-122.5377735,37.8916486],[-122.5377734,37.8916576],[-122.5377848,37.8916576],[-122.5377847,37.8916666],[-122.5377961,37.8916667],[-122.537796,37.8916757],[-122.5378074,37.8916757],[-122.5378074,37.8916848],[-122.5378756,37.891685],[-122.5378757,37.891676],[-122.5378984,37.8916761],[-122.5378985,37.8916671],[-122.5379553,37.8916673],[-122.5379554,37.8916583],[-122.5379895,37.8916584],[-122.5379896,37.8916494],[-122.5380237,37.8916495],[-122.5380237,37.8916405],[-122.5380351,37.8916406],[-122.5380352,37.8916316],[-122.5380465,37.8916316],[-122.5380468,37.8915956],[-122.5380695,37.8915956],[-122.5380696,37.8915866],[-122.5380923,37.8915867],[-122.5380924,37.8915777],[-122.5381265,37.8915778],[-122.5381265,37.8915688],[-122.5381379,37.8915689],[-122.538138,37.8915599],[-122.5381493,37.8915599],[-122.5381494,37.8915509],[-122.5381608,37.8915509],[-122.5381609,37.8915329],[-122.5381723,37.891533],[-122.5381723,37.8915239],[-122.5381837,37.891524],[-122.5381837,37.891515],[-122.5381951,37.891515],[-122.5381952,37.891506],[-122.5382179,37.8915061],[-122.538218,37.8914971],[-122.5382293,37.8914971],[-122.5382294,37.8914881],[-122.5382408,37.8914882],[-122.5382408,37.8914806],[-122.538251,37.8914792],[-122.5382522,37.8914792],[-122.5382522,37.891479],[-122.5384312,37.8914542],[-122.5384349,37.8914529],[-122.5384457,37.8914529],[-122.5384456,37.8914619],[-122.5384684,37.891462],[-122.5384683,37.891471],[-122.5384797,37.8914711],[-122.5384797,37.8914801],[-122.538491,37.8914801],[-122.538491,37.8914891],[-122.5385024,37.8914892],[-122.5385023,37.8914982],[-122.5385137,37.8914982],[-122.5385136,37.8915073],[-122.538525,37.8915073],[-122.5385249,37.8915163],[-122.5385363,37.8915164],[-122.5385362,37.8915254],[-122.5385476,37.8915254],[-122.5385476,37.8915344],[-122.5385703,37.8915345],[-122.5385703,37.8915435],[-122.5385816,37.8915436],[-122.5385816,37.8915526],[-122.5385929,37.8915526],[-122.5385929,37.8915616],[-122.5386043,37.8915617],[-122.5386042,37.8915707],[-122.5386156,37.8915707],[-122.5386155,37.8915798],[-122.5386383,37.8915798],[-122.5386382,37.8915889],[-122.5386723,37.891589],[-122.5386723,37.891598],[-122.5386836,37.891598],[-122.5386836,37.8916071],[-122.5386876,37.8916071],[-122.5386353,37.8916581],[-122.5385165,37.8917595],[-122.538202,37.8920281],[-122.5380455,37.8920244],[-122.5379249,37.8919913],[-122.5378493,37.8919856],[-122.5377886,37.8920359],[-122.5378985,37.8921605],[-122.537984,37.8922047],[-122.5379788,37.8923384],[-122.5378116,37.8923869],[-122.5374223,37.8924253],[-122.5374283,37.8926431],[-122.5374215,37.892717],[-122.5374029,37.8927173],[-122.5374029,37.8927106],[-122.537346,37.8927104],[-122.537346,37.8927183],[-122.537253,37.8927199],[-122.5371625,37.8926547],[-122.537053,37.8925406],[-122.5368861,37.8924416],[-122.5367513,37.8923771],[-122.5368822,37.8920712],[-122.5369782,37.8919806],[-122.5370396,37.8919227],[-122.5371932,37.8917956],[-122.5375207,37.8915394],[-122.5375467,37.8915395]]]}},{"type":"Feature","properties":{"elev_class":3,"elev_range_ft":"172-306 ft","Block_No":41},"geometry":{"type":"MultiPolygon","coordinates":[[[[-122.5398017,37.8910436],[-122.539813,37.8910437],[-122.539813,37.8910527],[-122.5398243,37.8910527],[-122.5398243,37.8910617],[-122.539847,37.8910618],[-122.539847,37.8910708],[-122.5398583,37.8910709],[-122.5398583,37.8910799],[-122.539881,37.89108],[-122.539881,37.891089],[-122.5399037,37.8910891],[-122.5399037,37.8910981],[-122.539915,37.8910981],[-122.539915,37.8911072],[-122.5399264,37.8911072],[-122.5399263,37.8911162],[-122.5399377,37.8911163],[-122.5399376,37.8911253],[-122.5399604,37.8911254],[-122.5399603,37.8911344],[-122.5399831,37.8911345],[-122.539983,37.8911435],[-122.5399944,37.8911435],[-122.5399943,37.8911525],[-122.5400171,37.8911526],[-122.540017,37.8911616],[-122.5400284,37.8911617],[-122.5400283,37.8911707],[-122.5400624,37.8911708],[-122.5400624,37.8911798],[-122.5401306,37.8911801],[-122.5401306,37.8911891],[-122.5401419,37.8911892],[-122.540142,37.8911801],[-122.5402216,37.8911805],[-122.5402217,37.8911715],[-122.5402444,37.8911715],[-122.5402445,37.8911625],[-122.5402786,37.8911627],[-122.5402785,37.8911717],[-122.5403013,37.8911718],[-122.5403013,37.8911627],[-122.5403354,37.8911629],[-122.5403355,37.8911539],[-122.5403582,37.891154],[-122.5403583,37.8911449],[-122.540381,37.891145],[-122.5403811,37.891136],[-122.5404038,37.8911361],[-122.5404039,37.8911271],[-122.5404104,37.8911271],[-122.5404347,37.8911326],[-122.5405989,37.891125],[-122.5407477,37.8909969],[-122.540938,37.8908295],[-122.5410395,37.89076],[-122.5410431,37.89076],[-122.541043,37.8907691],[-122.5410544,37.8907691],[-122.5410543,37.8907781],[-122.5410657,37.8907782],[-122.5410656,37.8907962],[-122.541077,37.8907962],[-122.5410769,37.8908052],[-122.5410883,37.8908053],[-122.5410882,37.8908143],[-122.5410996,37.8908143],[-122.5410995,37.8908234],[-122.5411109,37.8908234],[-122.5411108,37.8908324],[-122.5411222,37.8908325],[-122.5411222,37.8908415],[-122.5411449,37.8908416],[-122.5411449,37.8908506],[-122.5411562,37.8908506],[-122.5411562,37.8908596],[-122.5411789,37.8908597],[-122.5411789,37.8908687],[-122.541213,37.8908689],[-122.5412129,37.8908779],[-122.5412584,37.8908781],[-122.5412584,37.8908871],[-122.5412925,37.8908872],[-122.5412924,37.8908962],[-122.5413607,37.8908965],[-122.5413606,37.8909055],[-122.5414288,37.8909058],[-122.5414288,37.8909148],[-122.5415311,37.8909152],[-122.5415311,37.8909242],[-122.5415538,37.8909243],[-122.5415538,37.8909333],[-122.5415765,37.8909334],[-122.5415765,37.8909424],[-122.5416106,37.8909425],[-122.5416105,37.8909515],[-122.5416333,37.8909516],[-122.5416332,37.8909606],[-122.541656,37.8909607],[-122.5416559,37.8909697],[-122.5416673,37.8909698],[-122.5416672,37.8909788],[-122.5416786,37.8909788],[-122.5416785,37.8909969],[-122.5416898,37.8909969],[-122.5416898,37.8910059],[-122.5417012,37.891006],[-122.5417011,37.891024],[-122.5417124,37.891024],[-122.5417123,37.8910421],[-122.5417237,37.8910421],[-122.5417235,37.8910691],[-122.5417349,37.8910692],[-122.5417347,37.8910962],[-122.5417461,37.8910963],[-122.5417459,37.8911233],[-122.5417573,37.8911234],[-122.5417571,37.8911504],[-122.5417685,37.8911504],[-122.5417683,37.8911865],[-122.5417797,37.8911865],[-122.5417796,37.8912046],[-122.5417909,37.8912046],[-122.5417909,37.8912136],[-122.5418022,37.8912137],[-122.5418022,37.8912227],[-122.5418136,37.8912227],[-122.5418134,37.8912407],[-122.5418248,37.8912408],[-122.5418248,37.8912498],[-122.5418361,37.8912499],[-122.5418361,37.8912589],[-122.5418434,37.8912589],[-122.5415603,37.8915331],[-122.5412159,37.8918528],[-122.5410863,37.8920143],[-122.5410984,37.8922313],[-122.5409995,37.8922799],[-122.5409997,37.892247],[-122.5409883,37.892247],[-122.5409886,37.8922019],[-122.5409772,37.8922019],[-122.5409774,37.8921748],[-122.540966,37.8921748],[-122.5409662,37.8921478],[-122.5409548,37.8921477],[-122.5409551,37.8921026],[-122.5409437,37.8921026],[-122.540944,37.8920666],[-122.5409326,37.8920665],[-122.5409327,37.8920485],[-122.5409213,37.8920484],[-122.5409214,37.8920394],[-122.54091,37.8920394],[-122.5409101,37.8920304],[-122.5408987,37.8920303],[-122.5408987,37.8920213],[-122.5408874,37.8920213],[-122.5408874,37.8920123],[-122.5408647,37.8920122],[-122.5408647,37.8920032],[-122.5408534,37.8920031],[-122.5408534,37.8919941],[-122.5408421,37.8919941],[-122.5408421,37.891985],[-122.5408307,37.891985],[-122.5408307,37.891994],[-122.5408079,37.8919939],[-122.5408079,37.8920029],[-122.5407965,37.8920029],[-122.5407964,37.8920209],[-122.540785,37.8920209],[-122.5407848,37.8920569],[-122.5407734,37.8920569],[-122.5407734,37.8920659],[-122.540762,37.8920658],[-122.5407619,37.8920839],[-122.5407505,37.8920838],[-122.5407504,37.8921019],[-122.540739,37.8921018],[-122.540739,37.8921108],[-122.5407276,37.8921108],[-122.5407275,37.8921288],[-122.5407161,37.8921287],[-122.5407161,37.8921378],[-122.5407047,37.8921377],[-122.5407046,37.8921467],[-122.5406933,37.8921467],[-122.5406932,37.8921557],[-122.5406705,37.8921556],[-122.5406704,37.8921646],[-122.540659,37.8921646],[-122.540659,37.8921736],[-122.5406476,37.8921736],[-122.5406475,37.8921826],[-122.5406248,37.8921825],[-122.5406247,37.8921915],[-122.5405906,37.8921914],[-122.5405906,37.8922004],[-122.5405451,37.8922002],[-122.540545,37.8922092],[-122.5404085,37.8922087],[-122.5404086,37.8921997],[-122.5403745,37.8921995],[-122.5403745,37.8921905],[-122.5403518,37.8921904],[-122.5403518,37.8921814],[-122.5403405,37.8921814],[-122.5403405,37.8921724],[-122.5403292,37.8921723],[-122.5403292,37.8921633],[-122.5403065,37.8921632],[-122.5403065,37.8921542],[-122.5402952,37.8921542],[-122.5402953,37.8921361],[-122.5402839,37.8921361],[-122.540284,37.8921181],[-122.5402726,37.892118],[-122.5402727,37.892109],[-122.5402613,37.892109],[-122.5402614,37.8920909],[-122.54025,37.8920909],[-122.54025,37.8920999],[-122.540159,37.8920995],[-122.5401591,37.8920905],[-122.5401363,37.8920904],[-122.5401364,37.8920724],[-122.5401251,37.8920724],[-122.5401252,37.8920453],[-122.5401139,37.8920453],[-122.5401139,37.8920363],[-122.5400684,37.8920361],[-122.5400684,37.8920451],[-122.5400343,37.892045],[-122.5400342,37.892054],[-122.5400001,37.8920539],[-122.54,37.8920629],[-122.5399545,37.8920627],[-122.5399545,37.8920717],[-122.5399431,37.8920717],[-122.539943,37.8920807],[-122.5399317,37.8920806],[-122.5399315,37.8921077],[-122.5399201,37.8921076],[-122.53992,37.8921256],[-122.5399086,37.8921256],[-122.5399085,37.8921436],[-122.5399199,37.8921437],[-122.5399198,37.8921552],[-122.5394458,37.8917145],[-122.5394787,37.8913615],[-122.5396027,37.8912194],[-122.5397385,37.8910626],[-122.5398017,37.8910377],[-122.5398017,37.8910436]]],[[[-122.5398495,37.8924949],[-122.5398381,37.8924949],[-122.5398381,37.8925039],[-122.5398267,37.8925038],[-122.5398266,37.8925128],[-122.5398153,37.8925128],[-122.5398152,37.8925218],[-122.5398038,37.8925218],[-122.5398038,37.8925308],[-122.5397924,37.8925307],[-122.5397923,37.8925397],[-122.5397696,37.8925397],[-122.5397695,37.8925487],[-122.5397582,37.8925486],[-122.5397581,37.8925593],[-122.5397162,37.8924988],[-122.5398495,37.8924939],[-122.5398495,37.8924949]]]]}},{"type":"Feature","properties":{"elev_class":3,"elev_range_ft":"172-306 ft","Block_No":30},"geometry":{"type":"Polygon","coordinates":[[[-122.5461952,37.8925826],[-122.5462066,37.8925827],[-122.5462067,37.8925646],[-122.546218,37.8925647],[-122.5462182,37.8925467],[-122.5462295,37.8925467],[-122.5462296,37.8925287],[-122.546241,37.8925287],[-122.5462411,37.8925107],[-122.5462525,37.8925107],[-122.5462527,37.8924837],[-122.546264,37.8924837],[-122.5462641,37.8924657],[-122.5462755,37.8924658],[-122.5462756,37.8924568],[-122.5462869,37.8924568],[-122.5462871,37.8924388],[-122.5462984,37.8924388],[-122.5462986,37.8924118],[-122.54631,37.8924118],[-122.54631,37.8924028],[-122.5463214,37.8924029],[-122.5463215,37.8923848],[-122.5463329,37.8923849],[-122.5463329,37.8923759],[-122.5463443,37.8923759],[-122.5463444,37.8923669],[-122.5463557,37.8923669],[-122.5463558,37.8923579],[-122.5463672,37.892358],[-122.5463672,37.8923489],[-122.5463786,37.892349],[-122.5463786,37.89234],[-122.54639,37.89234],[-122.5463901,37.892322],[-122.5464015,37.892322],[-122.5464015,37.892313],[-122.5464129,37.8923131],[-122.546413,37.8923041],[-122.5464244,37.8923041],[-122.5464244,37.8922951],[-122.5464358,37.8922951],[-122.5464358,37.8922861],[-122.5464472,37.8922862],[-122.5464473,37.8922772],[-122.5464586,37.8922772],[-122.5464587,37.8922682],[-122.5464701,37.8922682],[-122.5464702,37.8922502],[-122.5464815,37.8922502],[-122.5464816,37.8922412],[-122.546493,37.8922413],[-122.5464931,37.8922233],[-122.5465045,37.8922233],[-122.5465045,37.8922143],[-122.5465159,37.8922143],[-122.546516,37.8921963],[-122.5465274,37.8921963],[-122.5465275,37.8921783],[-122.5465389,37.8921784],[-122.546539,37.8921513],[-122.5465504,37.8921514],[-122.5465504,37.8921424],[-122.5465618,37.8921424],[-122.5465619,37.8921334],[-122.5465732,37.8921334],[-122.5465733,37.8921244],[-122.5465847,37.8921245],[-122.546585,37.8920794],[-122.5465736,37.8920794],[-122.5465737,37.8920613],[-122.5465623,37.8920613],[-122.5465624,37.8920523],[-122.546551,37.8920522],[-122.5465511,37.8920432],[-122.5465169,37.8920431],[-122.546517,37.8920341],[-122.5465056,37.892034],[-122.5465056,37.892043],[-122.5464601,37.8920429],[-122.54646,37.8920519],[-122.5464373,37.8920518],[-122.5464372,37.8920608],[-122.5464145,37.8920607],[-122.5464145,37.8920517],[-122.5464032,37.8920517],[-122.5464031,37.8920607],[-122.546369,37.8920605],[-122.5463689,37.8920696],[-122.5463348,37.8920694],[-122.5463348,37.8920784],[-122.546312,37.8920783],[-122.546312,37.8920874],[-122.5462778,37.8920872],[-122.5462779,37.8920782],[-122.5462551,37.8920781],[-122.5462551,37.8920871],[-122.546221,37.892087],[-122.5462209,37.892096],[-122.5461982,37.8920959],[-122.5461981,37.8921049],[-122.5461754,37.8921049],[-122.5461753,37.8921229],[-122.5461639,37.8921228],[-122.5461638,37.8921409],[-122.5461524,37.8921408],[-122.5461523,37.8921498],[-122.5461296,37.8921498],[-122.5461296,37.8921588],[-122.5461182,37.8921587],[-122.5461181,37.8921677],[-122.5460954,37.8921676],[-122.5460953,37.8921767],[-122.5460726,37.8921766],[-122.5460725,37.8921856],[-122.5460611,37.8921855],[-122.5460611,37.8921945],[-122.5460383,37.8921945],[-122.5460383,37.8922035],[-122.5460269,37.8922034],[-122.5460269,37.8922125],[-122.5460155,37.8922124],[-122.5460154,37.8922214],[-122.5459927,37.8922213],[-122.5459926,37.8922303],[-122.5459813,37.8922303],[-122.5459812,37.8922393],[-122.5459698,37.8922393],[-122.5459698,37.8922483],[-122.5459584,37.8922482],[-122.5459583,37.8922663],[-122.5459469,37.8922662],[-122.5459469,37.8922752],[-122.5459355,37.8922752],[-122.5459354,37.8922842],[-122.5459241,37.8922842],[-122.545924,37.8922932],[-122.5459126,37.8922931],[-122.5459126,37.8923021],[-122.5459012,37.8923021],[-122.5459011,37.8923201],[-122.5459125,37.8923202],[-122.5459124,37.8923292],[-122.545901,37.8923291],[-122.545901,37.8923381],[-122.5458896,37.8923381],[-122.5458895,37.8923561],[-122.5458781,37.8923561],[-122.545878,37.8923741],[-122.5458666,37.8923741],[-122.5458666,37.8923831],[-122.5458552,37.892383],[-122.5458552,37.892392],[-122.5458438,37.892392],[-122.5458437,37.892401],[-122.5458324,37.892401],[-122.5458323,37.892419],[-122.5458209,37.8924189],[-122.5458208,37.892428],[-122.5458094,37.8924279],[-122.5458094,37.8924369],[-122.545798,37.8924369],[-122.545798,37.8924459],[-122.5457866,37.8924459],[-122.5457865,37.8924549],[-122.5457752,37.8924548],[-122.5457751,37.8924638],[-122.5457637,37.8924638],[-122.5457636,37.8924818],[-122.5457523,37.8924818],[-122.5457522,37.8924908],[-122.5457408,37.8924908],[-122.5457408,37.8924998],[-122.5457294,37.8924997],[-122.5457293,37.8925087],[-122.545718,37.8925087],[-122.5457179,37.8925177],[-122.5457065,37.8925177],[-122.5457065,37.8925267],[-122.5456837,37.8925266],[-122.5456837,37.8925356],[-122.5456609,37.8925355],[-122.5456609,37.8925445],[-122.5456495,37.8925445],[-122.5456494,37.8925535],[-122.5456381,37.8925534],[-122.545638,37.8925624],[-122.5456267,37.8925624],[-122.5456266,37.8925714],[-122.5456039,37.8925713],[-122.5456038,37.8925804],[-122.5455924,37.8925803],[-122.5455924,37.8925893],[-122.5455696,37.8925892],[-122.5455696,37.8925982],[-122.5455468,37.8925981],[-122.5455468,37.8926072],[-122.5454444,37.8926068],[-122.5454445,37.8925978],[-122.5454217,37.8925977],[-122.5454218,37.8925887],[-122.545399,37.8925886],[-122.5453991,37.8925796],[-122.5453763,37.8925795],[-122.5453764,37.8925705],[-122.545365,37.8925704],[-122.5453651,37.8925614],[-122.5453423,37.8925613],[-122.5453424,37.8925523],[-122.545331,37.8925523],[-122.5453311,37.8925342],[-122.5453197,37.8925342],[-122.5453198,37.8925252],[-122.5453084,37.8925251],[-122.5453085,37.8925161],[-122.5452971,37.8925161],[-122.5452972,37.8925071],[-122.5452858,37.892507],[-122.5452858,37.892498],[-122.5452631,37.8924979],[-122.5452632,37.8924889],[-122.5452518,37.8924889],[-122.5452519,37.8924708],[-122.5452405,37.8924708],[-122.5452406,37.8924618],[-122.5452292,37.8924617],[-122.5452293,37.8924437],[-122.5452179,37.8924437],[-122.5452181,37.8924166],[-122.5452067,37.8924166],[-122.5452068,37.8923986],[-122.5451955,37.8923985],[-122.5451956,37.8923805],[-122.5451842,37.8923804],[-122.5451843,37.8923624],[-122.5451729,37.8923624],[-122.5451731,37.8923444],[-122.5451389,37.8923442],[-122.545139,37.8923352],[-122.5451276,37.8923352],[-122.5451277,37.8923171],[-122.5451164,37.8923171],[-122.5451165,37.8922991],[-122.5451051,37.892299],[-122.5451053,37.892263],[-122.5450939,37.8922629],[-122.5450942,37.8922269],[-122.5451055,37.8922269],[-122.5451056,37.8922179],[-122.545117,37.892218],[-122.5451173,37.8921729],[-122.5451059,37.8921728],[-122.5451059,37.8921638],[-122.5450946,37.8921638],[-122.5450946,37.8921548],[-122.5450832,37.8921547],[-122.5450833,37.8921367],[-122.545072,37.8921367],[-122.545072,37.8921276],[-122.5450493,37.8921276],[-122.5450493,37.8921185],[-122.545038,37.8921185],[-122.545038,37.8921095],[-122.5449812,37.8921093],[-122.5449811,37.8921183],[-122.5449697,37.8921182],[-122.5449697,37.8921273],[-122.5449583,37.8921272],[-122.5449582,37.8921362],[-122.5449469,37.8921362],[-122.5449468,37.8921452],[-122.5449354,37.8921451],[-122.5449354,37.8921542],[-122.5449127,37.8921541],[-122.5449126,37.8921631],[-122.5449012,37.892163],[-122.5449012,37.892172],[-122.5448784,37.892172],[-122.5448784,37.892181],[-122.544867,37.8921809],[-122.5448669,37.8921899],[-122.5448556,37.8921899],[-122.5448555,37.8921989],[-122.5448328,37.8921988],[-122.5448327,37.8922078],[-122.5447986,37.8922077],[-122.5447985,37.8922167],[-122.5447758,37.8922166],[-122.5447757,37.8922256],[-122.544753,37.8922255],[-122.5447529,37.8922346],[-122.5447416,37.8922345],[-122.5447415,37.8922435],[-122.5447301,37.8922435],[-122.54473,37.8922615],[-122.5447414,37.8922616],[-122.5447413,37.8922796],[-122.5447527,37.8922796],[-122.5447525,37.8922977],[-122.5447639,37.8922977],[-122.5447639,37.8923067],[-122.5447525,37.8923067],[-122.5447524,37.8923157],[-122.5447411,37.8923156],[-122.544741,37.8923246],[-122.5447296,37.8923246],[-122.5447296,37.8923336],[-122.5447182,37.8923336],[-122.544718,37.8923606],[-122.5447294,37.8923607],[-122.5447293,37.8923787],[-122.5447407,37.8923787],[-122.5447406,37.8923968],[-122.5447519,37.8923968],[-122.5447518,37.8924238],[-122.5447631,37.8924239],[-122.5447631,37.8924329],[-122.5447745,37.8924329],[-122.5447743,37.892451],[-122.5447857,37.892451],[-122.5447856,37.892469],[-122.544797,37.8924691],[-122.5447968,37.8925051],[-122.5447854,37.8925051],[-122.5447853,37.8925141],[-122.5447967,37.8925141],[-122.5447964,37.8925592],[-122.5448078,37.8925592],[-122.5448076,37.8925863],[-122.544819,37.8925863],[-122.544819,37.8925953],[-122.5448303,37.8925954],[-122.5448301,37.8926224],[-122.5448415,37.8926225],[-122.5448412,37.8926765],[-122.5448526,37.8926766],[-122.544852,37.8927757],[-122.5448406,37.8927757],[-122.5448404,37.8928117],[-122.544829,37.8928117],[-122.5448288,37.8928387],[-122.5448174,37.8928387],[-122.5448173,37.8928567],[-122.544806,37.8928567],[-122.5448058,37.8928837],[-122.5447944,37.8928837],[-122.5447943,37.8929017],[-122.5447829,37.8929016],[-122.5447828,37.8929197],[-122.5447715,37.8929196],[-122.5447714,37.8929377],[-122.54476,37.8929376],[-122.5447599,37.8929556],[-122.5447485,37.8929556],[-122.5447484,37.8929736],[-122.544737,37.8929736],[-122.544737,37.8929826],[-122.5447256,37.8929825],[-122.5447255,37.8929915],[-122.5447142,37.8929915],[-122.5447141,37.8930005],[-122.5447027,37.8930005],[-122.5447027,37.8930095],[-122.5446913,37.8930094],[-122.5446912,37.8930185],[-122.5446799,37.8930184],[-122.5446797,37.8930455],[-122.5446911,37.8930455],[-122.544691,37.8930545],[-122.5447024,37.8930546],[-122.5447022,37.8930816],[-122.5446908,37.8930815],[-122.5446908,37.8930906],[-122.5446794,37.8930905],[-122.5446794,37.8930995],[-122.5446566,37.8930994],[-122.5446566,37.8931084],[-122.5446452,37.8931084],[-122.5446452,37.8930994],[-122.5446339,37.8930993],[-122.5446339,37.8930903],[-122.5446225,37.8930903],[-122.5446227,37.8930723],[-122.5445999,37.8930722],[-122.5445999,37.8930812],[-122.5445657,37.8930811],[-122.5445657,37.8930895],[-122.5445263,37.8930665],[-122.5444267,37.8929879],[-122.5444051,37.892911],[-122.5442355,37.8928398],[-122.5441246,37.8927769],[-122.5439075,37.8926787],[-122.543892,37.89254],[-122.5439153,37.8923944],[-122.5440732,37.8923237],[-122.5442416,37.8922127],[-122.5442612,37.8917922],[-122.5444209,37.8917894],[-122.544627,37.8917704],[-122.544751,37.8917436],[-122.5448782,37.8916919],[-122.5449408,37.891558],[-122.5449452,37.8914344],[-122.5449407,37.8912707],[-122.5449389,37.8912059],[-122.5450753,37.8911875],[-122.5457332,37.8919227],[-122.5463978,37.891866],[-122.5468617,37.8921219],[-122.5466008,37.8923225],[-122.5463316,37.8925685],[-122.5461952,37.8925873],[-122.5461952,37.8925826]]]}},{"type":"Feature","properties":{"elev_class":3,"elev_range_ft":"172-306 ft","Block_No":40},"geometry":{"type":"Polygon","coordinates":[[[-122.5418702,37.891259],[-122.5418701,37.891268],[-122.5418815,37.8912681],[-122.5418815,37.8912771],[-122.5419042,37.8912772],[-122.5419041,37.8912862],[-122.5419155,37.8912862],[-122.5419155,37.8912952],[-122.5419268,37.8912953],[-122.5419268,37.8913043],[-122.5419495,37.8913044],[-122.5419495,37.8913134],[-122.5419608,37.8913134],[-122.5419608,37.8913224],[-122.541973,37.8913225],[-122.5420201,37.891419],[-122.5426235,37.8914375],[-122.5419184,37.8919771],[-122.5418857,37.8920915],[-122.5420191,37.8922136],[-122.5421032,37.892333],[-122.5421071,37.8924752],[-122.5421262,37.8926776],[-122.542116,37.8927986],[-122.5419194,37.8929905],[-122.5417093,37.8931826],[-122.5415286,37.8932995],[-122.5415276,37.8933183],[-122.5415279,37.8932766],[-122.5415165,37.8932765],[-122.5415165,37.8932675],[-122.5415279,37.8932676],[-122.541528,37.8932495],[-122.5415508,37.8932496],[-122.5415509,37.8932316],[-122.5415623,37.8932316],[-122.5415624,37.8932136],[-122.5415737,37.8932137],[-122.5415738,37.8932046],[-122.5415852,37.8932047],[-122.5415853,37.8931867],[-122.5415967,37.8931867],[-122.5415967,37.8931777],[-122.5416081,37.8931777],[-122.5416082,37.8931597],[-122.5416196,37.8931598],[-122.5416197,37.8931417],[-122.5416311,37.8931418],[-122.5416311,37.8931328],[-122.5416425,37.8931328],[-122.5416426,37.8931148],[-122.541654,37.8931148],[-122.5416541,37.8930878],[-122.54162,37.8930876],[-122.5416201,37.8930786],[-122.5416087,37.8930786],[-122.5416088,37.8930696],[-122.5415974,37.8930695],[-122.5415974,37.8930605],[-122.5415861,37.8930605],[-122.5415862,37.8930425],[-122.5415748,37.8930424],[-122.5415749,37.8930334],[-122.5415635,37.8930334],[-122.5415636,37.8930153],[-122.5416091,37.8930155],[-122.5416093,37.8929885],[-122.5416206,37.8929885],[-122.5416207,37.8929795],[-122.5416321,37.8929795],[-122.5416322,37.8929615],[-122.5416436,37.8929616],[-122.5416436,37.8929525],[-122.541655,37.8929526],[-122.5416551,37.8929346],[-122.5416665,37.8929346],[-122.5416665,37.8929256],[-122.5416779,37.8929257],[-122.541678,37.8929076],[-122.5416894,37.8929077],[-122.5416895,37.8928896],[-122.5416781,37.8928896],[-122.5416782,37.8928716],[-122.5416668,37.8928715],[-122.5416671,37.8928355],[-122.5416785,37.8928355],[-122.541679,37.8927544],[-122.5416903,37.8927544],[-122.5416904,37.8927364],[-122.5417018,37.8927365],[-122.5417019,37.8927275],[-122.5416905,37.8927274],[-122.5416905,37.8927184],[-122.5416564,37.8927183],[-122.5416565,37.8927093],[-122.5416679,37.8927093],[-122.541668,37.8926913],[-122.5416793,37.8926913],[-122.5416794,37.8926823],[-122.5416908,37.8926824],[-122.5416908,37.8926733],[-122.5417022,37.8926734],[-122.5417023,37.8926644],[-122.5417136,37.8926644],[-122.5417137,37.8926464],[-122.5417251,37.8926464],[-122.5417253,37.8926104],[-122.541714,37.8926103],[-122.5417141,37.8925833],[-122.5417028,37.8925833],[-122.5417028,37.8925742],[-122.5417142,37.8925743],[-122.5417142,37.8925653],[-122.5417029,37.8925652],[-122.5417031,37.8925292],[-122.5416917,37.8925291],[-122.5416919,37.8925021],[-122.5416805,37.892502],[-122.5416806,37.892484],[-122.5416693,37.892484],[-122.5416694,37.892466],[-122.541658,37.8924659],[-122.5416582,37.8924389],[-122.5416468,37.8924388],[-122.541647,37.8924028],[-122.5416356,37.8924027],[-122.5416359,37.8923667],[-122.5416245,37.8923666],[-122.5416249,37.8923035],[-122.5416363,37.8923036],[-122.5416363,37.8922946],[-122.5416249,37.8922945],[-122.541625,37.8922855],[-122.5415909,37.8922854],[-122.5415908,37.8922944],[-122.5415795,37.8922944],[-122.5415794,37.8923034],[-122.541568,37.8923033],[-122.541568,37.8923123],[-122.5415566,37.8923123],[-122.5415565,37.8923213],[-122.5415452,37.8923213],[-122.5415451,37.8923303],[-122.5415337,37.8923302],[-122.5415337,37.8923392],[-122.5415223,37.8923392],[-122.5415222,37.8923482],[-122.5414995,37.8923481],[-122.5414995,37.8923571],[-122.5414881,37.8923571],[-122.541488,37.8923661],[-122.5414766,37.8923661],[-122.5414766,37.8923751],[-122.5414538,37.892375],[-122.5414538,37.892384],[-122.5414424,37.892384],[-122.5414424,37.892393],[-122.541431,37.8923929],[-122.5414309,37.8924019],[-122.5414082,37.8924018],[-122.5414081,37.8924108],[-122.5413968,37.8924108],[-122.5413967,37.8924198],[-122.5413853,37.8924198],[-122.5413853,37.8924288],[-122.5413739,37.8924288],[-122.5413738,37.8924378],[-122.5413511,37.8924377],[-122.541351,37.8924467],[-122.5413283,37.8924466],[-122.5413282,37.8924556],[-122.5412827,37.8924554],[-122.5412828,37.8924464],[-122.5412601,37.8924463],[-122.5412601,37.8924373],[-122.541226,37.8924372],[-122.5412259,37.8924462],[-122.5411918,37.8924461],[-122.5411918,37.8924551],[-122.5411235,37.8924548],[-122.5411236,37.8924458],[-122.5411122,37.8924458],[-122.5411123,37.8924367],[-122.5411009,37.8924367],[-122.541101,37.8924277],[-122.5410896,37.8924276],[-122.5410896,37.8924186],[-122.5410783,37.8924186],[-122.5410783,37.8924096],[-122.5410669,37.8924095],[-122.541067,37.8924005],[-122.5410556,37.8924005],[-122.5410557,37.8923824],[-122.5410444,37.8923824],[-122.5410445,37.8923644],[-122.5410331,37.8923643],[-122.5410332,37.8923463],[-122.5410218,37.8923463],[-122.541022,37.8923282],[-122.5410106,37.8923282],[-122.5410107,37.8923012],[-122.5409994,37.8923011],[-122.5409995,37.8922799],[-122.5410984,37.8922313],[-122.5410863,37.8920143],[-122.5412159,37.8918528],[-122.5415603,37.8915331],[-122.5418434,37.8912589],[-122.5418702,37.891259]]]}},{"type":"Feature","properties":{"elev_class":3,"elev_range_ft":"172-306 ft","Block_No":39},"geometry":{"type":"Polygon","coordinates":[[[-122.542388,37.8939559],[-122.5423881,37.8939469],[-122.5423767,37.8939468],[-122.5423768,37.8939378],[-122.5423654,37.8939378],[-122.5423655,37.8939288],[-122.5423541,37.8939287],[-122.5423541,37.8939197],[-122.5423428,37.8939197],[-122.5423428,37.8939107],[-122.5423314,37.8939106],[-122.5423315,37.8939016],[-122.5423201,37.8939016],[-122.5423202,37.8938925],[-122.5423088,37.8938925],[-122.5423089,37.8938835],[-122.5422861,37.8938834],[-122.5422862,37.8938744],[-122.5422748,37.8938743],[-122.5422749,37.8938653],[-122.5422635,37.8938653],[-122.5422635,37.8938563],[-122.5422522,37.8938562],[-122.5422524,37.8938202],[-122.5422638,37.8938202],[-122.542264,37.8937842],[-122.5422526,37.8937841],[-122.5422527,37.8937661],[-122.5422413,37.8937661],[-122.5422418,37.8936849],[-122.5422305,37.8936849],[-122.5422307,37.8936488],[-122.5422193,37.8936488],[-122.5422195,37.8936218],[-122.5422081,37.8936217],[-122.5422082,37.8936127],[-122.5421968,37.8936127],[-122.5421969,37.8935946],[-122.5421855,37.8935946],[-122.5421856,37.8935856],[-122.5421742,37.8935855],[-122.5421743,37.8935765],[-122.5421629,37.8935765],[-122.542163,37.8935675],[-122.5421402,37.8935674],[-122.5421403,37.8935584],[-122.5421062,37.8935582],[-122.5421062,37.8935492],[-122.5420607,37.893549],[-122.5420608,37.89354],[-122.5420267,37.8935399],[-122.5420267,37.8935309],[-122.5419926,37.8935307],[-122.5419926,37.8935217],[-122.5419699,37.8935216],[-122.54197,37.8935126],[-122.5419245,37.8935125],[-122.5419245,37.8935034],[-122.541879,37.8935033],[-122.5418791,37.8934943],[-122.5417881,37.8934939],[-122.5417882,37.8934849],[-122.5417427,37.8934847],[-122.5417427,37.8934757],[-122.54172,37.8934756],[-122.5417201,37.8934576],[-122.5416973,37.8934575],[-122.5416974,37.8934485],[-122.541686,37.8934484],[-122.5416861,37.8934394],[-122.5416633,37.8934393],[-122.5416634,37.8934303],[-122.541652,37.8934303],[-122.5416521,37.8934213],[-122.5416407,37.8934212],[-122.5416408,37.8934122],[-122.5416294,37.8934122],[-122.5416294,37.8934031],[-122.5416067,37.8934031],[-122.5416067,37.893394],[-122.5415726,37.8933939],[-122.5415727,37.8933849],[-122.5415613,37.8933848],[-122.5415614,37.8933758],[-122.54155,37.8933758],[-122.54155,37.8933668],[-122.5415387,37.8933667],[-122.5415388,37.8933487],[-122.5415274,37.8933487],[-122.5415276,37.8933183],[-122.5415286,37.8932995],[-122.5417093,37.8931826],[-122.5419194,37.8929905],[-122.542116,37.8927986],[-122.5421262,37.8926776],[-122.5421071,37.8924752],[-122.5421032,37.892333],[-122.5420191,37.8922136],[-122.5418857,37.8920915],[-122.5419184,37.8919771],[-122.5426235,37.8914375],[-122.5426349,37.8916304],[-122.5426585,37.891823],[-122.5427381,37.8920582],[-122.5428916,37.8923258],[-122.5430497,37.8925354],[-122.5433117,37.8927626],[-122.5433739,37.8928098],[-122.5430972,37.893119],[-122.542396,37.8939559],[-122.542388,37.8939559]]]}},{"type":"Feature","properties":{"elev_class":3,"elev_range_ft":"172-306 ft","Block_No":46},"geometry":{"type":"Polygon","coordinates":[[[-122.5394723,37.8927999],[-122.5394722,37.8928089],[-122.5394608,37.8928088],[-122.5394608,37.8928179],[-122.539438,37.8928178],[-122.539438,37.8928268],[-122.5394266,37.8928267],[-122.5394266,37.8928357],[-122.5394152,37.8928357],[-122.5394151,37.8928447],[-122.5393924,37.8928446],[-122.5393923,37.8928536],[-122.5393809,37.8928536],[-122.5393809,37.8928626],[-122.5393581,37.8928625],[-122.5393581,37.8928715],[-122.5393467,37.8928715],[-122.5393466,37.8928895],[-122.5393352,37.8928895],[-122.5393352,37.8928985],[-122.5393238,37.8928984],[-122.5393237,37.8929074],[-122.5392441,37.8929071],[-122.5392441,37.8929161],[-122.53921,37.892916],[-122.5392099,37.892925],[-122.5391758,37.8929249],[-122.5391757,37.8929339],[-122.539153,37.8929338],[-122.5391529,37.8929428],[-122.5391302,37.8929427],[-122.5391301,37.8929518],[-122.5391074,37.8929517],[-122.5391073,37.8929607],[-122.5390846,37.8929606],[-122.5390845,37.8929696],[-122.5390731,37.8929695],[-122.5390731,37.8929786],[-122.5390689,37.8929786],[-122.5390527,37.8928445],[-122.5390417,37.8927906],[-122.539464,37.8927761],[-122.5394874,37.8927999],[-122.5394723,37.8927999]]]}},{"type":"Feature","properties":{"elev_class":3,"elev_range_ft":"172-306 ft","Block_No":31},"geometry":{"type":"MultiPolygon","coordinates":[[[[-122.5460321,37.8932039],[-122.5460322,37.8932039],[-122.5460321,37.893204],[-122.5460321,37.8932039]]],[[[-122.5460439,37.8931499],[-122.5460552,37.8931499],[-122.5460554,37.8931139],[-122.5460099,37.8931137],[-122.5460102,37.8930686],[-122.5460216,37.8930687],[-122.5460217,37.8930506],[-122.5460331,37.8930507],[-122.5460332,37.8930327],[-122.5460446,37.8930327],[-122.5460447,37.8930147],[-122.5460561,37.8930147],[-122.5460562,37.8929967],[-122.5460675,37.8929967],[-122.5460676,37.8929877],[-122.546079,37.8929878],[-122.546079,37.8929787],[-122.5460904,37.8929788],[-122.5460905,37.8929608],[-122.5461019,37.8929608],[-122.5461019,37.8929518],[-122.5461133,37.8929519],[-122.5461134,37.8929338],[-122.5461248,37.8929339],[-122.5461249,37.8929158],[-122.5461363,37.8929159],[-122.5461364,37.8928888],[-122.5461478,37.8928889],[-122.546148,37.8928619],[-122.5461593,37.8928619],[-122.5461595,37.8928348],[-122.5461709,37.8928349],[-122.5461712,37.8927808],[-122.5461826,37.8927809],[-122.5461832,37.8926817],[-122.5461946,37.8926818],[-122.5461952,37.8925873],[-122.5463316,37.8925685],[-122.546209,37.8929553],[-122.5460436,37.8931879],[-122.5460439,37.8931499]]],[[[-122.5445657,37.8930901],[-122.5445429,37.89309],[-122.5445429,37.893099],[-122.5444974,37.8930988],[-122.5444973,37.8931078],[-122.5444519,37.8931077],[-122.5444519,37.8930986],[-122.5444292,37.8930986],[-122.5444292,37.8930895],[-122.5444065,37.8930895],[-122.5444065,37.8930804],[-122.5443838,37.8930804],[-122.5443838,37.8930713],[-122.5443611,37.8930713],[-122.5443611,37.8930622],[-122.544327,37.8930621],[-122.544327,37.8930591],[-122.5444267,37.8929879],[-122.5445263,37.8930665],[-122.5445657,37.8930895],[-122.5445657,37.8930901]]]]}},{"type":"Feature","properties":{"elev_class":3,"elev_range_ft":"172-306 ft","Block_No":38},"geometry":{"type":"Polygon","coordinates":[[[-122.5439142,37.8936103],[-122.5439142,37.8936193],[-122.54388,37.8936192],[-122.54388,37.8936282],[-122.5438572,37.8936281],[-122.5438572,37.8936371],[-122.5438344,37.893637],[-122.5438344,37.8936461],[-122.5438116,37.893646],[-122.5438116,37.893655],[-122.5437661,37.8936548],[-122.543766,37.8936638],[-122.5437091,37.8936636],[-122.5437092,37.8936546],[-122.5435841,37.8936541],[-122.5435841,37.8936631],[-122.5435613,37.893663],[-122.5435612,37.893672],[-122.5435499,37.893672],[-122.5435498,37.893681],[-122.5435271,37.8936809],[-122.543527,37.8936899],[-122.5435156,37.8936899],[-122.5435156,37.8936989],[-122.5435042,37.8936988],[-122.5435041,37.8937169],[-122.5434927,37.8937168],[-122.5434926,37.8937349],[-122.5434812,37.8937348],[-122.5434812,37.8937438],[-122.5434698,37.8937438],[-122.5434694,37.8938159],[-122.543458,37.8938158],[-122.5434577,37.8938609],[-122.5434463,37.8938609],[-122.5434463,37.8938699],[-122.5434349,37.8938698],[-122.5434347,37.8939059],[-122.5434233,37.8939058],[-122.5434232,37.8939239],[-122.5434118,37.8939238],[-122.5434117,37.8939418],[-122.5434003,37.8939418],[-122.5434002,37.8939598],[-122.5433889,37.8939598],[-122.5433888,37.8939778],[-122.5433774,37.8939778],[-122.5433773,37.8939958],[-122.5433659,37.8939957],[-122.5433658,37.8940138],[-122.5433544,37.8940137],[-122.5433544,37.8940227],[-122.543343,37.8940227],[-122.5433429,37.8940317],[-122.5432974,37.8940315],[-122.5432974,37.8940405],[-122.5432291,37.8940403],[-122.5432291,37.8940493],[-122.5431836,37.8940491],[-122.5431835,37.8940581],[-122.5431608,37.894058],[-122.5431607,37.8940761],[-122.543172,37.8940761],[-122.5431719,37.8940941],[-122.5431606,37.8940941],[-122.5431605,37.8941031],[-122.5431491,37.894103],[-122.5431491,37.8941121],[-122.543115,37.8941119],[-122.543115,37.8941029],[-122.5430923,37.8941028],[-122.5430923,37.8940938],[-122.5430696,37.8940937],[-122.5430696,37.8940847],[-122.5430241,37.8940845],[-122.5430242,37.8940755],[-122.5429787,37.8940754],[-122.5429786,37.8940844],[-122.5429445,37.8940842],[-122.5429446,37.8940752],[-122.5428877,37.894075],[-122.5428877,37.894084],[-122.5428763,37.894084],[-122.5428762,37.894093],[-122.5428649,37.8940929],[-122.5428648,37.8941019],[-122.5428307,37.8941018],[-122.5428306,37.8941108],[-122.5428193,37.8941108],[-122.5428192,37.8941198],[-122.5428078,37.8941198],[-122.5428077,37.8941378],[-122.5427509,37.8941376],[-122.5427509,37.8941285],[-122.5427282,37.8941285],[-122.5427282,37.8941194],[-122.5426827,37.8941193],[-122.5426828,37.8941103],[-122.5426373,37.8941101],[-122.5426374,37.8941011],[-122.5425691,37.8941008],[-122.5425692,37.8940918],[-122.542535,37.8940917],[-122.5425351,37.8940826],[-122.5425123,37.8940826],[-122.5425124,37.8940735],[-122.5424897,37.8940735],[-122.5424897,37.8940644],[-122.5424783,37.8940644],[-122.5424784,37.8940554],[-122.542467,37.8940553],[-122.5424671,37.8940463],[-122.5424557,37.8940463],[-122.5424558,37.8940373],[-122.5424444,37.8940372],[-122.5424445,37.8940282],[-122.5424331,37.8940282],[-122.5424331,37.8940192],[-122.5424218,37.8940191],[-122.542422,37.893974],[-122.5424107,37.893974],[-122.5424108,37.893956],[-122.542396,37.8939559],[-122.5430972,37.893119],[-122.5431804,37.8931701],[-122.5433782,37.8932748],[-122.5436236,37.8934096],[-122.5438094,37.8935021],[-122.5438439,37.8934857],[-122.543936,37.8935967],[-122.5439367,37.8936104],[-122.5439142,37.8936103]]]}},{"type":"Feature","properties":{"elev_class":3,"elev_range_ft":"172-306 ft","Block_No":32},"geometry":{"type":"Polygon","coordinates":[[[-122.5440296,37.8933313],[-122.544041,37.8933314],[-122.5440409,37.8933494],[-122.5440523,37.8933495],[-122.5440522,37.8933675],[-122.5440636,37.8933675],[-122.5440634,37.8933856],[-122.5440748,37.8933856],[-122.5440748,37.8933946],[-122.5440861,37.8933947],[-122.544086,37.8934127],[-122.5440974,37.8934127],[-122.5440972,37.8934398],[-122.5441086,37.8934398],[-122.5441084,37.8934669],[-122.5441198,37.8934669],[-122.5441192,37.893566],[-122.5441078,37.893566],[-122.5441078,37.893575],[-122.5440964,37.893575],[-122.5440963,37.893584],[-122.5440736,37.8935839],[-122.5440735,37.8935929],[-122.5440508,37.8935928],[-122.5440507,37.8936018],[-122.5439711,37.8936015],[-122.5439711,37.8936105],[-122.5439367,37.8936104],[-122.543936,37.8935967],[-122.5438439,37.8934857],[-122.5439171,37.8934508],[-122.5440297,37.8933212],[-122.5440296,37.8933313]]]}},{"type":"Feature","properties":{"elev_class":3,"elev_range_ft":"172-306 ft","Block_No":45},"geometry":{"type":"Polygon","coordinates":[[[-122.5387063,37.8916071],[-122.5387063,37.8916162],[-122.5387176,37.8916162],[-122.5387176,37.8916252],[-122.538729,37.8916253],[-122.5387289,37.8916343],[-122.5387175,37.8916342],[-122.5387175,37.8916433],[-122.5387288,37.8916433],[-122.5387288,37.8916523],[-122.5387629,37.8916524],[-122.5387628,37.8916615],[-122.5387742,37.8916615],[-122.5387741,37.8916795],[-122.5387855,37.8916796],[-122.5387854,37.8916976],[-122.5387967,37.8916976],[-122.5387965,37.8917337],[-122.5387851,37.8917336],[-122.538785,37.8917517],[-122.5388078,37.8917518],[-122.5388078,37.8917427],[-122.5388533,37.8917429],[-122.5388533,37.8917519],[-122.5388874,37.8917521],[-122.5388873,37.8917611],[-122.5389442,37.8917613],[-122.5389443,37.8917523],[-122.5389556,37.8917523],[-122.5389557,37.8917343],[-122.5389671,37.8917344],[-122.5389672,37.8917254],[-122.5389558,37.8917253],[-122.5389562,37.8916622],[-122.5389676,37.8916623],[-122.5389676,37.8916532],[-122.538979,37.8916533],[-122.5389796,37.8915541],[-122.538991,37.8915542],[-122.5389917,37.891446],[-122.5389803,37.891446],[-122.5389804,37.891428],[-122.538969,37.8914279],[-122.5389691,37.8914099],[-122.5389578,37.8914099],[-122.5389579,37.8913918],[-122.5389692,37.8913919],[-122.5389694,37.8913648],[-122.5389808,37.8913649],[-122.5389809,37.8913559],[-122.5389922,37.8913559],[-122.5389923,37.8913379],[-122.5390037,37.8913379],[-122.5390038,37.8913289],[-122.5390151,37.891329],[-122.5390152,37.89132],[-122.5390266,37.89132],[-122.5390266,37.891311],[-122.539038,37.891311],[-122.5390381,37.891302],[-122.5390608,37.8913021],[-122.5390608,37.8912931],[-122.5390836,37.8912932],[-122.5390838,37.8912661],[-122.5391065,37.8912662],[-122.5391066,37.8912572],[-122.5391179,37.8912573],[-122.539118,37.8912482],[-122.5391294,37.8912483],[-122.5391294,37.8912393],[-122.5391408,37.8912393],[-122.5391408,37.8912303],[-122.5391636,37.8912304],[-122.5391637,37.8912214],[-122.5391864,37.8912215],[-122.5391865,37.8912125],[-122.5391978,37.8912125],[-122.5391979,37.8912035],[-122.5392093,37.8912035],[-122.5392093,37.8911945],[-122.5392207,37.8911946],[-122.5392207,37.8911856],[-122.5392321,37.8911856],[-122.5392322,37.8911676],[-122.5392436,37.8911676],[-122.5392437,37.8911496],[-122.5392551,37.8911496],[-122.5392552,37.8911316],[-122.5392666,37.8911317],[-122.5392667,37.8911105],[-122.539355,37.8911185],[-122.5392814,37.8912732],[-122.5393191,37.8915381],[-122.5393175,37.8917022],[-122.5394458,37.8917145],[-122.5399198,37.8921552],[-122.5399197,37.8921797],[-122.5399083,37.8921797],[-122.5399082,37.8921977],[-122.5398968,37.8921977],[-122.5398967,37.8922157],[-122.5398853,37.8922156],[-122.5398852,37.8922337],[-122.5398739,37.8922336],[-122.5398736,37.8922697],[-122.5398622,37.8922696],[-122.5398622,37.8922786],[-122.5398736,37.8922787],[-122.5398735,37.8922967],[-122.5398621,37.8922967],[-122.5398618,37.8923417],[-122.5398504,37.8923417],[-122.5398503,37.8923597],[-122.5398617,37.8923598],[-122.5398615,37.8923958],[-122.5398501,37.8923958],[-122.5398499,37.8924228],[-122.5398613,37.8924228],[-122.5398611,37.8924499],[-122.5398725,37.8924499],[-122.5398723,37.892477],[-122.539861,37.8924769],[-122.5398609,37.8924859],[-122.5398495,37.8924859],[-122.5398495,37.8924939],[-122.5397162,37.8924988],[-122.5397581,37.8925593],[-122.5397577,37.8926207],[-122.5397463,37.8926207],[-122.5397463,37.8926297],[-122.5397349,37.8926297],[-122.5397349,37.8926387],[-122.5397121,37.8926386],[-122.5397121,37.8926476],[-122.5397007,37.8926475],[-122.5397006,37.8926565],[-122.5396779,37.8926565],[-122.5396778,37.8926655],[-122.5396664,37.8926654],[-122.5396664,37.8926745],[-122.5396436,37.8926744],[-122.5396436,37.8926834],[-122.5396208,37.8926833],[-122.5396208,37.8926923],[-122.5396094,37.8926923],[-122.5396094,37.8927013],[-122.539598,37.8927012],[-122.5395977,37.8927463],[-122.5395863,37.8927462],[-122.5395863,37.8927553],[-122.5395749,37.8927552],[-122.5395748,37.8927642],[-122.5395521,37.8927641],[-122.539552,37.8927731],[-122.5395293,37.8927731],[-122.5395292,37.8927821],[-122.5395065,37.892782],[-122.5395064,37.892791],[-122.5394951,37.8927909],[-122.539495,37.8928],[-122.5394874,37.8927999],[-122.539464,37.8927761],[-122.5390417,37.8927906],[-122.5389853,37.8925149],[-122.5388208,37.8920804],[-122.5386302,37.8918384],[-122.5385165,37.8917595],[-122.5386353,37.8916581],[-122.5386876,37.8916071],[-122.5387063,37.8916071]]]}},{"type":"Feature","properties":{"elev_class":3,"elev_range_ft":"172-306 ft","Block_No":63},"geometry":{"type":"Polygon","coordinates":[[[-122.5336184,37.8922631],[-122.5336298,37.8922631],[-122.5336299,37.8922541],[-122.5336526,37.8922542],[-122.5336527,37.8922452],[-122.533664,37.8922452],[-122.5336641,37.8922362],[-122.5336755,37.8922363],[-122.5336756,37.8922182],[-122.533687,37.8922183],[-122.5336871,37.8921913],[-122.5336985,37.8921913],[-122.5336985,37.8921823],[-122.5337099,37.8921823],[-122.53371,37.8921643],[-122.5337214,37.8921644],[-122.5337216,37.8921345],[-122.5338562,37.8920168],[-122.5340164,37.8919385],[-122.5340171,37.8919222],[-122.53403,37.8919222],[-122.5340301,37.8919132],[-122.5340642,37.8919133],[-122.5340643,37.8919043],[-122.5341097,37.8919045],[-122.5341098,37.8918955],[-122.5341553,37.8918957],[-122.5341552,37.8919047],[-122.5341666,37.8919047],[-122.5341667,37.8918957],[-122.534178,37.8918958],[-122.5341781,37.8918867],[-122.5341895,37.8918868],[-122.5341895,37.8918778],[-122.5342009,37.8918778],[-122.5342009,37.8918688],[-122.5342123,37.8918689],[-122.5342124,37.8918599],[-122.5342237,37.8918599],[-122.5342238,37.8918509],[-122.5342466,37.891851],[-122.5342466,37.891842],[-122.534258,37.891842],[-122.534258,37.891833],[-122.5342694,37.891833],[-122.5342695,37.891815],[-122.5342809,37.891815],[-122.5342811,37.891788],[-122.5342697,37.891788],[-122.5342699,37.8917625],[-122.5342886,37.8917531],[-122.534383,37.8919103],[-122.5344908,37.8920042],[-122.5345981,37.8920765],[-122.5346772,37.8921184],[-122.5347638,37.8921478],[-122.5346927,37.8922301],[-122.5346931,37.8923348],[-122.5347826,37.8924124],[-122.5348786,37.8924582],[-122.5349299,37.8925087],[-122.5349841,37.892575],[-122.5350647,37.8926013],[-122.5352654,37.8926452],[-122.5353759,37.892669],[-122.5354621,37.8927209],[-122.5355841,37.8928019],[-122.5355347,37.8929115],[-122.5354544,37.892984],[-122.5353632,37.8930271],[-122.5351953,37.8930893],[-122.5350335,37.893102],[-122.534916,37.8930012],[-122.5348336,37.8929077],[-122.5347222,37.8928484],[-122.5345601,37.8928511],[-122.5343785,37.8928721],[-122.5341718,37.8928855],[-122.5337061,37.8928224],[-122.5336744,37.8926515],[-122.533706,37.8923822],[-122.5336183,37.8922799],[-122.5336184,37.8922631]]]}},{"type":"Feature","properties":{"elev_class":3,"elev_range_ft":"172-306 ft","Block_No":53},"geometry":{"type":"Polygon","coordinates":[[[-122.5390503,37.8929785],[-122.5390503,37.8929875],[-122.5390389,37.8929874],[-122.5390388,37.8929965],[-122.5390161,37.8929964],[-122.5390161,37.8930054],[-122.5389819,37.8930053],[-122.5389819,37.8930143],[-122.5389478,37.8930141],[-122.5389477,37.8930231],[-122.5388908,37.8930229],[-122.5388908,37.8930319],[-122.5388112,37.8930316],[-122.5388111,37.8930406],[-122.538777,37.8930405],[-122.5387769,37.8930495],[-122.5387656,37.8930495],[-122.5387656,37.8930405],[-122.5387429,37.8930404],[-122.5387429,37.8930314],[-122.5387202,37.8930313],[-122.5387202,37.8930223],[-122.5386975,37.8930222],[-122.5386975,37.8930132],[-122.5386862,37.8930131],[-122.5386862,37.8930041],[-122.5386635,37.893004],[-122.5386635,37.892995],[-122.5386522,37.8929949],[-122.5386522,37.8929859],[-122.5386409,37.8929859],[-122.5386409,37.8929769],[-122.5386295,37.8929768],[-122.5386296,37.8929678],[-122.5386182,37.8929678],[-122.5386183,37.8929497],[-122.538607,37.8929497],[-122.538607,37.8929407],[-122.5385956,37.8929406],[-122.5385958,37.8929226],[-122.5385844,37.8929226],[-122.5385845,37.8929045],[-122.5385731,37.8929045],[-122.5385732,37.8928955],[-122.5385618,37.8928954],[-122.5385619,37.8928774],[-122.5385505,37.8928774],[-122.5385506,37.8928684],[-122.5385392,37.8928683],[-122.5385393,37.8928503],[-122.5385166,37.8928502],[-122.5385167,37.8928412],[-122.5385053,37.8928412],[-122.5385053,37.8928321],[-122.538494,37.8928321],[-122.5384941,37.8928141],[-122.5384827,37.892814],[-122.5384828,37.892796],[-122.5384714,37.892796],[-122.5384715,37.8927869],[-122.5384601,37.8927869],[-122.5384602,37.8927779],[-122.5384488,37.8927778],[-122.5384489,37.8927598],[-122.5384262,37.8927597],[-122.5384262,37.8927507],[-122.5384149,37.8927507],[-122.5384149,37.8927416],[-122.5384035,37.8927416],[-122.5384036,37.8927326],[-122.5383922,37.8927325],[-122.5383923,37.8927235],[-122.5383809,37.8927235],[-122.538381,37.8927145],[-122.5383696,37.8927144],[-122.5383695,37.8927234],[-122.5383582,37.8927234],[-122.5383581,37.8927324],[-122.5383467,37.8927324],[-122.5383467,37.8927414],[-122.5383126,37.8927413],[-122.5383125,37.8927503],[-122.5382898,37.8927502],[-122.5382897,37.8927592],[-122.5382783,37.8927591],[-122.5382783,37.8927682],[-122.5382669,37.8927681],[-122.5382668,37.8927771],[-122.5382555,37.8927771],[-122.5382554,37.8927951],[-122.538244,37.8927951],[-122.5382438,37.8928311],[-122.5382324,37.8928311],[-122.5382322,37.8928581],[-122.5382208,37.8928581],[-122.5382207,37.8928851],[-122.5382093,37.892885],[-122.5382092,37.8929031],[-122.5381978,37.892903],[-122.5381977,37.8929211],[-122.5381863,37.892921],[-122.5381862,37.892939],[-122.5381748,37.892939],[-122.5381747,37.892957],[-122.5381634,37.892957],[-122.5381633,37.892966],[-122.5381406,37.8929659],[-122.5381404,37.8929839],[-122.5381291,37.8929839],[-122.538129,37.8930019],[-122.5381176,37.8930019],[-122.5381174,37.8930289],[-122.538106,37.8930289],[-122.5381055,37.89311],[-122.5380942,37.8931099],[-122.538094,37.893137],[-122.5380826,37.8931369],[-122.5380825,37.8931549],[-122.5380029,37.8931546],[-122.5380028,37.8931636],[-122.5379801,37.8931635],[-122.53798,37.8931726],[-122.5379118,37.8931723],[-122.5379117,37.8931813],[-122.5378629,37.8931811],[-122.5378401,37.8931274],[-122.5376813,37.8928888],[-122.5375433,37.8927416],[-122.5374215,37.892717],[-122.5374283,37.8926431],[-122.5374223,37.8924253],[-122.5378116,37.8923869],[-122.5379788,37.8923384],[-122.537984,37.8922047],[-122.5378985,37.8921605],[-122.5377886,37.8920359],[-122.5378493,37.8919856],[-122.5379249,37.8919913],[-122.5380455,37.8920244],[-122.538202,37.8920281],[-122.5385165,37.8917595],[-122.5386302,37.8918384],[-122.5388208,37.8920804],[-122.5389853,37.8925149],[-122.5390417,37.8927906],[-122.5390527,37.8928445],[-122.5390689,37.8929786],[-122.5390503,37.8929785]]]}},{"type":"Feature","properties":{"elev_class":3,"elev_range_ft":"172-306 ft","Block_No":66},"geometry":{"type":"MultiPolygon","coordinates":[[[[-122.5374142,37.8927287],[-122.5374142,37.8927197],[-122.5374028,37.8927196],[-122.5374029,37.8927173],[-122.5374215,37.892717],[-122.5374228,37.8927287],[-122.5374142,37.8927287]]],[[[-122.5373459,37.8927284],[-122.5373345,37.8927284],[-122.5373345,37.8927374],[-122.5373231,37.8927374],[-122.5373231,37.8927464],[-122.5372889,37.8927462],[-122.5372888,37.8927643],[-122.5372775,37.8927642],[-122.5372772,37.8928093],[-122.5372658,37.8928092],[-122.5372655,37.8928543],[-122.5372541,37.8928543],[-122.537254,37.8928813],[-122.5372426,37.8928813],[-122.5372424,37.8929173],[-122.537231,37.8929173],[-122.5372308,37.8929533],[-122.5372194,37.8929533],[-122.5372192,37.8929893],[-122.5372078,37.8929893],[-122.5372075,37.8930433],[-122.5371961,37.8930433],[-122.5371959,37.8930703],[-122.5371846,37.8930703],[-122.5371844,37.8930883],[-122.5371731,37.8930883],[-122.537173,37.8930973],[-122.5371616,37.8930972],[-122.5371615,37.8931153],[-122.5371502,37.8931152],[-122.53715,37.8931332],[-122.5371387,37.8931332],[-122.5371386,37.8931422],[-122.5371272,37.8931422],[-122.5371271,37.8931602],[-122.5371157,37.8931602],[-122.5371157,37.8931692],[-122.5371043,37.8931691],[-122.5371043,37.8931781],[-122.5370815,37.8931781],[-122.5370815,37.8931871],[-122.5369677,37.8931866],[-122.5369678,37.8931776],[-122.5369337,37.8931775],[-122.5369337,37.8931685],[-122.5369223,37.8931684],[-122.5369224,37.8931594],[-122.536911,37.8931593],[-122.5369111,37.8931503],[-122.5368883,37.8931502],[-122.5368884,37.8931412],[-122.536877,37.8931412],[-122.5368771,37.8931322],[-122.5368885,37.8931322],[-122.5368885,37.8931232],[-122.5368999,37.8931233],[-122.5369001,37.8930872],[-122.5367636,37.8930867],[-122.5367637,37.8930777],[-122.5367409,37.8930776],[-122.5367409,37.8930866],[-122.5367181,37.8930865],[-122.5367182,37.8930775],[-122.5366158,37.8930771],[-122.5366158,37.8930861],[-122.5365021,37.8930856],[-122.536502,37.8930947],[-122.5364679,37.8930945],[-122.5364678,37.8931125],[-122.5364791,37.8931126],[-122.5364791,37.8931216],[-122.5364677,37.8931216],[-122.5364676,37.8931396],[-122.5364448,37.8931395],[-122.5364448,37.8931485],[-122.536422,37.8931484],[-122.5364221,37.8931394],[-122.5363994,37.8931393],[-122.5363994,37.8931303],[-122.536388,37.8931303],[-122.5363881,37.8931212],[-122.5363767,37.8931212],[-122.5363769,37.8930942],[-122.5363883,37.8930942],[-122.5363883,37.8930852],[-122.5363656,37.8930851],[-122.5363656,37.8930761],[-122.5363201,37.8930759],[-122.5363202,37.8930669],[-122.5362747,37.8930667],[-122.5362748,37.8930577],[-122.536224,37.8930575],[-122.5362563,37.8929709],[-122.5359735,37.8926584],[-122.5360233,37.8926262],[-122.5362763,37.8925705],[-122.5365111,37.8925822],[-122.5366696,37.8926309],[-122.5369513,37.8926241],[-122.5371625,37.8926547],[-122.537253,37.8927199],[-122.537346,37.8927183],[-122.5373459,37.8927284]]]]}},{"type":"Feature","properties":{"elev_class":3,"elev_range_ft":"172-306 ft","Block_No":64},"geometry":{"type":"Polygon","coordinates":[[[-122.5346342,37.8935109],[-122.5346342,37.8935019],[-122.5346228,37.8935018],[-122.5346228,37.8935108],[-122.5346114,37.8935108],[-122.5346115,37.8935018],[-122.5346001,37.8935017],[-122.5346002,37.8934837],[-122.5345888,37.8934837],[-122.5345889,37.8934657],[-122.5345776,37.8934656],[-122.5345777,37.8934476],[-122.5345663,37.8934475],[-122.5345664,37.8934295],[-122.5345551,37.8934295],[-122.5345553,37.8933934],[-122.5345439,37.8933934],[-122.5345442,37.8933483],[-122.5345328,37.8933483],[-122.5345334,37.8932581],[-122.5344765,37.8932579],[-122.5344766,37.8932399],[-122.5344653,37.8932398],[-122.5344654,37.8932218],[-122.5344767,37.8932219],[-122.5344768,37.8932128],[-122.5344654,37.8932128],[-122.5344659,37.8931407],[-122.5344545,37.8931406],[-122.5344548,37.8930956],[-122.5344434,37.8930955],[-122.5344437,37.8930595],[-122.5344323,37.8930595],[-122.5344323,37.8930504],[-122.534421,37.8930504],[-122.534421,37.8930414],[-122.5344097,37.8930413],[-122.5344097,37.8930331],[-122.5344566,37.8930304],[-122.5346132,37.8930524],[-122.5346205,37.8931789],[-122.5345857,37.8933309],[-122.5345972,37.8934666],[-122.534644,37.8935109],[-122.5346342,37.8935109]]]}},{"type":"Feature","properties":{"elev_class":3,"elev_range_ft":"172-306 ft","Block_No":65},"geometry":{"type":"Polygon","coordinates":[[[-122.5361838,37.8930573],[-122.5361837,37.8930664],[-122.5361155,37.8930661],[-122.5361154,37.8930751],[-122.5360927,37.893075],[-122.5360926,37.893084],[-122.5360699,37.8930839],[-122.5360698,37.893093],[-122.5360471,37.8930929],[-122.536047,37.8931019],[-122.5360357,37.8931018],[-122.5360356,37.8931108],[-122.5360242,37.8931108],[-122.5360242,37.8931198],[-122.5360128,37.8931198],[-122.5360127,37.8931288],[-122.5360014,37.8931287],[-122.5360009,37.8932008],[-122.5359895,37.8932008],[-122.5359894,37.8932278],[-122.535978,37.8932278],[-122.5359777,37.8932729],[-122.5359663,37.8932728],[-122.5359659,37.8933359],[-122.5359546,37.8933358],[-122.5359543,37.8933719],[-122.535943,37.8933719],[-122.5359428,37.8933989],[-122.5359314,37.8933988],[-122.5359313,37.8934169],[-122.5359199,37.8934168],[-122.5359198,37.8934439],[-122.5359084,37.8934438],[-122.5359083,37.8934528],[-122.535897,37.8934528],[-122.5358969,37.8934708],[-122.5358855,37.8934708],[-122.5358854,37.8934798],[-122.5358627,37.8934797],[-122.5358626,37.8934887],[-122.5358512,37.8934887],[-122.5358512,37.8934977],[-122.5358284,37.8934976],[-122.5358284,37.8935066],[-122.5358056,37.8935065],[-122.5358056,37.8935155],[-122.5357715,37.8935154],[-122.5357714,37.8935244],[-122.5357259,37.8935242],[-122.5357259,37.8935332],[-122.5356349,37.8935329],[-122.5356349,37.8935239],[-122.5356122,37.8935238],[-122.5356121,37.8935328],[-122.5356008,37.8935327],[-122.5356007,37.8935417],[-122.5355666,37.8935416],[-122.5355665,37.8935506],[-122.5355324,37.8935505],[-122.5355323,37.8935595],[-122.5354869,37.8935593],[-122.5354868,37.8935683],[-122.5354527,37.8935682],[-122.5354526,37.8935772],[-122.5354071,37.893577],[-122.5354072,37.893568],[-122.5353958,37.893568],[-122.5353959,37.89355],[-122.5353846,37.8935499],[-122.5353846,37.8935409],[-122.5353732,37.8935409],[-122.5353733,37.8935318],[-122.5353619,37.8935318],[-122.535362,37.8935228],[-122.5353506,37.8935227],[-122.5353507,37.8935137],[-122.5352711,37.8935134],[-122.535271,37.8935224],[-122.5352482,37.8935223],[-122.5352482,37.8935314],[-122.5351799,37.8935311],[-122.5351799,37.8935401],[-122.5351117,37.8935398],[-122.5351117,37.8935308],[-122.5350662,37.8935306],[-122.5350662,37.8935396],[-122.5349638,37.8935392],[-122.5349638,37.8935483],[-122.5348841,37.8935479],[-122.5348842,37.8935389],[-122.5348728,37.8935389],[-122.5348728,37.8935479],[-122.5348447,37.8935478],[-122.5348003,37.8934785],[-122.5347727,37.8933246],[-122.5348112,37.8931664],[-122.5349983,37.8932726],[-122.5351207,37.8932804],[-122.5352872,37.8932558],[-122.5354822,37.8931812],[-122.5356028,37.8931198],[-122.5356524,37.8930201],[-122.5357113,37.8928926],[-122.5357882,37.8927865],[-122.5359228,37.8926912],[-122.5359735,37.8926584],[-122.5362563,37.8929709],[-122.536224,37.8930575],[-122.5361838,37.8930573]]]}},{"type":"Feature","properties":{"elev_class":3,"elev_range_ft":"172-306 ft","Block_No":29},"geometry":{"type":"Polygon","coordinates":[[[-122.5468861,37.8911883],[-122.5468862,37.891181],[-122.5468868,37.8911793],[-122.5469089,37.8911794],[-122.546909,37.8911703],[-122.5469203,37.8911704],[-122.5469204,37.8911614],[-122.5469318,37.8911614],[-122.5469318,37.8911524],[-122.5469432,37.8911524],[-122.5469433,37.8911434],[-122.5469546,37.8911435],[-122.5469547,37.8911345],[-122.5469661,37.8911345],[-122.5469661,37.8911255],[-122.5469889,37.8911256],[-122.5469889,37.8911166],[-122.5470003,37.8911166],[-122.5470004,37.8911076],[-122.5470117,37.8911076],[-122.5470118,37.8910986],[-122.5470232,37.8910987],[-122.5470232,37.8910897],[-122.5470346,37.8910897],[-122.5470346,37.8910807],[-122.547046,37.8910807],[-122.5470461,37.8910717],[-122.5470574,37.8910718],[-122.5470575,37.8910628],[-122.5470802,37.8910628],[-122.5470803,37.8910538],[-122.5470917,37.8910539],[-122.5470917,37.8910449],[-122.5471145,37.891045],[-122.5471145,37.8910359],[-122.5471373,37.891036],[-122.5471373,37.891027],[-122.5471601,37.8910271],[-122.5471601,37.8910181],[-122.5471942,37.8910182],[-122.5471943,37.8910092],[-122.5474104,37.89101],[-122.5474104,37.891001],[-122.5474445,37.8910012],[-122.5474446,37.8909921],[-122.547456,37.8909922],[-122.547456,37.8909832],[-122.5474674,37.8909832],[-122.5474674,37.8909742],[-122.5474788,37.8909742],[-122.5474789,37.8909562],[-122.5474903,37.8909563],[-122.5474904,37.8909473],[-122.5475017,37.8909473],[-122.5475018,37.8909383],[-122.5475245,37.8909384],[-122.5475246,37.8909203],[-122.547536,37.8909204],[-122.5475361,37.8909114],[-122.5475588,37.8909115],[-122.5475589,37.8909024],[-122.5475703,37.8909025],[-122.5475704,37.8908845],[-122.5475817,37.8908845],[-122.5475818,37.8908755],[-122.5475932,37.8908755],[-122.5475933,37.8908575],[-122.5476046,37.8908576],[-122.5476047,37.8908486],[-122.5476161,37.8908486],[-122.5476161,37.8908396],[-122.5476275,37.8908396],[-122.5476276,37.8908306],[-122.5476503,37.8908307],[-122.5476504,37.8908217],[-122.5476617,37.8908217],[-122.5476618,37.8908127],[-122.5476732,37.8908128],[-122.5476732,37.8908037],[-122.5477073,37.8908039],[-122.5477074,37.8907949],[-122.5477188,37.8907949],[-122.5477188,37.8907859],[-122.5477416,37.890786],[-122.5477416,37.890777],[-122.5477871,37.8907771],[-122.5477872,37.8907681],[-122.5477985,37.8907682],[-122.5477985,37.8907772],[-122.547844,37.8907774],[-122.5478439,37.8907864],[-122.5478553,37.8907864],[-122.5478552,37.8907954],[-122.5478753,37.8907955],[-122.5478659,37.8911584],[-122.5477598,37.8912858],[-122.5473935,37.8914755],[-122.5468897,37.8919766],[-122.5467104,37.8918832],[-122.5467673,37.8915154],[-122.5468836,37.8911883],[-122.5468861,37.8911883]]]}},{"type":"Feature","properties":{"elev_class":3,"elev_range_ft":"172-306 ft","Block_No":28},"geometry":{"type":"Polygon","coordinates":[[[-122.5478894,37.8907956],[-122.5478893,37.8908046],[-122.5479917,37.890805],[-122.5479916,37.890814],[-122.548003,37.890814],[-122.5480027,37.8908591],[-122.5480141,37.8908591],[-122.548014,37.8908681],[-122.5480367,37.8908682],[-122.5480367,37.8908772],[-122.5480594,37.8908773],[-122.5480594,37.8908863],[-122.5481163,37.8908866],[-122.5481163,37.8908775],[-122.5481732,37.8908778],[-122.5481732,37.8908688],[-122.5482073,37.8908689],[-122.5482074,37.8908599],[-122.5482301,37.89086],[-122.5482302,37.890851],[-122.5482757,37.8908511],[-122.5482757,37.8908421],[-122.5482871,37.8908421],[-122.5482871,37.8908512],[-122.5483325,37.8908513],[-122.5483326,37.8908423],[-122.548344,37.8908424],[-122.548344,37.8908334],[-122.5483668,37.8908335],[-122.5483668,37.8908244],[-122.5483896,37.8908245],[-122.5483896,37.8908155],[-122.5484124,37.8908156],[-122.5484124,37.8908066],[-122.5484465,37.8908067],[-122.5484466,37.8907977],[-122.5484694,37.8907978],[-122.5484694,37.8907888],[-122.5484922,37.8907889],[-122.5484922,37.8907799],[-122.5485036,37.8907799],[-122.5485036,37.8907709],[-122.5485377,37.890771],[-122.5485378,37.890762],[-122.5485833,37.8907622],[-122.5485832,37.8907712],[-122.5485605,37.8907711],[-122.5485604,37.8907891],[-122.548549,37.8907891],[-122.548549,37.8907981],[-122.5485376,37.8907981],[-122.5485375,37.8908071],[-122.5485262,37.890807],[-122.5485257,37.8908791],[-122.5485144,37.8908791],[-122.5485143,37.8908881],[-122.5485029,37.8908881],[-122.5485028,37.8909061],[-122.5484914,37.890906],[-122.5484913,37.8909241],[-122.54848,37.890924],[-122.5484799,37.890933],[-122.5484685,37.890933],[-122.5484685,37.890942],[-122.5484571,37.8909419],[-122.5484566,37.8910231],[-122.5484452,37.891023],[-122.5484451,37.891041],[-122.5484338,37.891041],[-122.5484337,37.89105],[-122.5484223,37.89105],[-122.5484223,37.891059],[-122.5483995,37.8910589],[-122.5483995,37.8910679],[-122.5483881,37.8910679],[-122.548388,37.8910769],[-122.5483767,37.8910768],[-122.5483766,37.8910859],[-122.5483652,37.8910858],[-122.5483652,37.8910948],[-122.5483538,37.8910948],[-122.5483538,37.8911038],[-122.5483424,37.8911037],[-122.5483423,37.8911218],[-122.5483309,37.8911217],[-122.5483308,37.8911307],[-122.5483195,37.8911307],[-122.5483194,37.8911487],[-122.548308,37.8911487],[-122.5483079,37.8911577],[-122.5482966,37.8911576],[-122.5482965,37.8911667],[-122.5482738,37.8911666],[-122.5482736,37.8911846],[-122.5482623,37.8911845],[-122.5482622,37.8911936],[-122.5482509,37.8911935],[-122.5482508,37.8912025],[-122.5482394,37.8912025],[-122.5482394,37.8912115],[-122.548228,37.8912115],[-122.5482279,37.8912205],[-122.5482166,37.8912204],[-122.5482165,37.8912294],[-122.5482051,37.8912294],[-122.5482051,37.8912384],[-122.5481937,37.8912384],[-122.5481935,37.8912744],[-122.5481821,37.8912744],[-122.5481821,37.8912834],[-122.5481707,37.8912833],[-122.5481706,37.8912924],[-122.5481479,37.8912923],[-122.5481478,37.8913013],[-122.5481365,37.8913012],[-122.5481364,37.8913102],[-122.5480909,37.8913101],[-122.5480909,37.8913191],[-122.5480795,37.891319],[-122.5480794,37.8913281],[-122.5480681,37.891328],[-122.548068,37.891337],[-122.5480566,37.891337],[-122.5480566,37.891346],[-122.5480452,37.891346],[-122.5480451,37.891364],[-122.5480337,37.8913639],[-122.5480337,37.8913729],[-122.5480223,37.8913729],[-122.5480222,37.8913909],[-122.5480108,37.8913909],[-122.5480107,37.8914089],[-122.5479993,37.8914089],[-122.5479992,37.8914269],[-122.5479878,37.8914269],[-122.5479877,37.8914539],[-122.5479763,37.8914538],[-122.5479762,37.8914719],[-122.5479648,37.8914718],[-122.5479647,37.8914989],[-122.5479533,37.8914988],[-122.547953,37.8915439],[-122.5479416,37.8915438],[-122.5479415,37.8915709],[-122.5479301,37.8915708],[-122.54793,37.8915798],[-122.5479187,37.8915798],[-122.5479182,37.8916609],[-122.5479296,37.891661],[-122.5479293,37.891706],[-122.5479179,37.891706],[-122.5479178,37.891724],[-122.5479064,37.891724],[-122.5479063,37.891742],[-122.5478949,37.8917419],[-122.5478948,37.89176],[-122.5478152,37.8917597],[-122.5478152,37.8917687],[-122.5477697,37.8917685],[-122.5477697,37.8917595],[-122.5477583,37.8917595],[-122.5477584,37.8917504],[-122.5477357,37.8917504],[-122.5477357,37.8917413],[-122.5477016,37.8917412],[-122.5477015,37.8917502],[-122.5476788,37.8917501],[-122.5476786,37.8917772],[-122.5476673,37.8917771],[-122.5476672,37.8917861],[-122.5476558,37.8917861],[-122.5476558,37.8917951],[-122.547633,37.891795],[-122.547633,37.891804],[-122.5476102,37.8918039],[-122.5476102,37.891813],[-122.5475988,37.8918129],[-122.5475987,37.8918219],[-122.5475874,37.8918219],[-122.5475873,37.8918399],[-122.5475986,37.8918399],[-122.5475986,37.891849],[-122.5475872,37.8918489],[-122.5475871,37.8918579],[-122.5475758,37.8918579],[-122.5475757,37.8918669],[-122.5475644,37.8918669],[-122.5475643,37.8918759],[-122.5475529,37.8918758],[-122.5475529,37.8918848],[-122.5475415,37.8918848],[-122.5475414,37.8918938],[-122.5475301,37.8918938],[-122.54753,37.8919028],[-122.5475186,37.8919027],[-122.5475186,37.8919117],[-122.5475072,37.8919117],[-122.5475071,37.8919297],[-122.5474957,37.8919297],[-122.5474957,37.8919387],[-122.5474843,37.8919387],[-122.5474842,37.8919567],[-122.5474728,37.8919566],[-122.5474726,37.891992],[-122.5472304,37.8918952],[-122.5475764,37.8915772],[-122.5478817,37.8913402],[-122.5478659,37.8911584],[-122.5478753,37.8907955],[-122.5478894,37.8907956]]]}},{"type":"Feature","properties":{"elev_class":3,"elev_range_ft":"172-306 ft","Block_No":27},"geometry":{"type":"Polygon","coordinates":[[[-122.5474725,37.8920017],[-122.5474612,37.8920017],[-122.5474611,37.8920107],[-122.5474497,37.8920106],[-122.5474497,37.8920196],[-122.5474383,37.8920196],[-122.5474382,37.8920376],[-122.5474268,37.8920376],[-122.5474268,37.8920466],[-122.5474154,37.8920466],[-122.5474152,37.8920736],[-122.5474039,37.8920735],[-122.5474035,37.8921366],[-122.5474148,37.8921367],[-122.5474147,37.8921547],[-122.5474261,37.8921547],[-122.5474258,37.8922088],[-122.5474371,37.8922089],[-122.547437,37.8922269],[-122.5474484,37.8922269],[-122.5474483,37.892245],[-122.5474597,37.892245],[-122.5474596,37.892263],[-122.5474709,37.8922631],[-122.5474708,37.8922811],[-122.5474822,37.8922811],[-122.5474821,37.8922992],[-122.5474935,37.8922992],[-122.5474934,37.8923082],[-122.5475048,37.8923083],[-122.5475047,37.8923263],[-122.547516,37.8923263],[-122.547516,37.8923354],[-122.5475274,37.8923354],[-122.5475273,37.8923534],[-122.5475386,37.8923535],[-122.5475386,37.8923625],[-122.5475499,37.8923625],[-122.5475498,37.8923805],[-122.5475385,37.8923805],[-122.5475384,37.8923895],[-122.547527,37.8923895],[-122.5475269,37.8924075],[-122.5475155,37.8924075],[-122.5475155,37.8924165],[-122.5474928,37.8924164],[-122.5474927,37.8924254],[-122.5474813,37.8924254],[-122.5474812,37.8924434],[-122.5474698,37.8924433],[-122.5474698,37.8924523],[-122.5474584,37.8924523],[-122.5474583,37.8924613],[-122.547447,37.8924613],[-122.5474469,37.8924703],[-122.5474242,37.8924702],[-122.5474241,37.8924792],[-122.5474014,37.8924791],[-122.5474013,37.8924881],[-122.5473899,37.8924881],[-122.5473899,37.8924971],[-122.5473785,37.8924971],[-122.5473785,37.8925061],[-122.5473671,37.892506],[-122.547367,37.892515],[-122.5473557,37.892515],[-122.5473556,37.892524],[-122.5473329,37.8925239],[-122.5473327,37.8925419],[-122.5473214,37.8925419],[-122.5473213,37.8925509],[-122.5472986,37.8925508],[-122.5472985,37.8925598],[-122.5472872,37.8925598],[-122.5472871,37.8925688],[-122.5472757,37.8925688],[-122.5472757,37.8925778],[-122.5472643,37.8925777],[-122.5472642,37.8925867],[-122.5472529,37.8925867],[-122.5472528,37.8925957],[-122.5472414,37.8925957],[-122.5472414,37.8926047],[-122.54723,37.8926046],[-122.5472299,37.8926227],[-122.5472185,37.8926226],[-122.5472185,37.8926316],[-122.5472071,37.8926316],[-122.547207,37.8926406],[-122.5471957,37.8926406],[-122.5471956,37.8926496],[-122.5471842,37.8926495],[-122.5471841,37.8926675],[-122.5471728,37.8926675],[-122.5471727,37.8926765],[-122.5471613,37.8926765],[-122.5471612,37.8927035],[-122.5471498,37.8927035],[-122.5471497,37.8927215],[-122.5471383,37.8927215],[-122.5471377,37.8928206],[-122.5471491,37.8928206],[-122.5471487,37.8928837],[-122.5471601,37.8928838],[-122.5471597,37.8929469],[-122.5471711,37.8929469],[-122.5471706,37.893019],[-122.547182,37.893019],[-122.5471818,37.8930461],[-122.5471932,37.8930461],[-122.5471931,37.8930552],[-122.5472045,37.8930552],[-122.5472043,37.8930912],[-122.5472157,37.8930913],[-122.5472156,37.8931093],[-122.5472269,37.8931094],[-122.5472267,37.8931364],[-122.5472381,37.8931364],[-122.5472381,37.8931454],[-122.5472494,37.8931455],[-122.5472493,37.8931725],[-122.5472606,37.8931726],[-122.5472605,37.8931906],[-122.5472719,37.8931906],[-122.5472719,37.8931997],[-122.5472832,37.8931997],[-122.5472832,37.8932087],[-122.5472946,37.8932088],[-122.5472944,37.8932268],[-122.5473172,37.8932269],[-122.5473171,37.8932359],[-122.5473399,37.893236],[-122.5473398,37.893245],[-122.5473512,37.893245],[-122.5473511,37.893254],[-122.5473625,37.8932541],[-122.5473625,37.8932631],[-122.5473738,37.8932631],[-122.5473738,37.8932722],[-122.5473851,37.8932722],[-122.5473851,37.8932812],[-122.5474078,37.8932813],[-122.5474078,37.8932903],[-122.5474192,37.8932904],[-122.5474191,37.8932994],[-122.5474532,37.8932995],[-122.5474532,37.8933085],[-122.5474545,37.8933085],[-122.5470794,37.8936624],[-122.5469731,37.8935863],[-122.5467928,37.8935524],[-122.5466128,37.8936667],[-122.5465221,37.8936312],[-122.5463871,37.8935409],[-122.5462779,37.8933976],[-122.546247,37.8932653],[-122.5462557,37.893157],[-122.5462991,37.8930358],[-122.5465168,37.8928745],[-122.5465345,37.8925251],[-122.546676,37.8924269],[-122.5468265,37.8923718],[-122.5469949,37.8922607],[-122.5471068,37.8920765],[-122.5472304,37.8918952],[-122.5474726,37.891992],[-122.5474725,37.8920017]]]}},{"type":"Feature","properties":{"elev_class":3,"elev_range_ft":"172-306 ft","Block_No":26},"geometry":{"type":"Polygon","coordinates":[[[-122.547926,37.8941035],[-122.547926,37.8940945],[-122.5478123,37.894094],[-122.5478124,37.894085],[-122.5477669,37.8940848],[-122.5477669,37.8940758],[-122.5477214,37.8940756],[-122.5477215,37.8940666],[-122.547676,37.8940665],[-122.5476761,37.8940574],[-122.5476647,37.8940574],[-122.5476647,37.8940484],[-122.547642,37.8940483],[-122.547642,37.8940393],[-122.5476193,37.8940392],[-122.5476192,37.8940482],[-122.5475737,37.894048],[-122.5475738,37.894039],[-122.5475397,37.8940389],[-122.5475397,37.8940299],[-122.547517,37.8940298],[-122.547517,37.8940208],[-122.5474829,37.8940207],[-122.547483,37.8940116],[-122.5474716,37.8940116],[-122.5474717,37.8940026],[-122.5474489,37.8940025],[-122.547449,37.8939935],[-122.5474262,37.8939934],[-122.5474263,37.8939844],[-122.5473922,37.8939843],[-122.5473922,37.8939752],[-122.5473808,37.8939752],[-122.5473809,37.8939662],[-122.5473468,37.8939661],[-122.5473468,37.893957],[-122.5472558,37.8939567],[-122.5472559,37.8939477],[-122.547199,37.8939475],[-122.5471991,37.8939384],[-122.5471764,37.8939384],[-122.5471764,37.8939293],[-122.5471423,37.8939292],[-122.5471423,37.8939202],[-122.5471082,37.8939201],[-122.5471083,37.893911],[-122.5470855,37.893911],[-122.5470856,37.893902],[-122.5470515,37.8939018],[-122.5470515,37.8938928],[-122.5470174,37.8938927],[-122.5470175,37.8938837],[-122.5470061,37.8938836],[-122.5470061,37.8938746],[-122.5469834,37.8938745],[-122.5469834,37.8938655],[-122.5469607,37.8938654],[-122.5469608,37.8938564],[-122.546938,37.8938563],[-122.5469381,37.8938473],[-122.5469039,37.8938472],[-122.546904,37.8938382],[-122.5468926,37.8938381],[-122.5468927,37.8938291],[-122.5468813,37.8938291],[-122.5468814,37.893811],[-122.5468587,37.893811],[-122.5468587,37.8938019],[-122.5468474,37.8938019],[-122.5468474,37.8937929],[-122.5468247,37.8937928],[-122.5468247,37.8937838],[-122.546802,37.8937837],[-122.546802,37.8937747],[-122.5467907,37.8937746],[-122.5467906,37.8937837],[-122.5467792,37.8937836],[-122.5467793,37.8937746],[-122.5467565,37.8937745],[-122.5467566,37.8937655],[-122.5467338,37.8937654],[-122.5467339,37.8937564],[-122.546677,37.8937562],[-122.5466771,37.8937472],[-122.546643,37.893747],[-122.546643,37.893738],[-122.5466316,37.893738],[-122.5466317,37.893729],[-122.5466203,37.8937289],[-122.5466204,37.8937199],[-122.5465749,37.8937197],[-122.5465749,37.8937107],[-122.5465522,37.8937106],[-122.5465523,37.8937016],[-122.5465295,37.8937015],[-122.5465296,37.8936925],[-122.5465068,37.8936924],[-122.5465069,37.8936834],[-122.5464955,37.8936834],[-122.5464956,37.8936744],[-122.5464842,37.8936743],[-122.5464842,37.8936653],[-122.5464615,37.8936652],[-122.5464616,37.8936562],[-122.5464502,37.8936562],[-122.5464502,37.8936471],[-122.5464389,37.8936471],[-122.5464389,37.8936381],[-122.5464162,37.893638],[-122.5464162,37.893629],[-122.5464049,37.8936289],[-122.5464049,37.8936199],[-122.5463935,37.8936199],[-122.5463936,37.8936109],[-122.5463709,37.8936108],[-122.5463709,37.8936018],[-122.5463482,37.8936017],[-122.5463482,37.8935927],[-122.5463368,37.8935926],[-122.5463369,37.8935836],[-122.5463255,37.8935836],[-122.5463256,37.8935746],[-122.5463142,37.8935745],[-122.5463143,37.8935655],[-122.5463029,37.8935655],[-122.5463029,37.8935564],[-122.5462802,37.8935564],[-122.5462802,37.8935473],[-122.5462689,37.8935473],[-122.5462689,37.8935383],[-122.5462576,37.8935382],[-122.5462576,37.8935292],[-122.5462462,37.8935292],[-122.5462463,37.8935202],[-122.5462349,37.8935201],[-122.546235,37.8935021],[-122.5462237,37.8935021],[-122.5462237,37.893493],[-122.5462123,37.893493],[-122.5462124,37.893484],[-122.546201,37.8934839],[-122.5462011,37.8934749],[-122.5461897,37.8934749],[-122.5461898,37.8934659],[-122.5461784,37.8934658],[-122.5461784,37.8934568],[-122.5461671,37.8934568],[-122.5461671,37.8934478],[-122.5461557,37.8934477],[-122.5461559,37.8934297],[-122.5461445,37.8934297],[-122.5461446,37.8934116],[-122.5461332,37.8934116],[-122.5461333,37.8933936],[-122.546122,37.8933935],[-122.5461221,37.8933755],[-122.5461107,37.8933755],[-122.5461109,37.8933484],[-122.5460995,37.8933484],[-122.5460995,37.8933393],[-122.5460882,37.8933393],[-122.5460883,37.8933213],[-122.5460769,37.8933212],[-122.546077,37.8933032],[-122.5460657,37.8933032],[-122.5460658,37.8932851],[-122.5460544,37.8932851],[-122.5460546,37.8932581],[-122.5460432,37.893258],[-122.5460433,37.8932343],[-122.546247,37.8932653],[-122.5462779,37.8933976],[-122.5463871,37.8935409],[-122.5465221,37.8936312],[-122.5466128,37.8936667],[-122.5467928,37.8935524],[-122.5469731,37.8935863],[-122.5470794,37.8936624],[-122.5471122,37.8936858],[-122.5473389,37.8937066],[-122.5477251,37.8937154],[-122.5479477,37.8937331],[-122.5479283,37.8941035],[-122.547926,37.8941035]]]}},{"type":"Feature","properties":{"elev_class":3,"elev_range_ft":"172-306 ft","Block_No":19},"geometry":{"type":"MultiPolygon","coordinates":[[[[-122.5476202,37.8957517],[-122.5476201,37.8957607],[-122.5476088,37.8957606],[-122.5476087,37.8957697],[-122.547586,37.8957696],[-122.5475859,37.8957786],[-122.5475745,37.8957785],[-122.5475745,37.8957876],[-122.5475517,37.8957875],[-122.5475517,37.8957965],[-122.5475289,37.8957964],[-122.5475289,37.8958054],[-122.5475061,37.8958053],[-122.5475061,37.8958143],[-122.5474947,37.8958143],[-122.5474946,37.8958233],[-122.5474719,37.8958232],[-122.5474718,37.8958322],[-122.5474491,37.8958321],[-122.547449,37.8958412],[-122.5474263,37.8958411],[-122.5474262,37.8958501],[-122.5473921,37.8958499],[-122.5473921,37.8958589],[-122.5473693,37.8958589],[-122.5473693,37.8958679],[-122.5473465,37.8958678],[-122.5473465,37.8958768],[-122.5473237,37.8958767],[-122.5473236,37.8958857],[-122.5473009,37.8958856],[-122.5473008,37.8958947],[-122.5472781,37.8958946],[-122.5472781,37.8959036],[-122.5472553,37.8959035],[-122.5472552,37.8959125],[-122.5472097,37.8959123],[-122.5472098,37.8959033],[-122.5471416,37.8959031],[-122.5471416,37.895894],[-122.5470734,37.8958938],[-122.5470734,37.8958848],[-122.5470393,37.8958846],[-122.5470394,37.8958756],[-122.5469939,37.8958754],[-122.5469939,37.8958664],[-122.5469598,37.8958663],[-122.5469599,37.8958573],[-122.5469371,37.8958572],[-122.5469372,37.8958482],[-122.546903,37.8958481],[-122.5469031,37.895839],[-122.5468917,37.895839],[-122.5468918,37.895821],[-122.5468805,37.8958209],[-122.5468805,37.8958119],[-122.5468692,37.8958119],[-122.5468692,37.8958029],[-122.5468578,37.8958028],[-122.5468579,37.8957938],[-122.5468465,37.8957938],[-122.5468466,37.8957757],[-122.5468353,37.8957757],[-122.5468354,37.8957577],[-122.546824,37.8957576],[-122.5468241,37.8957396],[-122.5468127,37.8957396],[-122.5468129,37.8957125],[-122.5468015,37.8957125],[-122.5468017,37.8956854],[-122.5467903,37.8956854],[-122.5467904,37.8956674],[-122.546779,37.8956673],[-122.5467791,37.8956583],[-122.5467677,37.8956583],[-122.5467679,37.8956312],[-122.5467565,37.8956312],[-122.5467569,37.8955771],[-122.5467455,37.8955771],[-122.5467456,37.895559],[-122.5467342,37.895559],[-122.5467343,37.895541],[-122.546723,37.8955409],[-122.5467231,37.8955229],[-122.5467117,37.8955228],[-122.5467118,37.8955138],[-122.546689,37.8955137],[-122.5466891,37.8955047],[-122.5466777,37.8955047],[-122.5466777,37.8954957],[-122.5466664,37.8954956],[-122.5466664,37.8954866],[-122.546655,37.8954866],[-122.5466551,37.8954776],[-122.5466437,37.8954775],[-122.5466438,37.8954685],[-122.5466324,37.8954685],[-122.5466325,37.8954595],[-122.5466211,37.8954594],[-122.5466211,37.8954504],[-122.5466098,37.8954504],[-122.5466098,37.8954413],[-122.5465985,37.8954413],[-122.5465985,37.8954323],[-122.5465758,37.8954322],[-122.5465758,37.8954232],[-122.5465645,37.8954231],[-122.5465645,37.8954141],[-122.5465418,37.895414],[-122.5465418,37.895405],[-122.5465191,37.8954049],[-122.5465191,37.8953959],[-122.5465078,37.8953959],[-122.5465078,37.8953882],[-122.5465733,37.8953448],[-122.5466913,37.8952408],[-122.5467513,37.8951563],[-122.5468566,37.8951576],[-122.5469759,37.895242],[-122.5471693,37.8953283],[-122.5473986,37.8954448],[-122.5476677,37.8954494],[-122.5476373,37.8957517],[-122.5476202,37.8957517]]],[[[-122.5463032,37.8953591],[-122.5463033,37.8953574],[-122.5463122,37.8953591],[-122.5463032,37.8953591]]],[[[-122.5458266,37.895186],[-122.5458267,37.8951769],[-122.5458039,37.8951769],[-122.545804,37.8951678],[-122.5457812,37.8951678],[-122.5457813,37.8951588],[-122.5457699,37.8951587],[-122.54577,37.8951497],[-122.5457586,37.8951497],[-122.5457587,37.8951406],[-122.5457359,37.8951406],[-122.545736,37.8951315],[-122.5457246,37.8951315],[-122.5457246,37.8951225],[-122.5457133,37.8951224],[-122.5457134,37.8950954],[-122.5457021,37.8950953],[-122.5457022,37.8950773],[-122.5456908,37.8950773],[-122.5456909,37.8950683],[-122.5457022,37.8950683],[-122.5457023,37.8950503],[-122.5457137,37.8950503],[-122.5457138,37.8950413],[-122.5457249,37.8950414],[-122.5457473,37.8950749],[-122.545816,37.8951633],[-122.5458412,37.895186],[-122.5458266,37.895186]]]]}},{"type":"Feature","properties":{"elev_class":3,"elev_range_ft":"172-306 ft","Block_No":18},"geometry":{"type":"Polygon","coordinates":[[[-122.5476996,37.895788],[-122.5476999,37.895743],[-122.5476544,37.8957428],[-122.5476543,37.8957518],[-122.5476373,37.8957517],[-122.5476677,37.8954494],[-122.5476695,37.8952718],[-122.5474166,37.8952366],[-122.5471847,37.8951517],[-122.5470395,37.8950454],[-122.5469087,37.8950062],[-122.5468098,37.8950376],[-122.5467513,37.8951563],[-122.5466913,37.8952408],[-122.5465733,37.8953448],[-122.5465078,37.8953882],[-122.5465078,37.8953869],[-122.5464851,37.8953868],[-122.5464851,37.8953778],[-122.5464624,37.8953777],[-122.5464624,37.8953687],[-122.5464169,37.8953685],[-122.546417,37.8953595],[-122.5463715,37.8953593],[-122.5463715,37.8953503],[-122.5463147,37.8953501],[-122.5463146,37.8953591],[-122.5463122,37.8953591],[-122.5463033,37.8953574],[-122.5463033,37.89535],[-122.5462806,37.89535],[-122.5462806,37.8953409],[-122.5462579,37.8953408],[-122.5462579,37.8953318],[-122.5462466,37.8953318],[-122.5462466,37.8953228],[-122.5462352,37.8953227],[-122.5462353,37.8953137],[-122.5462239,37.8953137],[-122.546224,37.8953047],[-122.5462126,37.8953046],[-122.5462127,37.8952956],[-122.5461899,37.8952955],[-122.54619,37.8952865],[-122.5461672,37.8952864],[-122.5461673,37.8952774],[-122.5461559,37.8952774],[-122.5461559,37.8952684],[-122.5461446,37.8952683],[-122.5461446,37.8952593],[-122.5461219,37.8952592],[-122.5461219,37.8952502],[-122.5460992,37.8952501],[-122.5460992,37.8952411],[-122.5460765,37.895241],[-122.5460766,37.895232],[-122.5460424,37.8952319],[-122.5460425,37.8952229],[-122.545997,37.8952227],[-122.545997,37.8952137],[-122.5459857,37.8952136],[-122.5459857,37.8952046],[-122.5459744,37.8952046],[-122.5459744,37.8951955],[-122.545963,37.8951955],[-122.5459632,37.8951775],[-122.5458949,37.8951772],[-122.5458949,37.8951862],[-122.5458412,37.895186],[-122.545816,37.8951633],[-122.5457473,37.8950749],[-122.5457249,37.8950414],[-122.5457251,37.8950414],[-122.5457253,37.8950233],[-122.5457366,37.8950234],[-122.5457367,37.8950144],[-122.5457481,37.8950144],[-122.5457481,37.8950054],[-122.5457595,37.8950054],[-122.5457595,37.8949964],[-122.5457482,37.8949964],[-122.5457486,37.8949243],[-122.5457714,37.8949244],[-122.5457714,37.8949154],[-122.5457942,37.8949154],[-122.5457942,37.8949064],[-122.5458056,37.8949065],[-122.5458057,37.8948885],[-122.5458171,37.8948885],[-122.5458171,37.8948795],[-122.5458285,37.8948795],[-122.5458286,37.8948705],[-122.5458513,37.8948706],[-122.5458514,37.8948616],[-122.5458627,37.8948616],[-122.5458628,37.8948436],[-122.5458742,37.8948436],[-122.5458743,37.8948346],[-122.5458857,37.8948347],[-122.5458857,37.8948257],[-122.5458971,37.8948257],[-122.5458971,37.8948167],[-122.5459085,37.8948167],[-122.5459087,37.8947897],[-122.5458973,37.8947897],[-122.5458974,37.8947807],[-122.5459087,37.8947807],[-122.5459088,37.8947717],[-122.5459202,37.8947717],[-122.5459202,37.8947627],[-122.5459316,37.8947628],[-122.5459317,37.8947357],[-122.5459431,37.8947358],[-122.5459433,37.8947087],[-122.5459547,37.8947088],[-122.5459548,37.8946817],[-122.5459662,37.8946818],[-122.5459665,37.8946277],[-122.5459779,37.8946277],[-122.545978,37.8946097],[-122.5459894,37.8946098],[-122.5459895,37.8945917],[-122.5460009,37.8945918],[-122.546001,37.8945647],[-122.5460124,37.8945648],[-122.5460125,37.8945558],[-122.5460238,37.8945558],[-122.546024,37.8945378],[-122.5460353,37.8945378],[-122.5460354,37.8945288],[-122.5460468,37.8945289],[-122.5460468,37.8945199],[-122.5461037,37.8945201],[-122.5461037,37.8945111],[-122.5461606,37.8945113],[-122.5461607,37.8945023],[-122.5462061,37.8945024],[-122.5462062,37.8944934],[-122.5463086,37.8944938],[-122.5463086,37.8944848],[-122.5463427,37.8944849],[-122.5463428,37.8944759],[-122.5463542,37.894476],[-122.5463542,37.894467],[-122.546377,37.894467],[-122.546377,37.894458],[-122.5464111,37.8944582],[-122.5464111,37.8944576],[-122.546929,37.8945051],[-122.546934,37.8945051],[-122.546934,37.8945052],[-122.5470705,37.8945058],[-122.5470705,37.8945037],[-122.5473321,37.8945011],[-122.5473319,37.8945338],[-122.5474002,37.8945341],[-122.5474002,37.8945251],[-122.5474685,37.8945253],[-122.5474685,37.8945163],[-122.5475026,37.8945164],[-122.5475027,37.8945074],[-122.5475368,37.8945076],[-122.5475369,37.8944991],[-122.5475384,37.894499],[-122.5477389,37.8945331],[-122.5483429,37.8947223],[-122.5489944,37.8947367],[-122.5486822,37.8953532],[-122.5486244,37.8954652],[-122.5487068,37.8955796],[-122.5490324,37.8956802],[-122.5494633,37.8958464],[-122.549963,37.8960743],[-122.5504982,37.8962677],[-122.5507376,37.8963311],[-122.5513712,37.8963394],[-122.5513597,37.8964552],[-122.5512931,37.896573],[-122.5511877,37.8966401],[-122.5510467,37.896686],[-122.5508903,37.8967125],[-122.5507086,37.8967275],[-122.5504584,37.8967042],[-122.5501748,37.8966419],[-122.5500462,37.8965947],[-122.5496554,37.8964158],[-122.5494938,37.8964151],[-122.5493357,37.8963751],[-122.5491763,37.896289],[-122.5490803,37.8962267],[-122.5490377,37.8961456],[-122.5490263,37.8960569],[-122.5489837,37.8959794],[-122.5489463,37.8959232],[-122.5488464,37.8958823],[-122.5487696,37.8958623],[-122.5486333,37.8958311],[-122.5483416,37.8958547],[-122.5481933,37.895848],[-122.5480503,37.8957516],[-122.5478125,37.8957527],[-122.5477086,37.8957881],[-122.5476996,37.895788]]]}},{"type":"Feature","properties":{"elev_class":3,"elev_range_ft":"172-306 ft","Block_No":17},"geometry":{"type":"Polygon","coordinates":[[[-122.5485058,37.8960074],[-122.5485057,37.8960164],[-122.5484943,37.8960164],[-122.5484943,37.8960254],[-122.5484488,37.8960252],[-122.5484487,37.8960343],[-122.5484146,37.8960341],[-122.5484146,37.8960431],[-122.5483804,37.896043],[-122.5483804,37.896052],[-122.5483576,37.8960519],[-122.5483575,37.89607],[-122.5483462,37.8960699],[-122.5483461,37.8960789],[-122.548312,37.8960788],[-122.5483119,37.8960878],[-122.5482892,37.8960877],[-122.5482891,37.8960967],[-122.5482777,37.8960967],[-122.5482777,37.8961057],[-122.5482436,37.8961056],[-122.5482435,37.8961146],[-122.5482322,37.8961145],[-122.5482321,37.8961236],[-122.5482093,37.8961235],[-122.5482093,37.8961325],[-122.5481865,37.8961324],[-122.5481865,37.8961414],[-122.5481637,37.8961413],[-122.5481637,37.8961503],[-122.5481296,37.8961502],[-122.5481295,37.8961592],[-122.5480954,37.8961591],[-122.5480953,37.8961681],[-122.5480612,37.896168],[-122.5480612,37.896177],[-122.548027,37.8961769],[-122.5480271,37.8961678],[-122.5479816,37.8961677],[-122.5479817,37.8961586],[-122.5479475,37.8961585],[-122.5479476,37.8961495],[-122.5478452,37.8961491],[-122.5478453,37.8961401],[-122.5478339,37.89614],[-122.547834,37.896131],[-122.5478226,37.896131],[-122.5478227,37.896122],[-122.5478113,37.8961219],[-122.5478113,37.8961129],[-122.5478,37.8961129],[-122.5478,37.8961039],[-122.5477886,37.8961038],[-122.5477887,37.8960948],[-122.5477773,37.8960948],[-122.5477774,37.8960858],[-122.547766,37.8960857],[-122.5477661,37.8960677],[-122.5477547,37.8960676],[-122.5477548,37.8960586],[-122.5477434,37.8960586],[-122.5477436,37.8960225],[-122.5477323,37.8960225],[-122.5477329,37.8959233],[-122.5477215,37.8959233],[-122.5477221,37.8958242],[-122.5477107,37.8958241],[-122.5477109,37.8957881],[-122.5477086,37.8957881],[-122.5478125,37.8957527],[-122.5480503,37.8957516],[-122.5481933,37.895848],[-122.5483416,37.8958547],[-122.5486333,37.8958311],[-122.5485964,37.8959059],[-122.548528,37.8960075],[-122.5485058,37.8960074]]]}},{"type":"Feature","properties":{"elev_class":3,"elev_range_ft":"172-306 ft","Block_No":11},"geometry":{"type":"MultiPolygon","coordinates":[[[[-122.5518222,37.8967772],[-122.5518336,37.8967772],[-122.5518336,37.8967863],[-122.5518449,37.8967863],[-122.5518449,37.8967953],[-122.5518676,37.8967954],[-122.5518676,37.8968044],[-122.5518789,37.8968045],[-122.5518789,37.8968135],[-122.5519016,37.8968136],[-122.5519016,37.8968226],[-122.5519243,37.8968227],[-122.5519243,37.8968317],[-122.5519435,37.8968317],[-122.5514043,37.897107],[-122.5513961,37.8972316],[-122.5516223,37.8972019],[-122.5518608,37.8971642],[-122.5520772,37.8971406],[-122.5520356,37.8973509],[-122.5519096,37.8976635],[-122.5518454,37.8977793],[-122.551676,37.8977639],[-122.5515673,37.8977267],[-122.5514483,37.8976434],[-122.5512979,37.8975572],[-122.551156,37.8974565],[-122.55109,37.8974865],[-122.5510901,37.8974774],[-122.5511014,37.8974775],[-122.5511015,37.8974685],[-122.5511129,37.8974685],[-122.5511129,37.8974595],[-122.5511243,37.8974595],[-122.5511243,37.8974505],[-122.5511471,37.8974506],[-122.5511472,37.8974416],[-122.5511813,37.8974417],[-122.5511813,37.8974327],[-122.5512041,37.8974328],[-122.5512041,37.8974238],[-122.5512269,37.8974239],[-122.5512269,37.8974149],[-122.5512383,37.8974149],[-122.5512384,37.8974059],[-122.5512497,37.8974059],[-122.55125,37.8973609],[-122.5512386,37.8973608],[-122.5512387,37.8973518],[-122.5512273,37.8973518],[-122.5512274,37.8973427],[-122.551216,37.8973427],[-122.551216,37.8973337],[-122.5511933,37.8973336],[-122.5511934,37.8973246],[-122.5511706,37.8973245],[-122.5511707,37.8973155],[-122.5511479,37.8973154],[-122.551148,37.8973064],[-122.5511366,37.8973064],[-122.5511367,37.8972973],[-122.5511253,37.8972973],[-122.5511253,37.8972883],[-122.551114,37.8972882],[-122.551114,37.8972792],[-122.5511026,37.8972792],[-122.5511027,37.8972702],[-122.5510913,37.8972701],[-122.5510914,37.8972611],[-122.55108,37.8972611],[-122.55108,37.8972521],[-122.5510687,37.897252],[-122.5510688,37.897234],[-122.5510574,37.897234],[-122.5510576,37.8972069],[-122.5510462,37.8972069],[-122.5510463,37.8971888],[-122.5510008,37.8971887],[-122.5510009,37.8971797],[-122.550944,37.8971794],[-122.550944,37.8971885],[-122.5509326,37.8971884],[-122.5509325,37.8971974],[-122.5509098,37.8971973],[-122.5509097,37.8972063],[-122.5508983,37.8972063],[-122.5508983,37.8972153],[-122.5508869,37.8972153],[-122.5508869,37.8972243],[-122.5508755,37.8972242],[-122.5508754,37.8972333],[-122.5508641,37.8972332],[-122.550864,37.8972422],[-122.5508526,37.8972422],[-122.5508526,37.8972512],[-122.5508412,37.8972512],[-122.5508411,37.8972602],[-122.5508298,37.8972601],[-122.5508297,37.8972691],[-122.5508184,37.8972691],[-122.5508183,37.8972781],[-122.5507956,37.897278],[-122.5507955,37.897287],[-122.5507727,37.8972869],[-122.5507727,37.897296],[-122.5507272,37.8972958],[-122.5507272,37.8972868],[-122.5507159,37.8972867],[-122.5507159,37.8972777],[-122.5507046,37.8972777],[-122.5507046,37.8972687],[-122.5506932,37.8972686],[-122.5506933,37.8972596],[-122.5506706,37.8972595],[-122.5506706,37.8972505],[-122.5506479,37.8972504],[-122.5506479,37.8972414],[-122.5506365,37.8972414],[-122.5506366,37.8972323],[-122.5506252,37.8972323],[-122.5506253,37.8972233],[-122.5506139,37.8972233],[-122.5506139,37.8972142],[-122.5505912,37.8972142],[-122.5505913,37.8972051],[-122.5505571,37.897205],[-122.5505572,37.897196],[-122.5505231,37.8971959],[-122.5505231,37.8971868],[-122.550489,37.8971867],[-122.550489,37.8971957],[-122.5504321,37.8971955],[-122.5504321,37.8971865],[-122.5503753,37.8971863],[-122.5503753,37.8971773],[-122.5503412,37.8971771],[-122.5503413,37.8971681],[-122.5502616,37.8971678],[-122.5502617,37.8971588],[-122.5501707,37.8971585],[-122.5501708,37.8971495],[-122.5501025,37.8971492],[-122.5501025,37.8971582],[-122.5500115,37.8971578],[-122.5500115,37.8971488],[-122.5499547,37.8971486],[-122.5499547,37.8971396],[-122.5499206,37.8971395],[-122.5499207,37.8971305],[-122.5498979,37.8971304],[-122.549898,37.8971214],[-122.5498866,37.8971213],[-122.5498866,37.8971123],[-122.5498639,37.8971122],[-122.549864,37.8971032],[-122.5498412,37.8971031],[-122.5498413,37.8970941],[-122.5498185,37.897094],[-122.5498186,37.897085],[-122.5497958,37.8970849],[-122.5497959,37.8970759],[-122.5497731,37.8970758],[-122.5497732,37.8970668],[-122.5497618,37.8970668],[-122.5497619,37.8970578],[-122.5497505,37.8970577],[-122.5497505,37.8970487],[-122.5497392,37.8970487],[-122.5497392,37.8970396],[-122.5497278,37.8970396],[-122.5497279,37.8970306],[-122.5497165,37.8970305],[-122.5497166,37.8970125],[-122.5497053,37.8970125],[-122.5497053,37.8970035],[-122.5497167,37.8970035],[-122.5497168,37.8969945],[-122.5497509,37.8969946],[-122.5497509,37.8969856],[-122.5497282,37.8969855],[-122.5497282,37.8969765],[-122.5496373,37.8969762],[-122.5496372,37.8969852],[-122.5496144,37.8969851],[-122.5496144,37.8969941],[-122.5495916,37.896994],[-122.5495916,37.897003],[-122.5495688,37.8970029],[-122.5495688,37.8970119],[-122.5495347,37.8970118],[-122.5495346,37.8970208],[-122.5495119,37.8970208],[-122.5495118,37.8970298],[-122.5494549,37.8970295],[-122.5494549,37.8970385],[-122.549398,37.8970383],[-122.5493981,37.8970293],[-122.5493298,37.8970291],[-122.5493299,37.8970201],[-122.5493071,37.89702],[-122.5493072,37.897011],[-122.5492844,37.8970109],[-122.5492846,37.8969838],[-122.5492732,37.8969838],[-122.5492733,37.8969748],[-122.5492278,37.8969746],[-122.5492278,37.8969656],[-122.5491937,37.8969655],[-122.5491938,37.8969564],[-122.5491824,37.8969564],[-122.5491825,37.8969474],[-122.5491711,37.8969473],[-122.5491712,37.8969383],[-122.5491598,37.8969383],[-122.5491604,37.8968391],[-122.5491717,37.8968392],[-122.5491719,37.8968212],[-122.5491605,37.8968211],[-122.5491605,37.8968121],[-122.5491492,37.8968121],[-122.5491492,37.8968031],[-122.5491378,37.896803],[-122.5491379,37.896794],[-122.5491265,37.896794],[-122.5491266,37.8967849],[-122.5491038,37.8967849],[-122.5491039,37.8967758],[-122.5490925,37.8967758],[-122.5490926,37.8967668],[-122.5490812,37.8967667],[-122.5490813,37.8967487],[-122.5490699,37.8967487],[-122.54907,37.8967397],[-122.5490586,37.8967396],[-122.5490587,37.8967306],[-122.5489904,37.8967303],[-122.5489905,37.8967213],[-122.5489564,37.8967212],[-122.5489564,37.8967122],[-122.5489337,37.8967121],[-122.5489336,37.8967211],[-122.5489109,37.896721],[-122.5489108,37.89673],[-122.5488653,37.8967299],[-122.5488654,37.8967208],[-122.5488426,37.8967208],[-122.5488427,37.8967117],[-122.5488313,37.8967117],[-122.5488314,37.8967027],[-122.54882,37.8967026],[-122.5488201,37.8966936],[-122.5488087,37.8966936],[-122.5488087,37.8966846],[-122.5487974,37.8966845],[-122.5487974,37.8966755],[-122.548786,37.8966755],[-122.5487861,37.8966665],[-122.5487747,37.8966664],[-122.5487751,37.8966033],[-122.5487865,37.8966034],[-122.5487866,37.8965854],[-122.548798,37.8965854],[-122.5487981,37.8965583],[-122.5488095,37.8965584],[-122.5488098,37.8965133],[-122.548787,37.8965132],[-122.5487872,37.8964862],[-122.5487986,37.8964863],[-122.5487987,37.8964682],[-122.5487873,37.8964682],[-122.5487874,37.8964501],[-122.548776,37.8964501],[-122.5487761,37.8964411],[-122.5487875,37.8964411],[-122.5487876,37.8964231],[-122.548799,37.8964232],[-122.5487991,37.8963961],[-122.5487877,37.8963961],[-122.5487878,37.8963871],[-122.5487651,37.896387],[-122.5487651,37.896378],[-122.5487537,37.8963779],[-122.5487538,37.8963689],[-122.5487424,37.8963689],[-122.5487425,37.8963508],[-122.5487311,37.8963508],[-122.5487313,37.8963238],[-122.5487199,37.8963237],[-122.5487201,37.8962967],[-122.5487087,37.8962966],[-122.5487088,37.8962876],[-122.5486974,37.8962876],[-122.5486975,37.8962786],[-122.5486861,37.8962785],[-122.5486861,37.8962695],[-122.5486748,37.8962695],[-122.5486749,37.8962514],[-122.5486635,37.8962514],[-122.5486636,37.8962424],[-122.5486522,37.8962423],[-122.5486523,37.8962333],[-122.5486409,37.8962333],[-122.5486409,37.8962243],[-122.5486296,37.8962242],[-122.5486297,37.8962062],[-122.5486183,37.8962061],[-122.5486186,37.8961611],[-122.5486072,37.8961611],[-122.5486074,37.896125],[-122.5485961,37.896125],[-122.5485962,37.8960979],[-122.5485848,37.8960979],[-122.5485851,37.8960618],[-122.5485737,37.8960618],[-122.548574,37.8960167],[-122.5485626,37.8960167],[-122.5485626,37.8960077],[-122.548528,37.8960075],[-122.5485964,37.8959059],[-122.5486333,37.8958311],[-122.5487696,37.8958623],[-122.5488464,37.8958823],[-122.5489463,37.8959232],[-122.5489837,37.8959794],[-122.5490263,37.8960569],[-122.5490377,37.8961456],[-122.5490803,37.8962267],[-122.5491763,37.896289],[-122.5493357,37.8963751],[-122.5494938,37.8964151],[-122.5496554,37.8964158],[-122.5500462,37.8965947],[-122.5498549,37.8968926],[-122.5498262,37.8969366],[-122.5498232,37.8970098],[-122.5499218,37.8970555],[-122.5501416,37.8970675],[-122.5503734,37.8970595],[-122.5508096,37.8970421],[-122.5510987,37.8970331],[-122.5515828,37.8964929],[-122.5516033,37.8966032],[-122.5516597,37.8966576],[-122.5517645,37.8967487],[-122.5518223,37.896767],[-122.5518222,37.8967772]]],[[[-122.5511097,37.8979912],[-122.5510983,37.8979912],[-122.5510984,37.8979822],[-122.551087,37.8979821],[-122.5510871,37.8979731],[-122.5510757,37.8979731],[-122.5510757,37.8979641],[-122.551053,37.897964],[-122.551053,37.897955],[-122.5510417,37.8979549],[-122.5510417,37.8979459],[-122.5510303,37.8979459],[-122.5510304,37.8979369],[-122.5510077,37.8979368],[-122.5510078,37.8979097],[-122.5509964,37.8979097],[-122.5509965,37.8979007],[-122.5509851,37.8979006],[-122.5509853,37.8978736],[-122.5509739,37.8978735],[-122.5509741,37.8978465],[-122.5509627,37.8978465],[-122.5509628,37.8978375],[-122.5509514,37.8978374],[-122.5509515,37.8978104],[-122.5509402,37.8978103],[-122.5509404,37.8977743],[-122.5509518,37.8977743],[-122.5509518,37.8977653],[-122.5509632,37.8977654],[-122.5509633,37.8977473],[-122.5509747,37.8977474],[-122.5509749,37.8977182],[-122.5510086,37.8978075],[-122.5511058,37.8979125],[-122.551157,37.8979792],[-122.5511096,37.8979977],[-122.5511097,37.8979912]]],[[[-122.5509751,37.8976753],[-122.5509766,37.8976753],[-122.5509751,37.897682],[-122.5509751,37.8976753]]]]}},{"type":"Feature","properties":{"elev_class":3,"elev_range_ft":"172-306 ft","Block_No":21},"geometry":{"type":"MultiPolygon","coordinates":[[[[-122.5441942,37.8980007],[-122.5441942,37.8979988],[-122.5442036,37.8979917],[-122.5442056,37.8979918],[-122.5442056,37.8979902],[-122.5442155,37.8979828],[-122.5442284,37.8979828],[-122.5442285,37.897973],[-122.5442394,37.8979648],[-122.5442399,37.8979648],[-122.5442399,37.8979644],[-122.5442468,37.8979593],[-122.5442467,37.8979559],[-122.5442741,37.897956],[-122.544274,37.897965],[-122.5442968,37.8979651],[-122.5442967,37.8979741],[-122.5443081,37.8979741],[-122.5443081,37.8979831],[-122.5443194,37.8979832],[-122.5443194,37.8979922],[-122.5443308,37.8979922],[-122.5443307,37.8980013],[-122.5443421,37.8980013],[-122.544342,37.8980103],[-122.5443534,37.8980103],[-122.5443533,37.8980194],[-122.5443761,37.8980194],[-122.544376,37.8980285],[-122.5443874,37.8980285],[-122.5443873,37.8980375],[-122.5443987,37.8980376],[-122.5443987,37.8980466],[-122.54441,37.8980466],[-122.54441,37.8980556],[-122.5444213,37.8980557],[-122.5444213,37.8980647],[-122.5444327,37.8980647],[-122.5444326,37.8980737],[-122.544444,37.8980738],[-122.5444439,37.8980828],[-122.5444553,37.8980828],[-122.5444552,37.8980919],[-122.5444666,37.8980919],[-122.5444666,37.8981009],[-122.5444893,37.898101],[-122.5444893,37.89811],[-122.5445006,37.8981101],[-122.5445006,37.8981191],[-122.544512,37.8981191],[-122.5445119,37.8981281],[-122.5445233,37.8981282],[-122.5445232,37.8981372],[-122.5445346,37.8981372],[-122.5445345,37.8981462],[-122.5445459,37.8981463],[-122.5445459,37.8981553],[-122.5445572,37.8981553],[-122.5445572,37.8981644],[-122.5445685,37.8981644],[-122.5445685,37.8981734],[-122.5445799,37.8981735],[-122.5445797,37.8981915],[-122.5445911,37.8981915],[-122.544591,37.8982095],[-122.5446024,37.8982096],[-122.5446023,37.8982186],[-122.5446137,37.8982186],[-122.5446137,37.8982277],[-122.544625,37.8982277],[-122.5446249,37.8982457],[-122.5446363,37.8982458],[-122.5446363,37.8982501],[-122.5440499,37.8981075],[-122.5441917,37.8980007],[-122.5441942,37.8980007]]],[[[-122.5458859,37.898503],[-122.5458745,37.8985029],[-122.5458747,37.8984759],[-122.5458633,37.8984758],[-122.5458633,37.8984668],[-122.545852,37.8984668],[-122.545852,37.8984578],[-122.5458406,37.8984577],[-122.5458407,37.8984487],[-122.5458521,37.8984488],[-122.5458521,37.8984398],[-122.5458635,37.8984398],[-122.5458638,37.8983947],[-122.5458524,37.8983947],[-122.5458526,37.8983676],[-122.5458639,37.8983677],[-122.5458644,37.8982956],[-122.545853,37.8982955],[-122.5458531,37.8982775],[-122.5458417,37.8982775],[-122.5458418,37.8982685],[-122.5458532,37.8982685],[-122.5458532,37.8982595],[-122.5458419,37.8982594],[-122.545842,37.8982414],[-122.5458533,37.8982415],[-122.5458536,37.8982054],[-122.5458649,37.8982055],[-122.5458653,37.8981514],[-122.5458766,37.8981514],[-122.5458767,37.8981424],[-122.5458881,37.8981425],[-122.5458882,37.8981244],[-122.5458947,37.8981245],[-122.5459018,37.8985581],[-122.5458855,37.8985541],[-122.5458859,37.898503]]]]}},{"type":"Feature","properties":{"elev_class":3,"elev_range_ft":"172-306 ft","Block_No":22},"geometry":{"type":"Polygon","coordinates":[[[-122.5427277,37.8988929],[-122.5430197,37.8987823],[-122.5430348,37.8987766],[-122.543346,37.8988317],[-122.5433539,37.8988331],[-122.54343,37.8985427],[-122.5435313,37.8984858],[-122.5437558,37.8983919],[-122.5440001,37.8983991],[-122.5441181,37.8984954],[-122.5442008,37.8985332],[-122.543942,37.8986923],[-122.5438191,37.8988111],[-122.5437467,37.8989625],[-122.5436978,37.8990635],[-122.543656,37.8992167],[-122.5436165,37.8993448],[-122.5435557,37.8995347],[-122.5439025,37.8995972],[-122.5438269,37.8998721],[-122.5436084,37.8998338],[-122.5435948,37.8998314],[-122.5435945,37.8998313],[-122.543512,37.899815],[-122.5434982,37.8998122],[-122.5432209,37.8997443],[-122.5430837,37.8997106],[-122.5430701,37.8997073],[-122.5426328,37.8996149],[-122.5426195,37.8996121],[-122.5426069,37.8996094],[-122.5426068,37.8996094],[-122.5426063,37.8996093],[-122.5426058,37.8996092],[-122.5426022,37.8996084],[-122.5425199,37.89959],[-122.5427277,37.8988929]]]}},{"type":"Feature","properties":{"elev_class":3,"elev_range_ft":"172-306 ft","Block_No":15},"geometry":{"type":"Polygon","coordinates":[[[-122.5458915,37.8998714],[-122.5458916,37.8998713],[-122.5458923,37.8998695],[-122.5458924,37.8998693],[-122.5458924,37.8998691],[-122.5458916,37.8998694],[-122.5458753,37.8998745],[-122.5458784,37.8998665],[-122.5458784,37.8998663],[-122.5458791,37.8998645],[-122.5458792,37.8998643],[-122.5458792,37.8998641],[-122.5458784,37.8998644],[-122.545852,37.8998727],[-122.5458238,37.8998817],[-122.5458006,37.899889],[-122.5457358,37.8999095],[-122.5457236,37.8999134],[-122.5456594,37.8999336],[-122.5456198,37.899946],[-122.5454995,37.8999839],[-122.5454911,37.8999865],[-122.5451395,37.9000949],[-122.5451344,37.9000965],[-122.5451343,37.9000965],[-122.5451342,37.9000965],[-122.5451048,37.9000935],[-122.5451024,37.9000933],[-122.5450907,37.9000921],[-122.5449639,37.9000793],[-122.5449624,37.9000792],[-122.5449503,37.900078],[-122.5449501,37.9000779],[-122.5449497,37.9000779],[-122.5448959,37.9000694],[-122.5447871,37.9000522],[-122.5446746,37.9000344],[-122.5446611,37.9000322],[-122.5446607,37.9000322],[-122.5446482,37.9000295],[-122.544599,37.900019],[-122.5444314,37.8999834],[-122.5444181,37.8999806],[-122.5444177,37.8999805],[-122.5443682,37.8999709],[-122.5443579,37.8999689],[-122.5443447,37.8999663],[-122.5442776,37.8999532],[-122.5442642,37.8999506],[-122.5442639,37.8999505],[-122.5441132,37.8999233],[-122.5440901,37.8999191],[-122.5440701,37.8999155],[-122.5439638,37.8998962],[-122.5439504,37.8998938],[-122.54395,37.8998937],[-122.5438269,37.8998721],[-122.5439025,37.8995972],[-122.5435557,37.8995347],[-122.5436165,37.8993448],[-122.543656,37.8992167],[-122.5436978,37.8990635],[-122.5437467,37.8989625],[-122.5438191,37.8988111],[-122.543942,37.8986923],[-122.5442008,37.8985332],[-122.5442664,37.8985632],[-122.544485,37.8986121],[-122.544835,37.8989189],[-122.5448766,37.8991396],[-122.5449972,37.8994925],[-122.5451614,37.8994931],[-122.5454664,37.8992945],[-122.5457313,37.8992513],[-122.54589,37.8993751],[-122.5460581,37.8995198],[-122.5462983,37.8995472],[-122.5461541,37.8999537],[-122.5461415,37.899952],[-122.5461392,37.8999517],[-122.5461213,37.8999493],[-122.5461074,37.8999474],[-122.5460869,37.8999446],[-122.5460794,37.8999436],[-122.546079,37.8999436],[-122.5460785,37.8999435],[-122.5460751,37.8999431],[-122.5458748,37.8999162],[-122.5458915,37.8998714]]]}},{"type":"Feature","properties":{"elev_class":3,"elev_range_ft":"172-306 ft","Block_No":16},"geometry":{"type":"Polygon","coordinates":[[[-122.5465943,37.8979739],[-122.5465942,37.8979829],[-122.5466284,37.8979831],[-122.5466283,37.8979921],[-122.5466738,37.8979923],[-122.5466737,37.8980013],[-122.5466851,37.8980013],[-122.5466851,37.8980103],[-122.5467306,37.8980105],[-122.5467306,37.8980015],[-122.5467534,37.8980016],[-122.5467534,37.8979926],[-122.5467989,37.8979928],[-122.546799,37.8979837],[-122.5468103,37.8979838],[-122.5468104,37.8979748],[-122.5468331,37.8979748],[-122.5468332,37.8979658],[-122.5468446,37.8979659],[-122.5468447,37.8979479],[-122.5468674,37.897948],[-122.5468675,37.8979389],[-122.5469016,37.8979391],[-122.5469017,37.89793],[-122.546913,37.8979301],[-122.5469131,37.8979211],[-122.5469358,37.8979212],[-122.5469359,37.8979122],[-122.5469586,37.8979122],[-122.5469587,37.8979032],[-122.5469635,37.8979032],[-122.5469127,37.8980357],[-122.5467601,37.8984804],[-122.5466683,37.8986797],[-122.5463368,37.8985985],[-122.5464609,37.8983057],[-122.5465912,37.8979739],[-122.5465943,37.8979739]]]}},{"type":"Feature","properties":{"elev_class":3,"elev_range_ft":"172-306 ft","Block_No":10},"geometry":{"type":"Polygon","coordinates":[[[-122.5519839,37.8982469],[-122.5519839,37.8982559],[-122.5519611,37.8982559],[-122.5519611,37.8982649],[-122.5518701,37.8982645],[-122.55187,37.8982735],[-122.5518018,37.8982733],[-122.5518019,37.8982643],[-122.5517677,37.8982641],[-122.5517678,37.8982551],[-122.551745,37.898255],[-122.5517451,37.898246],[-122.5517337,37.898246],[-122.5517338,37.898237],[-122.5517224,37.8982369],[-122.5517224,37.8982279],[-122.5517111,37.8982279],[-122.5517111,37.8982189],[-122.5516656,37.8982187],[-122.5516657,37.8982097],[-122.5516543,37.8982096],[-122.5516543,37.8982186],[-122.5516201,37.8982185],[-122.5516202,37.8982095],[-122.5515975,37.8982094],[-122.5515974,37.8982184],[-122.5515746,37.8982183],[-122.5515747,37.8982093],[-122.5515406,37.8982092],[-122.5515405,37.8982182],[-122.5514723,37.898218],[-122.5514722,37.898227],[-122.5514267,37.8982268],[-122.5514268,37.8982178],[-122.5513813,37.8982176],[-122.5513813,37.8982086],[-122.55137,37.8982085],[-122.5513701,37.8981905],[-122.5513814,37.8981906],[-122.5513817,37.8981455],[-122.5513703,37.8981455],[-122.5513705,37.8981274],[-122.5513477,37.8981273],[-122.5513478,37.8981093],[-122.5513364,37.8981093],[-122.5513366,37.8980913],[-122.5513138,37.8980912],[-122.5513139,37.8980822],[-122.5513025,37.8980821],[-122.5513026,37.8980731],[-122.5512798,37.898073],[-122.5512799,37.898064],[-122.5512571,37.8980639],[-122.5512572,37.8980549],[-122.5512458,37.8980549],[-122.5512458,37.8980458],[-122.5512345,37.8980458],[-122.5512345,37.8980368],[-122.5512118,37.8980367],[-122.5512118,37.8980277],[-122.5511436,37.8980274],[-122.5511436,37.8980184],[-122.5511323,37.8980184],[-122.5511323,37.8980094],[-122.5511209,37.8980093],[-122.551121,37.8980003],[-122.5511096,37.8980003],[-122.5511096,37.8979977],[-122.551157,37.8979792],[-122.5511058,37.8979125],[-122.5510086,37.8978075],[-122.5509749,37.8977182],[-122.5509751,37.897682],[-122.5509766,37.8976753],[-122.5509865,37.8976753],[-122.5509867,37.8976393],[-122.5509981,37.8976393],[-122.5509981,37.8976303],[-122.5510095,37.8976303],[-122.5510096,37.8976213],[-122.5510209,37.8976214],[-122.5510211,37.8976033],[-122.5510324,37.8976034],[-122.5510325,37.8975854],[-122.5510439,37.8975854],[-122.551044,37.8975764],[-122.5510553,37.8975764],[-122.5510554,37.8975584],[-122.5510668,37.8975584],[-122.5510669,37.8975494],[-122.5510783,37.8975495],[-122.5510784,37.8975315],[-122.5510897,37.8975315],[-122.55109,37.8974865],[-122.551156,37.8974565],[-122.5512979,37.8975572],[-122.5514483,37.8976434],[-122.5515673,37.8977267],[-122.551676,37.8977639],[-122.5518454,37.8977793],[-122.552185,37.8978802],[-122.5523812,37.8979361],[-122.5522182,37.8980891],[-122.5520642,37.8982025],[-122.5520222,37.8982471],[-122.5519839,37.8982469]]]}},{"type":"Feature","properties":{"elev_class":3,"elev_range_ft":"172-306 ft","Block_No":12},"geometry":{"type":"MultiPolygon","coordinates":[[[[-122.5494813,37.8983095],[-122.5494813,37.8983108],[-122.5494805,37.8983095],[-122.5494813,37.8983095]]],[[[-122.5494925,37.8983276],[-122.5494925,37.8983296],[-122.5494913,37.8983276],[-122.5494925,37.8983276]]],[[[-122.5495038,37.8983366],[-122.5495038,37.8983456],[-122.5495152,37.8983457],[-122.5495151,37.8983547],[-122.5495265,37.8983547],[-122.5495264,37.8983637],[-122.5495378,37.8983638],[-122.5495377,37.8983728],[-122.5495491,37.8983728],[-122.5495491,37.8983818],[-122.5495604,37.8983819],[-122.5495604,37.8983909],[-122.5495717,37.8983909],[-122.5495717,37.8984],[-122.5495831,37.8984],[-122.549583,37.898409],[-122.5495944,37.8984091],[-122.5495943,37.8984271],[-122.5496057,37.8984271],[-122.5496056,37.8984361],[-122.549617,37.8984362],[-122.5496169,37.8984542],[-122.5496282,37.8984543],[-122.5496281,37.8984723],[-122.5496395,37.8984723],[-122.5496394,37.8984904],[-122.5496508,37.8984904],[-122.5496507,37.8985084],[-122.549662,37.8985085],[-122.5496619,37.8985265],[-122.5496733,37.8985265],[-122.5496731,37.8985536],[-122.5496845,37.8985536],[-122.5496843,37.8985897],[-122.5496957,37.8985897],[-122.5496955,37.8986168],[-122.5497069,37.8986168],[-122.5497067,37.8986438],[-122.5497181,37.8986439],[-122.549718,37.8986619],[-122.5497635,37.8986621],[-122.5497634,37.8986711],[-122.5497748,37.8986711],[-122.5497747,37.8986801],[-122.5497861,37.8986802],[-122.549786,37.8986892],[-122.5497974,37.8986892],[-122.5497972,37.8987163],[-122.5498086,37.8987163],[-122.5498084,37.8987546],[-122.54979,37.8987549],[-122.5497078,37.8987409],[-122.5496243,37.8986837],[-122.5495385,37.89854],[-122.5495246,37.8984599],[-122.549506,37.8983521],[-122.5494967,37.8983366],[-122.5495038,37.8983366]]],[[[-122.5499563,37.8987529],[-122.5500131,37.8987532],[-122.5500131,37.8987622],[-122.5501268,37.8987626],[-122.5501268,37.8987716],[-122.5501836,37.8987718],[-122.5501836,37.8987809],[-122.5502405,37.8987811],[-122.5502404,37.8987901],[-122.5502973,37.8987903],[-122.5502972,37.8987993],[-122.5503313,37.8987994],[-122.5503313,37.8988084],[-122.5503427,37.8988085],[-122.5503426,37.8988175],[-122.5503654,37.8988176],[-122.5503653,37.8988266],[-122.5503994,37.8988267],[-122.5503994,37.8988358],[-122.5504335,37.8988359],[-122.5504334,37.8988449],[-122.5504562,37.898845],[-122.5504561,37.898854],[-122.5504902,37.8988541],[-122.5504902,37.8988631],[-122.5505243,37.8988633],[-122.5505242,37.8988723],[-122.5505584,37.8988724],[-122.5505583,37.8988814],[-122.5506152,37.8988816],[-122.5506151,37.8988906],[-122.5507061,37.898891],[-122.5507061,37.8989],[-122.5507288,37.8989001],[-122.5507288,37.8989091],[-122.5507629,37.8989092],[-122.5507628,37.8989183],[-122.550797,37.8989184],[-122.5507969,37.8989274],[-122.5508424,37.8989276],[-122.5508423,37.8989366],[-122.5508992,37.8989368],[-122.5508992,37.8989458],[-122.5510015,37.8989462],[-122.5510015,37.8989552],[-122.5510128,37.8989553],[-122.5510128,37.8989643],[-122.5511379,37.8989647],[-122.5511379,37.8989557],[-122.5511493,37.8989558],[-122.5511494,37.8989468],[-122.5511607,37.8989468],[-122.5511608,37.8989378],[-122.5512063,37.898938],[-122.5512063,37.898947],[-122.5512517,37.8989472],[-122.5512517,37.8989562],[-122.5513427,37.8989565],[-122.5513427,37.8989475],[-122.5514678,37.898948],[-122.5514678,37.898957],[-122.5514792,37.898957],[-122.5514791,37.898966],[-122.5515132,37.8989662],[-122.5515133,37.8989572],[-122.5515474,37.8989573],[-122.5515474,37.8989663],[-122.5516384,37.8989667],[-122.5516384,37.8989576],[-122.5516612,37.8989577],[-122.5516612,37.8989487],[-122.5516953,37.8989488],[-122.5516954,37.8989398],[-122.5517295,37.89894],[-122.5517296,37.898931],[-122.5517523,37.898931],[-122.5517524,37.898922],[-122.5517979,37.8989222],[-122.5517979,37.8989132],[-122.5518147,37.8989133],[-122.5517571,37.8990956],[-122.5513827,37.8991134],[-122.5510434,37.8991101],[-122.5508478,37.8990826],[-122.5505999,37.8990004],[-122.5503278,37.8988877],[-122.5500557,37.898775],[-122.5499562,37.8987598],[-122.5499563,37.8987529]]]]}},{"type":"Feature","properties":{"elev_class":3,"elev_range_ft":"172-306 ft","Block_No":7},"geometry":{"type":"Polygon","coordinates":[[[-122.5544973,37.8983015],[-122.5545087,37.8983016],[-122.5545086,37.8983106],[-122.55452,37.8983106],[-122.5545199,37.8983196],[-122.5545313,37.8983197],[-122.5545312,37.8983287],[-122.5545426,37.8983287],[-122.5545426,37.8983378],[-122.5545539,37.8983378],[-122.5545539,37.8983468],[-122.5545652,37.8983469],[-122.5545652,37.8983559],[-122.5545766,37.8983559],[-122.5545765,37.8983649],[-122.5545993,37.898365],[-122.5545992,37.898374],[-122.5546106,37.8983741],[-122.5546105,37.8983831],[-122.5546333,37.8983832],[-122.5546332,37.8983922],[-122.5546446,37.8983922],[-122.5546445,37.8984012],[-122.5546673,37.8984013],[-122.5546672,37.8984103],[-122.5546786,37.8984104],[-122.5546786,37.8984194],[-122.5547013,37.8984195],[-122.5547012,37.8984285],[-122.554724,37.8984286],[-122.5547239,37.8984376],[-122.5547467,37.8984377],[-122.5547466,37.8984467],[-122.554758,37.8984467],[-122.554758,37.8984557],[-122.5547807,37.8984558],[-122.5547806,37.8984649],[-122.5548148,37.898465],[-122.5548147,37.898474],[-122.5548375,37.8984741],[-122.5548374,37.8984831],[-122.5548488,37.8984831],[-122.5548487,37.8984921],[-122.5548828,37.8984923],[-122.5548828,37.8985013],[-122.554951,37.8985015],[-122.5549511,37.8984925],[-122.5549738,37.8984926],[-122.5549739,37.8984836],[-122.5549966,37.8984837],[-122.5549967,37.8984747],[-122.5550195,37.8984748],[-122.5550195,37.8984657],[-122.5550422,37.8984658],[-122.5550423,37.8984568],[-122.555065,37.8984569],[-122.5550651,37.8984479],[-122.5550879,37.898448],[-122.5550879,37.898439],[-122.5550993,37.898439],[-122.5550993,37.89843],[-122.5551221,37.8984301],[-122.5551221,37.8984211],[-122.5551563,37.8984212],[-122.5551563,37.8984122],[-122.5551791,37.8984123],[-122.5551791,37.8984033],[-122.5552019,37.8984034],[-122.5552019,37.8983943],[-122.5552247,37.8983944],[-122.5552247,37.8983854],[-122.5552475,37.8983855],[-122.5552475,37.8983765],[-122.5552589,37.8983765],[-122.5552589,37.8983675],[-122.5552703,37.8983676],[-122.5552704,37.8983585],[-122.5553159,37.8983587],[-122.5553159,37.8983497],[-122.5553501,37.8983498],[-122.5553501,37.8983408],[-122.5553842,37.8983409],[-122.5553843,37.8983319],[-122.555407,37.898332],[-122.5554071,37.898323],[-122.5554298,37.8983231],[-122.5554299,37.8983141],[-122.5554526,37.8983142],[-122.5554527,37.8983051],[-122.5554641,37.8983052],[-122.5554641,37.8982962],[-122.5554869,37.8982963],[-122.5554869,37.8982873],[-122.5555097,37.8982873],[-122.5555097,37.8982783],[-122.5555438,37.8982785],[-122.5555439,37.8982694],[-122.5555666,37.8982695],[-122.5555667,37.8982605],[-122.5555894,37.8982606],[-122.5555895,37.8982516],[-122.5556122,37.8982517],[-122.5556123,37.8982427],[-122.5556237,37.8982427],[-122.5556237,37.8982337],[-122.5556806,37.8982339],[-122.5556806,37.8982249],[-122.5557034,37.898225],[-122.5557034,37.898216],[-122.5557262,37.8982161],[-122.5557263,37.898207],[-122.5557315,37.8982071],[-122.5557894,37.8982638],[-122.5555296,37.8985361],[-122.5552663,37.8987505],[-122.5551919,37.8988193],[-122.5551946,37.8989153],[-122.5552064,37.8990182],[-122.5551827,37.8991359],[-122.5551264,37.899208],[-122.5550417,37.8992273],[-122.5549243,37.8992009],[-122.5548156,37.8991672],[-122.5547061,37.8991016],[-122.5546056,37.8990358],[-122.5544949,37.8989274],[-122.5544036,37.8990322],[-122.5543378,37.8992502],[-122.5542727,37.8993296],[-122.554204,37.899441],[-122.5541651,37.899495],[-122.5540617,37.8993261],[-122.5540332,37.8991097],[-122.5539636,37.8989291],[-122.5540179,37.8988603],[-122.5540814,37.8986505],[-122.5543395,37.8984094],[-122.5544973,37.8982991],[-122.5544973,37.8983015]]]}},{"type":"Feature","properties":{"elev_class":3,"elev_range_ft":"172-306 ft","Block_No":6},"geometry":{"type":"Polygon","coordinates":[[[-122.5559983,37.8983613],[-122.5559869,37.8983613],[-122.5559868,37.8983793],[-122.5559755,37.8983792],[-122.5559753,37.8984063],[-122.5559639,37.8984062],[-122.5559639,37.8984152],[-122.5559752,37.8984153],[-122.555975,37.8984513],[-122.5559636,37.8984513],[-122.5559633,37.8985054],[-122.5559519,37.8985053],[-122.5559517,37.8985414],[-122.5559404,37.8985413],[-122.5559402,37.8985594],[-122.5559289,37.8985593],[-122.5559286,37.8985954],[-122.5559173,37.8985953],[-122.5559171,37.8986224],[-122.5559057,37.8986223],[-122.5559056,37.8986493],[-122.5558942,37.8986493],[-122.555894,37.8986764],[-122.5558827,37.8986763],[-122.5558826,37.8986943],[-122.5558712,37.8986943],[-122.5558711,37.8987123],[-122.5558597,37.8987123],[-122.5558597,37.8987213],[-122.5558483,37.8987212],[-122.5558482,37.8987303],[-122.5558369,37.8987302],[-122.5558368,37.8987392],[-122.555814,37.8987391],[-122.5558139,37.8987662],[-122.5558025,37.8987661],[-122.5558025,37.8987751],[-122.5557911,37.8987751],[-122.555791,37.8987931],[-122.5557796,37.8987931],[-122.5557795,37.8988021],[-122.5557682,37.8988021],[-122.5557681,37.8988201],[-122.5557567,37.89882],[-122.5557566,37.8988381],[-122.5557452,37.898838],[-122.5557452,37.898847],[-122.5557338,37.898847],[-122.5557337,37.898865],[-122.5557223,37.898865],[-122.5557222,37.898883],[-122.5557108,37.898883],[-122.5557107,37.898901],[-122.5556993,37.8989009],[-122.5556991,37.898946],[-122.5557104,37.898946],[-122.5557103,37.8989641],[-122.5557217,37.8989641],[-122.5557216,37.8989731],[-122.555733,37.8989732],[-122.5557328,37.8990182],[-122.5557441,37.8990183],[-122.5557441,37.8990273],[-122.5557554,37.8990273],[-122.5557554,37.8990364],[-122.5557668,37.8990364],[-122.5557666,37.8990544],[-122.555778,37.8990545],[-122.555778,37.8990635],[-122.5557893,37.8990635],[-122.5557893,37.8990725],[-122.5558007,37.8990726],[-122.5558006,37.8990816],[-122.555812,37.8990816],[-122.5558119,37.8990906],[-122.5558347,37.8990907],[-122.5558346,37.8990997],[-122.555846,37.8990998],[-122.555846,37.8991088],[-122.5558687,37.8991089],[-122.5558686,37.8991179],[-122.5558914,37.899118],[-122.5558913,37.899127],[-122.5559368,37.8991272],[-122.5559368,37.8991362],[-122.556096,37.8991368],[-122.556096,37.8991458],[-122.5561869,37.8991461],[-122.556187,37.8991371],[-122.5562439,37.8991373],[-122.5562438,37.8991463],[-122.5563462,37.8991467],[-122.5563461,37.8991557],[-122.5564599,37.8991562],[-122.5564599,37.8991472],[-122.5564827,37.8991472],[-122.5564826,37.8991563],[-122.5565964,37.8991567],[-122.5565963,37.8991657],[-122.5566418,37.8991659],[-122.5566419,37.8991569],[-122.5566874,37.899157],[-122.5566874,37.899148],[-122.5567288,37.8991482],[-122.5566764,37.8992589],[-122.5565501,37.8994533],[-122.5565183,37.8995349],[-122.5565031,37.8995349],[-122.556503,37.8995439],[-122.5564803,37.8995438],[-122.5564802,37.8995528],[-122.5564575,37.8995527],[-122.5564574,37.8995617],[-122.5564233,37.8995616],[-122.5564233,37.8995706],[-122.5564119,37.8995706],[-122.5564118,37.8995796],[-122.5564005,37.8995796],[-122.5564004,37.8995976],[-122.556389,37.8995975],[-122.5563889,37.8996156],[-122.5563775,37.8996155],[-122.5563774,37.8996335],[-122.556366,37.8996335],[-122.5563656,37.8997056],[-122.5563542,37.8997056],[-122.5563542,37.8997146],[-122.5563655,37.8997146],[-122.5563653,37.8997566],[-122.5563578,37.8997567],[-122.5561783,37.8997594],[-122.556002,37.8997215],[-122.5557631,37.8997006],[-122.5554887,37.8999733],[-122.5554069,37.8999392],[-122.5552694,37.8998349],[-122.5551419,37.8999353],[-122.5551244,37.8999353],[-122.5551244,37.8999263],[-122.5551017,37.8999262],[-122.5551018,37.8999172],[-122.555079,37.8999171],[-122.5550791,37.8999081],[-122.5550449,37.8999079],[-122.555045,37.8998989],[-122.5549654,37.8998986],[-122.5549653,37.8999076],[-122.5549084,37.8999074],[-122.5549084,37.8999164],[-122.5548857,37.8999163],[-122.5548856,37.8999253],[-122.5548109,37.8999251],[-122.5547153,37.8998729],[-122.5547153,37.8998706],[-122.5547111,37.8998706],[-122.554704,37.8998667],[-122.554704,37.8998616],[-122.5546944,37.8998615],[-122.5546926,37.8998605],[-122.5546927,37.8998435],[-122.5546813,37.8998435],[-122.5546814,37.8998344],[-122.55467,37.8998344],[-122.5546701,37.8998254],[-122.5546587,37.8998254],[-122.554659,37.8997803],[-122.5546476,37.8997802],[-122.5546478,37.8997532],[-122.5546364,37.8997532],[-122.5546365,37.8997351],[-122.5546251,37.8997351],[-122.5546252,37.8997171],[-122.5546139,37.899717],[-122.5546139,37.899708],[-122.5546025,37.899708],[-122.5546027,37.8996899],[-122.5545913,37.8996899],[-122.5545913,37.8996809],[-122.55458,37.8996808],[-122.55458,37.8996718],[-122.5545686,37.8996718],[-122.5545687,37.8996628],[-122.554546,37.8996627],[-122.554546,37.8996537],[-122.5545119,37.8996535],[-122.5545119,37.8996445],[-122.5544778,37.8996444],[-122.5544778,37.8996534],[-122.5543981,37.8996531],[-122.5543981,37.8996621],[-122.5543753,37.899662],[-122.5543753,37.8996711],[-122.5543525,37.899671],[-122.5543525,37.89968],[-122.5543411,37.8996799],[-122.5543411,37.8996889],[-122.5543297,37.8996889],[-122.5543296,37.8997069],[-122.5543182,37.8997069],[-122.5543181,37.8997159],[-122.5543068,37.8997159],[-122.5543067,37.8997249],[-122.5542953,37.8997248],[-122.5542953,37.8997338],[-122.5542839,37.8997338],[-122.5542839,37.8997428],[-122.5542725,37.8997428],[-122.5542724,37.8997579],[-122.55403,37.8998032],[-122.5534184,37.899916],[-122.5534184,37.8999108],[-122.5533956,37.8999107],[-122.5533957,37.8999067],[-122.5534202,37.8998209],[-122.5535664,37.8997508],[-122.5539556,37.8997084],[-122.5541935,37.8997114],[-122.5541651,37.899495],[-122.554204,37.899441],[-122.5542727,37.8993296],[-122.5543378,37.8992502],[-122.5544036,37.8990322],[-122.5544949,37.8989274],[-122.5546056,37.8990358],[-122.5547061,37.8991016],[-122.5548156,37.8991672],[-122.5549243,37.8992009],[-122.5550417,37.8992273],[-122.5551264,37.899208],[-122.5551827,37.8991359],[-122.5552064,37.8990182],[-122.5551946,37.8989153],[-122.5551919,37.8988193],[-122.5552663,37.8987505],[-122.5555296,37.8985361],[-122.5557894,37.8982638],[-122.5559144,37.8982726],[-122.5559986,37.8983074],[-122.5559983,37.8983613]]]}},{"type":"Feature","properties":{"elev_class":3,"elev_range_ft":"172-306 ft","Block_No":13},"geometry":{"type":"Polygon","coordinates":[[[-122.549893,37.8997982],[-122.549893,37.8998039],[-122.5498119,37.8998053],[-122.5496366,37.8997942],[-122.5494827,37.899747],[-122.5494499,37.899721],[-122.5494502,37.8996793],[-122.5494388,37.8996793],[-122.5494388,37.8996703],[-122.5494275,37.8996702],[-122.5494275,37.8996612],[-122.5494161,37.8996612],[-122.5494162,37.8996522],[-122.5494048,37.8996521],[-122.5494049,37.8996431],[-122.5493935,37.8996431],[-122.5493936,37.8996341],[-122.5493822,37.899634],[-122.5493822,37.899625],[-122.5493595,37.8996249],[-122.5493596,37.8996159],[-122.5493506,37.8996159],[-122.5493066,37.8995439],[-122.5492588,37.899438],[-122.5491189,37.8992664],[-122.549136,37.8992195],[-122.549203,37.8991849],[-122.5492031,37.8991223],[-122.5491543,37.8990665],[-122.5490984,37.8989928],[-122.5491103,37.8989357],[-122.5492244,37.8986951],[-122.5493427,37.8986404],[-122.5494045,37.8986323],[-122.549687,37.8989015],[-122.5498998,37.8988978],[-122.5500572,37.8989759],[-122.5503129,37.8990804],[-122.5506269,37.8992085],[-122.5508502,37.8992609],[-122.5510812,37.8992745],[-122.551339,37.8992946],[-122.551514,37.8992883],[-122.551318,37.8998302],[-122.5511134,37.8998042],[-122.5509688,37.899768],[-122.5507787,37.8997486],[-122.5504995,37.8997261],[-122.5502695,37.8997142],[-122.5499139,37.8997027],[-122.5499023,37.8997982],[-122.549893,37.8997982]]]}},{"type":"Feature","properties":{"elev_class":3,"elev_range_ft":"172-306 ft","Block_No":9},"geometry":{"type":"Polygon","coordinates":[[[-122.5533957,37.8999017],[-122.5533729,37.8999016],[-122.553373,37.8998926],[-122.5533616,37.8998925],[-122.5533616,37.8999016],[-122.5533161,37.8999014],[-122.553316,37.8999104],[-122.5532705,37.8999102],[-122.5532706,37.8999012],[-122.5532592,37.8999012],[-122.5532592,37.8999102],[-122.5531682,37.8999098],[-122.5531682,37.8999008],[-122.5531341,37.8999007],[-122.5531342,37.8998917],[-122.5530887,37.8998915],[-122.5530887,37.8998825],[-122.5530546,37.8998824],[-122.5530545,37.8998914],[-122.5530432,37.8998913],[-122.5530431,37.8999003],[-122.5530317,37.8999003],[-122.5530316,37.8999183],[-122.5530203,37.8999183],[-122.5530202,37.8999273],[-122.5530088,37.8999272],[-122.5530088,37.8999363],[-122.552986,37.8999362],[-122.552986,37.8999452],[-122.5529746,37.8999451],[-122.5529745,37.8999542],[-122.5529518,37.8999541],[-122.5529517,37.8999631],[-122.5529176,37.899963],[-122.5529176,37.899972],[-122.5528721,37.8999718],[-122.552872,37.8999808],[-122.5528606,37.8999808],[-122.5528606,37.8999898],[-122.5528492,37.8999897],[-122.5528491,37.8999987],[-122.5528378,37.8999987],[-122.5528377,37.9000077],[-122.5528263,37.9000077],[-122.5528262,37.9000257],[-122.5528149,37.9000257],[-122.5528148,37.9000347],[-122.5528034,37.9000346],[-122.5528034,37.9000436],[-122.5527806,37.9000435],[-122.5527806,37.9000526],[-122.5527692,37.9000525],[-122.5527691,37.9000615],[-122.5527578,37.9000615],[-122.5527577,37.9000795],[-122.5527463,37.9000795],[-122.5527462,37.9000885],[-122.5527349,37.9000884],[-122.5527348,37.9000974],[-122.5527234,37.9000974],[-122.5527233,37.9001154],[-122.552712,37.9001154],[-122.5527119,37.9001244],[-122.5526891,37.9001243],[-122.5526891,37.9001333],[-122.5525753,37.9001329],[-122.5525753,37.9001419],[-122.5525525,37.9001418],[-122.5525525,37.9001508],[-122.5525411,37.9001508],[-122.5525411,37.9001598],[-122.5525183,37.9001597],[-122.5525183,37.9001687],[-122.5524955,37.9001686],[-122.5524955,37.9001777],[-122.5524841,37.9001776],[-122.552484,37.9001866],[-122.5524726,37.9001866],[-122.5524726,37.9001956],[-122.5524612,37.9001956],[-122.5524611,37.9002136],[-122.5524497,37.9002135],[-122.5524496,37.9002406],[-122.5524382,37.9002405],[-122.5524381,37.9002615],[-122.5524229,37.9002685],[-122.5521708,37.9003657],[-122.5521645,37.9003657],[-122.5521644,37.9003681],[-122.5521476,37.9003746],[-122.5521189,37.9003745],[-122.5521188,37.9003835],[-122.5520847,37.9003834],[-122.5520847,37.9003924],[-122.5520733,37.9003924],[-122.5520733,37.9004014],[-122.5520619,37.9004013],[-122.5520618,37.9004077],[-122.552055,37.9004103],[-122.5520504,37.9004103],[-122.5520504,37.9004121],[-122.5520367,37.9004174],[-122.551971,37.9003745],[-122.551971,37.900374],[-122.5519702,37.9003739],[-122.5519597,37.9003671],[-122.5519598,37.9003559],[-122.5519484,37.9003558],[-122.5519485,37.9003468],[-122.5519371,37.9003468],[-122.5519372,37.9003288],[-122.5519258,37.9003287],[-122.5519259,37.9003197],[-122.5519145,37.9003197],[-122.5519146,37.9003016],[-122.5519032,37.9003016],[-122.5519034,37.9002836],[-122.551892,37.9002835],[-122.551892,37.9002745],[-122.5518807,37.9002745],[-122.5518807,37.9002654],[-122.5518693,37.9002654],[-122.5518694,37.9002474],[-122.5518581,37.9002473],[-122.5518581,37.9002383],[-122.5518467,37.9002383],[-122.5518468,37.9002293],[-122.551824,37.9002292],[-122.5518241,37.9002202],[-122.5518127,37.9002201],[-122.5518128,37.9002111],[-122.5518014,37.9002111],[-122.5518015,37.9002021],[-122.5517787,37.900202],[-122.5517788,37.900193],[-122.5517447,37.9001928],[-122.5517447,37.9001838],[-122.5517325,37.9001838],[-122.551722,37.9001748],[-122.551722,37.9001747],[-122.5517219,37.9001747],[-122.5517107,37.9001651],[-122.5517111,37.9000936],[-122.5516998,37.9000935],[-122.5516999,37.9000755],[-122.5516885,37.9000755],[-122.5516886,37.9000574],[-122.5516772,37.9000574],[-122.5516773,37.9000394],[-122.551666,37.9000393],[-122.551666,37.9000303],[-122.5516547,37.9000303],[-122.5516547,37.9000212],[-122.5516433,37.9000212],[-122.5516434,37.9000122],[-122.551632,37.9000121],[-122.5516321,37.9000031],[-122.5516207,37.9000031],[-122.5516207,37.8999941],[-122.5516094,37.899994],[-122.5516094,37.899985],[-122.551598,37.899985],[-122.5515982,37.8999669],[-122.5515868,37.8999669],[-122.5515868,37.8999579],[-122.5515755,37.8999578],[-122.5515756,37.8999398],[-122.5515642,37.8999398],[-122.5515643,37.8999217],[-122.5515529,37.8999217],[-122.551553,37.8999127],[-122.5515416,37.8999126],[-122.5515417,37.8999036],[-122.5515303,37.8999036],[-122.5515303,37.8998946],[-122.551519,37.8998945],[-122.551519,37.8998855],[-122.5515077,37.8998855],[-122.5515077,37.8998765],[-122.5514963,37.8998764],[-122.5514964,37.8998674],[-122.5514736,37.8998673],[-122.5514737,37.8998583],[-122.551451,37.8998582],[-122.551451,37.8998492],[-122.5513398,37.8998488],[-122.551318,37.8998302],[-122.551514,37.8992883],[-122.5516322,37.8993027],[-122.551767,37.8994157],[-122.5518755,37.8995785],[-122.5519553,37.8997089],[-122.5521224,37.8997335],[-122.5522938,37.8991404],[-122.552297,37.8991404],[-122.5522969,37.8991494],[-122.5523311,37.8991495],[-122.5523311,37.8991405],[-122.5523197,37.8991405],[-122.5523198,37.8991315],[-122.5523539,37.8991316],[-122.552354,37.8991226],[-122.5523654,37.8991227],[-122.5523655,37.8991046],[-122.5523768,37.8991047],[-122.5523769,37.8990866],[-122.5523997,37.8990867],[-122.5523998,37.8990777],[-122.5524111,37.8990778],[-122.5524112,37.8990687],[-122.5524226,37.8990688],[-122.5524226,37.8990598],[-122.552434,37.8990598],[-122.552434,37.8990508],[-122.5524454,37.8990509],[-122.5524455,37.8990418],[-122.5524568,37.8990419],[-122.5524569,37.8990329],[-122.5524683,37.8990329],[-122.5524683,37.8990239],[-122.5524797,37.8990239],[-122.5524798,37.8990149],[-122.5524911,37.899015],[-122.5524912,37.899006],[-122.552548,37.8990062],[-122.5525481,37.8989972],[-122.5525936,37.8989973],[-122.5525937,37.8989883],[-122.552605,37.8989884],[-122.5526051,37.8989793],[-122.5527188,37.8989798],[-122.5527189,37.8989708],[-122.5527644,37.8989709],[-122.5527643,37.8989799],[-122.5527757,37.89898],[-122.5527756,37.898989],[-122.5528211,37.8989892],[-122.5528212,37.8989802],[-122.5528439,37.8989803],[-122.552844,37.8989712],[-122.5528667,37.8989713],[-122.5528668,37.8989623],[-122.5528895,37.8989624],[-122.5528896,37.8989534],[-122.5529123,37.8989535],[-122.5529124,37.8989445],[-122.5529693,37.8989447],[-122.5529693,37.8989357],[-122.5530831,37.8989361],[-122.5530831,37.8989271],[-122.5531172,37.8989272],[-122.5531172,37.8989362],[-122.5531382,37.8989363],[-122.5531283,37.8990386],[-122.5532353,37.8990578],[-122.5534111,37.899002],[-122.5535914,37.8989426],[-122.5538473,37.898896],[-122.5539636,37.8989291],[-122.5540332,37.8991097],[-122.5540617,37.8993261],[-122.5541651,37.899495],[-122.5541935,37.8997114],[-122.5539556,37.8997084],[-122.5535664,37.8997508],[-122.5534202,37.8998209],[-122.5533957,37.8999067],[-122.5533957,37.8999017]]]}},{"type":"Feature","properties":{"elev_class":3,"elev_range_ft":"172-306 ft","Block_No":14},"geometry":{"type":"MultiPolygon","coordinates":[[[[-122.5487813,37.8993072],[-122.5487813,37.8993163],[-122.5487472,37.8993161],[-122.5487471,37.8993251],[-122.5487244,37.8993251],[-122.5487243,37.8993341],[-122.5487016,37.899334],[-122.5487015,37.899343],[-122.5486901,37.8993429],[-122.5486901,37.899352],[-122.5486673,37.8993519],[-122.5486673,37.8993609],[-122.5486445,37.8993608],[-122.5486445,37.8993698],[-122.5486217,37.8993697],[-122.5486217,37.8993787],[-122.5486103,37.8993787],[-122.5486102,37.8993877],[-122.5485875,37.8993876],[-122.5485874,37.8993966],[-122.5485761,37.8993966],[-122.548576,37.8994056],[-122.5485533,37.8994055],[-122.5485532,37.8994145],[-122.5485305,37.8994144],[-122.5485304,37.8994235],[-122.5485077,37.8994234],[-122.5485076,37.8994324],[-122.5484848,37.8994323],[-122.5484848,37.8994413],[-122.5484734,37.8994413],[-122.5484734,37.8994503],[-122.5484506,37.8994502],[-122.5484506,37.8994592],[-122.5484392,37.8994592],[-122.5484391,37.8994682],[-122.5484278,37.8994681],[-122.5484277,37.8994771],[-122.5484163,37.8994771],[-122.5484163,37.8994861],[-122.5484049,37.8994861],[-122.5484048,37.8994951],[-122.5483935,37.899495],[-122.5483934,37.899504],[-122.5483821,37.899504],[-122.548382,37.899513],[-122.5483706,37.899513],[-122.5483706,37.899522],[-122.5483592,37.8995219],[-122.5483591,37.8995309],[-122.5483478,37.8995309],[-122.5483477,37.8995399],[-122.5483363,37.8995399],[-122.5483363,37.8995489],[-122.5483249,37.8995489],[-122.5483249,37.8995579],[-122.5483135,37.8995578],[-122.5483134,37.8995668],[-122.548302,37.8995668],[-122.548302,37.8995758],[-122.5482906,37.8995757],[-122.5482906,37.8995848],[-122.5482792,37.8995847],[-122.5482791,37.8995937],[-122.5482564,37.8995936],[-122.5482563,37.8996027],[-122.5482336,37.8996026],[-122.5482335,37.8996116],[-122.5482222,37.8996115],[-122.5482221,37.8996206],[-122.5482107,37.8996205],[-122.5482107,37.8996295],[-122.5481765,37.8996294],[-122.5481765,37.8996384],[-122.5481651,37.8996384],[-122.5481651,37.8996474],[-122.5481537,37.8996473],[-122.5481536,37.8996564],[-122.5481423,37.8996563],[-122.5481422,37.8996743],[-122.5481308,37.8996743],[-122.5481307,37.8996833],[-122.5481193,37.8996833],[-122.5481193,37.8996923],[-122.5481079,37.8996922],[-122.5481079,37.8997012],[-122.5480851,37.8997011],[-122.548085,37.8997102],[-122.5480623,37.8997101],[-122.5480623,37.8997191],[-122.5479371,37.8997186],[-122.5479372,37.8997096],[-122.5479031,37.8997095],[-122.5479031,37.8997004],[-122.5478918,37.8997004],[-122.5478918,37.8996914],[-122.5478691,37.8996913],[-122.5478691,37.8996823],[-122.5478464,37.8996822],[-122.5478464,37.8996732],[-122.5478351,37.8996731],[-122.5478351,37.8996641],[-122.5478237,37.8996641],[-122.5478238,37.8996551],[-122.5478124,37.899655],[-122.5478125,37.899637],[-122.5478011,37.899637],[-122.5478013,37.8996189],[-122.5477899,37.8996189],[-122.54779,37.8996009],[-122.5477786,37.8996008],[-122.5477787,37.8995828],[-122.5477674,37.8995828],[-122.5477674,37.8995738],[-122.547756,37.8995737],[-122.5477561,37.8995647],[-122.5477447,37.8995647],[-122.5477448,37.8995556],[-122.5477334,37.8995556],[-122.5477334,37.8995466],[-122.5477107,37.8995465],[-122.5477108,37.8995375],[-122.5476994,37.8995374],[-122.5476994,37.8995284],[-122.5476653,37.8995283],[-122.5476654,37.8995193],[-122.5476426,37.8995192],[-122.5476427,37.8995102],[-122.5476199,37.8995101],[-122.54762,37.8995011],[-122.5475859,37.8995009],[-122.5475859,37.8994919],[-122.5475632,37.8994918],[-122.5475632,37.8994828],[-122.5475519,37.8994828],[-122.5475519,37.8994738],[-122.5475405,37.8994737],[-122.5475406,37.8994647],[-122.5475178,37.8994646],[-122.5475179,37.8994556],[-122.5475065,37.8994556],[-122.5475066,37.8994466],[-122.5474838,37.8994465],[-122.5474839,37.8994375],[-122.5474498,37.8994373],[-122.5474498,37.8994283],[-122.5474271,37.8994282],[-122.5474271,37.8994192],[-122.547393,37.8994191],[-122.5473931,37.8994101],[-122.5473703,37.89941],[-122.5473704,37.899401],[-122.547359,37.8994009],[-122.547359,37.8993919],[-122.5473477,37.8993919],[-122.5473477,37.8993829],[-122.5473364,37.8993828],[-122.5473364,37.8993738],[-122.5473137,37.8993737],[-122.5473137,37.8993647],[-122.5473023,37.8993647],[-122.5473024,37.8993556],[-122.547291,37.8993556],[-122.5472911,37.8993466],[-122.5472683,37.8993465],[-122.5472684,37.8993375],[-122.547257,37.8993374],[-122.5472571,37.8993284],[-122.5472343,37.8993283],[-122.5472344,37.8993193],[-122.5472116,37.8993192],[-122.5472117,37.8993102],[-122.5472003,37.8993102],[-122.5472004,37.8993012],[-122.547189,37.8993011],[-122.5471891,37.8992921],[-122.5471549,37.899292],[-122.547155,37.899283],[-122.5470867,37.8992827],[-122.5470867,37.8992917],[-122.5470745,37.8992917],[-122.5470206,37.8991973],[-122.5468891,37.898936],[-122.5468647,37.8988556],[-122.5469708,37.8988397],[-122.5470817,37.8988413],[-122.5471494,37.8988858],[-122.5473169,37.8990059],[-122.5475937,37.8992331],[-122.5477108,37.8992978],[-122.5478578,37.8993199],[-122.5480027,37.8992646],[-122.5483501,37.8990546],[-122.548364,37.8988384],[-122.5484118,37.8986149],[-122.5484496,37.8985468],[-122.5485762,37.8985063],[-122.5487639,37.8985188],[-122.5489297,37.8985609],[-122.5490957,37.8986098],[-122.5492244,37.8986951],[-122.5491103,37.8989357],[-122.5490984,37.8989928],[-122.5491543,37.8990665],[-122.5491194,37.8991026],[-122.5490115,37.8990938],[-122.548939,37.8990702],[-122.5488924,37.899007],[-122.5488181,37.899243],[-122.5487869,37.8993073],[-122.5487813,37.8993072]]],[[[-122.546937,37.8995796],[-122.5469257,37.8995795],[-122.5469256,37.8995885],[-122.5469143,37.8995885],[-122.5469142,37.8995975],[-122.5469028,37.8995975],[-122.5469027,37.8996245],[-122.5468913,37.8996244],[-122.5468911,37.8996605],[-122.5468797,37.8996605],[-122.5468795,37.8996965],[-122.5468681,37.8996965],[-122.546868,37.8997055],[-122.5468567,37.8997054],[-122.5468566,37.8997235],[-122.5468452,37.8997234],[-122.5468451,37.8997324],[-122.5468337,37.8997324],[-122.5468336,37.8997504],[-122.5468223,37.8997504],[-122.5468222,37.8997594],[-122.5468108,37.8997593],[-122.5468107,37.8997774],[-122.5467994,37.8997773],[-122.5467993,37.8997863],[-122.5467879,37.8997863],[-122.5467879,37.8997953],[-122.5467765,37.8997953],[-122.5467764,37.8998043],[-122.5467651,37.8998042],[-122.5467649,37.8998222],[-122.5467536,37.8998222],[-122.5467535,37.8998312],[-122.5467421,37.8998312],[-122.5467421,37.8998402],[-122.5467307,37.8998402],[-122.5467306,37.8998582],[-122.5467192,37.8998581],[-122.5467192,37.8998671],[-122.5467078,37.8998671],[-122.5467077,37.8998761],[-122.5466964,37.8998761],[-122.5466963,37.8998851],[-122.5466849,37.899885],[-122.5466849,37.8998941],[-122.5466735,37.899894],[-122.5466735,37.899903],[-122.5466621,37.899903],[-122.5466621,37.8999062],[-122.5466583,37.899906],[-122.546646,37.8999053],[-122.5466456,37.8999053],[-122.5465261,37.8998982],[-122.5465276,37.8998174],[-122.546587,37.8997215],[-122.5468057,37.8996087],[-122.5469372,37.8995483],[-122.546937,37.8995796]]]]}},{"type":"Feature","properties":{"elev_class":3,"elev_range_ft":"172-306 ft","Block_No":8},"geometry":{"type":"MultiPolygon","coordinates":[[[[-122.5547832,37.899925],[-122.5547833,37.899916],[-122.5547492,37.8999158],[-122.5547493,37.8998978],[-122.5547379,37.8998978],[-122.554738,37.8998887],[-122.5547266,37.8998887],[-122.5547266,37.8998797],[-122.5547153,37.8998796],[-122.5547153,37.8998729],[-122.5548109,37.8999251],[-122.5547832,37.899925]]],[[[-122.5547039,37.8998706],[-122.554704,37.8998667],[-122.5547111,37.8998706],[-122.5547039,37.8998706]]],[[[-122.5546926,37.8998615],[-122.5546926,37.8998605],[-122.5546944,37.8998615],[-122.5546926,37.8998615]]],[[[-122.5542724,37.8997608],[-122.554261,37.8997607],[-122.5542609,37.8997698],[-122.5542496,37.8997697],[-122.5542495,37.8997877],[-122.5542381,37.8997877],[-122.554238,37.8998057],[-122.5542266,37.8998057],[-122.5542265,37.8998237],[-122.5542151,37.8998237],[-122.554215,37.8998507],[-122.5542036,37.8998507],[-122.5542035,37.8998687],[-122.5541921,37.8998686],[-122.554192,37.8998867],[-122.5541806,37.8998866],[-122.5541805,37.8999047],[-122.5541691,37.8999046],[-122.5541691,37.8999136],[-122.5541577,37.8999136],[-122.5541576,37.8999226],[-122.5541463,37.8999225],[-122.5541462,37.8999406],[-122.5541348,37.8999405],[-122.5541347,37.8999495],[-122.5541234,37.8999495],[-122.5541233,37.8999585],[-122.5540778,37.8999583],[-122.5540779,37.8999493],[-122.5540438,37.8999492],[-122.5540438,37.8999402],[-122.5539414,37.8999398],[-122.5539414,37.8999488],[-122.5539073,37.8999487],[-122.5539073,37.8999397],[-122.5538504,37.8999394],[-122.5538505,37.8999304],[-122.5538277,37.8999303],[-122.5538278,37.8999213],[-122.5538051,37.8999213],[-122.5538051,37.8999122],[-122.5537937,37.8999122],[-122.5537938,37.8999032],[-122.5537597,37.8999031],[-122.5537597,37.899894],[-122.5537484,37.899894],[-122.5537483,37.899903],[-122.5537142,37.8999029],[-122.5537141,37.8999119],[-122.5536686,37.8999117],[-122.5536686,37.8999207],[-122.5535776,37.8999204],[-122.5535775,37.8999294],[-122.5534865,37.8999291],[-122.5534865,37.8999381],[-122.5534637,37.899938],[-122.5534638,37.899929],[-122.553441,37.8999289],[-122.5534411,37.8999199],[-122.5534183,37.8999198],[-122.5534184,37.899916],[-122.55403,37.8998032],[-122.5542724,37.8997579],[-122.5542724,37.8997608]]],[[[-122.552438,37.9002766],[-122.5524266,37.9002765],[-122.5524265,37.9002946],[-122.5524151,37.9002945],[-122.552415,37.9003126],[-122.5524036,37.9003125],[-122.5524035,37.9003395],[-122.5523921,37.9003395],[-122.552392,37.9003485],[-122.5523807,37.9003485],[-122.5523806,37.9003575],[-122.5523237,37.9003573],[-122.5523238,37.9003483],[-122.5522669,37.900348],[-122.5522669,37.900357],[-122.5521986,37.9003568],[-122.5521986,37.9003658],[-122.5521708,37.9003657],[-122.5524229,37.9002685],[-122.5524381,37.9002615],[-122.552438,37.9002766]]],[[[-122.5521644,37.9003747],[-122.5521476,37.9003746],[-122.5521644,37.9003681],[-122.5521644,37.9003747]]],[[[-122.5520618,37.9004104],[-122.552055,37.9004103],[-122.5520618,37.9004077],[-122.5520618,37.9004104]]],[[[-122.5520504,37.9004193],[-122.552039,37.9004193],[-122.552039,37.9004283],[-122.5520341,37.9004283],[-122.5520367,37.9004174],[-122.5520504,37.9004121],[-122.5520504,37.9004193]]]]}},{"type":"Feature","properties":{"elev_class":3,"elev_range_ft":"172-306 ft","Block_No":5},"geometry":{"type":"Polygon","coordinates":[[[-122.55641,37.899886],[-122.5564214,37.8998861],[-122.5564209,37.8999672],[-122.5564323,37.8999672],[-122.556432,37.9000123],[-122.5564434,37.9000123],[-122.5564431,37.9000574],[-122.5564545,37.9000574],[-122.5564539,37.9001476],[-122.5564653,37.9001476],[-122.556465,37.9001927],[-122.5564764,37.9001927],[-122.5564762,37.9002198],[-122.5564876,37.9002198],[-122.5564875,37.9002469],[-122.5564988,37.9002469],[-122.5564986,37.9002829],[-122.55651,37.900283],[-122.5565098,37.90031],[-122.5565212,37.9003101],[-122.5565211,37.9003281],[-122.5565325,37.9003281],[-122.5565323,37.9003462],[-122.556521,37.9003461],[-122.5565209,37.9003641],[-122.5565095,37.9003641],[-122.5565093,37.9004002],[-122.5564979,37.9004001],[-122.5564978,37.9004091],[-122.5564637,37.900409],[-122.5564637,37.900418],[-122.5564523,37.900418],[-122.5564522,37.900427],[-122.5564295,37.9004269],[-122.5564294,37.9004359],[-122.5564067,37.9004358],[-122.5564066,37.9004448],[-122.5563953,37.9004448],[-122.5563952,37.9004538],[-122.5563838,37.9004538],[-122.5563838,37.9004628],[-122.5563724,37.9004627],[-122.5563723,37.9004807],[-122.5563609,37.9004807],[-122.5563609,37.9004897],[-122.5563495,37.9004897],[-122.5563494,37.9004987],[-122.5563381,37.9004987],[-122.556338,37.9005077],[-122.5563266,37.9005076],[-122.5563266,37.9005166],[-122.5563152,37.9005166],[-122.5563152,37.9005256],[-122.5563038,37.9005256],[-122.5563036,37.9005616],[-122.5563149,37.9005617],[-122.5563149,37.9005707],[-122.5563263,37.9005707],[-122.5563262,37.9005797],[-122.5563376,37.9005798],[-122.5563375,37.9005978],[-122.5563489,37.9005978],[-122.5563487,37.9006249],[-122.5563373,37.9006248],[-122.5563373,37.9006338],[-122.5563259,37.9006338],[-122.5563259,37.9006248],[-122.5563146,37.9006247],[-122.5563147,37.9006067],[-122.5563033,37.9006067],[-122.5563033,37.9005977],[-122.5562806,37.9005976],[-122.5562807,37.9005886],[-122.5562465,37.9005884],[-122.5562466,37.9005794],[-122.5562238,37.9005793],[-122.5562239,37.9005703],[-122.5562012,37.9005702],[-122.5562012,37.9005612],[-122.5561785,37.9005611],[-122.5561785,37.9005521],[-122.5561558,37.900552],[-122.5561558,37.900543],[-122.5561331,37.9005429],[-122.5561331,37.9005339],[-122.5561104,37.9005338],[-122.5561104,37.9005248],[-122.5560877,37.9005247],[-122.5560877,37.9005157],[-122.5560764,37.9005157],[-122.5560764,37.9005067],[-122.556065,37.9005066],[-122.5560651,37.9004886],[-122.5560765,37.9004886],[-122.5560766,37.9004706],[-122.556088,37.9004707],[-122.5560881,37.9004526],[-122.5560767,37.9004526],[-122.5560768,37.9004436],[-122.5560427,37.9004435],[-122.5560427,37.9004344],[-122.5560313,37.9004344],[-122.5560316,37.9003984],[-122.5560202,37.9003983],[-122.5560202,37.9003893],[-122.5559975,37.9003892],[-122.5559976,37.9003802],[-122.5559634,37.9003801],[-122.5559634,37.9003891],[-122.5559293,37.9003889],[-122.5559292,37.900398],[-122.5558609,37.9003977],[-122.555861,37.9003887],[-122.5558383,37.9003886],[-122.5558383,37.9003796],[-122.5558269,37.9003795],[-122.555827,37.9003705],[-122.5558156,37.9003705],[-122.5558157,37.9003525],[-122.5558044,37.9003524],[-122.5558045,37.9003344],[-122.5557931,37.9003344],[-122.5557931,37.9003254],[-122.5557818,37.9003253],[-122.5557818,37.9003163],[-122.5557591,37.9003162],[-122.5557592,37.9002982],[-122.5557478,37.9002981],[-122.5557479,37.9002801],[-122.5557365,37.9002801],[-122.5557367,37.900262],[-122.5557253,37.900262],[-122.5557253,37.900253],[-122.5557139,37.9002529],[-122.555714,37.9002439],[-122.5557026,37.9002439],[-122.5557027,37.9002349],[-122.5556799,37.9002348],[-122.55568,37.9002258],[-122.5556686,37.9002257],[-122.5556687,37.9002167],[-122.5556345,37.9002166],[-122.5556346,37.9002076],[-122.5556005,37.9002075],[-122.5556004,37.9002165],[-122.5555436,37.9002162],[-122.5555436,37.9002072],[-122.5555095,37.9002071],[-122.5555095,37.9001981],[-122.5554982,37.9001981],[-122.5554982,37.900189],[-122.5554868,37.900189],[-122.5554869,37.90018],[-122.5554528,37.9001799],[-122.5554528,37.9001708],[-122.5554415,37.9001708],[-122.5554415,37.9001618],[-122.5554188,37.9001617],[-122.5554188,37.9001527],[-122.5554075,37.9001526],[-122.5554075,37.9001436],[-122.5553734,37.9001435],[-122.5553734,37.9001345],[-122.5553507,37.9001344],[-122.5553507,37.9001254],[-122.555328,37.9001253],[-122.555328,37.9001163],[-122.5553053,37.9001162],[-122.5553053,37.9001072],[-122.555294,37.9001071],[-122.555294,37.9000981],[-122.5552827,37.9000981],[-122.5552828,37.9000801],[-122.5552714,37.90008],[-122.5552715,37.900062],[-122.5552601,37.900062],[-122.5552602,37.9000439],[-122.5552489,37.9000439],[-122.555249,37.9000259],[-122.5552376,37.9000258],[-122.5552377,37.9000078],[-122.5552263,37.9000078],[-122.5552264,37.8999987],[-122.555215,37.8999987],[-122.5552151,37.8999897],[-122.5552037,37.8999896],[-122.5552037,37.8999806],[-122.5551924,37.8999806],[-122.5551924,37.8999716],[-122.5551811,37.8999715],[-122.5551811,37.8999625],[-122.5551697,37.8999625],[-122.5551698,37.8999535],[-122.5551584,37.8999534],[-122.5551585,37.8999444],[-122.5551471,37.8999444],[-122.5551471,37.8999353],[-122.5551419,37.8999353],[-122.5552694,37.8998349],[-122.5554069,37.8999392],[-122.5554887,37.8999733],[-122.5556505,37.8999847],[-122.5558226,37.9000422],[-122.5559408,37.900097],[-122.5561617,37.9001323],[-122.5561758,37.8999934],[-122.5561584,37.8998514],[-122.5564101,37.8998652],[-122.55641,37.899886]]]}},{"type":"Feature","properties":{"elev_class":5,"elev_range_ft":"444-578 ft","Block_No":42},"geometry":{"type":"Polygon","coordinates":[[[-122.5426616,37.8901805],[-122.5426502,37.8901805],[-122.5426503,37.8901714],[-122.5426389,37.8901714],[-122.542639,37.8901534],[-122.5426277,37.8901533],[-122.5426278,37.8901353],[-122.542605,37.8901352],[-122.5426051,37.8901172],[-122.5425938,37.8901172],[-122.5425938,37.8901081],[-122.5425824,37.8901081],[-122.5425827,37.8900721],[-122.542594,37.8900721],[-122.5425942,37.890045],[-122.5426056,37.8900451],[-122.5426057,37.8900271],[-122.5426171,37.8900271],[-122.5426171,37.8900181],[-122.5426285,37.8900182],[-122.5426286,37.8900001],[-122.54264,37.8900002],[-122.5426401,37.8899731],[-122.5426288,37.8899731],[-122.5426289,37.8899551],[-122.5426175,37.889955],[-122.5426176,37.889937],[-122.5426631,37.8899372],[-122.5426631,37.8899462],[-122.5426744,37.8899462],[-122.5426744,37.8899552],[-122.5426857,37.8899553],[-122.5426858,37.8899463],[-122.5426972,37.8899463],[-122.5426972,37.8899373],[-122.5427086,37.8899373],[-122.5427089,37.8898833],[-122.5427317,37.8898833],[-122.5427317,37.8898743],[-122.5427431,37.8898744],[-122.5427432,37.8898654],[-122.5427659,37.8898655],[-122.542766,37.8898565],[-122.5427773,37.8898565],[-122.5427776,37.8898114],[-122.542789,37.8898115],[-122.542789,37.8898025],[-122.5428004,37.8898025],[-122.5428005,37.8897935],[-122.5428118,37.8897935],[-122.5428119,37.8897845],[-122.5428233,37.8897846],[-122.5428233,37.8897756],[-122.5428461,37.8897756],[-122.5428461,37.8897666],[-122.5428575,37.8897667],[-122.5428576,37.8897487],[-122.542869,37.8897487],[-122.5428692,37.8897216],[-122.5428805,37.8897217],[-122.5428806,37.8897037],[-122.5429034,37.8897038],[-122.5429034,37.8896947],[-122.5429148,37.8896948],[-122.5429149,37.8896858],[-122.5429262,37.8896858],[-122.5429263,37.8896768],[-122.542949,37.8896769],[-122.5429491,37.8896679],[-122.5429718,37.889668],[-122.5429719,37.889659],[-122.5429946,37.889659],[-122.5429947,37.88965],[-122.5430402,37.8896502],[-122.5430402,37.8896412],[-122.5431312,37.8896416],[-122.5431312,37.8896506],[-122.5431425,37.8896506],[-122.5431425,37.8896596],[-122.543188,37.8896598],[-122.543188,37.8896508],[-122.5431994,37.8896508],[-122.5431994,37.8896442],[-122.5432195,37.8896609],[-122.5432237,37.8896643],[-122.5432241,37.8896647],[-122.5432813,37.889712],[-122.5432961,37.8897243],[-122.5432967,37.8897248],[-122.5432979,37.8897259],[-122.5433026,37.8897305],[-122.5433339,37.8897604],[-122.5433433,37.8897694],[-122.5433451,37.8897712],[-122.5434082,37.8898315],[-122.5434086,37.8898319],[-122.5434133,37.8898371],[-122.5435503,37.8899878],[-122.5432751,37.8900347],[-122.5428135,37.8901306],[-122.5426616,37.8901839],[-122.5426616,37.8901805]]]}},{"type":"Feature","properties":{"elev_class":5,"elev_range_ft":"444-578 ft","Block_No":57},"geometry":{"type":"Polygon","coordinates":[[[-122.5386489,37.8898674],[-122.5386376,37.8898674],[-122.5386376,37.8898584],[-122.5386262,37.8898583],[-122.5386265,37.8898223],[-122.5386379,37.8898223],[-122.5386384,37.8897322],[-122.538627,37.8897321],[-122.5386274,37.8896781],[-122.538616,37.889678],[-122.5386161,37.88966],[-122.5386048,37.88966],[-122.5386049,37.8896419],[-122.5385935,37.8896419],[-122.5385936,37.8896238],[-122.5385822,37.8896238],[-122.5385823,37.8896058],[-122.538571,37.8896057],[-122.538571,37.8895967],[-122.5385596,37.8895967],[-122.5385598,37.8895696],[-122.5385484,37.8895696],[-122.5385486,37.8895426],[-122.5385372,37.8895425],[-122.5385375,37.8895065],[-122.5385261,37.8895064],[-122.5385263,37.8894704],[-122.5385377,37.8894704],[-122.5385379,37.8894434],[-122.5385492,37.8894434],[-122.5385493,37.8894344],[-122.5385607,37.8894345],[-122.5385607,37.8894254],[-122.5385721,37.8894255],[-122.5385723,37.8893985],[-122.5385836,37.8893985],[-122.5385837,37.8893895],[-122.5385951,37.8893895],[-122.5385952,37.8893715],[-122.5386065,37.8893715],[-122.5386067,37.8893535],[-122.538618,37.8893536],[-122.5386181,37.8893445],[-122.5386295,37.8893446],[-122.5386296,37.8893266],[-122.538641,37.8893266],[-122.5386411,37.8892996],[-122.5386297,37.8892995],[-122.5386298,37.8892905],[-122.538607,37.8892904],[-122.5386071,37.8892814],[-122.5385957,37.8892814],[-122.5385958,37.8892724],[-122.5385844,37.8892723],[-122.5385845,37.8892633],[-122.5385958,37.8892633],[-122.538596,37.8892363],[-122.5386074,37.8892363],[-122.5386078,37.8891643],[-122.5386192,37.8891643],[-122.5386193,37.8891553],[-122.538642,37.8891554],[-122.5386421,37.8891464],[-122.5386876,37.8891465],[-122.5386878,37.8891105],[-122.5386992,37.8891105],[-122.5386993,37.8890835],[-122.5386879,37.8890834],[-122.5386884,37.8890204],[-122.5386997,37.8890204],[-122.5386998,37.8890114],[-122.5387111,37.8890114],[-122.5387112,37.8890024],[-122.5387226,37.8890025],[-122.5387226,37.8889935],[-122.5387454,37.8889935],[-122.5387454,37.8889845],[-122.5387682,37.8889846],[-122.5387682,37.8889756],[-122.5387796,37.8889756],[-122.5387797,37.8889576],[-122.5388025,37.8889577],[-122.5388025,37.8889487],[-122.5388253,37.8889488],[-122.5388252,37.8889578],[-122.5388366,37.8889578],[-122.5388365,37.8889759],[-122.5388478,37.8889759],[-122.5388478,37.8889849],[-122.5389615,37.8889854],[-122.5389616,37.8889764],[-122.5389729,37.8889764],[-122.538973,37.8889674],[-122.5389957,37.8889675],[-122.5389957,37.8889669],[-122.5390265,37.8889983],[-122.5391429,37.8891176],[-122.5392695,37.8892417],[-122.539349,37.8893187],[-122.539371,37.8893401],[-122.5394034,37.8893714],[-122.5395737,37.8895613],[-122.5395834,37.8895626],[-122.5392623,37.889656],[-122.5392515,37.8897728],[-122.5390635,37.8898205],[-122.5389632,37.8897445],[-122.5386489,37.889878],[-122.5386489,37.8898674]]]}},{"type":"Feature","properties":{"elev_class":5,"elev_range_ft":"444-578 ft","Block_No":56},"geometry":{"type":"Polygon","coordinates":[[[-122.5400927,37.8899632],[-122.5400926,37.8899812],[-122.5400698,37.8899811],[-122.5400698,37.8899902],[-122.5400584,37.8899901],[-122.5400583,37.8899991],[-122.540047,37.8899991],[-122.5400469,37.8900081],[-122.5400355,37.890008],[-122.5400355,37.8900171],[-122.5400241,37.890017],[-122.5400241,37.890026],[-122.5400127,37.890026],[-122.5400126,37.890035],[-122.5400013,37.890035],[-122.5400012,37.890044],[-122.5399898,37.8900439],[-122.5399898,37.8900529],[-122.5399784,37.8900529],[-122.5399783,37.8900619],[-122.5399556,37.8900618],[-122.5399556,37.8900708],[-122.5399442,37.8900708],[-122.5399441,37.8900798],[-122.5399328,37.8900797],[-122.5399327,37.8900888],[-122.5399099,37.8900887],[-122.5399099,37.8900977],[-122.5398985,37.8900976],[-122.5398985,37.8901066],[-122.5398757,37.8901066],[-122.5398757,37.8901156],[-122.5398529,37.8901155],[-122.5398529,37.8901245],[-122.5398301,37.8901244],[-122.5398301,37.8901334],[-122.5398187,37.8901334],[-122.5398187,37.8901244],[-122.5397278,37.890124],[-122.5397278,37.890115],[-122.5396823,37.8901148],[-122.5396824,37.8901058],[-122.5396255,37.8901056],[-122.5396256,37.8900966],[-122.5396028,37.8900965],[-122.5396029,37.8900785],[-122.5395802,37.8900784],[-122.5395803,37.8900693],[-122.5395689,37.8900693],[-122.5395689,37.8900603],[-122.5395576,37.8900602],[-122.5395576,37.8900512],[-122.5394666,37.8900509],[-122.5394667,37.8900419],[-122.5394553,37.8900418],[-122.5394554,37.8900328],[-122.539444,37.8900328],[-122.5394441,37.8900238],[-122.5394327,37.8900237],[-122.5394326,37.8900327],[-122.5393871,37.8900326],[-122.5393871,37.8900416],[-122.539353,37.8900414],[-122.5393532,37.8900054],[-122.5393418,37.8900053],[-122.5393421,37.8899693],[-122.5393307,37.8899692],[-122.5393307,37.8899602],[-122.5392739,37.88996],[-122.5392738,37.889969],[-122.5392624,37.889969],[-122.5392624,37.889978],[-122.539251,37.8899779],[-122.539251,37.889987],[-122.5391259,37.8899865],[-122.5391258,37.8899955],[-122.5391144,37.8899954],[-122.5391144,37.8900044],[-122.539103,37.8900044],[-122.5391029,37.8900224],[-122.5390915,37.8900224],[-122.5390915,37.8900314],[-122.5390801,37.8900313],[-122.53908,37.8900404],[-122.5390459,37.8900402],[-122.5390459,37.8900492],[-122.5389776,37.890049],[-122.5389777,37.89004],[-122.5389322,37.8900398],[-122.5389322,37.8900308],[-122.5388413,37.8900304],[-122.5388412,37.8900394],[-122.5388298,37.8900394],[-122.5388298,37.8900484],[-122.538807,37.8900483],[-122.538807,37.8900573],[-122.5387842,37.8900572],[-122.5387843,37.8900482],[-122.5387729,37.8900482],[-122.538773,37.8900301],[-122.5387617,37.8900301],[-122.5387618,37.8900031],[-122.5387504,37.890003],[-122.5387505,37.889994],[-122.5387391,37.889994],[-122.5387393,37.8899759],[-122.5387279,37.8899759],[-122.538728,37.8899579],[-122.5387166,37.8899578],[-122.5387167,37.8899488],[-122.5387053,37.8899488],[-122.5387054,37.8899307],[-122.538694,37.8899307],[-122.5386941,37.8899217],[-122.5386827,37.8899216],[-122.5386828,37.8899036],[-122.5386715,37.8899036],[-122.5386715,37.8898946],[-122.5386601,37.8898945],[-122.5386602,37.8898855],[-122.5386488,37.8898855],[-122.5386489,37.889878],[-122.5389632,37.8897445],[-122.5390635,37.8898205],[-122.5392515,37.8897728],[-122.5392623,37.889656],[-122.5395834,37.8895626],[-122.5395837,37.8895626],[-122.5395869,37.8895662],[-122.5395966,37.8895676],[-122.5398136,37.8895972],[-122.5398861,37.8895946],[-122.5399289,37.8895931],[-122.5400465,37.8895889],[-122.5400339,37.8896948],[-122.5400514,37.8898403],[-122.5400991,37.8899426],[-122.5401037,37.8899632],[-122.5400927,37.8899632]]]}},{"type":"Feature","properties":{"elev_class":5,"elev_range_ft":"444-578 ft","Block_No":43},"geometry":{"type":"Polygon","coordinates":[[[-122.5402545,37.8895492],[-122.5402659,37.8895493],[-122.5402658,37.8895673],[-122.5402771,37.8895674],[-122.540277,37.8895944],[-122.5402883,37.8895944],[-122.5402883,37.8896035],[-122.540311,37.8896035],[-122.5403111,37.8895945],[-122.5403452,37.8895946],[-122.5403451,37.8896037],[-122.5403565,37.8896037],[-122.5403563,37.8896398],[-122.5403676,37.8896398],[-122.5403672,37.8897119],[-122.5403445,37.8897118],[-122.5403443,37.8897299],[-122.5403216,37.8897298],[-122.5403215,37.8897388],[-122.5403102,37.8897387],[-122.5403101,37.8897567],[-122.5402873,37.8897567],[-122.540287,37.8898107],[-122.5402756,37.8898107],[-122.5402756,37.8898197],[-122.5402869,37.8898198],[-122.5402869,37.8898288],[-122.5402982,37.8898288],[-122.5402981,37.8898468],[-122.5403095,37.8898469],[-122.5403094,37.8898649],[-122.540298,37.8898649],[-122.5402979,37.8898829],[-122.5402297,37.8898826],[-122.5402298,37.8898556],[-122.5402185,37.8898555],[-122.5402184,37.8898645],[-122.5401957,37.8898645],[-122.5401956,37.8898825],[-122.5402069,37.8898825],[-122.5402067,37.8899186],[-122.5401839,37.8899185],[-122.5401839,37.8899275],[-122.5401498,37.8899274],[-122.5401497,37.8899364],[-122.5401156,37.8899362],[-122.5401155,37.8899453],[-122.5401042,37.8899452],[-122.5401041,37.8899633],[-122.5401037,37.8899632],[-122.5400991,37.8899426],[-122.5400514,37.8898403],[-122.5400339,37.8896948],[-122.5400465,37.8895889],[-122.5400604,37.8895884],[-122.5400616,37.8895405],[-122.5401522,37.8895392],[-122.5401522,37.8895398],[-122.5402545,37.8895402],[-122.5402545,37.8895492]]]}},{"type":"Feature","properties":{"elev_class":4,"elev_range_ft":"306-444 ft","Block_No":57},"geometry":{"type":"MultiPolygon","coordinates":[[[[-122.53785,37.8888924],[-122.5378498,37.888892],[-122.53785,37.888892],[-122.53785,37.8888924]]],[[[-122.537863,37.888897],[-122.5379101,37.8888884],[-122.5379104,37.8888884],[-122.5379112,37.8888882],[-122.5379134,37.8888878],[-122.5382437,37.8887842],[-122.5387135,37.8886378],[-122.5387881,37.8886222],[-122.5388061,37.8887586],[-122.5389038,37.888873],[-122.5389957,37.8889669],[-122.5389957,37.8889675],[-122.538973,37.8889674],[-122.5389729,37.8889764],[-122.5389616,37.8889764],[-122.5389615,37.8889854],[-122.5388478,37.8889849],[-122.5388478,37.8889759],[-122.5388365,37.8889759],[-122.5388366,37.8889578],[-122.5388252,37.8889578],[-122.5388253,37.8889488],[-122.5388025,37.8889487],[-122.5388025,37.8889577],[-122.5387797,37.8889576],[-122.5387796,37.8889756],[-122.5387682,37.8889756],[-122.5387682,37.8889846],[-122.5387454,37.8889845],[-122.5387454,37.8889935],[-122.5387226,37.8889935],[-122.5387226,37.8890025],[-122.5387112,37.8890024],[-122.5387111,37.8890114],[-122.5386998,37.8890114],[-122.5386997,37.8890204],[-122.5386884,37.8890204],[-122.5386879,37.8890834],[-122.5386993,37.8890835],[-122.5386992,37.8891105],[-122.5386878,37.8891105],[-122.5386876,37.8891465],[-122.5386421,37.8891464],[-122.538642,37.8891554],[-122.5386193,37.8891553],[-122.5386192,37.8891643],[-122.5386078,37.8891643],[-122.5386074,37.8892363],[-122.538596,37.8892363],[-122.5385958,37.8892633],[-122.5385845,37.8892633],[-122.5385844,37.8892723],[-122.5385958,37.8892724],[-122.5385957,37.8892814],[-122.5386071,37.8892814],[-122.538607,37.8892904],[-122.5386298,37.8892905],[-122.5386297,37.8892995],[-122.5386411,37.8892996],[-122.538641,37.8893266],[-122.5386296,37.8893266],[-122.5386295,37.8893446],[-122.5386181,37.8893445],[-122.538618,37.8893536],[-122.5386067,37.8893535],[-122.5386065,37.8893715],[-122.5385952,37.8893715],[-122.5385951,37.8893895],[-122.5385837,37.8893895],[-122.5385836,37.8893985],[-122.5385723,37.8893985],[-122.5385721,37.8894255],[-122.5385607,37.8894254],[-122.5385607,37.8894345],[-122.5385493,37.8894344],[-122.5385492,37.8894434],[-122.5385379,37.8894434],[-122.5385377,37.8894704],[-122.5385263,37.8894704],[-122.5385261,37.8895064],[-122.5385375,37.8895065],[-122.5385372,37.8895425],[-122.5385486,37.8895426],[-122.5385484,37.8895696],[-122.5385598,37.8895696],[-122.5385596,37.8895967],[-122.538571,37.8895967],[-122.538571,37.8896057],[-122.5385823,37.8896058],[-122.5385822,37.8896238],[-122.5385936,37.8896238],[-122.5385935,37.8896419],[-122.5386049,37.8896419],[-122.5386048,37.88966],[-122.5386161,37.88966],[-122.538616,37.889678],[-122.5386274,37.8896781],[-122.538627,37.8897321],[-122.5386384,37.8897322],[-122.5386379,37.8898223],[-122.5386265,37.8898223],[-122.5386262,37.8898583],[-122.5386376,37.8898584],[-122.5386376,37.8898674],[-122.5386489,37.8898674],[-122.5386489,37.889878],[-122.5385405,37.889924],[-122.5382221,37.8898223],[-122.5378474,37.8897026],[-122.5380649,37.8894544],[-122.5380218,37.8891607],[-122.537854,37.8888986],[-122.537863,37.888897]]]]}},{"type":"Feature","properties":{"elev_class":4,"elev_range_ft":"306-444 ft","Block_No":59},"geometry":{"type":"Polygon","coordinates":[[[-122.535642,37.8905856],[-122.5356534,37.8905857],[-122.5356534,37.8905767],[-122.5356648,37.8905767],[-122.535665,37.8905407],[-122.5356537,37.8905406],[-122.5356538,37.8905226],[-122.5356424,37.8905226],[-122.5356425,37.8905136],[-122.5356311,37.8905135],[-122.5356316,37.8904324],[-122.5356202,37.8904323],[-122.5356211,37.8902881],[-122.5356098,37.8902881],[-122.5356098,37.8902791],[-122.5355984,37.890279],[-122.5355985,37.89027],[-122.5356099,37.8902701],[-122.5356099,37.8902611],[-122.5356441,37.8902612],[-122.5356442,37.8902341],[-122.5356556,37.8902342],[-122.5356556,37.8902252],[-122.535667,37.8902252],[-122.5356671,37.8902072],[-122.5356785,37.8902073],[-122.535679,37.8901261],[-122.5356676,37.8901261],[-122.5356678,37.8901081],[-122.5356564,37.890108],[-122.5356565,37.89009],[-122.5356451,37.8900899],[-122.5356452,37.8900809],[-122.5356566,37.890081],[-122.5356566,37.890072],[-122.535668,37.890072],[-122.5356682,37.890045],[-122.5356568,37.8900449],[-122.5356569,37.8900269],[-122.5356455,37.8900269],[-122.5356456,37.8900088],[-122.5356343,37.8900088],[-122.5356344,37.8899817],[-122.5356231,37.8899817],[-122.5356231,37.8899727],[-122.5356118,37.8899726],[-122.5356119,37.8899546],[-122.5356005,37.8899546],[-122.5356005,37.8899456],[-122.5355892,37.8899455],[-122.5355892,37.8899365],[-122.5355665,37.8899364],[-122.5355665,37.8899274],[-122.5355552,37.8899274],[-122.5355552,37.8899184],[-122.5355438,37.8899183],[-122.535544,37.8898913],[-122.5355326,37.8898912],[-122.5355327,37.8898822],[-122.5355213,37.8898822],[-122.5355215,37.8898641],[-122.5355101,37.8898641],[-122.5355102,37.889837],[-122.5354989,37.889837],[-122.5354989,37.889828],[-122.5354876,37.8898279],[-122.5354876,37.8898189],[-122.5354762,37.8898189],[-122.5354763,37.8898009],[-122.535465,37.8898008],[-122.5354653,37.8897558],[-122.5354766,37.8897558],[-122.5354767,37.8897468],[-122.5354881,37.8897468],[-122.5354882,37.8897288],[-122.5355223,37.8897289],[-122.5355222,37.889738],[-122.535545,37.889738],[-122.5355449,37.8897471],[-122.5355677,37.8897471],[-122.5355676,37.8897562],[-122.535579,37.8897562],[-122.5355789,37.8897652],[-122.5356017,37.8897653],[-122.5356016,37.8897743],[-122.535613,37.8897744],[-122.5356129,37.8897834],[-122.5356243,37.8897834],[-122.5356245,37.8897564],[-122.5356131,37.8897563],[-122.5356132,37.8897473],[-122.5356018,37.8897473],[-122.5356019,37.8897383],[-122.5355677,37.8897381],[-122.5355678,37.8897291],[-122.5355564,37.8897291],[-122.5355565,37.8897201],[-122.5355451,37.88972],[-122.5355452,37.889702],[-122.5355338,37.889702],[-122.5355339,37.8896929],[-122.5355225,37.8896929],[-122.5355226,37.8896839],[-122.535534,37.8896839],[-122.535534,37.8896749],[-122.5355454,37.889675],[-122.5355454,37.8896659],[-122.5355568,37.889666],[-122.5355569,37.889657],[-122.5355796,37.8896571],[-122.5355795,37.8896661],[-122.5356023,37.8896662],[-122.5356024,37.8896572],[-122.5356365,37.8896573],[-122.5356365,37.8896483],[-122.5356593,37.8896484],[-122.5356591,37.8896754],[-122.5356819,37.8896755],[-122.5356818,37.8896845],[-122.5357045,37.8896846],[-122.5357045,37.8896936],[-122.5357159,37.8896937],[-122.5357158,37.8897027],[-122.5357272,37.8897027],[-122.5357271,37.8897117],[-122.5357385,37.8897118],[-122.5357384,37.8897208],[-122.5357726,37.8897209],[-122.5357726,37.8897119],[-122.535784,37.8897119],[-122.535784,37.8897029],[-122.5358068,37.889703],[-122.5358067,37.889712],[-122.5358408,37.8897122],[-122.5358408,37.8897212],[-122.5358521,37.8897212],[-122.5358521,37.8897302],[-122.5358635,37.8897303],[-122.5358635,37.8897213],[-122.5358863,37.8897214],[-122.5358862,37.8897304],[-122.5358976,37.8897304],[-122.5358975,37.8897394],[-122.5359089,37.8897395],[-122.5359088,37.8897485],[-122.5359543,37.8897487],[-122.5359541,37.8897847],[-122.5359882,37.8897849],[-122.5359882,37.8897939],[-122.5360109,37.889794],[-122.5360109,37.889803],[-122.5360222,37.889803],[-122.5360222,37.889812],[-122.5360449,37.8898121],[-122.5360449,37.8898211],[-122.5360676,37.8898212],[-122.5360675,37.8898302],[-122.5361927,37.8898307],[-122.5361927,37.8898217],[-122.5362609,37.889822],[-122.5362609,37.889831],[-122.5362612,37.889831],[-122.5359556,37.8900309],[-122.5358667,37.8900891],[-122.5357603,37.8901888],[-122.5357642,37.8904345],[-122.5357678,37.8905664],[-122.535642,37.8905915],[-122.535642,37.8905856]],[[-122.5355905,37.8897292],[-122.5356133,37.8897293],[-122.5356133,37.8897203],[-122.5355906,37.8897202],[-122.5355905,37.8897292]]]}},{"type":"Feature","properties":{"elev_class":4,"elev_range_ft":"306-444 ft","Block_No":56},"geometry":{"type":"Polygon","coordinates":[[[-122.5386488,37.8898855],[-122.5386602,37.8898855],[-122.5386601,37.8898945],[-122.5386715,37.8898946],[-122.5386715,37.8899036],[-122.5386828,37.8899036],[-122.5386827,37.8899216],[-122.5386941,37.8899217],[-122.538694,37.8899307],[-122.5387054,37.8899307],[-122.5387053,37.8899488],[-122.5387167,37.8899488],[-122.5387166,37.8899578],[-122.538728,37.8899579],[-122.5387279,37.8899759],[-122.5387393,37.8899759],[-122.5387391,37.889994],[-122.5387505,37.889994],[-122.5387504,37.890003],[-122.5387618,37.8900031],[-122.5387617,37.8900301],[-122.538773,37.8900301],[-122.5387729,37.8900482],[-122.5387843,37.8900482],[-122.5387842,37.8900572],[-122.538807,37.8900573],[-122.538807,37.8900483],[-122.5388298,37.8900484],[-122.5388298,37.8900394],[-122.5388412,37.8900394],[-122.5388413,37.8900304],[-122.5389322,37.8900308],[-122.5389322,37.8900398],[-122.5389777,37.89004],[-122.5389776,37.890049],[-122.5390459,37.8900492],[-122.5390459,37.8900402],[-122.53908,37.8900404],[-122.5390801,37.8900313],[-122.5390915,37.8900314],[-122.5390915,37.8900224],[-122.5391029,37.8900224],[-122.539103,37.8900044],[-122.5391144,37.8900044],[-122.5391144,37.8899954],[-122.5391258,37.8899955],[-122.5391259,37.8899865],[-122.539251,37.889987],[-122.539251,37.8899779],[-122.5392624,37.889978],[-122.5392624,37.889969],[-122.5392738,37.889969],[-122.5392739,37.88996],[-122.5393307,37.8899602],[-122.5393307,37.8899692],[-122.5393421,37.8899693],[-122.5393418,37.8900053],[-122.5393532,37.8900054],[-122.539353,37.8900414],[-122.5393871,37.8900416],[-122.5393871,37.8900326],[-122.5394326,37.8900327],[-122.5394327,37.8900237],[-122.5394441,37.8900238],[-122.539444,37.8900328],[-122.5394554,37.8900328],[-122.5394553,37.8900418],[-122.5394667,37.8900419],[-122.5394666,37.8900509],[-122.5395576,37.8900512],[-122.5395576,37.8900602],[-122.5395689,37.8900603],[-122.5395689,37.8900693],[-122.5395803,37.8900693],[-122.5395802,37.8900784],[-122.5396029,37.8900785],[-122.5396028,37.8900965],[-122.5396256,37.8900966],[-122.5396255,37.8901056],[-122.5396824,37.8901058],[-122.5396823,37.8901148],[-122.5397278,37.890115],[-122.5397278,37.890124],[-122.5398187,37.8901244],[-122.5398187,37.8901334],[-122.5398301,37.8901334],[-122.5398301,37.8901244],[-122.5398529,37.8901245],[-122.5398529,37.8901155],[-122.5398757,37.8901156],[-122.5398757,37.8901066],[-122.5398985,37.8901066],[-122.5398985,37.8900976],[-122.5399099,37.8900977],[-122.5399099,37.8900887],[-122.5399327,37.8900888],[-122.5399328,37.8900797],[-122.5399441,37.8900798],[-122.5399442,37.8900708],[-122.5399556,37.8900708],[-122.5399556,37.8900618],[-122.5399783,37.8900619],[-122.5399784,37.8900529],[-122.5399898,37.8900529],[-122.5399898,37.8900439],[-122.5400012,37.890044],[-122.5400013,37.890035],[-122.5400126,37.890035],[-122.5400127,37.890026],[-122.5400241,37.890026],[-122.5400241,37.890017],[-122.5400355,37.8900171],[-122.5400355,37.890008],[-122.5400469,37.8900081],[-122.540047,37.8899991],[-122.5400583,37.8899991],[-122.5400584,37.8899901],[-122.5400698,37.8899902],[-122.5400698,37.8899811],[-122.5400926,37.8899812],[-122.5400927,37.8899632],[-122.5401037,37.8899632],[-122.5401196,37.8900347],[-122.5400607,37.890178],[-122.5401138,37.8903157],[-122.5399477,37.8903115],[-122.5395702,37.8902896],[-122.5393457,37.8904463],[-122.5390537,37.8905972],[-122.5388776,37.8906218],[-122.5388213,37.8906296],[-122.538463,37.8906536],[-122.5384616,37.8906038],[-122.5384927,37.8904291],[-122.5385554,37.8900973],[-122.5385405,37.889924],[-122.5386489,37.889878],[-122.5386488,37.8898855]]]}},{"type":"Feature","properties":{"elev_class":4,"elev_range_ft":"306-444 ft","Block_No":58},"geometry":{"type":"Polygon","coordinates":[[[-122.536295,37.8898311],[-122.5362951,37.8898221],[-122.5363519,37.8898224],[-122.536352,37.8898133],[-122.5363861,37.8898135],[-122.5363861,37.8898044],[-122.5364089,37.8898045],[-122.5364089,37.8898003],[-122.5365277,37.8898102],[-122.5365282,37.8898104],[-122.5367347,37.8898932],[-122.5367363,37.8898937],[-122.5367387,37.8898945],[-122.5367479,37.8898982],[-122.5367495,37.8898987],[-122.5369329,37.8899584],[-122.5371963,37.8899742],[-122.5371964,37.8899742],[-122.5371981,37.8899727],[-122.5372165,37.8899558],[-122.5372949,37.8898886],[-122.537465,37.8899312],[-122.5376154,37.8898504],[-122.5378474,37.8897026],[-122.5382221,37.8898223],[-122.5377877,37.8900814],[-122.5374901,37.8902199],[-122.5372248,37.8902634],[-122.5369097,37.8902744],[-122.5367666,37.8904269],[-122.5366457,37.8906178],[-122.5365781,37.8907079],[-122.5363342,37.8906955],[-122.5361957,37.8906728],[-122.5361315,37.8906352],[-122.5360469,37.8905889],[-122.5359996,37.8905374],[-122.5359549,37.8904767],[-122.5359261,37.8903702],[-122.5359143,37.8902544],[-122.5359391,37.8901106],[-122.5359556,37.8900309],[-122.5362612,37.889831],[-122.536295,37.8898311]]]}},{"type":"Feature","properties":{"elev_class":4,"elev_range_ft":"306-444 ft","Block_No":55},"geometry":{"type":"Polygon","coordinates":[[[-122.5373932,37.8907772],[-122.5371062,37.8907932],[-122.536783,37.8907655],[-122.5365781,37.8907079],[-122.5366457,37.8906178],[-122.5367666,37.8904269],[-122.5369097,37.8902744],[-122.5372248,37.8902634],[-122.5374901,37.8902199],[-122.5377877,37.8900814],[-122.5382221,37.8898223],[-122.5385405,37.889924],[-122.5385554,37.8900973],[-122.5384927,37.8904291],[-122.5384616,37.8906038],[-122.538463,37.8906536],[-122.5382155,37.8908519],[-122.5379116,37.8910183],[-122.5376219,37.8909344],[-122.5373932,37.8907772]]]}},{"type":"Feature","properties":{"elev_class":4,"elev_range_ft":"306-444 ft","Block_No":44},"geometry":{"type":"Polygon","coordinates":[[[-122.5394835,37.8909883],[-122.5394835,37.8909973],[-122.5394039,37.890997],[-122.5394039,37.890988],[-122.5393926,37.890988],[-122.5393925,37.890997],[-122.5393698,37.8909969],[-122.5393697,37.8910059],[-122.539347,37.8910058],[-122.5393469,37.8910148],[-122.5393014,37.8910146],[-122.5393013,37.8910326],[-122.5392899,37.8910326],[-122.5392897,37.8910687],[-122.5392783,37.8910686],[-122.5392782,37.8910956],[-122.5392668,37.8910956],[-122.5392667,37.8911105],[-122.5392022,37.8911047],[-122.5389452,37.8913556],[-122.5387899,37.8913386],[-122.5386221,37.8913852],[-122.5384349,37.8914529],[-122.5384343,37.8914529],[-122.5384344,37.8914439],[-122.5383889,37.8914437],[-122.538389,37.8914347],[-122.5383662,37.8914346],[-122.5383662,37.8914436],[-122.538332,37.8914434],[-122.538332,37.8914525],[-122.5383092,37.8914524],[-122.5383092,37.8914614],[-122.5382751,37.8914613],[-122.538275,37.8914703],[-122.5382523,37.8914702],[-122.5382522,37.891479],[-122.538251,37.8914792],[-122.5382408,37.8914792],[-122.5382408,37.8914806],[-122.5381674,37.8914908],[-122.5380421,37.8915],[-122.5380462,37.8912398],[-122.538047,37.8911906],[-122.5379413,37.8911],[-122.5379116,37.8910183],[-122.5382155,37.8908519],[-122.538463,37.8906536],[-122.5388213,37.8906296],[-122.5388776,37.8906218],[-122.5391379,37.8906289],[-122.5392579,37.8906086],[-122.5394199,37.8905223],[-122.5395496,37.8904283],[-122.5396464,37.8904063],[-122.5397973,37.8904124],[-122.5398457,37.8904363],[-122.5400649,37.8905199],[-122.5402901,37.8905248],[-122.5402911,37.8905616],[-122.5402932,37.8907998],[-122.5402959,37.8909562],[-122.5402582,37.8909491],[-122.539707,37.8908159],[-122.5395064,37.8909884],[-122.5394835,37.8909883]]]}},{"type":"Feature","properties":{"elev_class":4,"elev_range_ft":"306-444 ft","Block_No":60},"geometry":{"type":"Polygon","coordinates":[[[-122.5375013,37.8915213],[-122.5374899,37.8915213],[-122.53749,37.8915122],[-122.5374673,37.8915122],[-122.5374673,37.8915031],[-122.5374559,37.8915031],[-122.537456,37.8914941],[-122.5374446,37.891494],[-122.5374447,37.891485],[-122.5374219,37.8914849],[-122.537422,37.8914759],[-122.5374106,37.8914759],[-122.5374107,37.8914669],[-122.5373879,37.8914668],[-122.537388,37.8914578],[-122.5373652,37.8914577],[-122.5373653,37.8914487],[-122.5373426,37.8914486],[-122.5373426,37.8914396],[-122.5372857,37.8914393],[-122.5372858,37.8914303],[-122.5372403,37.8914301],[-122.5372404,37.8914211],[-122.5371835,37.8914209],[-122.5371836,37.8914119],[-122.537013,37.8914112],[-122.5370129,37.8914203],[-122.5369674,37.8914201],[-122.5369674,37.8914291],[-122.5369332,37.8914289],[-122.5369332,37.891438],[-122.5369104,37.8914379],[-122.5369104,37.8914469],[-122.536899,37.8914468],[-122.5368988,37.8914739],[-122.5368875,37.8914738],[-122.5368874,37.8914828],[-122.536876,37.8914828],[-122.536876,37.8914918],[-122.5368532,37.8914917],[-122.5368532,37.8915007],[-122.5368077,37.8915006],[-122.5368076,37.8915096],[-122.5367963,37.8915095],[-122.5367962,37.8915185],[-122.5367908,37.8915185],[-122.5367704,37.8914331],[-122.53674,37.8913056],[-122.5366016,37.8911658],[-122.5363364,37.8909854],[-122.5361267,37.8908646],[-122.5359414,37.8906544],[-122.5362955,37.8908048],[-122.536676,37.8909333],[-122.5369318,37.890936],[-122.5372905,37.8909263],[-122.5374486,37.8909662],[-122.537595,37.8910704],[-122.5378508,37.8912337],[-122.537672,37.8914211],[-122.5375442,37.891521],[-122.5375013,37.8915227],[-122.5375013,37.8915213]]]}},{"type":"Feature","properties":{"elev_class":4,"elev_range_ft":"306-444 ft","Block_No":61},"geometry":{"type":"Polygon","coordinates":[[[-122.53666,37.8914819],[-122.53666,37.8914729],[-122.5366486,37.8914729],[-122.5366487,37.8914639],[-122.5366373,37.8914638],[-122.5366374,37.8914548],[-122.536626,37.8914548],[-122.5366262,37.8914277],[-122.5366148,37.8914277],[-122.536615,37.8913916],[-122.5366037,37.8913916],[-122.5366037,37.8913826],[-122.5366151,37.8913826],[-122.5366152,37.8913736],[-122.5366265,37.8913737],[-122.5366267,37.8913376],[-122.5365926,37.8913375],[-122.5365927,37.8913285],[-122.5365813,37.8913284],[-122.5365815,37.8912924],[-122.5365702,37.8912923],[-122.5365702,37.8912833],[-122.5365589,37.8912833],[-122.5365589,37.8912743],[-122.5365475,37.8912742],[-122.5365476,37.8912562],[-122.5365363,37.8912561],[-122.5365363,37.8912471],[-122.536525,37.8912471],[-122.536525,37.8912381],[-122.5365136,37.891238],[-122.5365137,37.891229],[-122.5365023,37.891229],[-122.5365024,37.8912199],[-122.5364796,37.8912199],[-122.5364797,37.8912109],[-122.5364683,37.8912108],[-122.5364684,37.8912018],[-122.536457,37.8912018],[-122.5364571,37.8911927],[-122.5364457,37.8911927],[-122.5364457,37.8911837],[-122.5364344,37.8911836],[-122.5364344,37.8911746],[-122.536423,37.8911746],[-122.536423,37.8911836],[-122.5364116,37.8911835],[-122.5364116,37.8911926],[-122.5363775,37.8911924],[-122.5363775,37.8911834],[-122.5363661,37.8911834],[-122.5363662,37.8911744],[-122.5363548,37.8911743],[-122.5363549,37.8911563],[-122.5363663,37.8911563],[-122.5363664,37.8911473],[-122.5363209,37.8911471],[-122.5363209,37.8911381],[-122.5363095,37.8911381],[-122.5363096,37.8911291],[-122.5362982,37.891129],[-122.5362983,37.89112],[-122.5362755,37.8911199],[-122.5362756,37.8911109],[-122.5362642,37.8911109],[-122.5362643,37.8911018],[-122.5362415,37.8911018],[-122.5362416,37.8910927],[-122.5362188,37.8910926],[-122.5362189,37.8910836],[-122.5361962,37.8910835],[-122.5361962,37.8910745],[-122.5361848,37.8910745],[-122.5361849,37.8910655],[-122.5361735,37.8910654],[-122.5361736,37.8910564],[-122.5361622,37.8910564],[-122.5361623,37.8910474],[-122.5361395,37.8910473],[-122.5361396,37.8910383],[-122.5361282,37.8910382],[-122.5361283,37.8910292],[-122.5361055,37.8910291],[-122.5361056,37.8910201],[-122.5360942,37.8910201],[-122.5360943,37.8910111],[-122.5360715,37.891011],[-122.5360716,37.8910019],[-122.5360602,37.8910019],[-122.5360603,37.8909929],[-122.5360375,37.8909928],[-122.5360376,37.8909838],[-122.5360262,37.8909837],[-122.5360263,37.8909747],[-122.5360035,37.8909746],[-122.5360036,37.8909656],[-122.5359922,37.8909656],[-122.5359923,37.8909566],[-122.5359809,37.8909565],[-122.5359809,37.8909475],[-122.5359696,37.8909475],[-122.5359696,37.8909385],[-122.5359582,37.8909384],[-122.5359583,37.8909294],[-122.5359356,37.8909293],[-122.5359356,37.8909203],[-122.5359242,37.8909203],[-122.5359243,37.8909112],[-122.5359016,37.8909111],[-122.5359016,37.8909021],[-122.5358902,37.8909021],[-122.5358903,37.8908931],[-122.5358789,37.890893],[-122.535879,37.890884],[-122.5358562,37.8908839],[-122.5358563,37.8908749],[-122.5358449,37.8908749],[-122.535845,37.8908658],[-122.5358336,37.8908658],[-122.5358337,37.8908568],[-122.5358223,37.8908567],[-122.5358223,37.8908477],[-122.5357996,37.8908476],[-122.5357997,37.8908386],[-122.5357883,37.8908386],[-122.5357883,37.8908296],[-122.535777,37.8908295],[-122.535777,37.8908205],[-122.5357656,37.8908205],[-122.5357657,37.8908115],[-122.5357543,37.8908114],[-122.5357544,37.8908024],[-122.5357316,37.8908023],[-122.5357317,37.8907933],[-122.5357203,37.8907933],[-122.5357204,37.8907843],[-122.535709,37.8907842],[-122.5357091,37.8907752],[-122.5356977,37.8907751],[-122.5356977,37.8907661],[-122.5356864,37.8907661],[-122.5356864,37.8907571],[-122.5356751,37.890757],[-122.5356751,37.890748],[-122.5356637,37.890748],[-122.5356638,37.890739],[-122.5356524,37.8907389],[-122.5356525,37.8907299],[-122.5356411,37.8907299],[-122.5356412,37.8907208],[-122.5356298,37.8907208],[-122.5356299,37.8907118],[-122.5356185,37.8907117],[-122.5356185,37.8907033],[-122.5357802,37.890705],[-122.5358419,37.890754],[-122.5359762,37.8908359],[-122.536108,37.8909315],[-122.5362395,37.8910111],[-122.5363334,37.8910869],[-122.5364506,37.8911713],[-122.5365768,37.8912693],[-122.53666,37.8913725],[-122.5366653,37.8914612],[-122.5366626,37.891482],[-122.53666,37.8914819]]]}},{"type":"Feature","properties":{"elev_class":4,"elev_range_ft":"306-444 ft","Block_No":54},"geometry":{"type":"MultiPolygon","coordinates":[[[[-122.5386836,37.8916071],[-122.5386836,37.891598],[-122.5386723,37.891598],[-122.5386723,37.891589],[-122.5386382,37.8915889],[-122.5386383,37.8915798],[-122.5386155,37.8915798],[-122.5386156,37.8915707],[-122.5386042,37.8915707],[-122.5386043,37.8915617],[-122.5385929,37.8915616],[-122.5385929,37.8915526],[-122.5385816,37.8915526],[-122.5385816,37.8915436],[-122.5385703,37.8915435],[-122.5385703,37.8915345],[-122.5385476,37.8915344],[-122.5385476,37.8915254],[-122.5385362,37.8915254],[-122.5385363,37.8915164],[-122.5385249,37.8915163],[-122.538525,37.8915073],[-122.5385136,37.8915073],[-122.5385137,37.8914982],[-122.5385023,37.8914982],[-122.5385024,37.8914892],[-122.538491,37.8914891],[-122.538491,37.8914801],[-122.5384797,37.8914801],[-122.5384797,37.8914711],[-122.5384683,37.891471],[-122.5384684,37.891462],[-122.5384456,37.8914619],[-122.5384457,37.8914529],[-122.5384349,37.8914529],[-122.5386221,37.8913852],[-122.5387899,37.8913386],[-122.5389452,37.8913556],[-122.5386876,37.8916071],[-122.5386836,37.8916071]]],[[[-122.5382522,37.8914792],[-122.538251,37.8914792],[-122.5382522,37.891479],[-122.5382522,37.8914792]]],[[[-122.5382408,37.8914882],[-122.5382294,37.8914881],[-122.5382293,37.8914971],[-122.538218,37.8914971],[-122.5382179,37.8915061],[-122.5381952,37.891506],[-122.5381951,37.891515],[-122.5381837,37.891515],[-122.5381837,37.891524],[-122.5381723,37.8915239],[-122.5381723,37.891533],[-122.5381609,37.8915329],[-122.5381608,37.8915509],[-122.5381494,37.8915509],[-122.5381493,37.8915599],[-122.538138,37.8915599],[-122.5381379,37.8915689],[-122.5381265,37.8915688],[-122.5381265,37.8915778],[-122.5380924,37.8915777],[-122.5380923,37.8915867],[-122.5380696,37.8915866],[-122.5380695,37.8915956],[-122.5380468,37.8915956],[-122.5380465,37.8916316],[-122.5380352,37.8916316],[-122.5380351,37.8916406],[-122.5380237,37.8916405],[-122.5380237,37.8916495],[-122.5379896,37.8916494],[-122.5379895,37.8916584],[-122.5379554,37.8916583],[-122.5379553,37.8916673],[-122.5378985,37.8916671],[-122.5378984,37.8916761],[-122.5378757,37.891676],[-122.5378756,37.891685],[-122.5378074,37.8916848],[-122.5378074,37.8916757],[-122.537796,37.8916757],[-122.5377961,37.8916667],[-122.5377847,37.8916666],[-122.5377848,37.8916576],[-122.5377734,37.8916576],[-122.5377735,37.8916486],[-122.5377621,37.8916485],[-122.5377622,37.8916395],[-122.5377508,37.8916395],[-122.5377508,37.8916305],[-122.5377395,37.8916304],[-122.5377395,37.8916214],[-122.5377282,37.8916213],[-122.5377282,37.8916123],[-122.5377168,37.8916123],[-122.5377169,37.8916033],[-122.5377055,37.8916032],[-122.5377056,37.8915942],[-122.5376828,37.8915941],[-122.5376829,37.8915851],[-122.5376601,37.891585],[-122.5376602,37.891576],[-122.5376488,37.891576],[-122.5376489,37.8915669],[-122.5376261,37.8915669],[-122.5376262,37.8915578],[-122.5375921,37.8915577],[-122.5375921,37.8915487],[-122.5375466,37.8915485],[-122.5375467,37.8915395],[-122.5375207,37.8915394],[-122.5375442,37.891521],[-122.537672,37.8914211],[-122.5378508,37.8912337],[-122.5380462,37.8912398],[-122.5380421,37.8915],[-122.5381674,37.8914908],[-122.5382408,37.8914806],[-122.5382408,37.8914882]]]]}},{"type":"Feature","properties":{"elev_class":4,"elev_range_ft":"306-444 ft","Block_No":42},"geometry":{"type":"Polygon","coordinates":[[[-122.5428479,37.8897171],[-122.5428487,37.8897179],[-122.542853,37.8897143],[-122.5428783,37.8896924],[-122.5429252,37.8896521],[-122.5430105,37.8895747],[-122.5430127,37.8895727],[-122.5430606,37.8895292],[-122.5430606,37.8895292],[-122.5431994,37.8896442],[-122.5431994,37.8896508],[-122.543188,37.8896508],[-122.543188,37.8896598],[-122.5431425,37.8896596],[-122.5431425,37.8896506],[-122.5431312,37.8896506],[-122.5431312,37.8896416],[-122.5430402,37.8896412],[-122.5430402,37.8896502],[-122.5429947,37.88965],[-122.5429946,37.889659],[-122.5429719,37.889659],[-122.5429718,37.889668],[-122.5429491,37.8896679],[-122.542949,37.8896769],[-122.5429263,37.8896768],[-122.5429262,37.8896858],[-122.5429149,37.8896858],[-122.5429148,37.8896948],[-122.5429034,37.8896947],[-122.5429034,37.8897038],[-122.5428806,37.8897037],[-122.5428805,37.8897217],[-122.5428692,37.8897216],[-122.542869,37.8897487],[-122.5428576,37.8897487],[-122.5428575,37.8897667],[-122.5428461,37.8897666],[-122.5428461,37.8897756],[-122.5428233,37.8897756],[-122.5428233,37.8897846],[-122.5428119,37.8897845],[-122.5428118,37.8897935],[-122.5428005,37.8897935],[-122.5428004,37.8898025],[-122.542789,37.8898025],[-122.542789,37.8898115],[-122.5427776,37.8898114],[-122.5427773,37.8898565],[-122.542766,37.8898565],[-122.5427659,37.8898655],[-122.5427432,37.8898654],[-122.5427431,37.8898744],[-122.5427317,37.8898743],[-122.5427317,37.8898833],[-122.5427089,37.8898833],[-122.5427086,37.8899373],[-122.5426972,37.8899373],[-122.5426972,37.8899463],[-122.5426858,37.8899463],[-122.5426857,37.8899553],[-122.5426744,37.8899552],[-122.5426744,37.8899462],[-122.5426631,37.8899462],[-122.5426631,37.8899372],[-122.5426176,37.889937],[-122.5426175,37.889955],[-122.5426289,37.8899551],[-122.5426288,37.8899731],[-122.5426401,37.8899731],[-122.54264,37.8900002],[-122.5426286,37.8900001],[-122.5426285,37.8900182],[-122.5426171,37.8900181],[-122.5426171,37.8900271],[-122.5426057,37.8900271],[-122.5426056,37.8900451],[-122.5425942,37.890045],[-122.542594,37.8900721],[-122.5425827,37.8900721],[-122.5425824,37.8901081],[-122.5425938,37.8901081],[-122.5425938,37.8901172],[-122.5426051,37.8901172],[-122.542605,37.8901352],[-122.5426278,37.8901353],[-122.5426277,37.8901533],[-122.542639,37.8901534],[-122.5426389,37.8901714],[-122.5426503,37.8901714],[-122.5426502,37.8901805],[-122.5426616,37.8901805],[-122.5426616,37.8901839],[-122.5426487,37.8901884],[-122.5426805,37.8903361],[-122.5431144,37.8907405],[-122.5428111,37.8908006],[-122.5425079,37.8908608],[-122.5422404,37.8907117],[-122.5418402,37.8905209],[-122.5413799,37.8904135],[-122.5414396,37.8900572],[-122.5415328,37.8898778],[-122.5416937,37.889864],[-122.5418959,37.8898271],[-122.5422573,37.8897097],[-122.5426406,37.889519],[-122.5428347,37.8897121],[-122.5428355,37.889713],[-122.5428398,37.8897093],[-122.5428399,37.8897092],[-122.5428479,37.8897171]]]}},{"type":"Feature","properties":{"elev_class":4,"elev_range_ft":"306-444 ft","Block_No":43},"geometry":{"type":"Polygon","coordinates":[[[-122.5401041,37.8899633],[-122.5401042,37.8899452],[-122.5401155,37.8899453],[-122.5401156,37.8899362],[-122.5401497,37.8899364],[-122.5401498,37.8899274],[-122.5401839,37.8899275],[-122.5401839,37.8899185],[-122.5402067,37.8899186],[-122.5402069,37.8898825],[-122.5401956,37.8898825],[-122.5401957,37.8898645],[-122.5402184,37.8898645],[-122.5402185,37.8898555],[-122.5402298,37.8898556],[-122.5402297,37.8898826],[-122.5402979,37.8898829],[-122.540298,37.8898649],[-122.5403094,37.8898649],[-122.5403095,37.8898469],[-122.5402981,37.8898468],[-122.5402982,37.8898288],[-122.5402869,37.8898288],[-122.5402869,37.8898198],[-122.5402756,37.8898197],[-122.5402756,37.8898107],[-122.540287,37.8898107],[-122.5402873,37.8897567],[-122.5403101,37.8897567],[-122.5403102,37.8897387],[-122.5403215,37.8897388],[-122.5403216,37.8897298],[-122.5403443,37.8897299],[-122.5403445,37.8897118],[-122.5403672,37.8897119],[-122.5403676,37.8896398],[-122.5403563,37.8896398],[-122.5403565,37.8896037],[-122.5403451,37.8896037],[-122.5403452,37.8895946],[-122.5403111,37.8895945],[-122.540311,37.8896035],[-122.5402883,37.8896035],[-122.5402883,37.8895944],[-122.540277,37.8895944],[-122.5402771,37.8895674],[-122.5402658,37.8895673],[-122.5402659,37.8895493],[-122.5402545,37.8895492],[-122.5402545,37.8895402],[-122.5401522,37.8895398],[-122.5401522,37.8895392],[-122.5403329,37.8895367],[-122.5403579,37.8895261],[-122.5403831,37.8895153],[-122.5403997,37.8895082],[-122.5404042,37.8895063],[-122.5405432,37.8894469],[-122.5405432,37.889447],[-122.5405531,37.8894607],[-122.5405703,37.8894847],[-122.5405977,37.8895229],[-122.5406274,37.8895643],[-122.540628,37.8895657],[-122.5406337,37.889579],[-122.5406585,37.889637],[-122.5406589,37.8896378],[-122.540659,37.8896381],[-122.5406591,37.8896383],[-122.540662,37.8896443],[-122.5406795,37.8896805],[-122.54068,37.8896814],[-122.5406807,37.889683],[-122.5406928,37.8897079],[-122.5406936,37.8897096],[-122.5406953,37.8897132],[-122.540702,37.889727],[-122.5407021,37.889727],[-122.5407026,37.8897267],[-122.5407105,37.8897228],[-122.5407107,37.8897227],[-122.5407152,37.889732],[-122.5407153,37.889732],[-122.5407158,37.8897317],[-122.5407237,37.8897277],[-122.540869,37.889655],[-122.5410614,37.8895586],[-122.5410709,37.889557],[-122.5411316,37.8895465],[-122.5412182,37.8895316],[-122.5412392,37.889572],[-122.5412991,37.8896428],[-122.5413541,37.8897183],[-122.5413622,37.8897167],[-122.5413624,37.8897166],[-122.5413673,37.8897233],[-122.5413754,37.8897217],[-122.5414712,37.8897022],[-122.5415328,37.8898778],[-122.5414396,37.8900572],[-122.5413799,37.8904135],[-122.5410403,37.8904139],[-122.5404462,37.8909843],[-122.5402959,37.8909562],[-122.5402932,37.8907998],[-122.5402911,37.8905616],[-122.5402901,37.8905248],[-122.5402879,37.8904443],[-122.5401138,37.8903157],[-122.5400607,37.890178],[-122.5401196,37.8900347],[-122.5401037,37.8899632],[-122.5401041,37.8899633]]]}},{"type":"Feature","properties":{"elev_class":4,"elev_range_ft":"306-444 ft","Block_No":41},"geometry":{"type":"MultiPolygon","coordinates":[[[[-122.5418361,37.8912589],[-122.5418361,37.8912499],[-122.5418248,37.8912498],[-122.5418248,37.8912408],[-122.5418134,37.8912407],[-122.5418136,37.8912227],[-122.5418022,37.8912227],[-122.5418022,37.8912137],[-122.5417909,37.8912136],[-122.5417909,37.8912046],[-122.5417796,37.8912046],[-122.5417797,37.8911865],[-122.5417683,37.8911865],[-122.5417685,37.8911504],[-122.5417571,37.8911504],[-122.5417573,37.8911234],[-122.5417459,37.8911233],[-122.5417461,37.8910963],[-122.5417347,37.8910962],[-122.5417349,37.8910692],[-122.5417235,37.8910691],[-122.5417237,37.8910421],[-122.5417123,37.8910421],[-122.5417124,37.891024],[-122.5417011,37.891024],[-122.5417012,37.891006],[-122.5416898,37.8910059],[-122.5416898,37.8909969],[-122.5416785,37.8909969],[-122.5416786,37.8909788],[-122.5416672,37.8909788],[-122.5416673,37.8909698],[-122.5416559,37.8909697],[-122.541656,37.8909607],[-122.5416332,37.8909606],[-122.5416333,37.8909516],[-122.5416105,37.8909515],[-122.5416106,37.8909425],[-122.5415765,37.8909424],[-122.5415765,37.8909334],[-122.5415538,37.8909333],[-122.5415538,37.8909243],[-122.5415311,37.8909242],[-122.5415311,37.8909152],[-122.5414288,37.8909148],[-122.5414288,37.8909058],[-122.5413606,37.8909055],[-122.5413607,37.8908965],[-122.5412924,37.8908962],[-122.5412925,37.8908872],[-122.5412584,37.8908871],[-122.5412584,37.8908781],[-122.5412129,37.8908779],[-122.541213,37.8908689],[-122.5411789,37.8908687],[-122.5411789,37.8908597],[-122.5411562,37.8908596],[-122.5411562,37.8908506],[-122.5411449,37.8908506],[-122.5411449,37.8908416],[-122.5411222,37.8908415],[-122.5411222,37.8908325],[-122.5411108,37.8908324],[-122.5411109,37.8908234],[-122.5410995,37.8908234],[-122.5410996,37.8908143],[-122.5410882,37.8908143],[-122.5410883,37.8908053],[-122.5410769,37.8908052],[-122.541077,37.8907962],[-122.5410656,37.8907962],[-122.5410657,37.8907782],[-122.5410543,37.8907781],[-122.5410544,37.8907691],[-122.541043,37.8907691],[-122.5410431,37.89076],[-122.5410395,37.89076],[-122.5410755,37.8907354],[-122.541185,37.8907335],[-122.5414129,37.8908261],[-122.5416849,37.8909711],[-122.5418701,37.8910596],[-122.5419103,37.891194],[-122.5418434,37.8912589],[-122.5418361,37.8912589]]],[[[-122.5404039,37.8911271],[-122.5404038,37.8911361],[-122.5403811,37.891136],[-122.540381,37.891145],[-122.5403583,37.8911449],[-122.5403582,37.891154],[-122.5403355,37.8911539],[-122.5403354,37.8911629],[-122.5403013,37.8911627],[-122.5403013,37.8911718],[-122.5402785,37.8911717],[-122.5402786,37.8911627],[-122.5402445,37.8911625],[-122.5402444,37.8911715],[-122.5402217,37.8911715],[-122.5402216,37.8911805],[-122.540142,37.8911801],[-122.5401419,37.8911892],[-122.5401306,37.8911891],[-122.5401306,37.8911801],[-122.5400624,37.8911798],[-122.5400624,37.8911708],[-122.5400283,37.8911707],[-122.5400284,37.8911617],[-122.540017,37.8911616],[-122.5400171,37.8911526],[-122.5399943,37.8911525],[-122.5399944,37.8911435],[-122.539983,37.8911435],[-122.5399831,37.8911345],[-122.5399603,37.8911344],[-122.5399604,37.8911254],[-122.5399376,37.8911253],[-122.5399377,37.8911163],[-122.5399263,37.8911162],[-122.5399264,37.8911072],[-122.539915,37.8911072],[-122.539915,37.8910981],[-122.5399037,37.8910981],[-122.5399037,37.8910891],[-122.539881,37.891089],[-122.539881,37.89108],[-122.5398583,37.8910799],[-122.5398583,37.8910709],[-122.539847,37.8910708],[-122.539847,37.8910618],[-122.5398243,37.8910617],[-122.5398243,37.8910527],[-122.539813,37.8910527],[-122.539813,37.8910437],[-122.5398017,37.8910436],[-122.5398017,37.8910377],[-122.5398409,37.8910222],[-122.5400917,37.8910613],[-122.540257,37.8910923],[-122.5404104,37.8911271],[-122.5404039,37.8911271]]]]}},{"type":"Feature","properties":{"elev_class":4,"elev_range_ft":"306-444 ft","Block_No":40},"geometry":{"type":"Polygon","coordinates":[[[-122.5419608,37.8913224],[-122.5419608,37.8913134],[-122.5419495,37.8913134],[-122.5419495,37.8913044],[-122.5419268,37.8913043],[-122.5419268,37.8912953],[-122.5419155,37.8912952],[-122.5419155,37.8912862],[-122.5419041,37.8912862],[-122.5419042,37.8912772],[-122.5418815,37.8912771],[-122.5418815,37.8912681],[-122.5418701,37.891268],[-122.5418702,37.891259],[-122.5418434,37.8912589],[-122.5419103,37.891194],[-122.541973,37.8913225],[-122.5419608,37.8913224]]]}},{"type":"Feature","properties":{"elev_class":4,"elev_range_ft":"306-444 ft","Block_No":45},"geometry":{"type":"Polygon","coordinates":[[[-122.5392666,37.8911317],[-122.5392552,37.8911316],[-122.5392551,37.8911496],[-122.5392437,37.8911496],[-122.5392436,37.8911676],[-122.5392322,37.8911676],[-122.5392321,37.8911856],[-122.5392207,37.8911856],[-122.5392207,37.8911946],[-122.5392093,37.8911945],[-122.5392093,37.8912035],[-122.5391979,37.8912035],[-122.5391978,37.8912125],[-122.5391865,37.8912125],[-122.5391864,37.8912215],[-122.5391637,37.8912214],[-122.5391636,37.8912304],[-122.5391408,37.8912303],[-122.5391408,37.8912393],[-122.5391294,37.8912393],[-122.5391294,37.8912483],[-122.539118,37.8912482],[-122.5391179,37.8912573],[-122.5391066,37.8912572],[-122.5391065,37.8912662],[-122.5390838,37.8912661],[-122.5390836,37.8912932],[-122.5390608,37.8912931],[-122.5390608,37.8913021],[-122.5390381,37.891302],[-122.539038,37.891311],[-122.5390266,37.891311],[-122.5390266,37.89132],[-122.5390152,37.89132],[-122.5390151,37.891329],[-122.5390038,37.8913289],[-122.5390037,37.8913379],[-122.5389923,37.8913379],[-122.5389922,37.8913559],[-122.5389809,37.8913559],[-122.5389808,37.8913649],[-122.5389694,37.8913648],[-122.5389692,37.8913919],[-122.5389579,37.8913918],[-122.5389578,37.8914099],[-122.5389691,37.8914099],[-122.538969,37.8914279],[-122.5389804,37.891428],[-122.5389803,37.891446],[-122.5389917,37.891446],[-122.538991,37.8915542],[-122.5389796,37.8915541],[-122.538979,37.8916533],[-122.5389676,37.8916532],[-122.5389676,37.8916623],[-122.5389562,37.8916622],[-122.5389558,37.8917253],[-122.5389672,37.8917254],[-122.5389671,37.8917344],[-122.5389557,37.8917343],[-122.5389556,37.8917523],[-122.5389443,37.8917523],[-122.5389442,37.8917613],[-122.5388873,37.8917611],[-122.5388874,37.8917521],[-122.5388533,37.8917519],[-122.5388533,37.8917429],[-122.5388078,37.8917427],[-122.5388078,37.8917518],[-122.538785,37.8917517],[-122.5387851,37.8917336],[-122.5387965,37.8917337],[-122.5387967,37.8916976],[-122.5387854,37.8916976],[-122.5387855,37.8916796],[-122.5387741,37.8916795],[-122.5387742,37.8916615],[-122.5387628,37.8916615],[-122.5387629,37.8916524],[-122.5387288,37.8916523],[-122.5387288,37.8916433],[-122.5387175,37.8916433],[-122.5387175,37.8916342],[-122.5387289,37.8916343],[-122.538729,37.8916253],[-122.5387176,37.8916252],[-122.5387176,37.8916162],[-122.5387063,37.8916162],[-122.5387063,37.8916071],[-122.5386876,37.8916071],[-122.5389452,37.8913556],[-122.5392022,37.8911047],[-122.5392667,37.8911105],[-122.5392666,37.8911317]]]}},{"type":"Feature","properties":{"elev_class":4,"elev_range_ft":"306-444 ft","Block_No":29},"geometry":{"type":"MultiPolygon","coordinates":[[[[-122.5478552,37.8907954],[-122.5478553,37.8907864],[-122.5478439,37.8907864],[-122.547844,37.8907774],[-122.5477985,37.8907772],[-122.5477985,37.8907682],[-122.5477872,37.8907681],[-122.5477871,37.8907771],[-122.5477416,37.890777],[-122.5477416,37.890786],[-122.5477188,37.8907859],[-122.5477188,37.8907949],[-122.5477074,37.8907949],[-122.5477073,37.8908039],[-122.5476732,37.8908037],[-122.5476732,37.8908128],[-122.5476618,37.8908127],[-122.5476617,37.8908217],[-122.5476504,37.8908217],[-122.5476503,37.8908307],[-122.5476276,37.8908306],[-122.5476275,37.8908396],[-122.5476161,37.8908396],[-122.5476161,37.8908486],[-122.5476047,37.8908486],[-122.5476046,37.8908576],[-122.5475933,37.8908575],[-122.5475932,37.8908755],[-122.5475818,37.8908755],[-122.5475817,37.8908845],[-122.5475704,37.8908845],[-122.5475703,37.8909025],[-122.5475589,37.8909024],[-122.5475588,37.8909115],[-122.5475361,37.8909114],[-122.547536,37.8909204],[-122.5475246,37.8909203],[-122.5475245,37.8909384],[-122.5475018,37.8909383],[-122.5475017,37.8909473],[-122.5474904,37.8909473],[-122.5474903,37.8909563],[-122.5474789,37.8909562],[-122.5474788,37.8909742],[-122.5474674,37.8909742],[-122.5474674,37.8909832],[-122.547456,37.8909832],[-122.547456,37.8909922],[-122.5474446,37.8909921],[-122.5474445,37.8910012],[-122.5474104,37.891001],[-122.5474104,37.89101],[-122.5471943,37.8910092],[-122.5471942,37.8910182],[-122.5471601,37.8910181],[-122.5471601,37.8910271],[-122.5471373,37.891027],[-122.5471373,37.891036],[-122.5471145,37.8910359],[-122.5471145,37.891045],[-122.5470917,37.8910449],[-122.5470917,37.8910539],[-122.5470803,37.8910538],[-122.5470802,37.8910628],[-122.5470575,37.8910628],[-122.5470574,37.8910718],[-122.5470461,37.8910717],[-122.547046,37.8910807],[-122.5470346,37.8910807],[-122.5470346,37.8910897],[-122.5470232,37.8910897],[-122.5470232,37.8910987],[-122.5470118,37.8910986],[-122.5470117,37.8911076],[-122.5470004,37.8911076],[-122.5470003,37.8911166],[-122.5469889,37.8911166],[-122.5469889,37.8911256],[-122.5469661,37.8911255],[-122.5469661,37.8911345],[-122.5469547,37.8911345],[-122.5469546,37.8911435],[-122.5469433,37.8911434],[-122.5469432,37.8911524],[-122.5469318,37.8911524],[-122.5469318,37.8911614],[-122.5469204,37.8911614],[-122.5469203,37.8911704],[-122.546909,37.8911703],[-122.5469089,37.8911794],[-122.5468868,37.8911793],[-122.5468916,37.8911657],[-122.546688,37.8908506],[-122.5465093,37.8905545],[-122.5465922,37.8904662],[-122.5468067,37.8905155],[-122.5470626,37.8905208],[-122.547355,37.8905205],[-122.5476198,37.8906269],[-122.5478851,37.8904164],[-122.5478753,37.8907955],[-122.5478552,37.8907954]]],[[[-122.5468861,37.8911883],[-122.5468836,37.8911883],[-122.5468862,37.891181],[-122.5468861,37.8911883]]]]}},{"type":"Feature","properties":{"elev_class":4,"elev_range_ft":"306-444 ft","Block_No":28},"geometry":{"type":"Polygon","coordinates":[[[-122.5474728,37.8919566],[-122.5474842,37.8919567],[-122.5474843,37.8919387],[-122.5474957,37.8919387],[-122.5474957,37.8919297],[-122.5475071,37.8919297],[-122.5475072,37.8919117],[-122.5475186,37.8919117],[-122.5475186,37.8919027],[-122.54753,37.8919028],[-122.5475301,37.8918938],[-122.5475414,37.8918938],[-122.5475415,37.8918848],[-122.5475529,37.8918848],[-122.5475529,37.8918758],[-122.5475643,37.8918759],[-122.5475644,37.8918669],[-122.5475757,37.8918669],[-122.5475758,37.8918579],[-122.5475871,37.8918579],[-122.5475872,37.8918489],[-122.5475986,37.891849],[-122.5475986,37.8918399],[-122.5475873,37.8918399],[-122.5475874,37.8918219],[-122.5475987,37.8918219],[-122.5475988,37.8918129],[-122.5476102,37.891813],[-122.5476102,37.8918039],[-122.547633,37.891804],[-122.547633,37.891795],[-122.5476558,37.8917951],[-122.5476558,37.8917861],[-122.5476672,37.8917861],[-122.5476673,37.8917771],[-122.5476786,37.8917772],[-122.5476788,37.8917501],[-122.5477015,37.8917502],[-122.5477016,37.8917412],[-122.5477357,37.8917413],[-122.5477357,37.8917504],[-122.5477584,37.8917504],[-122.5477583,37.8917595],[-122.5477697,37.8917595],[-122.5477697,37.8917685],[-122.5478152,37.8917687],[-122.5478152,37.8917597],[-122.5478948,37.89176],[-122.5478949,37.8917419],[-122.5479063,37.891742],[-122.5479064,37.891724],[-122.5479178,37.891724],[-122.5479179,37.891706],[-122.5479293,37.891706],[-122.5479296,37.891661],[-122.5479182,37.8916609],[-122.5479187,37.8915798],[-122.54793,37.8915798],[-122.5479301,37.8915708],[-122.5479415,37.8915709],[-122.5479416,37.8915438],[-122.547953,37.8915439],[-122.5479533,37.8914988],[-122.5479647,37.8914989],[-122.5479648,37.8914718],[-122.5479762,37.8914719],[-122.5479763,37.8914538],[-122.5479877,37.8914539],[-122.5479878,37.8914269],[-122.5479992,37.8914269],[-122.5479993,37.8914089],[-122.5480107,37.8914089],[-122.5480108,37.8913909],[-122.5480222,37.8913909],[-122.5480223,37.8913729],[-122.5480337,37.8913729],[-122.5480337,37.8913639],[-122.5480451,37.891364],[-122.5480452,37.891346],[-122.5480566,37.891346],[-122.5480566,37.891337],[-122.548068,37.891337],[-122.5480681,37.891328],[-122.5480794,37.8913281],[-122.5480795,37.891319],[-122.5480909,37.8913191],[-122.5480909,37.8913101],[-122.5481364,37.8913102],[-122.5481365,37.8913012],[-122.5481478,37.8913013],[-122.5481479,37.8912923],[-122.5481706,37.8912924],[-122.5481707,37.8912833],[-122.5481821,37.8912834],[-122.5481821,37.8912744],[-122.5481935,37.8912744],[-122.5481937,37.8912384],[-122.5482051,37.8912384],[-122.5482051,37.8912294],[-122.5482165,37.8912294],[-122.5482166,37.8912204],[-122.5482279,37.8912205],[-122.548228,37.8912115],[-122.5482394,37.8912115],[-122.5482394,37.8912025],[-122.5482508,37.8912025],[-122.5482509,37.8911935],[-122.5482622,37.8911936],[-122.5482623,37.8911845],[-122.5482736,37.8911846],[-122.5482738,37.8911666],[-122.5482965,37.8911667],[-122.5482966,37.8911576],[-122.5483079,37.8911577],[-122.548308,37.8911487],[-122.5483194,37.8911487],[-122.5483195,37.8911307],[-122.5483308,37.8911307],[-122.5483309,37.8911217],[-122.5483423,37.8911218],[-122.5483424,37.8911037],[-122.5483538,37.8911038],[-122.5483538,37.8910948],[-122.5483652,37.8910948],[-122.5483652,37.8910858],[-122.5483766,37.8910859],[-122.5483767,37.8910768],[-122.548388,37.8910769],[-122.5483881,37.8910679],[-122.5483995,37.8910679],[-122.5483995,37.8910589],[-122.5484223,37.891059],[-122.5484223,37.89105],[-122.5484337,37.89105],[-122.5484338,37.891041],[-122.5484451,37.891041],[-122.5484452,37.891023],[-122.5484566,37.8910231],[-122.5484571,37.8909419],[-122.5484685,37.890942],[-122.5484685,37.890933],[-122.5484799,37.890933],[-122.54848,37.890924],[-122.5484913,37.8909241],[-122.5484914,37.890906],[-122.5485028,37.8909061],[-122.5485029,37.8908881],[-122.5485143,37.8908881],[-122.5485144,37.8908791],[-122.5485257,37.8908791],[-122.5485262,37.890807],[-122.5485375,37.8908071],[-122.5485376,37.8907981],[-122.548549,37.8907981],[-122.548549,37.8907891],[-122.5485604,37.8907891],[-122.5485605,37.8907711],[-122.5485832,37.8907712],[-122.5485833,37.8907622],[-122.5485378,37.890762],[-122.5485377,37.890771],[-122.5485036,37.8907709],[-122.5485036,37.8907799],[-122.5484922,37.8907799],[-122.5484922,37.8907889],[-122.5484694,37.8907888],[-122.5484694,37.8907978],[-122.5484466,37.8907977],[-122.5484465,37.8908067],[-122.5484124,37.8908066],[-122.5484124,37.8908156],[-122.5483896,37.8908155],[-122.5483896,37.8908245],[-122.5483668,37.8908244],[-122.5483668,37.8908335],[-122.548344,37.8908334],[-122.548344,37.8908424],[-122.5483326,37.8908423],[-122.5483325,37.8908513],[-122.5482871,37.8908512],[-122.5482871,37.8908421],[-122.5482757,37.8908421],[-122.5482757,37.8908511],[-122.5482302,37.890851],[-122.5482301,37.89086],[-122.5482074,37.8908599],[-122.5482073,37.8908689],[-122.5481732,37.8908688],[-122.5481732,37.8908778],[-122.5481163,37.8908775],[-122.5481163,37.8908866],[-122.5480594,37.8908863],[-122.5480594,37.8908773],[-122.5480367,37.8908772],[-122.5480367,37.8908682],[-122.548014,37.8908681],[-122.5480141,37.8908591],[-122.5480027,37.8908591],[-122.548003,37.890814],[-122.5479916,37.890814],[-122.5479917,37.890805],[-122.5478893,37.8908046],[-122.5478894,37.8907956],[-122.5478753,37.8907955],[-122.5478851,37.8904164],[-122.5479059,37.8903999],[-122.5481418,37.8903428],[-122.5485265,37.8903795],[-122.5489351,37.8903966],[-122.5491988,37.8903783],[-122.5492781,37.8904822],[-122.5492862,37.8904928],[-122.5492879,37.8904949],[-122.5492566,37.8906169],[-122.5492538,37.8906276],[-122.5490819,37.8907774],[-122.5490795,37.8907795],[-122.5490704,37.890933],[-122.54907,37.8909401],[-122.5489286,37.891155],[-122.5487173,37.8913313],[-122.5485922,37.8914221],[-122.5484757,37.8916355],[-122.5484738,37.891639],[-122.5484713,37.8916436],[-122.5485964,37.8919023],[-122.5485966,37.8919027],[-122.5486003,37.8919103],[-122.5485969,37.8919118],[-122.5483422,37.8920212],[-122.5483417,37.8920217],[-122.5481093,37.8922466],[-122.5474726,37.891992],[-122.5474728,37.8919566]]]}},{"type":"Feature","properties":{"elev_class":4,"elev_range_ft":"306-444 ft","Block_No":27},"geometry":{"type":"Polygon","coordinates":[[[-122.5474532,37.8933085],[-122.5474532,37.8932995],[-122.5474191,37.8932994],[-122.5474192,37.8932904],[-122.5474078,37.8932903],[-122.5474078,37.8932813],[-122.5473851,37.8932812],[-122.5473851,37.8932722],[-122.5473738,37.8932722],[-122.5473738,37.8932631],[-122.5473625,37.8932631],[-122.5473625,37.8932541],[-122.5473511,37.893254],[-122.5473512,37.893245],[-122.5473398,37.893245],[-122.5473399,37.893236],[-122.5473171,37.8932359],[-122.5473172,37.8932269],[-122.5472944,37.8932268],[-122.5472946,37.8932088],[-122.5472832,37.8932087],[-122.5472832,37.8931997],[-122.5472719,37.8931997],[-122.5472719,37.8931906],[-122.5472605,37.8931906],[-122.5472606,37.8931726],[-122.5472493,37.8931725],[-122.5472494,37.8931455],[-122.5472381,37.8931454],[-122.5472381,37.8931364],[-122.5472267,37.8931364],[-122.5472269,37.8931094],[-122.5472156,37.8931093],[-122.5472157,37.8930913],[-122.5472043,37.8930912],[-122.5472045,37.8930552],[-122.5471931,37.8930552],[-122.5471932,37.8930461],[-122.5471818,37.8930461],[-122.547182,37.893019],[-122.5471706,37.893019],[-122.5471711,37.8929469],[-122.5471597,37.8929469],[-122.5471601,37.8928838],[-122.5471487,37.8928837],[-122.5471491,37.8928206],[-122.5471377,37.8928206],[-122.5471383,37.8927215],[-122.5471497,37.8927215],[-122.5471498,37.8927035],[-122.5471612,37.8927035],[-122.5471613,37.8926765],[-122.5471727,37.8926765],[-122.5471728,37.8926675],[-122.5471841,37.8926675],[-122.5471842,37.8926495],[-122.5471956,37.8926496],[-122.5471957,37.8926406],[-122.547207,37.8926406],[-122.5472071,37.8926316],[-122.5472185,37.8926316],[-122.5472185,37.8926226],[-122.5472299,37.8926227],[-122.54723,37.8926046],[-122.5472414,37.8926047],[-122.5472414,37.8925957],[-122.5472528,37.8925957],[-122.5472529,37.8925867],[-122.5472642,37.8925867],[-122.5472643,37.8925777],[-122.5472757,37.8925778],[-122.5472757,37.8925688],[-122.5472871,37.8925688],[-122.5472872,37.8925598],[-122.5472985,37.8925598],[-122.5472986,37.8925508],[-122.5473213,37.8925509],[-122.5473214,37.8925419],[-122.5473327,37.8925419],[-122.5473329,37.8925239],[-122.5473556,37.892524],[-122.5473557,37.892515],[-122.547367,37.892515],[-122.5473671,37.892506],[-122.5473785,37.8925061],[-122.5473785,37.8924971],[-122.5473899,37.8924971],[-122.5473899,37.8924881],[-122.5474013,37.8924881],[-122.5474014,37.8924791],[-122.5474241,37.8924792],[-122.5474242,37.8924702],[-122.5474469,37.8924703],[-122.547447,37.8924613],[-122.5474583,37.8924613],[-122.5474584,37.8924523],[-122.5474698,37.8924523],[-122.5474698,37.8924433],[-122.5474812,37.8924434],[-122.5474813,37.8924254],[-122.5474927,37.8924254],[-122.5474928,37.8924164],[-122.5475155,37.8924165],[-122.5475155,37.8924075],[-122.5475269,37.8924075],[-122.547527,37.8923895],[-122.5475384,37.8923895],[-122.5475385,37.8923805],[-122.5475498,37.8923805],[-122.5475499,37.8923625],[-122.5475386,37.8923625],[-122.5475386,37.8923535],[-122.5475273,37.8923534],[-122.5475274,37.8923354],[-122.547516,37.8923354],[-122.547516,37.8923263],[-122.5475047,37.8923263],[-122.5475048,37.8923083],[-122.5474934,37.8923082],[-122.5474935,37.8922992],[-122.5474821,37.8922992],[-122.5474822,37.8922811],[-122.5474708,37.8922811],[-122.5474709,37.8922631],[-122.5474596,37.892263],[-122.5474597,37.892245],[-122.5474483,37.892245],[-122.5474484,37.8922269],[-122.547437,37.8922269],[-122.5474371,37.8922089],[-122.5474258,37.8922088],[-122.5474261,37.8921547],[-122.5474147,37.8921547],[-122.5474148,37.8921367],[-122.5474035,37.8921366],[-122.5474039,37.8920735],[-122.5474152,37.8920736],[-122.5474154,37.8920466],[-122.5474268,37.8920466],[-122.5474268,37.8920376],[-122.5474382,37.8920376],[-122.5474383,37.8920196],[-122.5474497,37.8920196],[-122.5474497,37.8920106],[-122.5474611,37.8920107],[-122.5474612,37.8920017],[-122.5474725,37.8920017],[-122.5474726,37.891992],[-122.5481093,37.8922466],[-122.5481082,37.8922477],[-122.5480734,37.8924323],[-122.5480721,37.8924392],[-122.5479525,37.8927274],[-122.5479501,37.892733],[-122.5479492,37.8927352],[-122.5479494,37.8927375],[-122.547951,37.8927528],[-122.5479589,37.8928327],[-122.5474545,37.8933085],[-122.5474532,37.8933085]]]}},{"type":"Feature","properties":{"elev_class":4,"elev_range_ft":"306-444 ft","Block_No":11},"geometry":{"type":"Polygon","coordinates":[[[-122.5519243,37.8968317],[-122.5519243,37.8968227],[-122.5519016,37.8968226],[-122.5519016,37.8968136],[-122.5518789,37.8968135],[-122.5518789,37.8968045],[-122.5518676,37.8968044],[-122.5518676,37.8967954],[-122.5518449,37.8967953],[-122.5518449,37.8967863],[-122.5518336,37.8967863],[-122.5518336,37.8967772],[-122.5518222,37.8967772],[-122.5518223,37.896767],[-122.5518679,37.8967814],[-122.5520278,37.8967887],[-122.5519435,37.8968317],[-122.5519243,37.8968317]]]}},{"type":"Feature","properties":{"elev_class":4,"elev_range_ft":"306-444 ft","Block_No":7},"geometry":{"type":"Polygon","coordinates":[[[-122.5557263,37.898207],[-122.5557262,37.8982161],[-122.5557034,37.898216],[-122.5557034,37.898225],[-122.5556806,37.8982249],[-122.5556806,37.8982339],[-122.5556237,37.8982337],[-122.5556237,37.8982427],[-122.5556123,37.8982427],[-122.5556122,37.8982517],[-122.5555895,37.8982516],[-122.5555894,37.8982606],[-122.5555667,37.8982605],[-122.5555666,37.8982695],[-122.5555439,37.8982694],[-122.5555438,37.8982785],[-122.5555097,37.8982783],[-122.5555097,37.8982873],[-122.5554869,37.8982873],[-122.5554869,37.8982963],[-122.5554641,37.8982962],[-122.5554641,37.8983052],[-122.5554527,37.8983051],[-122.5554526,37.8983142],[-122.5554299,37.8983141],[-122.5554298,37.8983231],[-122.5554071,37.898323],[-122.555407,37.898332],[-122.5553843,37.8983319],[-122.5553842,37.8983409],[-122.5553501,37.8983408],[-122.5553501,37.8983498],[-122.5553159,37.8983497],[-122.5553159,37.8983587],[-122.5552704,37.8983585],[-122.5552703,37.8983676],[-122.5552589,37.8983675],[-122.5552589,37.8983765],[-122.5552475,37.8983765],[-122.5552475,37.8983855],[-122.5552247,37.8983854],[-122.5552247,37.8983944],[-122.5552019,37.8983943],[-122.5552019,37.8984034],[-122.5551791,37.8984033],[-122.5551791,37.8984123],[-122.5551563,37.8984122],[-122.5551563,37.8984212],[-122.5551221,37.8984211],[-122.5551221,37.8984301],[-122.5550993,37.89843],[-122.5550993,37.898439],[-122.5550879,37.898439],[-122.5550879,37.898448],[-122.5550651,37.8984479],[-122.555065,37.8984569],[-122.5550423,37.8984568],[-122.5550422,37.8984658],[-122.5550195,37.8984657],[-122.5550195,37.8984748],[-122.5549967,37.8984747],[-122.5549966,37.8984837],[-122.5549739,37.8984836],[-122.5549738,37.8984926],[-122.5549511,37.8984925],[-122.554951,37.8985015],[-122.5548828,37.8985013],[-122.5548828,37.8984923],[-122.5548487,37.8984921],[-122.5548488,37.8984831],[-122.5548374,37.8984831],[-122.5548375,37.8984741],[-122.5548147,37.898474],[-122.5548148,37.898465],[-122.5547806,37.8984649],[-122.5547807,37.8984558],[-122.554758,37.8984557],[-122.554758,37.8984467],[-122.5547466,37.8984467],[-122.5547467,37.8984377],[-122.5547239,37.8984376],[-122.554724,37.8984286],[-122.5547012,37.8984285],[-122.5547013,37.8984195],[-122.5546786,37.8984194],[-122.5546786,37.8984104],[-122.5546672,37.8984103],[-122.5546673,37.8984013],[-122.5546445,37.8984012],[-122.5546446,37.8983922],[-122.5546332,37.8983922],[-122.5546333,37.8983832],[-122.5546105,37.8983831],[-122.5546106,37.8983741],[-122.5545992,37.898374],[-122.5545993,37.898365],[-122.5545765,37.8983649],[-122.5545766,37.8983559],[-122.5545652,37.8983559],[-122.5545652,37.8983469],[-122.5545539,37.8983468],[-122.5545539,37.8983378],[-122.5545426,37.8983378],[-122.5545426,37.8983287],[-122.5545312,37.8983287],[-122.5545313,37.8983197],[-122.5545199,37.8983196],[-122.55452,37.8983106],[-122.5545086,37.8983106],[-122.5545087,37.8983016],[-122.5544973,37.8983015],[-122.5544973,37.8982991],[-122.554618,37.8982148],[-122.5547554,37.8982124],[-122.554899,37.8982732],[-122.5552426,37.8981864],[-122.5555259,37.8980057],[-122.5557315,37.8982071],[-122.5557263,37.898207]]]}},{"type":"Feature","properties":{"elev_class":4,"elev_range_ft":"306-444 ft","Block_No":6},"geometry":{"type":"MultiPolygon","coordinates":[[[[-122.5533956,37.8999107],[-122.5534184,37.8999108],[-122.5534184,37.899916],[-122.5533916,37.8999209],[-122.5533957,37.8999067],[-122.5533956,37.8999107]]],[[[-122.5542725,37.8997428],[-122.5542839,37.8997428],[-122.5542839,37.8997338],[-122.5542953,37.8997338],[-122.5542953,37.8997248],[-122.5543067,37.8997249],[-122.5543068,37.8997159],[-122.5543181,37.8997159],[-122.5543182,37.8997069],[-122.5543296,37.8997069],[-122.5543297,37.8996889],[-122.5543411,37.8996889],[-122.5543411,37.8996799],[-122.5543525,37.89968],[-122.5543525,37.899671],[-122.5543753,37.8996711],[-122.5543753,37.899662],[-122.5543981,37.8996621],[-122.5543981,37.8996531],[-122.5544778,37.8996534],[-122.5544778,37.8996444],[-122.5545119,37.8996445],[-122.5545119,37.8996535],[-122.554546,37.8996537],[-122.554546,37.8996627],[-122.5545687,37.8996628],[-122.5545686,37.8996718],[-122.55458,37.8996718],[-122.55458,37.8996808],[-122.5545913,37.8996809],[-122.5545913,37.8996899],[-122.5546027,37.8996899],[-122.5546025,37.899708],[-122.5546139,37.899708],[-122.5546139,37.899717],[-122.5546252,37.8997171],[-122.5546251,37.8997351],[-122.5546365,37.8997351],[-122.5546364,37.8997532],[-122.5546478,37.8997532],[-122.5546476,37.8997802],[-122.554659,37.8997803],[-122.5546587,37.8998254],[-122.5546701,37.8998254],[-122.55467,37.8998344],[-122.5546814,37.8998344],[-122.5546813,37.8998435],[-122.5546927,37.8998435],[-122.5546926,37.8998605],[-122.5546776,37.8998523],[-122.5543872,37.8997365],[-122.5542724,37.8997579],[-122.5542725,37.8997428]]],[[[-122.554704,37.8998616],[-122.554704,37.8998667],[-122.5546944,37.8998615],[-122.554704,37.8998616]]],[[[-122.5547153,37.8998706],[-122.5547153,37.8998729],[-122.5547111,37.8998706],[-122.5547153,37.8998706]]],[[[-122.5548856,37.8999253],[-122.5548857,37.8999163],[-122.5549084,37.8999164],[-122.5549084,37.8999074],[-122.5549653,37.8999076],[-122.5549654,37.8998986],[-122.555045,37.8998989],[-122.5550449,37.8999079],[-122.5550791,37.8999081],[-122.555079,37.8999171],[-122.5551018,37.8999172],[-122.5551017,37.8999262],[-122.5551244,37.8999263],[-122.5551244,37.8999353],[-122.5551419,37.8999353],[-122.5550071,37.9000415],[-122.5549555,37.900004],[-122.5548109,37.8999251],[-122.5548856,37.8999253]]],[[[-122.5563655,37.8997146],[-122.5563542,37.8997146],[-122.5563542,37.8997056],[-122.5563656,37.8997056],[-122.556366,37.8996335],[-122.5563774,37.8996335],[-122.5563775,37.8996155],[-122.5563889,37.8996156],[-122.556389,37.8995975],[-122.5564004,37.8995976],[-122.5564005,37.8995796],[-122.5564118,37.8995796],[-122.5564119,37.8995706],[-122.5564233,37.8995706],[-122.5564233,37.8995616],[-122.5564574,37.8995617],[-122.5564575,37.8995527],[-122.5564802,37.8995528],[-122.5564803,37.8995438],[-122.556503,37.8995439],[-122.5565031,37.8995349],[-122.5565183,37.8995349],[-122.5564401,37.8997353],[-122.5564407,37.8997552],[-122.5564177,37.8997556],[-122.5563653,37.8997566],[-122.5563655,37.8997146]]],[[[-122.5566874,37.899148],[-122.5566874,37.899157],[-122.5566419,37.8991569],[-122.5566418,37.8991659],[-122.5565963,37.8991657],[-122.5565964,37.8991567],[-122.5564826,37.8991563],[-122.5564827,37.8991472],[-122.5564599,37.8991472],[-122.5564599,37.8991562],[-122.5563461,37.8991557],[-122.5563462,37.8991467],[-122.5562438,37.8991463],[-122.5562439,37.8991373],[-122.556187,37.8991371],[-122.5561869,37.8991461],[-122.556096,37.8991458],[-122.556096,37.8991368],[-122.5559368,37.8991362],[-122.5559368,37.8991272],[-122.5558913,37.899127],[-122.5558914,37.899118],[-122.5558686,37.8991179],[-122.5558687,37.8991089],[-122.555846,37.8991088],[-122.555846,37.8990998],[-122.5558346,37.8990997],[-122.5558347,37.8990907],[-122.5558119,37.8990906],[-122.555812,37.8990816],[-122.5558006,37.8990816],[-122.5558007,37.8990726],[-122.5557893,37.8990725],[-122.5557893,37.8990635],[-122.555778,37.8990635],[-122.555778,37.8990545],[-122.5557666,37.8990544],[-122.5557668,37.8990364],[-122.5557554,37.8990364],[-122.5557554,37.8990273],[-122.5557441,37.8990273],[-122.5557441,37.8990183],[-122.5557328,37.8990182],[-122.555733,37.8989732],[-122.5557216,37.8989731],[-122.5557217,37.8989641],[-122.5557103,37.8989641],[-122.5557104,37.898946],[-122.5556991,37.898946],[-122.5556993,37.8989009],[-122.5557107,37.898901],[-122.5557108,37.898883],[-122.5557222,37.898883],[-122.5557223,37.898865],[-122.5557337,37.898865],[-122.5557338,37.898847],[-122.5557452,37.898847],[-122.5557452,37.898838],[-122.5557566,37.8988381],[-122.5557567,37.89882],[-122.5557681,37.8988201],[-122.5557682,37.8988021],[-122.5557795,37.8988021],[-122.5557796,37.8987931],[-122.555791,37.8987931],[-122.5557911,37.8987751],[-122.5558025,37.8987751],[-122.5558025,37.8987661],[-122.5558139,37.8987662],[-122.555814,37.8987391],[-122.5558368,37.8987392],[-122.5558369,37.8987302],[-122.5558482,37.8987303],[-122.5558483,37.8987212],[-122.5558597,37.8987213],[-122.5558597,37.8987123],[-122.5558711,37.8987123],[-122.5558712,37.8986943],[-122.5558826,37.8986943],[-122.5558827,37.8986763],[-122.555894,37.8986764],[-122.5558942,37.8986493],[-122.5559056,37.8986493],[-122.5559057,37.8986223],[-122.5559171,37.8986224],[-122.5559173,37.8985953],[-122.5559286,37.8985954],[-122.5559289,37.8985593],[-122.5559402,37.8985594],[-122.5559404,37.8985413],[-122.5559517,37.8985414],[-122.5559519,37.8985053],[-122.5559633,37.8985054],[-122.5559636,37.8984513],[-122.555975,37.8984513],[-122.5559752,37.8984153],[-122.5559639,37.8984152],[-122.5559639,37.8984062],[-122.5559753,37.8984063],[-122.5559755,37.8983792],[-122.5559868,37.8983793],[-122.5559869,37.8983613],[-122.5559983,37.8983613],[-122.5559986,37.8983074],[-122.5560547,37.8983306],[-122.5560582,37.8984569],[-122.5559928,37.8986008],[-122.5558929,37.8987453],[-122.5558002,37.8989007],[-122.5558306,37.898999],[-122.5559502,37.8990628],[-122.5562285,37.8991019],[-122.5565682,37.899107],[-122.5567288,37.8991481],[-122.5567288,37.8991482],[-122.5566874,37.899148]]]]}},{"type":"Feature","properties":{"elev_class":4,"elev_range_ft":"306-444 ft","Block_No":13},"geometry":{"type":"MultiPolygon","coordinates":[[[[-122.5493596,37.8996159],[-122.5493595,37.8996249],[-122.5493822,37.899625],[-122.5493822,37.899634],[-122.5493936,37.8996341],[-122.5493935,37.8996431],[-122.5494049,37.8996431],[-122.5494048,37.8996521],[-122.5494162,37.8996522],[-122.5494161,37.8996612],[-122.5494275,37.8996612],[-122.5494275,37.8996702],[-122.5494388,37.8996703],[-122.5494388,37.8996793],[-122.5494502,37.8996793],[-122.5494499,37.899721],[-122.5493818,37.899667],[-122.5493506,37.8996159],[-122.5493596,37.8996159]]],[[[-122.549893,37.8997982],[-122.5499023,37.8997982],[-122.5499016,37.8998038],[-122.549893,37.8998039],[-122.549893,37.8997982]]]]}},{"type":"Feature","properties":{"elev_class":4,"elev_range_ft":"306-444 ft","Block_No":9},"geometry":{"type":"MultiPolygon","coordinates":[[[[-122.551451,37.8998492],[-122.551451,37.8998582],[-122.5514737,37.8998583],[-122.5514736,37.8998673],[-122.5514964,37.8998674],[-122.5514963,37.8998764],[-122.5515077,37.8998765],[-122.5515077,37.8998855],[-122.551519,37.8998855],[-122.551519,37.8998945],[-122.5515303,37.8998946],[-122.5515303,37.8999036],[-122.5515417,37.8999036],[-122.5515416,37.8999126],[-122.551553,37.8999127],[-122.5515529,37.8999217],[-122.5515643,37.8999217],[-122.5515642,37.8999398],[-122.5515756,37.8999398],[-122.5515755,37.8999578],[-122.5515868,37.8999579],[-122.5515868,37.8999669],[-122.5515982,37.8999669],[-122.551598,37.899985],[-122.5516094,37.899985],[-122.5516094,37.899994],[-122.5516207,37.8999941],[-122.5516207,37.9000031],[-122.5516321,37.9000031],[-122.551632,37.9000121],[-122.5516434,37.9000122],[-122.5516433,37.9000212],[-122.5516547,37.9000212],[-122.5516547,37.9000303],[-122.551666,37.9000303],[-122.551666,37.9000393],[-122.5516773,37.9000394],[-122.5516772,37.9000574],[-122.5516886,37.9000574],[-122.5516885,37.9000755],[-122.5516999,37.9000755],[-122.5516998,37.9000935],[-122.5517111,37.9000936],[-122.5517107,37.9001651],[-122.5516559,37.9001182],[-122.5513398,37.8998488],[-122.551451,37.8998492]]],[[[-122.551722,37.9001747],[-122.551722,37.9001748],[-122.5517219,37.9001747],[-122.551722,37.9001747]]],[[[-122.5517447,37.9001838],[-122.5517447,37.9001928],[-122.5517788,37.900193],[-122.5517787,37.900202],[-122.5518015,37.9002021],[-122.5518014,37.9002111],[-122.5518128,37.9002111],[-122.5518127,37.9002201],[-122.5518241,37.9002202],[-122.551824,37.9002292],[-122.5518468,37.9002293],[-122.5518467,37.9002383],[-122.5518581,37.9002383],[-122.5518581,37.9002473],[-122.5518694,37.9002474],[-122.5518693,37.9002654],[-122.5518807,37.9002654],[-122.5518807,37.9002745],[-122.551892,37.9002745],[-122.551892,37.9002835],[-122.5519034,37.9002836],[-122.5519032,37.9003016],[-122.5519146,37.9003016],[-122.5519145,37.9003197],[-122.5519259,37.9003197],[-122.5519258,37.9003287],[-122.5519372,37.9003288],[-122.5519371,37.9003468],[-122.5519485,37.9003468],[-122.5519484,37.9003558],[-122.5519598,37.9003559],[-122.5519597,37.9003671],[-122.5519041,37.9003308],[-122.5517325,37.9001838],[-122.5517447,37.9001838]]],[[[-122.551971,37.900374],[-122.551971,37.9003745],[-122.5519702,37.9003739],[-122.551971,37.900374]]],[[[-122.5520504,37.9004103],[-122.552055,37.9004103],[-122.5520504,37.9004121],[-122.5520504,37.9004103]]],[[[-122.5520619,37.9004013],[-122.5520733,37.9004014],[-122.5520733,37.9003924],[-122.5520847,37.9003924],[-122.5520847,37.9003834],[-122.5521188,37.9003835],[-122.5521189,37.9003745],[-122.5521476,37.9003746],[-122.5520618,37.9004077],[-122.5520619,37.9004013]]],[[[-122.5521645,37.9003657],[-122.5521708,37.9003657],[-122.5521644,37.9003681],[-122.5521645,37.9003657]]],[[[-122.5524382,37.9002405],[-122.5524496,37.9002406],[-122.5524497,37.9002135],[-122.5524611,37.9002136],[-122.5524612,37.9001956],[-122.5524726,37.9001956],[-122.5524726,37.9001866],[-122.552484,37.9001866],[-122.5524841,37.9001776],[-122.5524955,37.9001777],[-122.5524955,37.9001686],[-122.5525183,37.9001687],[-122.5525183,37.9001597],[-122.5525411,37.9001598],[-122.5525411,37.9001508],[-122.5525525,37.9001508],[-122.5525525,37.9001418],[-122.5525753,37.9001419],[-122.5525753,37.9001329],[-122.5526891,37.9001333],[-122.5526891,37.9001243],[-122.5527119,37.9001244],[-122.552712,37.9001154],[-122.5527233,37.9001154],[-122.5527234,37.9000974],[-122.5527348,37.9000974],[-122.5527349,37.9000884],[-122.5527462,37.9000885],[-122.5527463,37.9000795],[-122.5527577,37.9000795],[-122.5527578,37.9000615],[-122.5527691,37.9000615],[-122.5527692,37.9000525],[-122.5527806,37.9000526],[-122.5527806,37.9000435],[-122.5528034,37.9000436],[-122.5528034,37.9000346],[-122.5528148,37.9000347],[-122.5528149,37.9000257],[-122.5528262,37.9000257],[-122.5528263,37.9000077],[-122.5528377,37.9000077],[-122.5528378,37.8999987],[-122.5528491,37.8999987],[-122.5528492,37.8999897],[-122.5528606,37.8999898],[-122.5528606,37.8999808],[-122.552872,37.8999808],[-122.5528721,37.8999718],[-122.5529176,37.899972],[-122.5529176,37.899963],[-122.5529517,37.8999631],[-122.5529518,37.8999541],[-122.5529745,37.8999542],[-122.5529746,37.8999451],[-122.552986,37.8999452],[-122.552986,37.8999362],[-122.5530088,37.8999363],[-122.5530088,37.8999272],[-122.5530202,37.8999273],[-122.5530203,37.8999183],[-122.5530316,37.8999183],[-122.5530317,37.8999003],[-122.5530431,37.8999003],[-122.5530432,37.8998913],[-122.5530545,37.8998914],[-122.5530546,37.8998824],[-122.5530887,37.8998825],[-122.5530887,37.8998915],[-122.5531342,37.8998917],[-122.5531341,37.8999007],[-122.5531682,37.8999008],[-122.5531682,37.8999098],[-122.5532592,37.8999102],[-122.5532592,37.8999012],[-122.5532706,37.8999012],[-122.5532705,37.8999102],[-122.553316,37.8999104],[-122.5533161,37.8999014],[-122.5533616,37.8999016],[-122.5533616,37.8998925],[-122.553373,37.8998926],[-122.5533729,37.8999016],[-122.5533957,37.8999017],[-122.5533957,37.8999067],[-122.5533916,37.8999209],[-122.5528882,37.9000541],[-122.5524381,37.9002615],[-122.5524382,37.9002405]]]]}},{"type":"Feature","properties":{"elev_class":4,"elev_range_ft":"306-444 ft","Block_No":14},"geometry":{"type":"Polygon","coordinates":[[[-122.5508167,37.900936],[-122.5507609,37.9009],[-122.5505949,37.9007928],[-122.550402,37.9006684],[-122.5503986,37.9006687],[-122.5503972,37.9006689],[-122.5503888,37.9006634],[-122.5503854,37.9006638],[-122.5503679,37.9006655],[-122.5503623,37.9006661],[-122.5503597,37.9006663],[-122.5503402,37.9006683],[-122.5503197,37.9006703],[-122.5503194,37.9006703],[-122.5499414,37.9006825],[-122.5499267,37.900683],[-122.5499266,37.900683],[-122.5499265,37.9006829],[-122.5499264,37.9006829],[-122.549926,37.9006828],[-122.5495322,37.90056],[-122.549442,37.9005318],[-122.5494408,37.9005314],[-122.5494377,37.9005304],[-122.549405,37.9005192],[-122.5493916,37.9005146],[-122.5491359,37.9004349],[-122.5490004,37.9003927],[-122.5489724,37.900384],[-122.548972,37.9003839],[-122.5486623,37.9002862],[-122.5485616,37.9002544],[-122.5485481,37.9002502],[-122.548495,37.9002331],[-122.5484858,37.9002301],[-122.5484026,37.9002034],[-122.5483892,37.9001991],[-122.5481499,37.9001221],[-122.5481267,37.9001146],[-122.5480262,37.9000823],[-122.5480128,37.9000779],[-122.5478226,37.9000175],[-122.5477845,37.9000054],[-122.5476316,37.8999568],[-122.5476194,37.899953],[-122.5475009,37.8999379],[-122.5474906,37.8999366],[-122.5474904,37.8999366],[-122.5472238,37.8999365],[-122.5472234,37.8999365],[-122.5469378,37.8999211],[-122.5469018,37.8999191],[-122.5468729,37.8999176],[-122.5468726,37.8999176],[-122.5466621,37.8999062],[-122.5466621,37.899903],[-122.5466735,37.899903],[-122.5466735,37.899894],[-122.5466849,37.8998941],[-122.5466849,37.899885],[-122.5466963,37.8998851],[-122.5466964,37.8998761],[-122.5467077,37.8998761],[-122.5467078,37.8998671],[-122.5467192,37.8998671],[-122.5467192,37.8998581],[-122.5467306,37.8998582],[-122.5467307,37.8998402],[-122.5467421,37.8998402],[-122.5467421,37.8998312],[-122.5467535,37.8998312],[-122.5467536,37.8998222],[-122.5467649,37.8998222],[-122.5467651,37.8998042],[-122.5467764,37.8998043],[-122.5467765,37.8997953],[-122.5467879,37.8997953],[-122.5467879,37.8997863],[-122.5467993,37.8997863],[-122.5467994,37.8997773],[-122.5468107,37.8997774],[-122.5468108,37.8997593],[-122.5468222,37.8997594],[-122.5468223,37.8997504],[-122.5468336,37.8997504],[-122.5468337,37.8997324],[-122.5468451,37.8997324],[-122.5468452,37.8997234],[-122.5468566,37.8997235],[-122.5468567,37.8997054],[-122.546868,37.8997055],[-122.5468681,37.8996965],[-122.5468795,37.8996965],[-122.5468797,37.8996605],[-122.5468911,37.8996605],[-122.5468913,37.8996244],[-122.5469027,37.8996245],[-122.5469028,37.8995975],[-122.5469142,37.8995975],[-122.5469143,37.8995885],[-122.5469256,37.8995885],[-122.5469257,37.8995795],[-122.546937,37.8995796],[-122.5469372,37.8995483],[-122.5470203,37.8995101],[-122.5471837,37.8994827],[-122.5470745,37.8992917],[-122.5470867,37.8992917],[-122.5470867,37.8992827],[-122.547155,37.899283],[-122.5471549,37.899292],[-122.5471891,37.8992921],[-122.547189,37.8993011],[-122.5472004,37.8993012],[-122.5472003,37.8993102],[-122.5472117,37.8993102],[-122.5472116,37.8993192],[-122.5472344,37.8993193],[-122.5472343,37.8993283],[-122.5472571,37.8993284],[-122.547257,37.8993374],[-122.5472684,37.8993375],[-122.5472683,37.8993465],[-122.5472911,37.8993466],[-122.547291,37.8993556],[-122.5473024,37.8993556],[-122.5473023,37.8993647],[-122.5473137,37.8993647],[-122.5473137,37.8993737],[-122.5473364,37.8993738],[-122.5473364,37.8993828],[-122.5473477,37.8993829],[-122.5473477,37.8993919],[-122.547359,37.8993919],[-122.547359,37.8994009],[-122.5473704,37.899401],[-122.5473703,37.89941],[-122.5473931,37.8994101],[-122.547393,37.8994191],[-122.5474271,37.8994192],[-122.5474271,37.8994282],[-122.5474498,37.8994283],[-122.5474498,37.8994373],[-122.5474839,37.8994375],[-122.5474838,37.8994465],[-122.5475066,37.8994466],[-122.5475065,37.8994556],[-122.5475179,37.8994556],[-122.5475178,37.8994646],[-122.5475406,37.8994647],[-122.5475405,37.8994737],[-122.5475519,37.8994738],[-122.5475519,37.8994828],[-122.5475632,37.8994828],[-122.5475632,37.8994918],[-122.5475859,37.8994919],[-122.5475859,37.8995009],[-122.54762,37.8995011],[-122.5476199,37.8995101],[-122.5476427,37.8995102],[-122.5476426,37.8995192],[-122.5476654,37.8995193],[-122.5476653,37.8995283],[-122.5476994,37.8995284],[-122.5476994,37.8995374],[-122.5477108,37.8995375],[-122.5477107,37.8995465],[-122.5477334,37.8995466],[-122.5477334,37.8995556],[-122.5477448,37.8995556],[-122.5477447,37.8995647],[-122.5477561,37.8995647],[-122.547756,37.8995737],[-122.5477674,37.8995738],[-122.5477674,37.8995828],[-122.5477787,37.8995828],[-122.5477786,37.8996008],[-122.54779,37.8996009],[-122.5477899,37.8996189],[-122.5478013,37.8996189],[-122.5478011,37.899637],[-122.5478125,37.899637],[-122.5478124,37.899655],[-122.5478238,37.8996551],[-122.5478237,37.8996641],[-122.5478351,37.8996641],[-122.5478351,37.8996731],[-122.5478464,37.8996732],[-122.5478464,37.8996822],[-122.5478691,37.8996823],[-122.5478691,37.8996913],[-122.5478918,37.8996914],[-122.5478918,37.8997004],[-122.5479031,37.8997004],[-122.5479031,37.8997095],[-122.5479372,37.8997096],[-122.5479371,37.8997186],[-122.5480623,37.8997191],[-122.5480623,37.8997101],[-122.548085,37.8997102],[-122.5480851,37.8997011],[-122.5481079,37.8997012],[-122.5481079,37.8996922],[-122.5481193,37.8996923],[-122.5481193,37.8996833],[-122.5481307,37.8996833],[-122.5481308,37.8996743],[-122.5481422,37.8996743],[-122.5481423,37.8996563],[-122.5481536,37.8996564],[-122.5481537,37.8996473],[-122.5481651,37.8996474],[-122.5481651,37.8996384],[-122.5481765,37.8996384],[-122.5481765,37.8996294],[-122.5482107,37.8996295],[-122.5482107,37.8996205],[-122.5482221,37.8996206],[-122.5482222,37.8996115],[-122.5482335,37.8996116],[-122.5482336,37.8996026],[-122.5482563,37.8996027],[-122.5482564,37.8995936],[-122.5482791,37.8995937],[-122.5482792,37.8995847],[-122.5482906,37.8995848],[-122.5482906,37.8995757],[-122.548302,37.8995758],[-122.548302,37.8995668],[-122.5483134,37.8995668],[-122.5483135,37.8995578],[-122.5483249,37.8995579],[-122.5483249,37.8995489],[-122.5483363,37.8995489],[-122.5483363,37.8995399],[-122.5483477,37.8995399],[-122.5483478,37.8995309],[-122.5483591,37.8995309],[-122.5483592,37.8995219],[-122.5483706,37.899522],[-122.5483706,37.899513],[-122.548382,37.899513],[-122.5483821,37.899504],[-122.5483934,37.899504],[-122.5483935,37.899495],[-122.5484048,37.8994951],[-122.5484049,37.8994861],[-122.5484163,37.8994861],[-122.5484163,37.8994771],[-122.5484277,37.8994771],[-122.5484278,37.8994681],[-122.5484391,37.8994682],[-122.5484392,37.8994592],[-122.5484506,37.8994592],[-122.5484506,37.8994502],[-122.5484734,37.8994503],[-122.5484734,37.8994413],[-122.5484848,37.8994413],[-122.5484848,37.8994323],[-122.5485076,37.8994324],[-122.5485077,37.8994234],[-122.5485304,37.8994235],[-122.5485305,37.8994144],[-122.5485532,37.8994145],[-122.5485533,37.8994055],[-122.548576,37.8994056],[-122.5485761,37.8993966],[-122.5485874,37.8993966],[-122.5485875,37.8993876],[-122.5486102,37.8993877],[-122.5486103,37.8993787],[-122.5486217,37.8993787],[-122.5486217,37.8993697],[-122.5486445,37.8993698],[-122.5486445,37.8993608],[-122.5486673,37.8993609],[-122.5486673,37.8993519],[-122.5486901,37.899352],[-122.5486901,37.8993429],[-122.5487015,37.899343],[-122.5487016,37.899334],[-122.5487243,37.8993341],[-122.5487244,37.8993251],[-122.5487471,37.8993251],[-122.5487472,37.8993161],[-122.5487813,37.8993163],[-122.5487813,37.8993072],[-122.5487869,37.8993073],[-122.5487205,37.8994438],[-122.548692,37.899551],[-122.5489617,37.8997276],[-122.5494447,37.8999931],[-122.5495828,37.9001187],[-122.5498589,37.9000428],[-122.5499824,37.8999659],[-122.5501798,37.8999625],[-122.5503598,37.8999807],[-122.5505096,37.9000457],[-122.5506692,37.9001354],[-122.5507604,37.9001907],[-122.5507744,37.9005318],[-122.5511553,37.9008381],[-122.5509295,37.9010087],[-122.5508167,37.900936]]]}},{"type":"Feature","properties":{"elev_class":4,"elev_range_ft":"306-444 ft","Block_No":2},"geometry":{"type":"Polygon","coordinates":[[[-122.5575322,37.8986284],[-122.5575322,37.8986375],[-122.5575663,37.8986376],[-122.5575662,37.8986466],[-122.5575776,37.8986466],[-122.5575775,37.8986557],[-122.5575889,37.8986557],[-122.5575887,37.8986827],[-122.5576001,37.8986828],[-122.5575999,37.8987188],[-122.5575885,37.8987188],[-122.5575883,37.8987548],[-122.5575769,37.8987548],[-122.5575766,37.8988179],[-122.5575879,37.8988179],[-122.5575878,37.898845],[-122.5575764,37.8988449],[-122.5575762,37.898872],[-122.5576104,37.8988721],[-122.5576103,37.8988811],[-122.5576331,37.8988812],[-122.557633,37.8988902],[-122.5576444,37.8988902],[-122.5576443,37.8988992],[-122.5576557,37.8988993],[-122.5576557,37.8989083],[-122.557667,37.8989083],[-122.557667,37.8989174],[-122.5576783,37.8989174],[-122.5576783,37.8989264],[-122.5576897,37.8989265],[-122.5576896,37.8989355],[-122.557701,37.8989355],[-122.5577009,37.8989445],[-122.5577123,37.8989446],[-122.5577122,37.8989536],[-122.5577236,37.8989536],[-122.5577235,37.8989717],[-122.5577349,37.8989717],[-122.5577348,37.8989807],[-122.5577462,37.8989807],[-122.5577461,37.8990078],[-122.5577574,37.8990078],[-122.5577573,37.8990259],[-122.5577687,37.8990259],[-122.5577686,37.8990439],[-122.5577572,37.8990439],[-122.5577572,37.8990529],[-122.5577458,37.8990528],[-122.5577456,37.8990799],[-122.557757,37.8990799],[-122.5577569,37.899098],[-122.5577455,37.8990979],[-122.5577452,37.899152],[-122.5577338,37.8991519],[-122.5577337,37.899179],[-122.5577223,37.8991789],[-122.5577222,37.899188],[-122.5577109,37.8991879],[-122.5577106,37.899233],[-122.5576992,37.8992329],[-122.5576989,37.899287],[-122.5577102,37.8992871],[-122.5577101,37.8993051],[-122.5577215,37.8993051],[-122.5577213,37.8993412],[-122.5577099,37.8993411],[-122.5577098,37.8993592],[-122.5576985,37.8993591],[-122.5576984,37.8993681],[-122.557687,37.8993681],[-122.557687,37.8993771],[-122.5576756,37.8993771],[-122.5576755,37.8993861],[-122.5576642,37.899386],[-122.5576641,37.899395],[-122.5576527,37.899395],[-122.5576527,37.899404],[-122.5576413,37.899404],[-122.5576413,37.899413],[-122.5576185,37.8994129],[-122.5576185,37.8994219],[-122.5575957,37.8994218],[-122.5575956,37.8994308],[-122.5575843,37.8994308],[-122.5575842,37.8994398],[-122.5575728,37.8994398],[-122.5575727,37.8994578],[-122.5575614,37.8994578],[-122.5575613,37.8994758],[-122.5575499,37.8994757],[-122.5575498,37.8994847],[-122.5575271,37.8994847],[-122.557527,37.8995027],[-122.5575384,37.8995027],[-122.5575382,37.8995298],[-122.5575268,37.8995297],[-122.5575268,37.8995387],[-122.5575154,37.8995387],[-122.5575153,37.8995477],[-122.557504,37.8995477],[-122.5575039,37.8995567],[-122.5574925,37.8995566],[-122.5574924,37.8995747],[-122.5574811,37.8995746],[-122.5574809,37.8995926],[-122.5574696,37.8995926],[-122.5574695,37.8996106],[-122.5574581,37.8996106],[-122.557458,37.8996196],[-122.5574467,37.8996195],[-122.5574466,37.8996286],[-122.5574352,37.8996285],[-122.5574352,37.8996375],[-122.5574238,37.8996375],[-122.5574237,37.8996465],[-122.5574124,37.8996465],[-122.5574123,37.8996555],[-122.5573327,37.8996552],[-122.5573326,37.8996642],[-122.5572985,37.8996641],[-122.5572985,37.8996731],[-122.557253,37.8996729],[-122.5572529,37.8996819],[-122.5572302,37.8996818],[-122.5572301,37.8996908],[-122.5572074,37.8996907],[-122.5572073,37.8997088],[-122.5571959,37.8997087],[-122.5571958,37.8997268],[-122.5571844,37.8997267],[-122.5571843,37.8997447],[-122.5571729,37.8997447],[-122.5571729,37.8997537],[-122.5571615,37.8997537],[-122.5571614,37.8997717],[-122.55715,37.8997716],[-122.5571499,37.8997897],[-122.5571385,37.8997896],[-122.5571385,37.8997987],[-122.5571271,37.8997986],[-122.5571271,37.8998076],[-122.5571157,37.8998076],[-122.5571156,37.8998256],[-122.5571269,37.8998256],[-122.5571268,37.8998437],[-122.5571155,37.8998436],[-122.5571152,37.8998797],[-122.5571266,37.8998797],[-122.5571265,37.8998978],[-122.5571379,37.8998978],[-122.5571377,37.8999248],[-122.5571491,37.8999249],[-122.557149,37.8999339],[-122.5571604,37.8999339],[-122.5571603,37.899952],[-122.5571717,37.899952],[-122.5571716,37.899961],[-122.557183,37.8999611],[-122.5571829,37.8999701],[-122.5572057,37.8999702],[-122.5572056,37.8999792],[-122.557217,37.8999792],[-122.557217,37.8999882],[-122.5572283,37.8999883],[-122.5572283,37.8999973],[-122.5572396,37.8999973],[-122.5572396,37.9000063],[-122.5572624,37.9000064],[-122.5572623,37.9000154],[-122.5572737,37.9000155],[-122.5572736,37.9000245],[-122.5573191,37.9000246],[-122.5573191,37.9000337],[-122.5573418,37.9000337],[-122.5573417,37.9000518],[-122.5573531,37.9000518],[-122.557353,37.9000608],[-122.5573644,37.9000609],[-122.5573643,37.9000789],[-122.5573757,37.9000789],[-122.5573756,37.900088],[-122.557387,37.900088],[-122.5573869,37.900106],[-122.5573982,37.9001061],[-122.5573981,37.9001241],[-122.5574095,37.9001241],[-122.5574092,37.9001692],[-122.5573865,37.9001691],[-122.5573864,37.9001781],[-122.5573751,37.9001781],[-122.557375,37.9001871],[-122.5573636,37.900187],[-122.5573635,37.9002141],[-122.5573749,37.9002141],[-122.5573748,37.9002232],[-122.5574317,37.9002234],[-122.5574316,37.9002324],[-122.5574885,37.9002326],[-122.5574885,37.9002236],[-122.5575113,37.9002237],[-122.5575112,37.9002327],[-122.5575226,37.9002327],[-122.5575226,37.9002417],[-122.5575339,37.9002418],[-122.5575339,37.9002508],[-122.5575452,37.9002508],[-122.557545,37.9002959],[-122.5575336,37.9002958],[-122.5575336,37.9003049],[-122.5575222,37.9003048],[-122.5575219,37.9003589],[-122.5575332,37.9003589],[-122.5575332,37.900368],[-122.5575445,37.900368],[-122.5575444,37.900386],[-122.5575558,37.9003861],[-122.5575558,37.9003951],[-122.5575671,37.9003951],[-122.5575669,37.9004312],[-122.5575783,37.9004312],[-122.5575781,37.9004582],[-122.5575895,37.9004583],[-122.5575894,37.9004673],[-122.5576008,37.9004673],[-122.5576007,37.9004854],[-122.5576121,37.9004854],[-122.557612,37.9004944],[-122.5576234,37.9004945],[-122.5576232,37.9005305],[-122.5576346,37.9005306],[-122.5576342,37.9005846],[-122.5576229,37.9005846],[-122.5576228,37.9006026],[-122.5576114,37.9006026],[-122.5576112,37.9006296],[-122.5575999,37.9006296],[-122.5575997,37.9006476],[-122.5575884,37.9006476],[-122.5575882,37.9006836],[-122.5575768,37.9006836],[-122.5575767,37.9007016],[-122.5575653,37.9007016],[-122.5575652,37.9007196],[-122.5575538,37.9007195],[-122.5575537,37.9007376],[-122.5575423,37.9007375],[-122.5575422,37.9007555],[-122.5575309,37.9007555],[-122.5575308,37.9007645],[-122.5575194,37.9007645],[-122.5575193,37.9007915],[-122.5575079,37.9007915],[-122.5575078,37.9008095],[-122.5574964,37.9008094],[-122.5574963,37.9008275],[-122.5574849,37.9008274],[-122.5574847,37.9008635],[-122.5574733,37.9008634],[-122.5574732,37.9008815],[-122.5574618,37.9008814],[-122.5574618,37.9008904],[-122.5574504,37.9008904],[-122.5574503,37.9009084],[-122.5574389,37.9009084],[-122.5574389,37.9009174],[-122.5574275,37.9009174],[-122.5574275,37.9009264],[-122.5574161,37.9009263],[-122.557416,37.9009353],[-122.5574046,37.9009353],[-122.5574045,37.9009533],[-122.5573932,37.9009533],[-122.5573931,37.9009623],[-122.5573817,37.9009622],[-122.5573817,37.9009712],[-122.5573703,37.9009712],[-122.5573699,37.9010433],[-122.5573585,37.9010433],[-122.5573583,37.9010703],[-122.557347,37.9010703],[-122.5573469,37.9010793],[-122.5573355,37.9010792],[-122.5573355,37.9010883],[-122.5573241,37.9010882],[-122.5573241,37.9010972],[-122.5573127,37.9010972],[-122.5573124,37.9011422],[-122.557301,37.9011422],[-122.5573008,37.9011783],[-122.5572894,37.9011782],[-122.5572887,37.9013044],[-122.5573001,37.9013044],[-122.5572998,37.9013495],[-122.5573112,37.9013495],[-122.557311,37.9013856],[-122.5572996,37.9013855],[-122.5572993,37.9014396],[-122.5572879,37.9014396],[-122.5572877,37.9014666],[-122.5572763,37.9014666],[-122.5572762,37.9014936],[-122.5572648,37.9014936],[-122.5572648,37.9015026],[-122.5572534,37.9015025],[-122.5572533,37.9015116],[-122.557242,37.9015115],[-122.5572419,37.9015205],[-122.5572305,37.9015205],[-122.5572304,37.9015385],[-122.5572077,37.9015384],[-122.5572076,37.9015474],[-122.5571962,37.9015474],[-122.5571962,37.9015564],[-122.5571848,37.9015564],[-122.5571848,37.9015654],[-122.557162,37.9015653],[-122.557162,37.9015743],[-122.5571506,37.9015743],[-122.5571505,37.9015833],[-122.5571392,37.9015832],[-122.5571391,37.9015922],[-122.5571277,37.9015922],[-122.5571277,37.9016012],[-122.5571049,37.9016011],[-122.5571049,37.9016101],[-122.5570935,37.9016101],[-122.5570934,37.9016191],[-122.5570821,37.9016191],[-122.557082,37.9016281],[-122.5570706,37.901628],[-122.5570706,37.901637],[-122.5570592,37.901637],[-122.5570592,37.901646],[-122.5570478,37.901646],[-122.5570477,37.901655],[-122.5570364,37.9016549],[-122.5570363,37.9016639],[-122.5570249,37.9016639],[-122.5570249,37.9016729],[-122.5570135,37.9016729],[-122.5570134,37.9016819],[-122.5570021,37.9016819],[-122.557002,37.9016999],[-122.5569906,37.9016998],[-122.5569905,37.9017088],[-122.5569792,37.9017088],[-122.556979,37.9017268],[-122.5569677,37.9017268],[-122.5569676,37.9017358],[-122.5569562,37.9017358],[-122.5569562,37.9017489],[-122.5568418,37.9013933],[-122.556656,37.9009418],[-122.5567352,37.9006744],[-122.5568158,37.9004584],[-122.5568325,37.900278],[-122.5567635,37.9001333],[-122.5566928,37.8999286],[-122.5567198,37.8997307],[-122.5568645,37.8994794],[-122.5570517,37.8992015],[-122.5571201,37.8989343],[-122.5574593,37.898671],[-122.5575219,37.8986284],[-122.5575322,37.8986284]]]}},{"type":"Feature","properties":{"elev_class":4,"elev_range_ft":"306-444 ft","Block_No":8},"geometry":{"type":"Polygon","coordinates":[[[-122.552039,37.9004283],[-122.552039,37.9004193],[-122.5520504,37.9004193],[-122.5520504,37.9004121],[-122.552055,37.9004103],[-122.5520618,37.9004104],[-122.5520618,37.9004077],[-122.5521476,37.9003746],[-122.5521644,37.9003747],[-122.5521644,37.9003681],[-122.5521708,37.9003657],[-122.5521986,37.9003658],[-122.5521986,37.9003568],[-122.5522669,37.900357],[-122.5522669,37.900348],[-122.5523238,37.9003483],[-122.5523237,37.9003573],[-122.5523806,37.9003575],[-122.5523807,37.9003485],[-122.552392,37.9003485],[-122.5523921,37.9003395],[-122.5524035,37.9003395],[-122.5524036,37.9003125],[-122.552415,37.9003126],[-122.5524151,37.9002945],[-122.5524265,37.9002946],[-122.5524266,37.9002765],[-122.552438,37.9002766],[-122.5524381,37.9002615],[-122.5528882,37.9000541],[-122.5533916,37.8999209],[-122.5534184,37.899916],[-122.5534183,37.8999198],[-122.5534411,37.8999199],[-122.553441,37.8999289],[-122.5534638,37.899929],[-122.5534637,37.899938],[-122.5534865,37.8999381],[-122.5534865,37.8999291],[-122.5535775,37.8999294],[-122.5535776,37.8999204],[-122.5536686,37.8999207],[-122.5536686,37.8999117],[-122.5537141,37.8999119],[-122.5537142,37.8999029],[-122.5537483,37.899903],[-122.5537484,37.899894],[-122.5537597,37.899894],[-122.5537597,37.8999031],[-122.5537938,37.8999032],[-122.5537937,37.8999122],[-122.5538051,37.8999122],[-122.5538051,37.8999213],[-122.5538278,37.8999213],[-122.5538277,37.8999303],[-122.5538505,37.8999304],[-122.5538504,37.8999394],[-122.5539073,37.8999397],[-122.5539073,37.8999487],[-122.5539414,37.8999488],[-122.5539414,37.8999398],[-122.5540438,37.8999402],[-122.5540438,37.8999492],[-122.5540779,37.8999493],[-122.5540778,37.8999583],[-122.5541233,37.8999585],[-122.5541234,37.8999495],[-122.5541347,37.8999495],[-122.5541348,37.8999405],[-122.5541462,37.8999406],[-122.5541463,37.8999225],[-122.5541576,37.8999226],[-122.5541577,37.8999136],[-122.5541691,37.8999136],[-122.5541691,37.8999046],[-122.5541805,37.8999047],[-122.5541806,37.8998866],[-122.554192,37.8998867],[-122.5541921,37.8998686],[-122.5542035,37.8998687],[-122.5542036,37.8998507],[-122.554215,37.8998507],[-122.5542151,37.8998237],[-122.5542265,37.8998237],[-122.5542266,37.8998057],[-122.554238,37.8998057],[-122.5542381,37.8997877],[-122.5542495,37.8997877],[-122.5542496,37.8997697],[-122.5542609,37.8997698],[-122.554261,37.8997607],[-122.5542724,37.8997608],[-122.5542724,37.8997579],[-122.5543872,37.8997365],[-122.5546776,37.8998523],[-122.5546926,37.8998605],[-122.5546926,37.8998615],[-122.5546944,37.8998615],[-122.554704,37.8998667],[-122.5547039,37.8998706],[-122.5547111,37.8998706],[-122.5547153,37.8998729],[-122.5547153,37.8998796],[-122.5547266,37.8998797],[-122.5547266,37.8998887],[-122.554738,37.8998887],[-122.5547379,37.8998978],[-122.5547493,37.8998978],[-122.5547492,37.8999158],[-122.5547833,37.899916],[-122.5547832,37.899925],[-122.5548109,37.8999251],[-122.5549555,37.900004],[-122.5550071,37.9000415],[-122.5550654,37.9000838],[-122.5552182,37.9002518],[-122.5552578,37.9003863],[-122.5551963,37.9005971],[-122.5549155,37.9005025],[-122.5548155,37.900458],[-122.5548013,37.9005933],[-122.5545697,37.9006543],[-122.5543659,37.9007503],[-122.5542565,37.9008517],[-122.5542486,37.9010127],[-122.5541008,37.9010676],[-122.5540047,37.9011262],[-122.5539743,37.9011816],[-122.5538997,37.9011546],[-122.5538868,37.9011499],[-122.5534147,37.9009788],[-122.5534019,37.9009742],[-122.5534017,37.9009741],[-122.5533994,37.9009746],[-122.553242,37.901009],[-122.5532418,37.901009],[-122.5532408,37.9010093],[-122.5531903,37.9010203],[-122.5530785,37.9010447],[-122.5530691,37.9010467],[-122.5528347,37.901098],[-122.5527483,37.9011168],[-122.5527381,37.9011191],[-122.5527373,37.9011192],[-122.5527366,37.9011194],[-122.5527074,37.9011267],[-122.5524001,37.9012029],[-122.5523965,37.901203],[-122.5523964,37.901203],[-122.5523302,37.901205],[-122.5523136,37.9012056],[-122.5523113,37.9012056],[-122.5522897,37.9012063],[-122.5521405,37.9012109],[-122.5521092,37.9012119],[-122.5521089,37.9012118],[-122.5521088,37.9012119],[-122.5519511,37.901202],[-122.5518558,37.901196],[-122.5520341,37.9004283],[-122.552039,37.9004283]]]}},{"type":"Feature","properties":{"elev_class":4,"elev_range_ft":"306-444 ft","Block_No":5},"geometry":{"type":"Polygon","coordinates":[[[-122.5551471,37.8999353],[-122.5551471,37.8999444],[-122.5551585,37.8999444],[-122.5551584,37.8999534],[-122.5551698,37.8999535],[-122.5551697,37.8999625],[-122.5551811,37.8999625],[-122.5551811,37.8999715],[-122.5551924,37.8999716],[-122.5551924,37.8999806],[-122.5552037,37.8999806],[-122.5552037,37.8999896],[-122.5552151,37.8999897],[-122.555215,37.8999987],[-122.5552264,37.8999987],[-122.5552263,37.9000078],[-122.5552377,37.9000078],[-122.5552376,37.9000258],[-122.555249,37.9000259],[-122.5552489,37.9000439],[-122.5552602,37.9000439],[-122.5552601,37.900062],[-122.5552715,37.900062],[-122.5552714,37.90008],[-122.5552828,37.9000801],[-122.5552827,37.9000981],[-122.555294,37.9000981],[-122.555294,37.9001071],[-122.5553053,37.9001072],[-122.5553053,37.9001162],[-122.555328,37.9001163],[-122.555328,37.9001253],[-122.5553507,37.9001254],[-122.5553507,37.9001344],[-122.5553734,37.9001345],[-122.5553734,37.9001435],[-122.5554075,37.9001436],[-122.5554075,37.9001526],[-122.5554188,37.9001527],[-122.5554188,37.9001617],[-122.5554415,37.9001618],[-122.5554415,37.9001708],[-122.5554528,37.9001708],[-122.5554528,37.9001799],[-122.5554869,37.90018],[-122.5554868,37.900189],[-122.5554982,37.900189],[-122.5554982,37.9001981],[-122.5555095,37.9001981],[-122.5555095,37.9002071],[-122.5555436,37.9002072],[-122.5555436,37.9002162],[-122.5556004,37.9002165],[-122.5556005,37.9002075],[-122.5556346,37.9002076],[-122.5556345,37.9002166],[-122.5556687,37.9002167],[-122.5556686,37.9002257],[-122.55568,37.9002258],[-122.5556799,37.9002348],[-122.5557027,37.9002349],[-122.5557026,37.9002439],[-122.555714,37.9002439],[-122.5557139,37.9002529],[-122.5557253,37.900253],[-122.5557253,37.900262],[-122.5557367,37.900262],[-122.5557365,37.9002801],[-122.5557479,37.9002801],[-122.5557478,37.9002981],[-122.5557592,37.9002982],[-122.5557591,37.9003162],[-122.5557818,37.9003163],[-122.5557818,37.9003253],[-122.5557931,37.9003254],[-122.5557931,37.9003344],[-122.5558045,37.9003344],[-122.5558044,37.9003524],[-122.5558157,37.9003525],[-122.5558156,37.9003705],[-122.555827,37.9003705],[-122.5558269,37.9003795],[-122.5558383,37.9003796],[-122.5558383,37.9003886],[-122.555861,37.9003887],[-122.5558609,37.9003977],[-122.5559292,37.900398],[-122.5559293,37.9003889],[-122.5559634,37.9003891],[-122.5559634,37.9003801],[-122.5559976,37.9003802],[-122.5559975,37.9003892],[-122.5560202,37.9003893],[-122.5560202,37.9003983],[-122.5560316,37.9003984],[-122.5560313,37.9004344],[-122.5560427,37.9004344],[-122.5560427,37.9004435],[-122.5560768,37.9004436],[-122.5560767,37.9004526],[-122.5560881,37.9004526],[-122.556088,37.9004707],[-122.5560766,37.9004706],[-122.5560765,37.9004886],[-122.5560651,37.9004886],[-122.556065,37.9005066],[-122.5560764,37.9005067],[-122.5560764,37.9005157],[-122.5560877,37.9005157],[-122.5560877,37.9005247],[-122.5561104,37.9005248],[-122.5561104,37.9005338],[-122.5561331,37.9005339],[-122.5561331,37.9005429],[-122.5561558,37.900543],[-122.5561558,37.900552],[-122.5561785,37.9005521],[-122.5561785,37.9005611],[-122.5562012,37.9005612],[-122.5562012,37.9005702],[-122.5562239,37.9005703],[-122.5562238,37.9005793],[-122.5562466,37.9005794],[-122.5562465,37.9005884],[-122.5562807,37.9005886],[-122.5562806,37.9005976],[-122.5563033,37.9005977],[-122.5563033,37.9006067],[-122.5563147,37.9006067],[-122.5563146,37.9006247],[-122.5563259,37.9006248],[-122.5563259,37.9006338],[-122.5563373,37.9006338],[-122.5563373,37.9006248],[-122.5563487,37.9006249],[-122.5563489,37.9005978],[-122.5563375,37.9005978],[-122.5563376,37.9005798],[-122.5563262,37.9005797],[-122.5563263,37.9005707],[-122.5563149,37.9005707],[-122.5563149,37.9005617],[-122.5563036,37.9005616],[-122.5563038,37.9005256],[-122.5563152,37.9005256],[-122.5563152,37.9005166],[-122.5563266,37.9005166],[-122.5563266,37.9005076],[-122.556338,37.9005077],[-122.5563381,37.9004987],[-122.5563494,37.9004987],[-122.5563495,37.9004897],[-122.5563609,37.9004897],[-122.5563609,37.9004807],[-122.5563723,37.9004807],[-122.5563724,37.9004627],[-122.5563838,37.9004628],[-122.5563838,37.9004538],[-122.5563952,37.9004538],[-122.5563953,37.9004448],[-122.5564066,37.9004448],[-122.5564067,37.9004358],[-122.5564294,37.9004359],[-122.5564295,37.9004269],[-122.5564522,37.900427],[-122.5564523,37.900418],[-122.5564637,37.900418],[-122.5564637,37.900409],[-122.5564978,37.9004091],[-122.5564979,37.9004001],[-122.5565093,37.9004002],[-122.5565095,37.9003641],[-122.5565209,37.9003641],[-122.556521,37.9003461],[-122.5565323,37.9003462],[-122.5565325,37.9003281],[-122.5565211,37.9003281],[-122.5565212,37.9003101],[-122.5565098,37.90031],[-122.55651,37.900283],[-122.5564986,37.9002829],[-122.5564988,37.9002469],[-122.5564875,37.9002469],[-122.5564876,37.9002198],[-122.5564762,37.9002198],[-122.5564764,37.9001927],[-122.556465,37.9001927],[-122.5564653,37.9001476],[-122.5564539,37.9001476],[-122.5564545,37.9000574],[-122.5564431,37.9000574],[-122.5564434,37.9000123],[-122.556432,37.9000123],[-122.5564323,37.8999672],[-122.5564209,37.8999672],[-122.5564214,37.8998861],[-122.55641,37.899886],[-122.5564101,37.8998652],[-122.5564438,37.899867],[-122.5565482,37.9001343],[-122.5565874,37.9002984],[-122.5565783,37.9004688],[-122.5565342,37.9006288],[-122.5560034,37.9011244],[-122.555801,37.9009652],[-122.555593,37.9008187],[-122.5554117,37.9006989],[-122.5551963,37.9005971],[-122.5552578,37.9003863],[-122.5552182,37.9002518],[-122.5550654,37.9000838],[-122.5550071,37.9000415],[-122.5551419,37.8999353],[-122.5551471,37.8999353]]]}},{"type":"Feature","properties":{"elev_class":4,"elev_range_ft":"306-444 ft","Block_No":4},"geometry":{"type":"Polygon","coordinates":[[[-122.5559244,37.9011911],[-122.5559131,37.9011911],[-122.5559131,37.901182],[-122.5559017,37.901182],[-122.5559018,37.901164],[-122.5558905,37.9011639],[-122.5558905,37.9011549],[-122.5558678,37.9011548],[-122.5558678,37.9011458],[-122.5558564,37.9011458],[-122.5558565,37.9011367],[-122.5558224,37.9011366],[-122.5558224,37.9011276],[-122.5558111,37.9011276],[-122.5558111,37.9011186],[-122.5557884,37.9011185],[-122.5557884,37.9011095],[-122.5557657,37.9011094],[-122.5557657,37.9011004],[-122.555743,37.9011003],[-122.555743,37.9010913],[-122.5557089,37.9010911],[-122.555709,37.9010821],[-122.5556749,37.901082],[-122.5556749,37.901073],[-122.5556408,37.9010728],[-122.5556408,37.9010638],[-122.5556181,37.9010637],[-122.5556181,37.9010547],[-122.5555954,37.9010546],[-122.5555954,37.9010456],[-122.5555727,37.9010455],[-122.5555727,37.9010365],[-122.5555386,37.9010364],[-122.5555387,37.9010274],[-122.5555046,37.9010273],[-122.5555046,37.9010183],[-122.5554705,37.9010181],[-122.5554705,37.9010091],[-122.5554478,37.901009],[-122.5554478,37.901],[-122.5554137,37.9009999],[-122.5554138,37.9009909],[-122.5553797,37.9009907],[-122.5553797,37.9009817],[-122.555357,37.9009816],[-122.5553571,37.9009546],[-122.5553685,37.9009547],[-122.5553685,37.9009456],[-122.5553572,37.9009456],[-122.5553572,37.9009366],[-122.5553345,37.9009365],[-122.5553345,37.9009275],[-122.5553118,37.9009274],[-122.555312,37.9009004],[-122.5552778,37.9009002],[-122.5552779,37.9008912],[-122.5552551,37.9008911],[-122.5552552,37.9008821],[-122.5552211,37.900882],[-122.5552211,37.900873],[-122.5551756,37.9008728],[-122.5551756,37.9008818],[-122.5551642,37.9008818],[-122.5551641,37.9008908],[-122.5551414,37.9008907],[-122.5551413,37.9008997],[-122.5550731,37.9008995],[-122.5550731,37.9008904],[-122.555039,37.9008903],[-122.555039,37.9008993],[-122.5549935,37.9008992],[-122.5549934,37.9009082],[-122.5549821,37.9009081],[-122.5549821,37.9008991],[-122.554948,37.900899],[-122.5549479,37.900908],[-122.5549252,37.9009079],[-122.5549251,37.9009169],[-122.5549024,37.9009168],[-122.5549023,37.9009259],[-122.5548796,37.9009258],[-122.5548795,37.9009348],[-122.5548681,37.9009347],[-122.5548681,37.9009438],[-122.5548567,37.9009437],[-122.5548567,37.9009527],[-122.5548453,37.9009527],[-122.5548452,37.9009617],[-122.5548339,37.9009616],[-122.5548338,37.9009707],[-122.5548224,37.9009706],[-122.5548224,37.9009796],[-122.5547996,37.9009795],[-122.5547996,37.9009886],[-122.5547882,37.9009885],[-122.5547881,37.9009975],[-122.5547654,37.9009974],[-122.5547653,37.9010064],[-122.554754,37.9010064],[-122.5547539,37.9010154],[-122.5547425,37.9010154],[-122.5547425,37.9010244],[-122.5547311,37.9010244],[-122.5547311,37.9010334],[-122.5547197,37.9010333],[-122.5547196,37.9010513],[-122.5547082,37.9010513],[-122.5547081,37.9010603],[-122.5546968,37.9010603],[-122.5546967,37.9010693],[-122.5546853,37.9010692],[-122.5546853,37.9010782],[-122.5546739,37.9010782],[-122.5546738,37.9010962],[-122.5546624,37.9010962],[-122.5546622,37.9011322],[-122.5546508,37.9011322],[-122.5546506,37.9011773],[-122.5546619,37.9011773],[-122.5546619,37.9011863],[-122.554696,37.9011864],[-122.5546958,37.9012225],[-122.5546844,37.9012225],[-122.5546843,37.9012405],[-122.5546274,37.9012403],[-122.5546274,37.9012493],[-122.554616,37.9012492],[-122.5546159,37.9012582],[-122.5545932,37.9012582],[-122.5545932,37.9012672],[-122.5545704,37.9012671],[-122.5545704,37.9012761],[-122.554559,37.9012761],[-122.5545589,37.9012851],[-122.5545475,37.901285],[-122.5545475,37.901294],[-122.5545361,37.901294],[-122.5545361,37.901303],[-122.5545247,37.901303],[-122.5545246,37.901312],[-122.5545019,37.9013119],[-122.5545018,37.9013299],[-122.5544904,37.9013299],[-122.5544902,37.9013656],[-122.5541421,37.9012424],[-122.5541277,37.9012373],[-122.5541276,37.9012373],[-122.554016,37.9011968],[-122.5540034,37.9011922],[-122.5540028,37.901192],[-122.5539902,37.9011874],[-122.5539743,37.9011816],[-122.5540047,37.9011262],[-122.5541008,37.9010676],[-122.5542486,37.9010127],[-122.5542565,37.9008517],[-122.5543659,37.9007503],[-122.5545697,37.9006543],[-122.5548013,37.9005933],[-122.5548155,37.900458],[-122.5549155,37.9005025],[-122.5551963,37.9005971],[-122.5554117,37.9006989],[-122.555593,37.9008187],[-122.555801,37.9009652],[-122.5560034,37.9011244],[-122.5559244,37.9011982],[-122.5559244,37.9011911]]]}}]}