{"type":"FeatureCollection","features":[{"type":"Feature","properties":{"elev_ft":20,"index_contour":false,"label":"20 ft","Block_No":67},"geometry":{"type":"LineString","coordinates":[[-122.5371262,37.8947996],[-122.5371454,37.8947869],[-122.5371625,37.8947846]]}},{"type":"Feature","properties":{"elev_ft":20,"index_contour":false,"label":"20 ft","Block_No":68},"geometry":{"type":"LineString","coordinates":[[-122.5346062,37.89503],[-122.5346528,37.8950696],[-122.5346713,37.89507]]}},{"type":"Feature","properties":{"elev_ft":20,"index_contour":false,"label":"20 ft","Block_No":69},"geometry":{"type":"LineString","coordinates":[[-122.537614,37.8947179],[-122.5377147,37.8946836],[-122.5380561,37.8946433],[-122.5381391,37.8946648],[-122.5381754,37.894701],[-122.5381875,37.8947342]]}},{"type":"Feature","properties":{"elev_ft":20,"index_contour":false,"label":"20 ft","Block_No":51},"geometry":{"type":"LineString","coordinates":[[-122.5381875,37.8947342],[-122.5382255,37.8948389],[-122.5382822,37.894867],[-122.5383727,37.8948821],[-122.5383788,37.8949001],[-122.5381788,37.8950443],[-122.537938,37.8953451],[-122.5378581,37.8954929],[-122.537873,37.8956226]]}},{"type":"Feature","properties":{"elev_ft":20,"index_contour":false,"label":"20 ft","Block_No":50},"geometry":{"type":"LineString","coordinates":[[-122.537873,37.8956226],[-122.5378768,37.8956552],[-122.5378418,37.8957182],[-122.5378344,37.8957813],[-122.5377982,37.8958352],[-122.5377457,37.8958801],[-122.5376387,37.8959231],[-122.5374557,37.8960777],[-122.5373419,37.8960881],[-122.5373076,37.8962028],[-122.5373257,37.8963261]]}},{"type":"Feature","properties":{"elev_ft":20,"index_contour":false,"label":"20 ft","Block_No":49},"geometry":{"type":"LineString","coordinates":[[-122.5373257,37.8963261],[-122.537338,37.8964102],[-122.5374276,37.8965908],[-122.5375104,37.8966903],[-122.5375522,37.8967716],[-122.5376817,37.8968349]]}},{"type":"Feature","properties":{"elev_ft":20,"index_contour":false,"label":"20 ft","Block_No":69},"geometry":{"type":"MultiLineString","coordinates":[[[-122.538408,37.894755],[-122.5386467,37.8947648]],[[-122.5382991,37.8947671],[-122.5383171,37.8947535],[-122.538408,37.894755]]]}},{"type":"Feature","properties":{"elev_ft":20,"index_contour":false,"label":"20 ft","Block_No":51},"geometry":{"type":"LineString","coordinates":[[-122.5386467,37.8947648],[-122.5386809,37.8947662],[-122.5388625,37.8948209],[-122.5388979,37.8948571],[-122.5387943,37.8948278],[-122.5386806,37.8948187],[-122.5384985,37.8948386],[-122.538396,37.8948648],[-122.5382787,37.8947826],[-122.5382991,37.8947671]]}},{"type":"Feature","properties":{"elev_ft":40,"index_contour":false,"label":"40 ft","Block_No":67},"geometry":{"type":"LineString","coordinates":[[-122.536758,37.8946989],[-122.5367974,37.8946686],[-122.5369085,37.8944693],[-122.5369772,37.8943955],[-122.5371255,37.8943306],[-122.537171,37.8943267],[-122.5372504,37.8943541],[-122.5373755,37.8943602],[-122.5374852,37.8944189],[-122.537553,37.8945093],[-122.5376019,37.8945264],[-122.5376488,37.8945097],[-122.5376934,37.8944524],[-122.5378639,37.894474],[-122.5379307,37.8944589]]}},{"type":"Feature","properties":{"elev_ft":40,"index_contour":false,"label":"40 ft","Block_No":68},"geometry":{"type":"MultiLineString","coordinates":[[[-122.5346109,37.89496],[-122.5346931,37.8949906]],[[-122.5350864,37.8948877],[-122.5352003,37.8948132],[-122.5352345,37.894806],[-122.5353148,37.8948497]],[[-122.5362366,37.8949993],[-122.5363481,37.8949718],[-122.5365648,37.8948708],[-122.5366564,37.894777],[-122.536758,37.8946989]]]}},{"type":"Feature","properties":{"elev_ft":40,"index_contour":false,"label":"40 ft","Block_No":69},"geometry":{"type":"LineString","coordinates":[[-122.5386271,37.8943922],[-122.5387289,37.8943758],[-122.5388317,37.8943062],[-122.5390037,37.8942807],[-122.5390937,37.8942336],[-122.5391098,37.8942306]]}},{"type":"Feature","properties":{"elev_ft":40,"index_contour":false,"label":"40 ft","Block_No":49},"geometry":{"type":"LineString","coordinates":[[-122.5392357,37.8963077],[-122.5391486,37.896371],[-122.5391083,37.8963714]]}},{"type":"Feature","properties":{"elev_ft":40,"index_contour":false,"label":"40 ft","Block_No":48},"geometry":{"type":"LineString","coordinates":[[-122.5391098,37.8942306],[-122.5391848,37.8942167],[-122.5393441,37.8941989],[-122.539651,37.8942254],[-122.539751,37.8942746],[-122.5398021,37.8943469],[-122.5398633,37.8943832],[-122.5399982,37.8944107],[-122.5401052,37.8944916]]}},{"type":"Feature","properties":{"elev_ft":40,"index_contour":false,"label":"40 ft","Block_No":47},"geometry":{"type":"LineString","coordinates":[[-122.5401052,37.8944916],[-122.540127,37.894508],[-122.5402179,37.8945104],[-122.5403198,37.8945955],[-122.5404891,37.894638],[-122.5405534,37.8946833],[-122.5406032,37.8947501],[-122.5407561,37.8948463],[-122.5407921,37.8949817],[-122.540744,37.8951167],[-122.5407061,37.8953058],[-122.5407204,37.8954672]]}},{"type":"Feature","properties":{"elev_ft":40,"index_contour":false,"label":"40 ft","Block_No":36},"geometry":{"type":"MultiLineString","coordinates":[[[-122.5407194,37.8956374],[-122.540705,37.8957024],[-122.5407554,37.8958558],[-122.5407867,37.895892],[-122.5408686,37.8959567],[-122.5409481,37.8959765],[-122.5411296,37.8960601],[-122.5412433,37.8960706],[-122.5413454,37.8961081],[-122.5414616,37.8961313]],[[-122.5411294,37.8961908],[-122.5410148,37.8962209],[-122.5409694,37.8962072],[-122.5408902,37.8961513],[-122.5408447,37.8961417],[-122.540765,37.8961559],[-122.5406964,37.8962158],[-122.5406508,37.8962283],[-122.5405558,37.8962246]]]}},{"type":"Feature","properties":{"elev_ft":40,"index_contour":false,"label":"40 ft","Block_No":34},"geometry":{"type":"LineString","coordinates":[[-122.5414616,37.8961313],[-122.5414931,37.8961376],[-122.5416297,37.8961128],[-122.5416865,37.8961212],[-122.5422134,37.8963842],[-122.5421625,37.8964032],[-122.5420829,37.8963902],[-122.541856,37.8963012],[-122.5417655,37.8962253],[-122.5414697,37.8962315],[-122.5414351,37.8962264]]}},{"type":"Feature","properties":{"elev_ft":40,"index_contour":false,"label":"40 ft","Block_No":35},"geometry":{"type":"MultiLineString","coordinates":[[[-122.5414351,37.8962264],[-122.5411516,37.8961849],[-122.5411294,37.8961908]],[[-122.5405558,37.8962246],[-122.5402756,37.8962135],[-122.5400711,37.8961769],[-122.5399685,37.8962178],[-122.539832,37.8962237],[-122.5396952,37.8962677],[-122.5393883,37.8962434],[-122.5392857,37.8962713],[-122.5392357,37.8963077]]]}},{"type":"Feature","properties":{"elev_ft":60,"index_contour":false,"label":"60 ft","Block_No":52},"geometry":{"type":"LineString","coordinates":[[-122.5378726,37.8943303],[-122.5379784,37.894345],[-122.5383081,37.8943646],[-122.538365,37.8943544],[-122.5386211,37.8942521],[-122.5386561,37.8942162],[-122.5386926,37.8941352],[-122.5387652,37.8940905],[-122.5388221,37.8940201],[-122.5388563,37.8940055],[-122.538936,37.8939908],[-122.5389921,37.8939895]]}},{"type":"Feature","properties":{"elev_ft":60,"index_contour":false,"label":"60 ft","Block_No":67},"geometry":{"type":"LineString","coordinates":[[-122.5366003,37.8943959],[-122.5366181,37.8942443],[-122.5366468,37.8941993],[-122.5367743,37.8941033],[-122.536911,37.8940794],[-122.5370249,37.8940403],[-122.5371842,37.89403],[-122.5372976,37.8940829],[-122.537468,37.8941171],[-122.5376605,37.8942576],[-122.5377966,37.8943197],[-122.5378726,37.8943303]]}},{"type":"Feature","properties":{"elev_ft":60,"index_contour":false,"label":"60 ft","Block_No":68},"geometry":{"type":"LineString","coordinates":[[-122.5346155,37.8948948],[-122.5347789,37.8949155],[-122.5349726,37.8948587],[-122.5350867,37.8947974],[-122.5352241,37.89465],[-122.535304,37.8946086],[-122.5354757,37.8946904],[-122.535656,37.8949074],[-122.5357182,37.8949527],[-122.5358816,37.8949949],[-122.5360637,37.8949693],[-122.5362401,37.8948737],[-122.5363635,37.894748],[-122.5364074,37.894658],[-122.5365326,37.8945634],[-122.536597,37.8944244],[-122.5366003,37.8943959]]}},{"type":"Feature","properties":{"elev_ft":60,"index_contour":false,"label":"60 ft","Block_No":48},"geometry":{"type":"MultiLineString","coordinates":[[[-122.5402774,37.8939494],[-122.5403011,37.8939478],[-122.5403354,37.8939393]],[[-122.5404134,37.89392],[-122.5404264,37.8939168],[-122.5404509,37.8939258]]]}},{"type":"Feature","properties":{"elev_ft":60,"index_contour":false,"label":"60 ft","Block_No":47},"geometry":{"type":"MultiLineString","coordinates":[[[-122.5404509,37.8939258],[-122.5404756,37.8939349],[-122.5405544,37.8940073],[-122.5405902,37.8940886],[-122.5406523,37.8941616],[-122.541037,37.8944775],[-122.5410857,37.8945068]],[[-122.5412234,37.894604],[-122.5413207,37.8947024]]]}},{"type":"Feature","properties":{"elev_ft":60,"index_contour":false,"label":"60 ft","Block_No":37},"geometry":{"type":"LineString","coordinates":[[-122.5413207,37.8947024],[-122.5414895,37.8948732],[-122.5416043,37.8949217],[-122.542046,37.8950103],[-122.5421017,37.8950408],[-122.5421817,37.8951281],[-122.5422953,37.8951631],[-122.5423258,37.8952734]]}},{"type":"Feature","properties":{"elev_ft":60,"index_contour":false,"label":"60 ft","Block_No":33},"geometry":{"type":"LineString","coordinates":[[-122.5423258,37.8952734],[-122.5423286,37.8952835],[-122.5424099,37.8953485],[-122.5424212,37.8954387],[-122.5424524,37.8955026],[-122.5425768,37.895614],[-122.5427183,37.8957012],[-122.5427524,37.8957554],[-122.5428483,37.8958479],[-122.5429348,37.8958802]]}},{"type":"Feature","properties":{"elev_ft":60,"index_contour":false,"label":"60 ft","Block_No":24},"geometry":{"type":"MultiLineString","coordinates":[[[-122.5435291,37.8960369],[-122.5435409,37.8960437],[-122.5438476,37.8961106],[-122.5439527,37.8959674],[-122.5439754,37.8958322],[-122.5440277,37.8956973],[-122.5441122,37.8956156],[-122.5440781,37.8958597],[-122.5441181,37.895986],[-122.5441019,37.8960544]],[[-122.5442426,37.8960878],[-122.5445186,37.8961211],[-122.5446059,37.8961659]],[[-122.5449349,37.8962611],[-122.5450179,37.8963008],[-122.5451659,37.89628],[-122.5452297,37.8962968],[-122.5450972,37.8963593],[-122.5450436,37.8964068]],[[-122.5449174,37.8963746],[-122.5448925,37.8963577],[-122.5448871,37.8963563]]]}},{"type":"Feature","properties":{"elev_ft":60,"index_contour":false,"label":"60 ft","Block_No":34},"geometry":{"type":"LineString","coordinates":[[-122.5431564,37.8963835],[-122.5430836,37.8964332],[-122.5430153,37.8964293],[-122.5429246,37.8963808],[-122.5428223,37.8963831],[-122.5426629,37.896431],[-122.5424579,37.8964545],[-122.5421616,37.8965405],[-122.5418711,37.896455],[-122.5416504,37.8964499],[-122.5414117,37.8964138],[-122.5413801,37.896424]]}},{"type":"Feature","properties":{"elev_ft":60,"index_contour":false,"label":"60 ft","Block_No":35},"geometry":{"type":"LineString","coordinates":[[-122.5413801,37.896424],[-122.5412978,37.8964506],[-122.5411953,37.8964607],[-122.5407976,37.8965499],[-122.5405459,37.8966463],[-122.540432,37.8966724],[-122.5403292,37.8967355],[-122.5401926,37.8967557],[-122.5401118,37.8967896]]}},{"type":"Feature","properties":{"elev_ft":80,"index_contour":false,"label":"80 ft","Block_No":39},"geometry":{"type":"LineString","coordinates":[[-122.540879,37.8939128],[-122.5409147,37.8939547],[-122.5410499,37.8940724],[-122.5410722,37.8941905]]}},{"type":"Feature","properties":{"elev_ft":80,"index_contour":false,"label":"80 ft","Block_No":46},"geometry":{"type":"LineString","coordinates":[[-122.5402262,37.8935823],[-122.5402349,37.8935735],[-122.5403721,37.8934948],[-122.5404745,37.8934919],[-122.5405034,37.8935021]]}},{"type":"Feature","properties":{"elev_ft":80,"index_contour":false,"label":"80 ft","Block_No":38},"geometry":{"type":"MultiLineString","coordinates":[[[-122.5418349,37.8947107],[-122.5419114,37.8947081],[-122.5420354,37.8947341],[-122.5422851,37.8948242]],[[-122.5433326,37.8950866],[-122.5433958,37.8950261]]]}},{"type":"Feature","properties":{"elev_ft":80,"index_contour":false,"label":"80 ft","Block_No":32},"geometry":{"type":"LineString","coordinates":[[-122.5433958,37.8950261],[-122.5434108,37.8950118],[-122.5435363,37.8949435],[-122.5435819,37.8949332],[-122.5437865,37.8949449],[-122.5439796,37.8949921],[-122.5441044,37.8950481],[-122.5442068,37.8950367],[-122.5442569,37.8950132],[-122.5444156,37.8948786],[-122.5444498,37.8948156],[-122.5444492,37.8947255],[-122.5445282,37.8945626],[-122.544551,37.8945566],[-122.5445962,37.8945953],[-122.5446303,37.8946034],[-122.5447482,37.8945644],[-122.5447301,37.8946184],[-122.5446208,37.8947081],[-122.5445328,37.8948249],[-122.5444833,37.8949239],[-122.5444738,37.895032],[-122.5443748,37.8951849],[-122.5443758,37.8951958]]}},{"type":"Feature","properties":{"elev_ft":80,"index_contour":false,"label":"80 ft","Block_No":65},"geometry":{"type":"LineString","coordinates":[[-122.5364255,37.8941532],[-122.5364437,37.8941174],[-122.5364521,37.894111]]}},{"type":"Feature","properties":{"elev_ft":80,"index_contour":false,"label":"80 ft","Block_No":52},"geometry":{"type":"LineString","coordinates":[[-122.5377602,37.8941309],[-122.5379627,37.8942225],[-122.5380359,37.8942363],[-122.5381611,37.8942343],[-122.538423,37.8941787],[-122.5384943,37.8941345],[-122.5385646,37.8940086],[-122.5386208,37.8937925],[-122.5386531,37.8937598],[-122.5389146,37.8937759],[-122.53921,37.8938193],[-122.5396084,37.8938414],[-122.5396745,37.8938213]]}},{"type":"Feature","properties":{"elev_ft":80,"index_contour":false,"label":"80 ft","Block_No":67},"geometry":{"type":"LineString","coordinates":[[-122.5364521,37.894111],[-122.5366196,37.8939829],[-122.5369008,37.8938844],[-122.5373562,37.8938087],[-122.5374189,37.8938508],[-122.5375371,37.8939798],[-122.5377069,37.8941068],[-122.5377602,37.8941309]]}},{"type":"Feature","properties":{"elev_ft":80,"index_contour":false,"label":"80 ft","Block_No":68},"geometry":{"type":"LineString","coordinates":[[-122.5346216,37.8948109],[-122.5347681,37.8948198],[-122.5349961,37.8947384],[-122.5350657,37.8946798],[-122.535124,37.8945538],[-122.5352935,37.8944684],[-122.5353389,37.8944883],[-122.5354316,37.8945821],[-122.5355338,37.8946366],[-122.5357348,37.8948337],[-122.5359279,37.8948718],[-122.5360645,37.8948452],[-122.5361363,37.8947831],[-122.5362441,37.8944771],[-122.5362923,37.8944142],[-122.5364255,37.8941532]]}},{"type":"Feature","properties":{"elev_ft":80,"index_contour":false,"label":"80 ft","Block_No":17},"geometry":{"type":"MultiLineString","coordinates":[[[-122.545587,37.896118],[-122.5455989,37.8961464],[-122.5457099,37.8962371]],[[-122.546034,37.8963574],[-122.5462571,37.8963875],[-122.5463288,37.8964362],[-122.5463515,37.8964888]],[[-122.546699,37.8966563],[-122.5467983,37.8967444],[-122.5469144,37.8967813],[-122.5469822,37.8968554],[-122.5470162,37.8968645],[-122.5471073,37.8968522],[-122.5471214,37.8968629],[-122.5470941,37.8968915]],[[-122.5467892,37.8968237],[-122.546735,37.8967983],[-122.5466717,37.8967392]]]}},{"type":"Feature","properties":{"elev_ft":80,"index_contour":false,"label":"80 ft","Block_No":20},"geometry":{"type":"MultiLineString","coordinates":[[[-122.5457099,37.8962371],[-122.5457522,37.8962717],[-122.5460071,37.8963538],[-122.546034,37.8963574]],[[-122.5463515,37.8964888],[-122.5463755,37.8965445],[-122.5464448,37.8966079],[-122.5465099,37.8966262],[-122.5466651,37.8966262],[-122.546699,37.8966563]],[[-122.5466717,37.8967392],[-122.5466532,37.896722],[-122.5466191,37.8967126],[-122.5464939,37.8967285],[-122.5464371,37.89672],[-122.546335,37.8966677],[-122.5461992,37.8965519],[-122.5460739,37.8965844],[-122.5459718,37.896541],[-122.5458238,37.896573],[-122.5456989,37.8965348],[-122.5455056,37.8965307],[-122.5453234,37.8965697],[-122.5452224,37.8966132]]]}},{"type":"Feature","properties":{"elev_ft":80,"index_contour":false,"label":"80 ft","Block_No":24},"geometry":{"type":"MultiLineString","coordinates":[[[-122.5444644,37.8953199],[-122.5444503,37.8954015],[-122.544467,37.8954376],[-122.5446247,37.8955111],[-122.5447363,37.8955381]],[[-122.5450526,37.8957234],[-122.5451461,37.8958063],[-122.5452823,37.8958561],[-122.5454471,37.8959461],[-122.5455569,37.8960457],[-122.545587,37.896118]]]}},{"type":"Feature","properties":{"elev_ft":80,"index_contour":false,"label":"80 ft","Block_No":34},"geometry":{"type":"LineString","coordinates":[[-122.5415882,37.8966556],[-122.5413021,37.8966655]]}},{"type":"Feature","properties":{"elev_ft":80,"index_contour":false,"label":"80 ft","Block_No":35},"geometry":{"type":"LineString","coordinates":[[-122.5413021,37.8966655],[-122.5412054,37.8966688],[-122.5411107,37.8967315]]}},{"type":"Feature","properties":{"elev_ft":80,"index_contour":false,"label":"80 ft","Block_No":16},"geometry":{"type":"LineString","coordinates":[[-122.5470941,37.8968915],[-122.5470528,37.8969347],[-122.5470043,37.8969535],[-122.5469702,37.8969509],[-122.5468902,37.896871],[-122.5467892,37.8968237]]}},{"type":"Feature","properties":{"elev_ft":80,"index_contour":false,"label":"80 ft","Block_No":64},"geometry":{"type":"LineString","coordinates":[[-122.5332843,37.8935915],[-122.5333997,37.8935852],[-122.5334429,37.8936008],[-122.5333583,37.8937176],[-122.5333502,37.8937537],[-122.5334974,37.8939701]]}},{"type":"Feature","properties":{"elev_ft":80,"index_contour":false,"label":"80 ft","Block_No":68},"geometry":{"type":"LineString","coordinates":[[-122.5343491,37.8946701],[-122.5344851,37.8947423]]}},{"type":"Feature","properties":{"elev_ft":100,"index_contour":true,"label":"100 ft","Block_No":40},"geometry":{"type":"LineString","coordinates":[[-122.5406869,37.893129],[-122.5408517,37.8931922],[-122.5409196,37.8932397],[-122.5409767,37.893351],[-122.540955,37.8936213],[-122.5409925,37.8937387],[-122.5409926,37.8937388]]}},{"type":"Feature","properties":{"elev_ft":100,"index_contour":true,"label":"100 ft","Block_No":39},"geometry":{"type":"LineString","coordinates":[[-122.5409926,37.8937388],[-122.5411205,37.8938595],[-122.5412558,37.8939199],[-122.541279,37.8940011],[-122.5413914,37.8941968],[-122.541513,37.8942815],[-122.5415998,37.89439],[-122.5418569,37.8944631],[-122.5419328,37.8945089]]}},{"type":"Feature","properties":{"elev_ft":100,"index_contour":true,"label":"100 ft","Block_No":46},"geometry":{"type":"LineString","coordinates":[[-122.5395659,37.8936145],[-122.5396095,37.8935918],[-122.5398713,37.8935519],[-122.540148,37.8934109],[-122.5402251,37.8933391],[-122.5402884,37.8932402],[-122.5403741,37.8931704],[-122.5404198,37.8930875],[-122.5404771,37.8930667],[-122.5405907,37.8930922],[-122.5406869,37.893129]]}},{"type":"Feature","properties":{"elev_ft":100,"index_contour":true,"label":"100 ft","Block_No":31},"geometry":{"type":"LineString","coordinates":[[-122.5453025,37.8940721],[-122.5454983,37.894009],[-122.5455893,37.8940089],[-122.5456322,37.894027],[-122.5456123,37.894054],[-122.5455395,37.8940929]]}},{"type":"Feature","properties":{"elev_ft":100,"index_contour":true,"label":"100 ft","Block_No":38},"geometry":{"type":"MultiLineString","coordinates":[[[-122.5419328,37.8945089],[-122.5419622,37.8945266],[-122.5423324,37.8946704],[-122.5425483,37.8947063],[-122.5427185,37.8947706],[-122.5428091,37.8948305],[-122.5429684,37.8948158],[-122.5430937,37.894786],[-122.5432869,37.894814],[-122.5433439,37.8947994],[-122.5434007,37.8947505]],[[-122.5434457,37.8947118],[-122.543489,37.8946744]]]}},{"type":"Feature","properties":{"elev_ft":100,"index_contour":true,"label":"100 ft","Block_No":32},"geometry":{"type":"MultiLineString","coordinates":[[[-122.5434007,37.8947505],[-122.5434457,37.8947118]],[[-122.543489,37.8946744],[-122.5436219,37.89456],[-122.5437766,37.8944525],[-122.5440518,37.8943534],[-122.5442419,37.8941749],[-122.5444745,37.8940502],[-122.5447601,37.8938411],[-122.544776,37.8938525],[-122.5447837,37.8939517],[-122.5450318,37.8940463],[-122.5450417,37.8940527]]]}},{"type":"Feature","properties":{"elev_ft":100,"index_contour":true,"label":"100 ft","Block_No":66},"geometry":{"type":"LineString","coordinates":[[-122.5368472,37.8936208],[-122.536936,37.8936507],[-122.5369985,37.893732],[-122.5370495,37.8937517],[-122.5372544,37.8937234],[-122.5373687,37.8936241],[-122.5374029,37.893622],[-122.537474,37.8936822]]}},{"type":"Feature","properties":{"elev_ft":100,"index_contour":true,"label":"100 ft","Block_No":65},"geometry":{"type":"MultiLineString","coordinates":[[[-122.5351637,37.8943775],[-122.535192,37.8943378],[-122.5352376,37.8943167],[-122.5353667,37.8943842]],[[-122.5361437,37.89417],[-122.5363393,37.8938942]]]}},{"type":"Feature","properties":{"elev_ft":100,"index_contour":true,"label":"100 ft","Block_No":52},"geometry":{"type":"MultiLineString","coordinates":[[[-122.5375373,37.8937357],[-122.5375613,37.893756],[-122.5376874,37.893924],[-122.5378414,37.8940238],[-122.5380595,37.8941136],[-122.538253,37.8940888],[-122.53831,37.8940601],[-122.5384008,37.8939178],[-122.5384032,37.8938692]],[[-122.5385261,37.8935671],[-122.5388813,37.8936363],[-122.5388945,37.893637]]]}},{"type":"Feature","properties":{"elev_ft":100,"index_contour":true,"label":"100 ft","Block_No":67},"geometry":{"type":"MultiLineString","coordinates":[[[-122.5363393,37.8938942],[-122.5363664,37.893856],[-122.5365371,37.8936401],[-122.5366069,37.8935906],[-122.5366639,37.8935726],[-122.5367207,37.8935781],[-122.5368472,37.8936208]],[[-122.537474,37.8936822],[-122.5375373,37.8937357]]]}},{"type":"Feature","properties":{"elev_ft":100,"index_contour":true,"label":"100 ft","Block_No":68},"geometry":{"type":"MultiLineString","coordinates":[[[-122.5343233,37.8945458],[-122.5344642,37.8946233],[-122.5345868,37.8947124],[-122.5346664,37.8947184],[-122.534769,37.8946699],[-122.534996,37.8945083],[-122.5351152,37.8944456],[-122.5351637,37.8943775]],[[-122.5353667,37.8943842],[-122.5354001,37.8944017],[-122.535566,37.8945409],[-122.5357248,37.8946095],[-122.5357927,37.894662],[-122.5358382,37.8946613],[-122.5359983,37.8945144],[-122.5360431,37.8944132],[-122.5360681,37.8942766],[-122.5361437,37.89417]]]}},{"type":"Feature","properties":{"elev_ft":100,"index_contour":true,"label":"100 ft","Block_No":19},"geometry":{"type":"LineString","coordinates":[[-122.5450038,37.8953794],[-122.5450457,37.8954308],[-122.5451819,37.8955362],[-122.5452016,37.8955809]]}},{"type":"Feature","properties":{"elev_ft":100,"index_contour":true,"label":"100 ft","Block_No":17},"geometry":{"type":"LineString","coordinates":[[-122.546244,37.8960817],[-122.5462703,37.8960914],[-122.5466106,37.8962451],[-122.5470761,37.8963737],[-122.5473375,37.8964068],[-122.5474394,37.8964922],[-122.5474844,37.8965739],[-122.5476317,37.8966524],[-122.5476402,37.8966846],[-122.5476169,37.8967386],[-122.5476346,37.8967657],[-122.5476878,37.8967804],[-122.5477526,37.8967829]]}},{"type":"Feature","properties":{"elev_ft":100,"index_contour":true,"label":"100 ft","Block_No":20},"geometry":{"type":"MultiLineString","coordinates":[[[-122.5462172,37.8970984],[-122.5459683,37.8971114],[-122.5458317,37.8971012],[-122.5457065,37.8971575],[-122.5455812,37.8971848],[-122.5455011,37.8972622],[-122.545444,37.8972921],[-122.545091,37.8973646],[-122.5450596,37.8974047],[-122.5450715,37.8975116]],[[-122.5450332,37.8975064],[-122.5450279,37.8975035]]]}},{"type":"Feature","properties":{"elev_ft":100,"index_contour":true,"label":"100 ft","Block_No":11},"geometry":{"type":"MultiLineString","coordinates":[[[-122.5482165,37.8968989],[-122.5483011,37.8969233],[-122.5483409,37.8969667],[-122.548347,37.8970659],[-122.5483782,37.8971201],[-122.5485606,37.8972703],[-122.5486853,37.8973416],[-122.5487329,37.8974437]],[[-122.5487426,37.8974485],[-122.5488664,37.8974861],[-122.5490137,37.8975695],[-122.5491478,37.8976187],[-122.5491936,37.897664],[-122.5492271,37.8977362],[-122.5492804,37.8977835]]]}},{"type":"Feature","properties":{"elev_ft":100,"index_contour":true,"label":"100 ft","Block_No":25},"geometry":{"type":"MultiLineString","coordinates":[[[-122.5450417,37.8940527],[-122.5451224,37.8941048],[-122.5452932,37.8940751],[-122.5453025,37.8940721]],[[-122.5454452,37.8941736],[-122.5454349,37.8941885],[-122.5453037,37.8942245],[-122.545156,37.8943046],[-122.5451086,37.8944126],[-122.5450129,37.8944753],[-122.544984,37.8945358]],[[-122.5447825,37.8949573],[-122.5447175,37.8951141],[-122.5447147,37.8951681],[-122.5447402,37.8952197],[-122.5447742,37.8952421],[-122.5448651,37.8952643],[-122.5448779,37.8952743]]]}},{"type":"Feature","properties":{"elev_ft":100,"index_contour":true,"label":"100 ft","Block_No":23},"geometry":{"type":"LineString","coordinates":[[-122.5438773,37.8971633],[-122.5437613,37.8971888],[-122.5434878,37.8972778],[-122.5434244,37.8973263],[-122.5433157,37.8975164],[-122.5432128,37.897612],[-122.5431785,37.8976301],[-122.5430991,37.8975943],[-122.543042,37.897628],[-122.5427576,37.8972065],[-122.5426318,37.8970578]]}},{"type":"Feature","properties":{"elev_ft":100,"index_contour":true,"label":"100 ft","Block_No":21},"geometry":{"type":"LineString","coordinates":[[-122.5441727,37.8971383],[-122.5440005,37.8971362],[-122.5438773,37.8971633]]}},{"type":"Feature","properties":{"elev_ft":100,"index_contour":true,"label":"100 ft","Block_No":16},"geometry":{"type":"MultiLineString","coordinates":[[[-122.5477526,37.8967829],[-122.5479039,37.8967887],[-122.5480515,37.8968281],[-122.5481681,37.8968849],[-122.5482165,37.8968989]],[[-122.5484978,37.8974048],[-122.5484169,37.8973365],[-122.5483348,37.8972911],[-122.5481919,37.8971644],[-122.5481358,37.8970741],[-122.5479819,37.8970453],[-122.5478003,37.8969831],[-122.5477352,37.8970004],[-122.5477107,37.8970905],[-122.547663,37.8971195],[-122.5474225,37.8971164],[-122.5473217,37.8971323],[-122.5472195,37.8971062],[-122.5470147,37.8971227],[-122.5467303,37.897123],[-122.5465826,37.8971058],[-122.5464574,37.897119],[-122.5462869,37.8970948],[-122.5462172,37.8970984]]]}},{"type":"Feature","properties":{"elev_ft":100,"index_contour":true,"label":"100 ft","Block_No":12},"geometry":{"type":"MultiLineString","coordinates":[[[-122.5487329,37.8974437],[-122.5487339,37.8974459],[-122.5487426,37.8974485]],[[-122.5492804,37.8977835],[-122.5493496,37.8978448],[-122.5493192,37.8978422],[-122.5492399,37.8977926],[-122.5491853,37.897727],[-122.5490357,37.8976987],[-122.5488544,37.8975863],[-122.5487976,37.8975723],[-122.5487066,37.8975799],[-122.5486044,37.8975584],[-122.5485564,37.8975173],[-122.5485134,37.897418],[-122.5484978,37.8974048]]]}},{"type":"Feature","properties":{"elev_ft":100,"index_contour":true,"label":"100 ft","Block_No":64},"geometry":{"type":"LineString","coordinates":[[-122.5333265,37.8934564],[-122.533702,37.8934847],[-122.5337011,37.8935207],[-122.5336658,37.8935837],[-122.5335239,37.8937294],[-122.5334879,37.8937903],[-122.533508,37.8938534],[-122.5336675,37.894093]]}},{"type":"Feature","properties":{"elev_ft":100,"index_contour":true,"label":"100 ft","Block_No":31},"geometry":{"type":"LineString","coordinates":[[-122.5457259,37.8939913],[-122.5457483,37.8940095],[-122.5457256,37.894035],[-122.5456434,37.8940181],[-122.5456802,37.8939912],[-122.5457259,37.8939913]]}},{"type":"Feature","properties":{"elev_ft":100,"index_contour":true,"label":"100 ft","Block_No":64},"geometry":{"type":"LineString","coordinates":[[-122.5327867,37.8926931],[-122.5328269,37.8928167]]}},{"type":"Feature","properties":{"elev_ft":100,"index_contour":true,"label":"100 ft","Block_No":23},"geometry":{"type":"LineString","coordinates":[[-122.5430418,37.8976724],[-122.5430592,37.8976944],[-122.5430415,37.8977206],[-122.5430297,37.8977033],[-122.5430418,37.8976724]]}},{"type":"Feature","properties":{"elev_ft":120,"index_contour":false,"label":"120 ft","Block_No":41},"geometry":{"type":"LineString","coordinates":[[-122.5402747,37.8928666],[-122.5402827,37.8927895],[-122.5403316,37.8926875],[-122.5403774,37.89265],[-122.5404457,37.8926391],[-122.5405759,37.892687]]}},{"type":"Feature","properties":{"elev_ft":120,"index_contour":false,"label":"120 ft","Block_No":40},"geometry":{"type":"LineString","coordinates":[[-122.5405759,37.892687],[-122.5406499,37.8927143],[-122.5410652,37.8929097],[-122.5411413,37.8930272],[-122.5411353,37.8932165],[-122.5411715,37.8933698],[-122.5411797,37.8935862],[-122.5411909,37.89363]]}},{"type":"Feature","properties":{"elev_ft":120,"index_contour":false,"label":"120 ft","Block_No":39},"geometry":{"type":"LineString","coordinates":[[-122.5411909,37.89363],[-122.541212,37.8937125],[-122.541303,37.8937774],[-122.5414893,37.8938307],[-122.5415958,37.8938852],[-122.5416928,37.8940929],[-122.5418032,37.8941654],[-122.5418447,37.8942287],[-122.5419706,37.8943196],[-122.542054,37.8943641]]}},{"type":"Feature","properties":{"elev_ft":120,"index_contour":false,"label":"120 ft","Block_No":46},"geometry":{"type":"LineString","coordinates":[[-122.5391161,37.893436],[-122.5393036,37.8934032],[-122.5393832,37.8934112],[-122.5395307,37.8934675],[-122.5396672,37.8934618],[-122.5398609,37.8934024],[-122.5399511,37.893347],[-122.5401177,37.8930683],[-122.5402677,37.8929337],[-122.5402747,37.8928666]]}},{"type":"Feature","properties":{"elev_ft":120,"index_contour":false,"label":"120 ft","Block_No":31},"geometry":{"type":"LineString","coordinates":[[-122.5445332,37.8937209],[-122.5445796,37.8936051],[-122.5448251,37.8934201],[-122.5449457,37.8932472],[-122.5450831,37.893108],[-122.5451401,37.8930805],[-122.5452083,37.8930874],[-122.5452528,37.8931153],[-122.54531,37.893196],[-122.5453934,37.8933772],[-122.5454565,37.8934495],[-122.545693,37.8936108]]}},{"type":"Feature","properties":{"elev_ft":120,"index_contour":false,"label":"120 ft","Block_No":38},"geometry":{"type":"LineString","coordinates":[[-122.542054,37.8943641],[-122.5422594,37.8944736],[-122.5424129,37.8945246],[-122.5426744,37.8945397],[-122.5428221,37.8945728],[-122.5429585,37.894585],[-122.543038,37.8946095],[-122.5433108,37.8946376],[-122.5433682,37.8945504],[-122.5434822,37.8945025],[-122.5437926,37.8942993],[-122.5437962,37.8942912]]}},{"type":"Feature","properties":{"elev_ft":120,"index_contour":false,"label":"120 ft","Block_No":32},"geometry":{"type":"LineString","coordinates":[[-122.5437962,37.8942912],[-122.5438366,37.8942001],[-122.5439595,37.8940656],[-122.5441327,37.8939762],[-122.5443501,37.8939353],[-122.5444414,37.8938825],[-122.5445278,37.8937344],[-122.5445332,37.8937209]]}},{"type":"Feature","properties":{"elev_ft":120,"index_contour":false,"label":"120 ft","Block_No":53},"geometry":{"type":"MultiLineString","coordinates":[[[-122.5381852,37.8937672],[-122.5382265,37.8934935],[-122.5382751,37.8934306],[-122.5383483,37.8933887],[-122.5384482,37.8933885]],[[-122.5389395,37.893467],[-122.5391161,37.893436]]]}},{"type":"Feature","properties":{"elev_ft":120,"index_contour":false,"label":"120 ft","Block_No":66},"geometry":{"type":"LineString","coordinates":[[-122.5363973,37.8936317],[-122.536471,37.8935086],[-122.5365851,37.8934466],[-122.5368352,37.8934593],[-122.5369712,37.8935377],[-122.5370394,37.8935497],[-122.5372103,37.8935017],[-122.5372624,37.8934627],[-122.5373191,37.8933818],[-122.5373589,37.8933734],[-122.5374268,37.8934307],[-122.5375176,37.8934596],[-122.5375742,37.8934988],[-122.5376162,37.8935452],[-122.5376453,37.8936024]]}},{"type":"Feature","properties":{"elev_ft":120,"index_contour":false,"label":"120 ft","Block_No":65},"geometry":{"type":"MultiLineString","coordinates":[[[-122.5350012,37.8943683],[-122.5350428,37.8943102],[-122.5350934,37.8941842],[-122.5351479,37.8941483],[-122.5352499,37.8941644],[-122.5354993,37.8942892],[-122.535613,37.8943049],[-122.5356422,37.8942991]],[[-122.5358829,37.8941792],[-122.5360143,37.8939625],[-122.5361681,37.893873],[-122.5362799,37.8937799]]]}},{"type":"Feature","properties":{"elev_ft":120,"index_contour":false,"label":"120 ft","Block_No":52},"geometry":{"type":"LineString","coordinates":[[-122.5376453,37.8936024],[-122.5376806,37.8936716],[-122.5377546,37.893752],[-122.5378399,37.8938164],[-122.5378699,37.8938616],[-122.5379925,37.8939131],[-122.5380389,37.8938983],[-122.5380638,37.8938782]]}},{"type":"Feature","properties":{"elev_ft":120,"index_contour":false,"label":"120 ft","Block_No":67},"geometry":{"type":"LineString","coordinates":[[-122.5362799,37.8937799],[-122.5362873,37.8937737],[-122.5363872,37.8936485],[-122.5363973,37.8936317]]}},{"type":"Feature","properties":{"elev_ft":120,"index_contour":false,"label":"120 ft","Block_No":68},"geometry":{"type":"MultiLineString","coordinates":[[[-122.5343553,37.8944727],[-122.5345762,37.8945809],[-122.5346558,37.8945853],[-122.534985,37.894391],[-122.5350012,37.8943683]],[[-122.5356422,37.8942991],[-122.535761,37.8942754],[-122.5358753,37.8941917],[-122.5358829,37.8941792]]]}},{"type":"Feature","properties":{"elev_ft":120,"index_contour":false,"label":"120 ft","Block_No":26},"geometry":{"type":"LineString","coordinates":[[-122.545693,37.8936108],[-122.5459747,37.893803],[-122.5461097,37.8938486],[-122.5462352,37.8939122],[-122.5463222,37.8940027],[-122.5464627,37.8940843],[-122.546464,37.8940862]]}},{"type":"Feature","properties":{"elev_ft":120,"index_contour":false,"label":"120 ft","Block_No":19},"geometry":{"type":"MultiLineString","coordinates":[[[-122.5451988,37.8952411],[-122.5452301,37.8953053],[-122.5454315,37.8955585],[-122.5455565,37.8956491],[-122.5455813,37.8956557]],[[-122.5457229,37.8956917],[-122.5458405,37.8956997],[-122.5459994,37.895762],[-122.5460446,37.8958019],[-122.546054,37.8958223]]]}},{"type":"Feature","properties":{"elev_ft":120,"index_contour":false,"label":"120 ft","Block_No":17},"geometry":{"type":"LineString","coordinates":[[-122.5470384,37.8962302],[-122.5471224,37.8962476],[-122.5474863,37.8962591],[-122.5475543,37.8962892],[-122.5477129,37.8964016],[-122.5478378,37.8964401],[-122.547906,37.8964428],[-122.548111,37.8964048],[-122.5482056,37.8964164],[-122.5482463,37.8965067],[-122.5482339,37.8966328],[-122.5482457,37.8966857],[-122.5483236,37.8967767]]}},{"type":"Feature","properties":{"elev_ft":120,"index_contour":false,"label":"120 ft","Block_No":11},"geometry":{"type":"MultiLineString","coordinates":[[[-122.5483236,37.8967767],[-122.5484171,37.8968859],[-122.5485092,37.8970665],[-122.5486748,37.8971919],[-122.5489587,37.8972703],[-122.5491565,37.8973664],[-122.5492056,37.8974116],[-122.549252,37.8975019],[-122.5494225,37.8976868],[-122.5496159,37.8976864],[-122.5498199,37.8977921],[-122.5499444,37.8978973],[-122.5500239,37.8979227],[-122.5500644,37.8980188],[-122.5500819,37.898118],[-122.5502156,37.8981875],[-122.5502284,37.8982538],[-122.5502247,37.898257]],[[-122.5499478,37.8980216],[-122.5499437,37.8980168],[-122.5499412,37.8980164]]]}},{"type":"Feature","properties":{"elev_ft":120,"index_contour":false,"label":"120 ft","Block_No":25},"geometry":{"type":"LineString","coordinates":[[-122.5456527,37.8942719],[-122.5455305,37.8943207],[-122.5453289,37.8944405],[-122.5450266,37.8948899],[-122.5450131,37.894944],[-122.545029,37.8949891],[-122.5450988,37.8950615],[-122.5451137,37.8951092]]}},{"type":"Feature","properties":{"elev_ft":120,"index_contour":false,"label":"120 ft","Block_No":23},"geometry":{"type":"LineString","coordinates":[[-122.5439377,37.8973605],[-122.5437916,37.8974178],[-122.5436202,37.8975253],[-122.5435319,37.8976692],[-122.5434278,37.897795],[-122.5432729,37.8979295],[-122.5432216,37.8980152],[-122.5430959,37.8980731],[-122.543016,37.8981678],[-122.5429704,37.8981796],[-122.5427999,37.8981667],[-122.5427204,37.898145],[-122.5426978,37.8981115],[-122.5427385,37.8979455],[-122.5427465,37.8976842],[-122.5426421,37.8974684]]}},{"type":"Feature","properties":{"elev_ft":120,"index_contour":false,"label":"120 ft","Block_No":21},"geometry":{"type":"LineString","coordinates":[[-122.5457907,37.8974812],[-122.5457226,37.8975154],[-122.5455556,37.8976428],[-122.545464,37.8977441],[-122.5454269,37.8978207],[-122.5454171,37.8979692],[-122.545394,37.898035],[-122.5451663,37.8980613],[-122.545121,37.8980372],[-122.5448561,37.8977825],[-122.5447593,37.8976627],[-122.5446687,37.8975992],[-122.5446296,37.8975202],[-122.5445898,37.8974838],[-122.5444763,37.8974369],[-122.5444085,37.8973773],[-122.5443404,37.8973519],[-122.5440561,37.8973401],[-122.5439651,37.8973497],[-122.5439377,37.8973605]]}},{"type":"Feature","properties":{"elev_ft":120,"index_contour":false,"label":"120 ft","Block_No":16},"geometry":{"type":"MultiLineString","coordinates":[[[-122.5483893,37.8976478],[-122.5481604,37.897613],[-122.5480466,37.8976239],[-122.5478423,37.897556],[-122.5476604,37.8975427],[-122.5475343,37.8975044],[-122.5474222,37.8974395],[-122.5471724,37.8973699],[-122.5471155,37.8973685],[-122.5468422,37.8974222],[-122.5466874,37.8974173]],[[-122.546577,37.8973963],[-122.5462059,37.8973159],[-122.5461925,37.8973182]]]}},{"type":"Feature","properties":{"elev_ft":120,"index_contour":false,"label":"120 ft","Block_No":12},"geometry":{"type":"MultiLineString","coordinates":[[[-122.5502247,37.898257],[-122.5502152,37.8982653],[-122.5501585,37.8982356],[-122.5500605,37.8982171],[-122.5500189,37.8981899],[-122.5499738,37.8981356],[-122.5499682,37.8980455],[-122.5499478,37.8980216]],[[-122.5499412,37.8980164],[-122.5498187,37.8979991],[-122.5496031,37.8979123],[-122.5495235,37.8979066],[-122.5494209,37.8979494],[-122.5492958,37.8979397],[-122.5491257,37.8978589],[-122.5488419,37.8977782],[-122.5485465,37.8977212],[-122.5483991,37.8976493],[-122.5483893,37.8976478]]]}},{"type":"Feature","properties":{"elev_ft":120,"index_contour":false,"label":"120 ft","Block_No":64},"geometry":{"type":"LineString","coordinates":[[-122.5332512,37.8933288],[-122.5333442,37.8933581],[-122.5335034,37.8933768],[-122.5336513,37.8933668],[-122.5337993,37.8933385],[-122.5338675,37.893344],[-122.5339129,37.8933671],[-122.5339152,37.8934134],[-122.5338544,37.8935484],[-122.533781,37.8936743],[-122.5336522,37.893836],[-122.5336355,37.89389],[-122.5336919,37.8940164],[-122.533783,37.894113],[-122.5338283,37.8941459],[-122.5339256,37.8941836]]}},{"type":"Feature","properties":{"elev_ft":120,"index_contour":false,"label":"120 ft","Block_No":64},"geometry":{"type":"LineString","coordinates":[[-122.5329416,37.8925597],[-122.5329679,37.8925895],[-122.5329992,37.8927789],[-122.5329638,37.8929773]]}},{"type":"Feature","properties":{"elev_ft":140,"index_contour":false,"label":"140 ft","Block_No":41},"geometry":{"type":"MultiLineString","coordinates":[[[-122.539989,37.8928579],[-122.5399894,37.8928573],[-122.5400913,37.8927437],[-122.540145,37.8926448],[-122.5401578,37.8925907],[-122.5401439,37.8925276],[-122.5401623,37.8924881],[-122.5401741,37.892482]],[[-122.5402364,37.8924496],[-122.540265,37.8924348],[-122.540515,37.8924653],[-122.5406079,37.8924418]]]}},{"type":"Feature","properties":{"elev_ft":140,"index_contour":false,"label":"140 ft","Block_No":30},"geometry":{"type":"LineString","coordinates":[[-122.5449812,37.8929896],[-122.5450238,37.8928981],[-122.5450468,37.8927539],[-122.5450856,37.8927008],[-122.5451311,37.8926959],[-122.54529,37.8927507],[-122.545415,37.8927564],[-122.5455517,37.8927243],[-122.5457194,37.8926484],[-122.5458138,37.8926366],[-122.545841,37.8926669],[-122.5458386,37.8926842]]}},{"type":"Feature","properties":{"elev_ft":140,"index_contour":false,"label":"140 ft","Block_No":40},"geometry":{"type":"LineString","coordinates":[[-122.5406079,37.8924418],[-122.5406973,37.8924192],[-122.5407993,37.892466],[-122.5409153,37.8925937],[-122.5410256,37.8926619],[-122.5411392,37.8926858],[-122.5412872,37.8926554],[-122.5413161,37.8926674],[-122.5413375,37.8927486],[-122.5413475,37.8929289],[-122.5413307,37.8929743],[-122.5412632,37.8930547],[-122.541241,37.8931988],[-122.5412677,37.8933341],[-122.541344,37.8935417],[-122.5413551,37.8935523]]}},{"type":"Feature","properties":{"elev_ft":140,"index_contour":false,"label":"140 ft","Block_No":39},"geometry":{"type":"LineString","coordinates":[[-122.5413551,37.8935523],[-122.5414291,37.8936232],[-122.5415197,37.8936764],[-122.5415879,37.893687],[-122.5417358,37.8936809],[-122.5417997,37.8937057],[-122.5418941,37.8938287],[-122.5419387,37.8939947],[-122.5421643,37.8942326]]}},{"type":"Feature","properties":{"elev_ft":140,"index_contour":false,"label":"140 ft","Block_No":46},"geometry":{"type":"LineString","coordinates":[[-122.5391006,37.8932411],[-122.539191,37.8932202],[-122.5393162,37.8932084],[-122.539373,37.8932234],[-122.5395543,37.8933263],[-122.5396452,37.8933302],[-122.5397477,37.8933109],[-122.5398209,37.8932744],[-122.5398564,37.8932385],[-122.5398743,37.8930493],[-122.539989,37.8928579]]}},{"type":"Feature","properties":{"elev_ft":140,"index_contour":false,"label":"140 ft","Block_No":31},"geometry":{"type":"MultiLineString","coordinates":[[[-122.5443867,37.8935708],[-122.54436,37.8934273],[-122.5443701,37.8933822],[-122.5444448,37.8933327],[-122.5445814,37.8933145],[-122.5447409,37.8932681],[-122.5448208,37.8932193],[-122.5449694,37.893015],[-122.5449812,37.8929896]],[[-122.5458386,37.8926842],[-122.5458284,37.892757],[-122.545703,37.8929998],[-122.5456659,37.8931349],[-122.5456762,37.893216],[-122.5457548,37.8933155],[-122.5457705,37.8934057],[-122.5458343,37.8934566]]]}},{"type":"Feature","properties":{"elev_ft":140,"index_contour":false,"label":"140 ft","Block_No":38},"geometry":{"type":"LineString","coordinates":[[-122.5421643,37.8942326],[-122.542221,37.8942924],[-122.5423572,37.8943505],[-122.5427209,37.894387],[-122.5428685,37.8944209],[-122.5431189,37.8943884],[-122.543335,37.894395],[-122.5434585,37.8943521],[-122.5436525,37.8942087],[-122.5437225,37.8940737],[-122.5437427,37.8939837],[-122.5438639,37.8938309],[-122.5439267,37.8938077]]}},{"type":"Feature","properties":{"elev_ft":140,"index_contour":false,"label":"140 ft","Block_No":32},"geometry":{"type":"LineString","coordinates":[[-122.5439267,37.8938077],[-122.5439528,37.8937981],[-122.5441005,37.8938292],[-122.5441801,37.8938299],[-122.5442652,37.8938054],[-122.5443217,37.8937696],[-122.5444019,37.8936528],[-122.5443867,37.8935708]]}},{"type":"Feature","properties":{"elev_ft":140,"index_contour":false,"label":"140 ft","Block_No":45},"geometry":{"type":"LineString","coordinates":[[-122.5401741,37.892482],[-122.5402364,37.8924496]]}},{"type":"Feature","properties":{"elev_ft":140,"index_contour":false,"label":"140 ft","Block_No":53},"geometry":{"type":"LineString","coordinates":[[-122.5380121,37.893516],[-122.5380405,37.893501],[-122.5381669,37.8933064],[-122.5383044,37.8931435],[-122.53835,37.8931166],[-122.5385881,37.8932428],[-122.5386789,37.8932703],[-122.5389176,37.8932835],[-122.5391006,37.8932411]]}},{"type":"Feature","properties":{"elev_ft":140,"index_contour":false,"label":"140 ft","Block_No":66},"geometry":{"type":"LineString","coordinates":[[-122.5362128,37.893651],[-122.5362883,37.8936177],[-122.5363338,37.8935491],[-122.5363375,37.893423],[-122.5363922,37.8933724],[-122.5365517,37.8933369],[-122.5368246,37.8933391],[-122.5369155,37.8933578],[-122.5370516,37.8934209],[-122.5371198,37.8934213],[-122.5371852,37.8933813],[-122.5372855,37.8932014],[-122.537349,37.893151],[-122.5373831,37.8931515],[-122.5374284,37.893176],[-122.5376433,37.8933647],[-122.5377463,37.8934893]]}},{"type":"Feature","properties":{"elev_ft":140,"index_contour":false,"label":"140 ft","Block_No":65},"geometry":{"type":"LineString","coordinates":[[-122.5348247,37.8943301],[-122.5348592,37.8943094],[-122.5349474,37.8941205],[-122.5350573,37.8940462],[-122.5351825,37.894031],[-122.5353076,37.894037],[-122.5353984,37.8940631],[-122.5354667,37.894052],[-122.5355323,37.8939966],[-122.5356791,37.8939341],[-122.5359005,37.893789],[-122.5362128,37.893651]]}},{"type":"Feature","properties":{"elev_ft":140,"index_contour":false,"label":"140 ft","Block_No":68},"geometry":{"type":"LineString","coordinates":[[-122.5343888,37.8943965],[-122.5345885,37.8944476],[-122.5346454,37.8944377],[-122.5348247,37.8943301]]}},{"type":"Feature","properties":{"elev_ft":140,"index_contour":false,"label":"140 ft","Block_No":26},"geometry":{"type":"LineString","coordinates":[[-122.5458343,37.8934566],[-122.5460312,37.893614],[-122.54616,37.8936874],[-122.5463075,37.8937466],[-122.5466988,37.8939681],[-122.5469424,37.894075],[-122.5471127,37.8941151],[-122.5472334,37.8941233],[-122.5472523,37.8941414],[-122.5472388,37.8942586],[-122.5472154,37.8942945],[-122.5471731,37.8943124],[-122.5469862,37.8943387],[-122.5469086,37.8943389]]}},{"type":"Feature","properties":{"elev_ft":140,"index_contour":false,"label":"140 ft","Block_No":19},"geometry":{"type":"MultiLineString","coordinates":[[[-122.5453627,37.894815],[-122.5453598,37.8948822],[-122.5453408,37.8949237]],[[-122.5453449,37.895009],[-122.5454176,37.8950807],[-122.5453676,37.8952067],[-122.5453817,37.8952789],[-122.5454219,37.8953343],[-122.5455579,37.8954142],[-122.5461032,37.8955226],[-122.5461475,37.8955883],[-122.5462205,37.8956516],[-122.5463266,37.8958323],[-122.5464847,37.8959524]]]}},{"type":"Feature","properties":{"elev_ft":140,"index_contour":false,"label":"140 ft","Block_No":18},"geometry":{"type":"LineString","coordinates":[[-122.5458927,37.8944754],[-122.5457505,37.8945192]]}},{"type":"Feature","properties":{"elev_ft":140,"index_contour":false,"label":"140 ft","Block_No":17},"geometry":{"type":"LineString","coordinates":[[-122.5475334,37.896016],[-122.5475559,37.8960294],[-122.5477512,37.8962524],[-122.5478386,37.8963108],[-122.5479295,37.8963143],[-122.5482597,37.8962551],[-122.5483393,37.896266],[-122.5483882,37.8962999],[-122.5484119,37.8963451],[-122.5484293,37.896487]]}},{"type":"Feature","properties":{"elev_ft":140,"index_contour":false,"label":"140 ft","Block_No":11},"geometry":{"type":"LineString","coordinates":[[-122.5484293,37.896487],[-122.5484594,37.8967328],[-122.5485067,37.8967898],[-122.5486878,37.8969271],[-122.5489145,37.8970621],[-122.549334,37.8972749],[-122.5494591,37.8972847],[-122.549664,37.8972443],[-122.5498005,37.8972454],[-122.5501071,37.8973234],[-122.5502549,37.8973468],[-122.5504251,37.8974047],[-122.5504591,37.8974314],[-122.5504681,37.8974705],[-122.5503869,37.8976054],[-122.5503915,37.8976505],[-122.5505888,37.8978045],[-122.5506488,37.897976],[-122.5506943,37.898026],[-122.5508054,37.8981027],[-122.5508417,37.898193],[-122.5509839,37.8982419]]}},{"type":"Feature","properties":{"elev_ft":140,"index_contour":false,"label":"140 ft","Block_No":25},"geometry":{"type":"MultiLineString","coordinates":[[[-122.546373,37.8943013],[-122.5462471,37.8943198],[-122.5460554,37.8944252],[-122.5458927,37.8944754]],[[-122.5457505,37.8945192],[-122.5456542,37.8945489],[-122.5455058,37.8946503],[-122.5453918,37.8946898],[-122.5453665,37.894729],[-122.5453627,37.894815]]]}},{"type":"Feature","properties":{"elev_ft":140,"index_contour":false,"label":"140 ft","Block_No":23},"geometry":{"type":"MultiLineString","coordinates":[[[-122.5441206,37.897544],[-122.5440662,37.8975511],[-122.5438152,37.8976704],[-122.5436136,37.8978768],[-122.5435271,37.8980567],[-122.5434249,37.8981399]],[[-122.5432875,37.8982517],[-122.5431855,37.8983347],[-122.5431058,37.8983599],[-122.5428101,37.8983569],[-122.5427231,37.898381]]]}},{"type":"Feature","properties":{"elev_ft":140,"index_contour":false,"label":"140 ft","Block_No":21},"geometry":{"type":"MultiLineString","coordinates":[[[-122.5458873,37.8976731],[-122.545742,37.8977498],[-122.5456353,37.8979207],[-122.5455919,37.8980377],[-122.5455207,37.8984249],[-122.5454948,37.898459]],[[-122.5451831,37.8983832],[-122.545007,37.8980774],[-122.5449277,37.8980297],[-122.5447914,37.8979805],[-122.5445768,37.8977521],[-122.544373,37.8976014],[-122.54418,37.8975363],[-122.5441206,37.897544]]]}},{"type":"Feature","properties":{"elev_ft":140,"index_contour":false,"label":"140 ft","Block_No":16},"geometry":{"type":"MultiLineString","coordinates":[[[-122.5484396,37.8979475],[-122.5484337,37.8979495],[-122.548429,37.897953]],[[-122.5480829,37.8980963],[-122.5479983,37.8980861],[-122.547953,37.8980544],[-122.547863,37.8978849],[-122.5477768,37.8977937],[-122.5477298,37.8977579]],[[-122.5470724,37.897617],[-122.546989,37.8975915],[-122.5467385,37.8976436],[-122.5467065,37.8976432]]]}},{"type":"Feature","properties":{"elev_ft":140,"index_contour":false,"label":"140 ft","Block_No":10},"geometry":{"type":"MultiLineString","coordinates":[[[-122.5509839,37.8982419],[-122.5510001,37.8982475],[-122.5510618,37.8983381],[-122.5512244,37.8985009],[-122.551328,37.8985652],[-122.5513961,37.8985808],[-122.5516152,37.8985745],[-122.5516274,37.8985689]],[[-122.551675,37.8985467],[-122.551772,37.8985017],[-122.5519326,37.8985281]]]}},{"type":"Feature","properties":{"elev_ft":140,"index_contour":false,"label":"140 ft","Block_No":12},"geometry":{"type":"MultiLineString","coordinates":[[[-122.5516274,37.8985689],[-122.551675,37.8985467]],[[-122.5519135,37.8986005],[-122.5518396,37.898607],[-122.5517271,37.898647],[-122.551475,37.8987045],[-122.5512702,37.8987213],[-122.551179,37.8987454],[-122.5510995,37.8987271],[-122.5509523,37.8986204],[-122.5508042,37.8986546],[-122.5505655,37.8986414],[-122.5502136,37.8985226],[-122.5501117,37.8984445],[-122.5499981,37.8984196],[-122.5494654,37.8981095],[-122.5492271,37.8980269],[-122.5491364,37.897967],[-122.5487047,37.8978881],[-122.5486023,37.8978924],[-122.5484396,37.8979475]]]}},{"type":"Feature","properties":{"elev_ft":140,"index_contour":false,"label":"140 ft","Block_No":64},"geometry":{"type":"LineString","coordinates":[[-122.5331031,37.8925481],[-122.533122,37.8928244],[-122.5332014,37.8929509],[-122.5332549,37.8931061],[-122.5334248,37.8932067],[-122.5336181,37.89322],[-122.5339594,37.8932008],[-122.5340503,37.8932173],[-122.5341067,37.89327],[-122.5341354,37.8933963],[-122.5340847,37.8935493],[-122.5340192,37.8936752],[-122.5338574,37.8938728],[-122.5338389,37.8939178],[-122.5338523,37.893959],[-122.5339224,37.8940353],[-122.5340181,37.8941071]]}},{"type":"Feature","properties":{"elev_ft":160,"index_contour":false,"label":"160 ft","Block_No":41},"geometry":{"type":"MultiLineString","coordinates":[[[-122.5398659,37.8927154],[-122.5398984,37.8926799],[-122.5399621,37.8925539],[-122.5399549,37.89249]],[[-122.5399888,37.8922194],[-122.5400106,37.8922026],[-122.5401414,37.8921818],[-122.5403457,37.8922533],[-122.5404594,37.8922649],[-122.5406073,37.8922467],[-122.5407897,37.8921767],[-122.5408466,37.8921707],[-122.5409028,37.8922241],[-122.5409364,37.8923078]]]}},{"type":"Feature","properties":{"elev_ft":160,"index_contour":false,"label":"160 ft","Block_No":30},"geometry":{"type":"LineString","coordinates":[[-122.5446698,37.8931502],[-122.5447703,37.8930864],[-122.5448679,37.8929515],[-122.5449131,37.8926903],[-122.5448596,37.8924197],[-122.5449062,37.8922783],[-122.5449403,37.8922756],[-122.5449743,37.8922971],[-122.5451541,37.892493],[-122.5452981,37.8926017],[-122.5453817,37.8926371],[-122.5454953,37.8926507],[-122.545575,37.8926344],[-122.5457576,37.8925364],[-122.5459521,37.8923515],[-122.5460435,37.8922873],[-122.5461689,37.8922361],[-122.5463168,37.8922228],[-122.5463254,37.8922361],[-122.5462249,37.892369],[-122.5461435,37.8925148],[-122.5461099,37.892599]]}},{"type":"Feature","properties":{"elev_ft":160,"index_contour":false,"label":"160 ft","Block_No":40},"geometry":{"type":"LineString","coordinates":[[-122.5409364,37.8923078],[-122.5409717,37.8923956],[-122.5410949,37.892491],[-122.5412539,37.8925202],[-122.5413564,37.892496],[-122.5414933,37.8924376],[-122.5415368,37.8924519],[-122.5415762,37.8928396],[-122.5415587,37.8928822],[-122.5414991,37.8929295],[-122.5414672,37.892979],[-122.5414277,37.8931004],[-122.5414677,37.8932358],[-122.5414551,37.8933709],[-122.5414871,37.8934286],[-122.5414931,37.8934332]]}},{"type":"Feature","properties":{"elev_ft":160,"index_contour":false,"label":"160 ft","Block_No":39},"geometry":{"type":"LineString","coordinates":[[-122.5414931,37.8934332],[-122.5416569,37.893558],[-122.5418956,37.8935761],[-122.5420318,37.8936331],[-122.5420899,37.8937339],[-122.5421052,37.8938151],[-122.5421551,37.8939273],[-122.5422909,37.8940342],[-122.5423108,37.8940576]]}},{"type":"Feature","properties":{"elev_ft":160,"index_contour":false,"label":"160 ft","Block_No":46},"geometry":{"type":"LineString","coordinates":[[-122.5390804,37.8930735],[-122.5393175,37.8930011],[-122.5394147,37.8929033],[-122.5395292,37.8928427]]}},{"type":"Feature","properties":{"elev_ft":160,"index_contour":false,"label":"160 ft","Block_No":31},"geometry":{"type":"MultiLineString","coordinates":[[[-122.5442189,37.8931703],[-122.5442412,37.8931537],[-122.5442981,37.8931384],[-122.5445253,37.8931763],[-122.544662,37.8931552],[-122.5446698,37.8931502]],[[-122.5461099,37.892599],[-122.5460538,37.8927398],[-122.5460534,37.892875],[-122.5459709,37.8929902],[-122.5459162,37.8931178],[-122.5459178,37.893253],[-122.5459502,37.8933193]]]}},{"type":"Feature","properties":{"elev_ft":160,"index_contour":false,"label":"160 ft","Block_No":38},"geometry":{"type":"LineString","coordinates":[[-122.5423108,37.8940576],[-122.5423699,37.8941271],[-122.5426765,37.8942061],[-122.542847,37.8942159],[-122.542995,37.8941932],[-122.5432567,37.8941832],[-122.543405,37.894118],[-122.5434591,37.8940457],[-122.5435593,37.8937847],[-122.543612,37.8937387],[-122.5439404,37.8936837]]}},{"type":"Feature","properties":{"elev_ft":160,"index_contour":false,"label":"160 ft","Block_No":32},"geometry":{"type":"LineString","coordinates":[[-122.5439404,37.8936837],[-122.5439422,37.8936834],[-122.5441242,37.8936833],[-122.5441812,37.8936588],[-122.5442183,37.893607],[-122.5442246,37.8935349],[-122.5441354,37.8932912],[-122.5441892,37.8931923],[-122.5442189,37.8931703]]}},{"type":"Feature","properties":{"elev_ft":160,"index_contour":false,"label":"160 ft","Block_No":45},"geometry":{"type":"MultiLineString","coordinates":[[[-122.5395292,37.8928427],[-122.5395916,37.8928097],[-122.5396371,37.892807],[-122.5397166,37.892831],[-122.5397736,37.8928165],[-122.5398659,37.8927154]],[[-122.5399549,37.89249],[-122.5399338,37.8923015],[-122.5399591,37.8922424],[-122.5399888,37.8922194]]]}},{"type":"Feature","properties":{"elev_ft":160,"index_contour":false,"label":"160 ft","Block_No":53},"geometry":{"type":"LineString","coordinates":[[-122.5379175,37.89331],[-122.5380421,37.8932585],[-122.5380927,37.8932226],[-122.5381594,37.8931417],[-122.5381909,37.8930517],[-122.538238,37.8929798],[-122.5383059,37.8928986],[-122.5383515,37.8928732],[-122.538431,37.8928968],[-122.5385892,37.8930667],[-122.5387254,37.8931107],[-122.5388504,37.8931186],[-122.5390098,37.8930951],[-122.5390804,37.8930735]]}},{"type":"Feature","properties":{"elev_ft":160,"index_contour":false,"label":"160 ft","Block_No":66},"geometry":{"type":"LineString","coordinates":[[-122.536118,37.8934569],[-122.5361523,37.8934403],[-122.5361383,37.8933411],[-122.5361916,37.8932602],[-122.5362339,37.8932295],[-122.5364385,37.8932518],[-122.5365409,37.8932357],[-122.5366663,37.8931845],[-122.5369844,37.8932499],[-122.5370755,37.8932337],[-122.5371326,37.8932008],[-122.537182,37.8931469],[-122.5373166,37.8928771],[-122.5373623,37.8928283],[-122.5373851,37.8928272],[-122.5374142,37.8928504],[-122.5374491,37.8929004]]}},{"type":"Feature","properties":{"elev_ft":160,"index_contour":false,"label":"160 ft","Block_No":64},"geometry":{"type":"MultiLineString","coordinates":[[[-122.5335115,37.8928113],[-122.5335189,37.892826],[-122.5335413,37.8929793],[-122.5336542,37.8930609],[-122.53371,37.8930737],[-122.5338921,37.8930469],[-122.5340607,37.8930455]],[[-122.5341505,37.8930477],[-122.5342445,37.8930791],[-122.5342897,37.8931244],[-122.5343369,37.8932258],[-122.5343764,37.8935955],[-122.5343405,37.8936945],[-122.5342192,37.8938563],[-122.534201,37.8939193],[-122.5342159,37.8939467]]]}},{"type":"Feature","properties":{"elev_ft":160,"index_contour":false,"label":"160 ft","Block_No":65},"geometry":{"type":"LineString","coordinates":[[-122.5344514,37.8941095],[-122.5344978,37.8940827],[-122.534622,37.8939029],[-122.5347548,37.8937773],[-122.5348204,37.89374],[-122.535014,37.8936983],[-122.5356399,37.8936421],[-122.535993,37.8935516],[-122.5360788,37.893476],[-122.536118,37.8934569]]}},{"type":"Feature","properties":{"elev_ft":160,"index_contour":false,"label":"160 ft","Block_No":68},"geometry":{"type":"LineString","coordinates":[[-122.5342159,37.8939467],[-122.5342725,37.8940507],[-122.534397,37.8941409],[-122.5344514,37.8941095]]}},{"type":"Feature","properties":{"elev_ft":160,"index_contour":false,"label":"160 ft","Block_No":26},"geometry":{"type":"LineString","coordinates":[[-122.5459502,37.8933193],[-122.5460016,37.8934246],[-122.546216,37.8935696],[-122.5465009,37.8937278],[-122.5466824,37.8938088],[-122.5468045,37.8938423],[-122.5468979,37.8939057],[-122.5472384,37.8940179],[-122.5473976,37.8940323],[-122.5476815,37.8941026],[-122.5479031,37.894137]]}},{"type":"Feature","properties":{"elev_ft":160,"index_contour":false,"label":"160 ft","Block_No":19},"geometry":{"type":"LineString","coordinates":[[-122.5456475,37.8949012],[-122.5456474,37.8949014],[-122.5456309,37.8949554],[-122.5456343,37.8950816],[-122.5456976,37.895181],[-122.5458658,37.8952808],[-122.5461837,37.8953722],[-122.5463872,37.895454],[-122.5467274,37.8957486],[-122.5467868,37.8958882],[-122.5468512,37.8959503],[-122.5469079,37.895978],[-122.5472717,37.896012],[-122.5473287,37.8959884],[-122.547443,37.8958913],[-122.5476018,37.8958411]]}},{"type":"Feature","properties":{"elev_ft":160,"index_contour":false,"label":"160 ft","Block_No":18},"geometry":{"type":"LineString","coordinates":[[-122.5463053,37.8944525],[-122.5463031,37.8944541],[-122.5459957,37.8945091],[-122.5458688,37.8945687],[-122.545758,37.8946855],[-122.5456475,37.8949012]]}},{"type":"Feature","properties":{"elev_ft":160,"index_contour":false,"label":"160 ft","Block_No":17},"geometry":{"type":"LineString","coordinates":[[-122.5476211,37.895835],[-122.5476254,37.8958336],[-122.5476655,37.8958735],[-122.5476712,37.8959907],[-122.5476935,37.8960539],[-122.5477748,37.8961624],[-122.5478279,37.8961996],[-122.548078,37.8962195],[-122.548215,37.8961821],[-122.5483971,37.8961058],[-122.5484655,37.8961005]]}},{"type":"Feature","properties":{"elev_ft":160,"index_contour":false,"label":"160 ft","Block_No":11},"geometry":{"type":"LineString","coordinates":[[-122.5484655,37.8961005],[-122.5484995,37.8960978],[-122.5485334,37.8961427],[-122.5486483,37.8964181],[-122.5486614,37.8964902],[-122.5486467,37.8965893],[-122.5486857,37.8966706],[-122.5489755,37.896888],[-122.5491924,37.8970871],[-122.5492893,37.8971509],[-122.5493915,37.8971773],[-122.5494711,37.8971789],[-122.5495394,37.8971629],[-122.5496421,37.8971137],[-122.549699,37.8971081],[-122.5497899,37.8971232],[-122.5499828,37.8971947],[-122.5503239,37.8972141],[-122.5505284,37.8972589],[-122.5505584,37.8972906],[-122.5505959,37.8973824],[-122.5507099,37.8973357],[-122.550915,37.8972775],[-122.5509491,37.8972788],[-122.5510578,37.8973737],[-122.5510612,37.8973917],[-122.5509292,37.8975174],[-122.5508222,37.8977513],[-122.5508205,37.8978234],[-122.5509332,37.8980209],[-122.5510089,37.8980611]]}},{"type":"Feature","properties":{"elev_ft":160,"index_contour":false,"label":"160 ft","Block_No":25},"geometry":{"type":"LineString","coordinates":[[-122.5463619,37.8944112],[-122.5463053,37.8944525]]}},{"type":"Feature","properties":{"elev_ft":160,"index_contour":false,"label":"160 ft","Block_No":21},"geometry":{"type":"MultiLineString","coordinates":[[[-122.5458918,37.8979515],[-122.545838,37.8980026],[-122.5457657,37.8981014],[-122.5457086,37.8982725],[-122.5457572,37.8985229]],[[-122.5449079,37.8983162],[-122.5447674,37.8982013],[-122.5445747,37.8980815],[-122.5444359,37.897907],[-122.5443351,37.8978165],[-122.5442808,37.897798],[-122.5441396,37.8977913]]]}},{"type":"Feature","properties":{"elev_ft":160,"index_contour":false,"label":"160 ft","Block_No":16},"geometry":{"type":"LineString","coordinates":[[-122.5470119,37.8977766],[-122.546964,37.8977816],[-122.5467827,37.8978616],[-122.546703,37.8978747],[-122.5466299,37.8978664]]}},{"type":"Feature","properties":{"elev_ft":160,"index_contour":false,"label":"160 ft","Block_No":10},"geometry":{"type":"LineString","coordinates":[[-122.5510089,37.8980611],[-122.5512257,37.8981764],[-122.5513755,37.8982369],[-122.5515232,37.898259],[-122.5519433,37.898376],[-122.5519697,37.8983765]]}},{"type":"Feature","properties":{"elev_ft":160,"index_contour":false,"label":"160 ft","Block_No":12},"geometry":{"type":"LineString","coordinates":[[-122.5518323,37.8988575],[-122.5516673,37.8988871],[-122.5511099,37.8988863],[-122.5509738,37.8988349],[-122.5506668,37.8988147],[-122.5501671,37.8986932],[-122.5499055,37.8986906],[-122.5498295,37.8986308],[-122.5496344,37.8983717],[-122.5494868,37.8982509],[-122.5494035,37.8982127]]}},{"type":"Feature","properties":{"elev_ft":160,"index_contour":false,"label":"160 ft","Block_No":9},"geometry":{"type":"LineString","coordinates":[[-122.5528877,37.8987496],[-122.5528334,37.8987684],[-122.5527367,37.8988498],[-122.5526227,37.8988821],[-122.5525226,37.8988844],[-122.5523744,37.8988619]]}},{"type":"Feature","properties":{"elev_ft":180,"index_contour":false,"label":"180 ft","Block_No":62},"geometry":{"type":"LineString","coordinates":[[-122.5343082,37.8916891],[-122.5343844,37.891811],[-122.5343961,37.8918561],[-122.5343771,37.891885],[-122.5343706,37.8918896]]}},{"type":"Feature","properties":{"elev_ft":180,"index_contour":false,"label":"180 ft","Block_No":54},"geometry":{"type":"LineString","coordinates":[[-122.5372756,37.8927195],[-122.5373178,37.892671],[-122.5373863,37.8926428],[-122.5374269,37.8926588]]}},{"type":"Feature","properties":{"elev_ft":180,"index_contour":false,"label":"180 ft","Block_No":41},"geometry":{"type":"LineString","coordinates":[[-122.539893,37.8921303],[-122.5399008,37.892076],[-122.5400065,37.8919286],[-122.5400634,37.8919272],[-122.5402335,37.892017],[-122.5403578,37.8921393],[-122.5404828,37.8921566],[-122.5405738,37.8921468],[-122.5406536,37.8921165],[-122.5408368,37.8919278],[-122.5409166,37.8919024],[-122.5409619,37.8919177],[-122.5409845,37.8919485],[-122.5410444,37.8922578]]}},{"type":"Feature","properties":{"elev_ft":180,"index_contour":false,"label":"180 ft","Block_No":30},"geometry":{"type":"LineString","coordinates":[[-122.5444879,37.8930362],[-122.5447092,37.8929239],[-122.5447667,37.892843],[-122.5448004,37.8926899],[-122.5446694,37.8923289],[-122.5446771,37.8922298],[-122.5447116,37.8921938],[-122.5448844,37.8921253],[-122.5450101,37.8920322],[-122.545067,37.892024],[-122.5451405,37.8920693],[-122.545163,37.8921325],[-122.545174,37.8922677],[-122.5453079,37.8924665],[-122.5454163,37.8925456],[-122.5455186,37.8925671],[-122.5455869,37.8925501],[-122.545701,37.8924877],[-122.5459335,37.8922346],[-122.5459986,37.8921859],[-122.5463409,37.892011],[-122.5464548,37.8919787],[-122.546523,37.8919898],[-122.546611,37.892057],[-122.5466314,37.8921472],[-122.5463891,37.8923896],[-122.5462685,37.8925424],[-122.5462561,37.8925789]]}},{"type":"Feature","properties":{"elev_ft":180,"index_contour":false,"label":"180 ft","Block_No":40},"geometry":{"type":"LineString","coordinates":[[-122.5410444,37.8922578],[-122.5410485,37.8922788],[-122.5410846,37.8923176],[-122.5413458,37.892377],[-122.5416081,37.8922519],[-122.5416537,37.8922432],[-122.5416849,37.8922632],[-122.5417883,37.892543],[-122.5417963,37.8926602],[-122.5417775,37.8927503],[-122.5417233,37.8928312],[-122.5417441,37.8929304],[-122.5416867,37.8930203],[-122.5416737,37.8931194],[-122.5416014,37.8932453],[-122.5416013,37.8932525]]}},{"type":"Feature","properties":{"elev_ft":180,"index_contour":false,"label":"180 ft","Block_No":39},"geometry":{"type":"LineString","coordinates":[[-122.5416013,37.8932525],[-122.5416005,37.8932904],[-122.541623,37.8933265],[-122.5416846,37.8933808],[-122.5417601,37.8934205],[-122.5421803,37.8935269],[-122.542237,37.893553],[-122.5422878,37.8936085],[-122.5423227,37.8937438],[-122.5423983,37.8938613],[-122.5424448,37.8938978]]}},{"type":"Feature","properties":{"elev_ft":180,"index_contour":false,"label":"180 ft","Block_No":46},"geometry":{"type":"LineString","coordinates":[[-122.5390602,37.8929064],[-122.5391477,37.8928718],[-122.5393641,37.8928118],[-122.5394223,37.8927775]]}},{"type":"Feature","properties":{"elev_ft":180,"index_contour":false,"label":"180 ft","Block_No":31},"geometry":{"type":"MultiLineString","coordinates":[[[-122.5443796,37.8930216],[-122.5444693,37.8930456],[-122.5444879,37.8930362]],[[-122.5462561,37.8925789],[-122.546241,37.8926234],[-122.5462065,37.8929297],[-122.5461558,37.8930301]]]}},{"type":"Feature","properties":{"elev_ft":180,"index_contour":false,"label":"180 ft","Block_No":38},"geometry":{"type":"LineString","coordinates":[[-122.5424448,37.8938978],[-122.5425641,37.8939914],[-122.5427344,37.8940339],[-122.5428027,37.8940309],[-122.5429166,37.8940009],[-122.5430758,37.8940035],[-122.5431442,37.8939887],[-122.5433425,37.8938469],[-122.5433618,37.8937435],[-122.5435103,37.8936325],[-122.5435787,37.8936149],[-122.5437493,37.8936128],[-122.5439097,37.893565]]}},{"type":"Feature","properties":{"elev_ft":180,"index_contour":false,"label":"180 ft","Block_No":32},"geometry":{"type":"LineString","coordinates":[[-122.5439097,37.893565],[-122.5439835,37.893543],[-122.5440106,37.893507],[-122.5440113,37.893462],[-122.5439787,37.89338]]}},{"type":"Feature","properties":{"elev_ft":180,"index_contour":false,"label":"180 ft","Block_No":45},"geometry":{"type":"LineString","coordinates":[[-122.5394223,37.8927775],[-122.5395443,37.8927055],[-122.5397774,37.892409],[-122.5398161,37.8922649],[-122.5398879,37.8921661],[-122.539893,37.8921303]]}},{"type":"Feature","properties":{"elev_ft":180,"index_contour":false,"label":"180 ft","Block_No":63},"geometry":{"type":"MultiLineString","coordinates":[[[-122.5343706,37.8918896],[-122.5342743,37.8919571],[-122.5340125,37.8919871],[-122.5339369,37.8920165],[-122.5338806,37.8920613],[-122.5338394,37.8921964],[-122.533753,37.8923042],[-122.5337924,37.8924395],[-122.5337687,37.8926738],[-122.5338173,37.8927641],[-122.5339295,37.8928527]],[[-122.534003,37.8928626],[-122.5341095,37.892837],[-122.5342117,37.8928676],[-122.5343872,37.8928711]]]}},{"type":"Feature","properties":{"elev_ft":180,"index_contour":false,"label":"180 ft","Block_No":53},"geometry":{"type":"MultiLineString","coordinates":[[[-122.5374269,37.8926588],[-122.5374558,37.8926703],[-122.5374862,37.8927301]],[[-122.5377533,37.892997],[-122.5379293,37.8930993],[-122.5379863,37.8930864],[-122.5381466,37.8929099],[-122.5382387,37.8927359],[-122.5383985,37.8926398],[-122.538478,37.8926544],[-122.5385586,37.8927017],[-122.5386699,37.8928845],[-122.5387151,37.8929277],[-122.5388287,37.8929602],[-122.5389539,37.8929483],[-122.5390602,37.8929064]]]}},{"type":"Feature","properties":{"elev_ft":180,"index_contour":false,"label":"180 ft","Block_No":66},"geometry":{"type":"LineString","coordinates":[[-122.5362427,37.8930074],[-122.5365307,37.8930505],[-122.5367469,37.893036],[-122.5369061,37.8930423],[-122.5370085,37.8930263],[-122.5371108,37.8930477],[-122.5371566,37.8930005],[-122.5372606,37.8927368],[-122.5372756,37.8927195]]}},{"type":"Feature","properties":{"elev_ft":180,"index_contour":false,"label":"180 ft","Block_No":64},"geometry":{"type":"MultiLineString","coordinates":[[[-122.5346008,37.8930507],[-122.5346142,37.8930707]],[[-122.5346197,37.893165],[-122.5346197,37.8931825]]]}},{"type":"Feature","properties":{"elev_ft":180,"index_contour":false,"label":"180 ft","Block_No":65},"geometry":{"type":"LineString","coordinates":[[-122.5347822,37.8933778],[-122.5349133,37.8934271],[-122.5350498,37.893424],[-122.5351635,37.8934408],[-122.5352434,37.8933822],[-122.5353684,37.8934119],[-122.5355048,37.8934182],[-122.5358236,37.8933641],[-122.5358744,37.893313],[-122.5358542,37.8932228],[-122.5358684,37.8931778],[-122.5359643,37.893061],[-122.5360418,37.8930262],[-122.5362353,37.8930063],[-122.5362427,37.8930074]]}},{"type":"Feature","properties":{"elev_ft":180,"index_contour":false,"label":"180 ft","Block_No":26},"geometry":{"type":"LineString","coordinates":[[-122.5461044,37.8932436],[-122.5461069,37.8932628],[-122.546209,37.8934164],[-122.5463412,37.8935341],[-122.5465241,37.893652],[-122.5467738,37.8937413],[-122.5470573,37.8938712],[-122.5471936,37.8939115],[-122.5473754,37.8939426],[-122.547557,37.8939999],[-122.5476593,37.8940105],[-122.5478101,37.8940625],[-122.5479293,37.8940851]]}},{"type":"Feature","properties":{"elev_ft":180,"index_contour":false,"label":"180 ft","Block_No":19},"geometry":{"type":"LineString","coordinates":[[-122.5465762,37.8953422],[-122.5466834,37.8953921],[-122.5468239,37.8955188],[-122.5469484,37.8957266],[-122.5470456,37.8957908],[-122.5471819,37.8958231],[-122.5472842,37.8958237],[-122.5474437,37.8957913],[-122.5476416,37.8957093]]}},{"type":"Feature","properties":{"elev_ft":180,"index_contour":false,"label":"180 ft","Block_No":18},"geometry":{"type":"MultiLineString","coordinates":[[[-122.547653,37.8945185],[-122.5474057,37.894565],[-122.5468826,37.8945535],[-122.5465644,37.8945062],[-122.546485,37.8944675],[-122.5464395,37.8944712],[-122.5461875,37.89457],[-122.546056,37.8947858],[-122.5459158,37.8949294],[-122.5458992,37.8949925],[-122.5459606,37.8951099],[-122.5463209,37.8952575],[-122.5464572,37.8952868],[-122.5465762,37.8953422]],[[-122.5476416,37.8957093],[-122.5476603,37.8957015],[-122.5477058,37.8957045],[-122.5477449,37.8957757]]]}},{"type":"Feature","properties":{"elev_ft":180,"index_contour":false,"label":"180 ft","Block_No":17},"geometry":{"type":"LineString","coordinates":[[-122.5477449,37.8957757],[-122.5477493,37.8957837],[-122.5477926,37.8960362],[-122.5478286,37.8960816],[-122.5478887,37.8961177],[-122.5479875,37.896135],[-122.5480671,37.89613],[-122.5484434,37.8959763],[-122.5485117,37.8959655],[-122.5485503,37.8959743]]}},{"type":"Feature","properties":{"elev_ft":180,"index_contour":false,"label":"180 ft","Block_No":11},"geometry":{"type":"MultiLineString","coordinates":[[[-122.5485503,37.8959743],[-122.5485799,37.8959811],[-122.5486162,37.8960214],[-122.5486762,37.8961929],[-122.5488557,37.8964008],[-122.5488922,37.8965272],[-122.548952,37.8965725],[-122.5489854,37.8966207],[-122.5490761,37.8966629],[-122.5491666,37.8967474],[-122.5492015,37.8967987],[-122.5492198,37.896907],[-122.5492792,37.8969523],[-122.5494039,37.8969979],[-122.5494721,37.8970063],[-122.5496431,37.8969502],[-122.5497683,37.8969405],[-122.5498137,37.8969553],[-122.549825,37.8969643]],[[-122.5499655,37.8970579],[-122.5500177,37.8970748],[-122.5503132,37.8971061],[-122.5504381,37.8971355],[-122.5508132,37.8971861],[-122.5509613,37.8971426],[-122.5510635,37.8971673],[-122.5511628,37.8972659],[-122.5512672,37.8973352],[-122.5512885,37.8973926],[-122.5512666,37.8974419],[-122.5512118,37.8974961]]]}},{"type":"Feature","properties":{"elev_ft":180,"index_contour":false,"label":"180 ft","Block_No":21},"geometry":{"type":"LineString","coordinates":[[-122.5444715,37.8982101],[-122.5444376,37.8981825],[-122.5443582,37.8981541],[-122.5442673,37.8981604]]}},{"type":"Feature","properties":{"elev_ft":180,"index_contour":false,"label":"180 ft","Block_No":22},"geometry":{"type":"LineString","coordinates":[[-122.5435235,37.8984902],[-122.5433862,37.89871]]}},{"type":"Feature","properties":{"elev_ft":180,"index_contour":false,"label":"180 ft","Block_No":16},"geometry":{"type":"LineString","coordinates":[[-122.546925,37.8980037],[-122.546827,37.8980493],[-122.5467587,37.898063],[-122.5465696,37.8980288]]}},{"type":"Feature","properties":{"elev_ft":180,"index_contour":false,"label":"180 ft","Block_No":10},"geometry":{"type":"LineString","coordinates":[[-122.5512118,37.8974961],[-122.5511407,37.8975662],[-122.5510489,37.8976927],[-122.5510165,37.8977611],[-122.5510194,37.8978061],[-122.5510609,37.8978604],[-122.5511838,37.8979581],[-122.5514558,37.8981259],[-122.5517285,37.8981727],[-122.551876,37.8982211],[-122.5520353,37.8982227],[-122.5520435,37.8982245]]}},{"type":"Feature","properties":{"elev_ft":180,"index_contour":false,"label":"180 ft","Block_No":12},"geometry":{"type":"MultiLineString","coordinates":[[[-122.5518008,37.8989572],[-122.5515983,37.8989993],[-122.5513936,37.8990028],[-122.5512231,37.898987],[-122.5509613,37.8990166],[-122.5508023,37.8989815],[-122.5506888,37.8989393],[-122.550541,37.8989216],[-122.5502004,37.8988222],[-122.5501595,37.898818]],[[-122.549733,37.8987452],[-122.5496976,37.8987114],[-122.5496217,37.8986012],[-122.5495323,37.8985044]]]}},{"type":"Feature","properties":{"elev_ft":180,"index_contour":false,"label":"180 ft","Block_No":7},"geometry":{"type":"LineString","coordinates":[[-122.5540261,37.8988332],[-122.5540469,37.8988451],[-122.5540331,37.8988819],[-122.5540119,37.8988679]]}},{"type":"Feature","properties":{"elev_ft":180,"index_contour":false,"label":"180 ft","Block_No":9},"geometry":{"type":"MultiLineString","coordinates":[[[-122.5537338,37.8989167],[-122.5536119,37.8989448],[-122.5534408,37.8990223],[-122.5533611,37.8990409],[-122.5533083,37.8990346]],[[-122.5531307,37.8990136],[-122.5530769,37.8990072],[-122.552875,37.899057],[-122.55269,37.8990358],[-122.5525648,37.8990517],[-122.5524393,37.8991188],[-122.5523246,37.8992857],[-122.5522676,37.8993078],[-122.5522479,37.8992994]]]}},{"type":"Feature","properties":{"elev_ft":180,"index_contour":false,"label":"180 ft","Block_No":29},"geometry":{"type":"LineString","coordinates":[[-122.5467143,37.8918582],[-122.5467164,37.8918681],[-122.546712,37.8918728]]}},{"type":"Feature","properties":{"elev_ft":200,"index_contour":true,"label":"200 ft","Block_No":62},"geometry":{"type":"LineString","coordinates":[[-122.5344614,37.891536],[-122.5344556,37.8915949],[-122.5344694,37.891631],[-122.5345261,37.8917022],[-122.534628,37.8917779],[-122.5347519,37.8919566],[-122.5347096,37.8920105],[-122.5346035,37.8920635],[-122.5345854,37.892068]]}},{"type":"Feature","properties":{"elev_ft":200,"index_contour":true,"label":"200 ft","Block_No":54},"geometry":{"type":"LineString","coordinates":[[-122.5371941,37.8926775],[-122.537269,37.8925614],[-122.5373193,37.8924437],[-122.5373535,37.8924187],[-122.5374227,37.8924375]]}},{"type":"Feature","properties":{"elev_ft":200,"index_contour":true,"label":"200 ft","Block_No":41},"geometry":{"type":"LineString","coordinates":[[-122.5397582,37.8920049],[-122.5397831,37.8919764],[-122.5398479,37.8918326],[-122.5399051,37.891778],[-122.5399507,37.8917623],[-122.5400189,37.891767],[-122.5403254,37.8918642],[-122.5404185,37.8919518],[-122.5405406,37.8920109],[-122.5408851,37.8916923],[-122.5409408,37.8916678],[-122.5409976,37.8916707],[-122.5410429,37.8917086],[-122.5410952,37.8918103],[-122.5411296,37.8919603]]}},{"type":"Feature","properties":{"elev_ft":200,"index_contour":true,"label":"200 ft","Block_No":30},"geometry":{"type":"MultiLineString","coordinates":[[[-122.5442698,37.8928543],[-122.5444249,37.8928742],[-122.5445476,37.8928331],[-122.5446052,37.8927973],[-122.5446422,37.8927344],[-122.5446469,37.8926623],[-122.5445558,37.8923194],[-122.5445082,37.8922021],[-122.5445105,37.892148],[-122.5445661,37.892093],[-122.5447596,37.8920708],[-122.54486,37.8920232],[-122.5448951,37.8919782],[-122.5449957,37.8917443],[-122.5450232,37.8917507],[-122.5451024,37.8918162],[-122.5452265,37.8919807],[-122.5452626,37.8920608],[-122.5452962,37.8922322],[-122.5453607,37.8923503],[-122.5454285,37.8924178],[-122.5455194,37.8924341],[-122.5455991,37.8924162],[-122.5456676,37.8923784],[-122.545771,37.8922881],[-122.5458591,37.8921803],[-122.5459206,37.8921354],[-122.5462044,37.8920096],[-122.5464326,37.8918885],[-122.5464346,37.8918863]],[[-122.5467741,37.8920736],[-122.5467686,37.8920846],[-122.5467346,37.8922107],[-122.5467029,37.8922439]]]}},{"type":"Feature","properties":{"elev_ft":200,"index_contour":true,"label":"200 ft","Block_No":40},"geometry":{"type":"LineString","coordinates":[[-122.5411296,37.8919603],[-122.5411469,37.8920358],[-122.5412108,37.8921342],[-122.5412904,37.8921416],[-122.5413697,37.8921856],[-122.5414152,37.8921925],[-122.541723,37.8920777],[-122.5418254,37.8920694],[-122.5418707,37.8920891],[-122.541887,37.8923001],[-122.5419223,37.8924354],[-122.5419845,37.8925708],[-122.5420014,37.8926971],[-122.5419721,37.8928502],[-122.5418933,37.8930144]]}},{"type":"Feature","properties":{"elev_ft":200,"index_contour":true,"label":"200 ft","Block_No":39},"geometry":{"type":"LineString","coordinates":[[-122.5418933,37.8930144],[-122.5418382,37.8931291],[-122.5418371,37.8932372],[-122.5418796,37.8932824],[-122.5420221,37.8933627],[-122.5423854,37.8934563],[-122.5425097,37.8935966],[-122.5425792,37.8937268],[-122.5425853,37.89373]]}},{"type":"Feature","properties":{"elev_ft":200,"index_contour":true,"label":"200 ft","Block_No":38},"geometry":{"type":"LineString","coordinates":[[-122.5425853,37.89373],[-122.5426678,37.8937738],[-122.5428041,37.8937999],[-122.5429748,37.8937865],[-122.5430467,37.8937647],[-122.5432147,37.8936119],[-122.5433746,37.8935071],[-122.5434999,37.8934797],[-122.5436705,37.8934712],[-122.5437131,37.8934541]]}},{"type":"Feature","properties":{"elev_ft":200,"index_contour":true,"label":"200 ft","Block_No":45},"geometry":{"type":"LineString","coordinates":[[-122.5390304,37.8927354],[-122.5391259,37.8927144],[-122.5392627,37.8926702],[-122.5393316,37.8926326],[-122.5396285,37.8923666],[-122.5396759,37.8922824],[-122.5396889,37.8920842],[-122.5397582,37.8920049]]}},{"type":"Feature","properties":{"elev_ft":200,"index_contour":true,"label":"200 ft","Block_No":63},"geometry":{"type":"MultiLineString","coordinates":[[[-122.5345854,37.892068],[-122.5343301,37.8921312],[-122.5342759,37.892162],[-122.5341831,37.8923239],[-122.5341985,37.8924501],[-122.5343614,37.8925842],[-122.5346702,37.8927494],[-122.5350125,37.8930662],[-122.5350699,37.8930991]],[[-122.5353353,37.8930375],[-122.5354166,37.892969],[-122.5354851,37.8929322],[-122.5355546,37.8928672]]]}},{"type":"Feature","properties":{"elev_ft":200,"index_contour":true,"label":"200 ft","Block_No":53},"geometry":{"type":"LineString","coordinates":[[-122.5374227,37.8924375],[-122.5374557,37.8924465],[-122.5375675,37.8925085],[-122.5376333,37.8925899],[-122.5377154,37.8927493],[-122.5378059,37.8928215],[-122.537908,37.892863],[-122.5379649,37.8928583],[-122.5380172,37.8928167],[-122.5381227,37.8925828],[-122.538229,37.8924689],[-122.538286,37.8924474],[-122.538411,37.8924603],[-122.5386379,37.8925502],[-122.5388075,37.8927036],[-122.5388755,37.8927419],[-122.5389779,37.8927469],[-122.5390304,37.8927354]]}},{"type":"Feature","properties":{"elev_ft":200,"index_contour":true,"label":"200 ft","Block_No":66},"geometry":{"type":"LineString","coordinates":[[-122.5360297,37.8927205],[-122.5362823,37.892771],[-122.536475,37.8928582],[-122.5366795,37.8929036],[-122.5368956,37.8929047],[-122.5370015,37.8928848],[-122.5371008,37.892822],[-122.5371941,37.8926775]]}},{"type":"Feature","properties":{"elev_ft":200,"index_contour":true,"label":"200 ft","Block_No":65},"geometry":{"type":"LineString","coordinates":[[-122.5357763,37.8928029],[-122.5358726,37.8927979],[-122.5360096,37.8927165],[-122.5360297,37.8927205]]}},{"type":"Feature","properties":{"elev_ft":200,"index_contour":true,"label":"200 ft","Block_No":29},"geometry":{"type":"LineString","coordinates":[[-122.5467479,37.8916408],[-122.5468893,37.8916008],[-122.5470487,37.8915757],[-122.5470663,37.89159],[-122.5470609,37.8916171],[-122.5469659,37.8917249],[-122.5468647,37.8918921],[-122.5468364,37.8919488]]}},{"type":"Feature","properties":{"elev_ft":200,"index_contour":true,"label":"200 ft","Block_No":27},"geometry":{"type":"LineString","coordinates":[[-122.5463541,37.892995],[-122.546303,37.8930833],[-122.5462773,37.8931823],[-122.5462976,37.8932815],[-122.5463533,37.8933719],[-122.546466,37.8934895],[-122.5466382,37.8936048],[-122.5466832,37.893622]]}},{"type":"Feature","properties":{"elev_ft":200,"index_contour":true,"label":"200 ft","Block_No":26},"geometry":{"type":"LineString","coordinates":[[-122.5466832,37.893622],[-122.5469105,37.893709],[-122.5471713,37.8938307],[-122.5475461,37.8939132],[-122.5476712,37.8939142],[-122.5478073,37.8939874],[-122.5479323,37.8940274]]}},{"type":"Feature","properties":{"elev_ft":200,"index_contour":true,"label":"200 ft","Block_No":19},"geometry":{"type":"LineString","coordinates":[[-122.5467195,37.8952011],[-122.5469121,37.8953078],[-122.5470745,37.8954657],[-122.5471492,37.895577],[-122.5472222,37.8956285],[-122.5473194,37.8956531],[-122.5474104,37.8956551],[-122.5475015,37.8956387],[-122.5476538,37.8955872]]}},{"type":"Feature","properties":{"elev_ft":200,"index_contour":true,"label":"200 ft","Block_No":18},"geometry":{"type":"MultiLineString","coordinates":[[[-122.54794,37.8945961],[-122.5478832,37.8945973],[-122.5474389,37.8947156],[-122.5471207,37.8946751],[-122.5468703,37.8947036],[-122.5465064,37.8946909],[-122.5464396,37.8947242],[-122.5463884,37.894787],[-122.5463219,37.894931],[-122.5463394,37.8949851],[-122.5464685,37.8950848],[-122.5466513,37.8951633],[-122.5467195,37.8952011]],[[-122.5476538,37.8955872],[-122.5477066,37.8955694],[-122.5477634,37.8955778],[-122.5478536,37.8957481],[-122.547855,37.8957525]]]}},{"type":"Feature","properties":{"elev_ft":200,"index_contour":true,"label":"200 ft","Block_No":17},"geometry":{"type":"LineString","coordinates":[[-122.547855,37.8957525],[-122.5479126,37.8959376],[-122.5480077,37.89601],[-122.5481134,37.8960091],[-122.5484554,37.8958702],[-122.5485691,37.8958796],[-122.5486039,37.8958907]]}},{"type":"Feature","properties":{"elev_ft":200,"index_contour":true,"label":"200 ft","Block_No":11},"geometry":{"type":"MultiLineString","coordinates":[[[-122.5486039,37.8958907],[-122.5486713,37.8959122],[-122.5487256,37.8959587],[-122.5487911,37.8960581],[-122.5488507,37.8962116],[-122.5490364,37.8963475],[-122.5492022,37.8965122],[-122.5493364,37.896592],[-122.5493565,37.8966461],[-122.5493661,37.8967904],[-122.5493936,37.8968286],[-122.5494505,37.8968302],[-122.549576,37.8967687],[-122.5497012,37.896754],[-122.5498828,37.8968013],[-122.5499013,37.8968203]],[[-122.5511241,37.8970048],[-122.5511327,37.8970086],[-122.5512911,37.8971428],[-122.5513999,37.8971733]],[[-122.5515405,37.8972126],[-122.5515429,37.8972133],[-122.551561,37.8972494],[-122.5515046,37.8973393],[-122.5514712,37.8974573],[-122.5513849,37.8976071]]]}},{"type":"Feature","properties":{"elev_ft":200,"index_contour":true,"label":"200 ft","Block_No":22},"geometry":{"type":"LineString","coordinates":[[-122.5440146,37.8984109],[-122.5439243,37.8984298],[-122.5437419,37.8984998],[-122.5436045,37.8986472],[-122.5434207,37.8989265],[-122.5433636,37.8989748],[-122.5433067,37.8989824],[-122.543193,37.8989628],[-122.5430482,37.8988931],[-122.5429661,37.8988732],[-122.5427188,37.8989229]]}},{"type":"Feature","properties":{"elev_ft":200,"index_contour":true,"label":"200 ft","Block_No":16},"geometry":{"type":"LineString","coordinates":[[-122.546862,37.8981834],[-122.5468033,37.8982001],[-122.546508,37.8981858]]}},{"type":"Feature","properties":{"elev_ft":200,"index_contour":true,"label":"200 ft","Block_No":10},"geometry":{"type":"LineString","coordinates":[[-122.5513849,37.8976071],[-122.5512904,37.8977711],[-122.5513068,37.8978162],[-122.551359,37.8978705],[-122.5515266,37.8979703],[-122.5517862,37.8980359],[-122.5519453,37.8980583],[-122.5521671,37.8981268]]}},{"type":"Feature","properties":{"elev_ft":200,"index_contour":true,"label":"200 ft","Block_No":12},"geometry":{"type":"LineString","coordinates":[[-122.5517716,37.8990496],[-122.5517459,37.899048],[-122.5513472,37.8991131]]}},{"type":"Feature","properties":{"elev_ft":200,"index_contour":true,"label":"200 ft","Block_No":7},"geometry":{"type":"MultiLineString","coordinates":[[[-122.5541541,37.8985826],[-122.5542434,37.8986205],[-122.5545682,37.8988041],[-122.5550221,37.8989812],[-122.55509,37.8990417],[-122.5551902,37.899099]],[[-122.554377,37.8991202],[-122.5541229,37.8990826],[-122.5540303,37.8991021]]]}},{"type":"Feature","properties":{"elev_ft":200,"index_contour":true,"label":"200 ft","Block_No":6},"geometry":{"type":"LineString","coordinates":[[-122.5551902,37.899099],[-122.555192,37.8991001],[-122.5553016,37.8992555],[-122.5553114,37.8993096],[-122.5553025,37.8993456],[-122.55527,37.8993597],[-122.5551339,37.899302],[-122.5549295,37.8992461],[-122.5547022,37.8992212],[-122.5545661,37.8991482],[-122.554377,37.8991202]]}},{"type":"Feature","properties":{"elev_ft":200,"index_contour":true,"label":"200 ft","Block_No":13},"geometry":{"type":"LineString","coordinates":[[-122.5500425,37.8989686],[-122.5500403,37.8989681],[-122.5499264,37.8989819],[-122.549744,37.8990584],[-122.5496378,37.8989455],[-122.549588,37.8988462],[-122.5495008,37.8987467],[-122.5494711,37.8986958]]}},{"type":"Feature","properties":{"elev_ft":200,"index_contour":true,"label":"200 ft","Block_No":9},"geometry":{"type":"LineString","coordinates":[[-122.5540303,37.8991021],[-122.5539635,37.8991162],[-122.5538042,37.8991218],[-122.5537017,37.8991462],[-122.553599,37.8991967],[-122.5534852,37.8992094],[-122.5532464,37.8992019],[-122.5531211,37.8992209],[-122.5528597,37.8991972],[-122.5526208,37.8992012],[-122.5525263,37.8992539],[-122.5523233,37.8994967],[-122.5522776,37.8995265],[-122.5522207,37.8995355],[-122.5521839,37.8995208]]}},{"type":"Feature","properties":{"elev_ft":220,"index_contour":false,"label":"220 ft","Block_No":62},"geometry":{"type":"MultiLineString","coordinates":[[[-122.5345734,37.8914242],[-122.5346781,37.8915417],[-122.5347539,37.891652],[-122.5349841,37.8917863],[-122.5351274,37.8919357],[-122.5351356,37.8919942],[-122.5350925,37.8920623],[-122.5349717,37.8921549]],[[-122.5354111,37.892509],[-122.535613,37.8924971],[-122.5358177,37.8925083]]]}},{"type":"Feature","properties":{"elev_ft":220,"index_contour":false,"label":"220 ft","Block_No":54},"geometry":{"type":"LineString","coordinates":[[-122.5370848,37.8925738],[-122.5371784,37.8924168],[-122.5372213,37.8922548],[-122.5372524,37.8922202],[-122.5372866,37.8922084],[-122.5374002,37.8922354],[-122.5376393,37.8924039]]}},{"type":"Feature","properties":{"elev_ft":220,"index_contour":false,"label":"220 ft","Block_No":41},"geometry":{"type":"LineString","coordinates":[[-122.539651,37.8919052],[-122.5398214,37.8916341],[-122.5399175,37.8916147],[-122.540054,37.8916177],[-122.5401528,37.8916444],[-122.5404057,37.891748],[-122.5405307,37.891763],[-122.540679,37.8916963],[-122.5408737,37.8914762],[-122.5408974,37.891458],[-122.5409307,37.8914565],[-122.5411121,37.8915445],[-122.5412558,37.8918157]]}},{"type":"Feature","properties":{"elev_ft":220,"index_contour":false,"label":"220 ft","Block_No":30},"geometry":{"type":"MultiLineString","coordinates":[[[-122.5440725,37.8927533],[-122.5440748,37.8927502],[-122.5441415,37.892721],[-122.5443557,37.8927152],[-122.544423,37.8926794],[-122.5444833,37.8926228],[-122.5445053,37.8925896],[-122.5445015,37.8925445],[-122.5444343,37.892337],[-122.5443604,37.8922569],[-122.5443047,37.8920624],[-122.5443324,37.8920301],[-122.5443961,37.8920023],[-122.5446806,37.891982],[-122.5447504,37.8919506],[-122.5448383,37.8918248],[-122.5448694,37.8916955]],[[-122.5449416,37.8915355],[-122.5449676,37.8915461],[-122.5452013,37.8917992],[-122.5453582,37.8920251],[-122.5454075,37.8921695],[-122.5454639,37.8922177],[-122.5454995,37.892287],[-122.5455429,37.8923117],[-122.5455771,37.8923014],[-122.5458722,37.8920721],[-122.5461934,37.8919448],[-122.5463224,37.8918724]]]}},{"type":"Feature","properties":{"elev_ft":220,"index_contour":false,"label":"220 ft","Block_No":40},"geometry":{"type":"MultiLineString","coordinates":[[[-122.5412558,37.8918157],[-122.5413059,37.8919102],[-122.5413824,37.8919774],[-122.5414846,37.8920054],[-122.5415869,37.8920034],[-122.5417577,37.8919694],[-122.5419402,37.8918883],[-122.5419812,37.8918948],[-122.5419898,37.8919224]],[[-122.5420178,37.8922123],[-122.5420192,37.8922375],[-122.5420669,37.8924269],[-122.5421094,37.8924993]]]}},{"type":"Feature","properties":{"elev_ft":220,"index_contour":false,"label":"220 ft","Block_No":39},"geometry":{"type":"MultiLineString","coordinates":[[[-122.5419898,37.8919224],[-122.5420038,37.891967],[-122.5420178,37.8922123]],[[-122.5421094,37.8924993],[-122.5421183,37.8925145],[-122.5422008,37.8925987],[-122.5422305,37.8926709],[-122.5422628,37.8928423],[-122.5422426,37.8929774],[-122.5422521,37.8930315],[-122.5423645,37.893171],[-122.5425005,37.893245],[-122.5426145,37.8933304],[-122.5426813,37.8934388],[-122.5427612,37.89352]]]}},{"type":"Feature","properties":{"elev_ft":220,"index_contour":false,"label":"220 ft","Block_No":38},"geometry":{"type":"LineString","coordinates":[[-122.5427612,37.89352],[-122.5427704,37.8935293],[-122.5428511,37.8935578],[-122.5429851,37.8935391],[-122.5431479,37.8933796],[-122.5434439,37.8933398],[-122.5434768,37.8933289]]}},{"type":"Feature","properties":{"elev_ft":220,"index_contour":false,"label":"220 ft","Block_No":45},"geometry":{"type":"LineString","coordinates":[[-122.5389979,37.8925766],[-122.5390472,37.8925747],[-122.5391955,37.8925021],[-122.5394043,37.8923354],[-122.5394512,37.8922365],[-122.5394326,37.8921373],[-122.5394441,37.8920832],[-122.5396462,37.8919128],[-122.539651,37.8919052]]}},{"type":"Feature","properties":{"elev_ft":220,"index_contour":false,"label":"220 ft","Block_No":53},"geometry":{"type":"LineString","coordinates":[[-122.5376393,37.8924039],[-122.5377399,37.8924748],[-122.5378759,37.8925472],[-122.5379328,37.8925372],[-122.5381958,37.892323],[-122.5382984,37.8922838],[-122.5385366,37.8923745],[-122.538707,37.8924092],[-122.5388088,37.8925077],[-122.5388881,37.8925511],[-122.5389789,37.8925774],[-122.5389979,37.8925766]]}},{"type":"Feature","properties":{"elev_ft":220,"index_contour":false,"label":"220 ft","Block_No":66},"geometry":{"type":"LineString","coordinates":[[-122.5362746,37.8925708],[-122.5363201,37.8925847],[-122.5364528,37.8927024],[-122.5367828,37.8927526],[-122.5368967,37.8927238],[-122.5370126,37.892633]]}},{"type":"Feature","properties":{"elev_ft":220,"index_contour":false,"label":"220 ft","Block_No":29},"geometry":{"type":"LineString","coordinates":[[-122.546764,37.8915369],[-122.5470721,37.8914663],[-122.5472222,37.8914735],[-122.5472813,37.8915188],[-122.5472821,37.8915729],[-122.5471305,37.8917075],[-122.5470782,37.8917891]]}},{"type":"Feature","properties":{"elev_ft":220,"index_contour":false,"label":"220 ft","Block_No":27},"geometry":{"type":"MultiLineString","coordinates":[[[-122.5466986,37.8924186],[-122.5466452,37.8924511],[-122.5465683,37.8925345],[-122.5465308,37.892597]],[[-122.5465197,37.8928174],[-122.5465596,37.892895],[-122.5464542,37.89321],[-122.5465218,37.8933725],[-122.5465989,37.8934539],[-122.5466842,37.8935145],[-122.5467828,37.8935588]]]}},{"type":"Feature","properties":{"elev_ft":220,"index_contour":false,"label":"220 ft","Block_No":26},"geometry":{"type":"LineString","coordinates":[[-122.5467828,37.8935588],[-122.5472513,37.8937692],[-122.5475467,37.893828],[-122.5476946,37.8938204],[-122.5478535,37.8939184],[-122.5479366,37.8939462]]}},{"type":"Feature","properties":{"elev_ft":220,"index_contour":false,"label":"220 ft","Block_No":19},"geometry":{"type":"LineString","coordinates":[[-122.5473994,37.8954448],[-122.5474021,37.895494],[-122.5474454,37.8955035],[-122.5476658,37.8954685]]}},{"type":"Feature","properties":{"elev_ft":220,"index_contour":false,"label":"220 ft","Block_No":18},"geometry":{"type":"MultiLineString","coordinates":[[[-122.548214,37.8946819],[-122.5479394,37.8946925],[-122.5478369,37.8947251],[-122.5476086,37.8948503],[-122.5474719,37.89489],[-122.5471536,37.8948739],[-122.5468648,37.8949151],[-122.546846,37.894942],[-122.5468627,37.8949691],[-122.5469198,37.8950095]],[[-122.5476658,37.8954685],[-122.54773,37.8954583],[-122.5478209,37.8954724],[-122.547872,37.8955138],[-122.5479027,37.895586],[-122.5479703,37.8956584],[-122.5480258,37.8957517]],[[-122.5481774,37.8958373],[-122.5484447,37.8957722],[-122.5487174,37.8958023],[-122.5487902,37.8958238],[-122.5488552,37.8958859]],[[-122.5490451,37.8961597],[-122.5492263,37.8962838],[-122.5492916,37.8963513]]]}},{"type":"Feature","properties":{"elev_ft":220,"index_contour":false,"label":"220 ft","Block_No":17},"geometry":{"type":"LineString","coordinates":[[-122.5480258,37.8957517],[-122.5480577,37.8958055],[-122.5481257,37.8958499],[-122.5481774,37.8958373]]}},{"type":"Feature","properties":{"elev_ft":220,"index_contour":false,"label":"220 ft","Block_No":11},"geometry":{"type":"MultiLineString","coordinates":[[[-122.5488552,37.8958859],[-122.548904,37.8959324],[-122.5489998,37.8961287],[-122.5490451,37.8961597]],[[-122.5492916,37.8963513],[-122.5494863,37.8965526],[-122.5495317,37.8965708],[-122.5497023,37.8965677],[-122.5497931,37.8965919],[-122.5499859,37.8966817],[-122.5499886,37.8966844]],[[-122.5512466,37.896868],[-122.5513244,37.8969871],[-122.5514698,37.8970735]],[[-122.5518655,37.8971637],[-122.5518617,37.8971784],[-122.5517274,37.8972861],[-122.5516307,37.8974152],[-122.5515381,37.8976369],[-122.5515349,37.897704]]]}},{"type":"Feature","properties":{"elev_ft":220,"index_contour":false,"label":"220 ft","Block_No":22},"geometry":{"type":"LineString","coordinates":[[-122.5441698,37.8985523],[-122.5438638,37.8986258],[-122.5434196,37.8991054],[-122.5431464,37.8991466],[-122.5430401,37.8991995],[-122.5429185,37.899213],[-122.5428628,37.8992348],[-122.5427927,37.8993201],[-122.5427858,37.8994148],[-122.5427135,37.8994686],[-122.5426921,37.8995046],[-122.5426834,37.8995586],[-122.5427026,37.8996296]]}},{"type":"Feature","properties":{"elev_ft":220,"index_contour":false,"label":"220 ft","Block_No":15},"geometry":{"type":"MultiLineString","coordinates":[[[-122.5453658,37.89936],[-122.5453211,37.8994246],[-122.5452829,37.8994435],[-122.5452438,37.8994395]],[[-122.5442175,37.8985408],[-122.5441698,37.8985523]]]}},{"type":"Feature","properties":{"elev_ft":220,"index_contour":false,"label":"220 ft","Block_No":16},"geometry":{"type":"LineString","coordinates":[[-122.5468036,37.8983536],[-122.5465862,37.8983744],[-122.5464721,37.8984246],[-122.5463807,37.8984995],[-122.5463712,37.8985172]]}},{"type":"Feature","properties":{"elev_ft":220,"index_contour":false,"label":"220 ft","Block_No":10},"geometry":{"type":"LineString","coordinates":[[-122.5515349,37.897704],[-122.5515333,37.897736],[-122.5515605,37.8977812],[-122.5516509,37.897841],[-122.5519234,37.8979103],[-122.5520933,37.898032],[-122.5522358,37.8980726]]}},{"type":"Feature","properties":{"elev_ft":220,"index_contour":false,"label":"220 ft","Block_No":7},"geometry":{"type":"MultiLineString","coordinates":[[[-122.5542138,37.8985269],[-122.5542183,37.8985303],[-122.554614,37.8987437],[-122.5549228,37.8988574],[-122.5550385,37.8988489],[-122.5552304,37.8987234],[-122.5553196,37.898707]],[[-122.5543509,37.8992066],[-122.5543383,37.8992027],[-122.554236,37.8991882],[-122.5541162,37.8992059],[-122.5540521,37.8992528]]]}},{"type":"Feature","properties":{"elev_ft":220,"index_contour":false,"label":"220 ft","Block_No":6},"geometry":{"type":"MultiLineString","coordinates":[[[-122.5553196,37.898707],[-122.5553264,37.8987058],[-122.5553365,37.8987238],[-122.5552947,37.8990031],[-122.5553217,37.8991203],[-122.5555319,37.899325],[-122.5557634,37.8994465],[-122.5558793,37.899528],[-122.5559387,37.8997159]],[[-122.5557284,37.8997351],[-122.5556434,37.8996946],[-122.5555104,37.8996528],[-122.5553598,37.8995677],[-122.5552122,37.8995196],[-122.5548995,37.8993441],[-122.5546675,37.8993054],[-122.5543509,37.8992066]]]}},{"type":"Feature","properties":{"elev_ft":220,"index_contour":false,"label":"220 ft","Block_No":13},"geometry":{"type":"LineString","coordinates":[[-122.5511693,37.8992813],[-122.5510164,37.8992972],[-122.5507438,37.8992484],[-122.550596,37.8992368],[-122.5503235,37.899147],[-122.5501417,37.8991156],[-122.5499939,37.8991074],[-122.5498915,37.8991172],[-122.5497432,37.8991858],[-122.549675,37.8991834],[-122.5495877,37.8991256],[-122.5494604,37.8988907],[-122.5492906,37.8986648],[-122.5492903,37.8986646]]}},{"type":"Feature","properties":{"elev_ft":220,"index_contour":false,"label":"220 ft","Block_No":9},"geometry":{"type":"LineString","coordinates":[[-122.5540521,37.8992528],[-122.5539851,37.8993018],[-122.5538596,37.899363],[-122.553689,37.8993688],[-122.553382,37.899338],[-122.5532342,37.8993402],[-122.5530524,37.8993],[-122.5529045,37.8993162],[-122.5526884,37.8993131],[-122.5525816,37.8993713],[-122.5523565,37.8996438],[-122.5521285,37.8997122]]}},{"type":"Feature","properties":{"elev_ft":220,"index_contour":false,"label":"220 ft","Block_No":14},"geometry":{"type":"LineString","coordinates":[[-122.5488394,37.898538],[-122.5487576,37.8985451],[-122.5484156,37.8986692],[-122.5483974,37.8986819]]}},{"type":"Feature","properties":{"elev_ft":240,"index_contour":false,"label":"240 ft","Block_No":62},"geometry":{"type":"LineString","coordinates":[[-122.5347385,37.8912592],[-122.5350051,37.8914972],[-122.5354149,37.8916888],[-122.5355157,37.8917974],[-122.5355501,37.8920769],[-122.5356348,37.8922035],[-122.5356868,37.8922487],[-122.5357863,37.8922852],[-122.536228,37.8923493],[-122.5363388,37.892392]]}},{"type":"Feature","properties":{"elev_ft":240,"index_contour":false,"label":"240 ft","Block_No":54},"geometry":{"type":"LineString","coordinates":[[-122.5369047,37.8924526],[-122.5369056,37.8924518],[-122.5370565,37.8922902],[-122.5371092,37.8922002],[-122.5371709,37.8921374],[-122.5373331,37.8920487],[-122.5374357,37.892019],[-122.5375037,37.8920458],[-122.5376191,37.8922023],[-122.5377637,37.8923084],[-122.5378317,37.8923371],[-122.5379114,37.8923319],[-122.5379801,37.8923041]]}},{"type":"Feature","properties":{"elev_ft":240,"index_contour":false,"label":"240 ft","Block_No":41},"geometry":{"type":"LineString","coordinates":[[-122.5395653,37.8918256],[-122.5395684,37.8918223],[-122.5396083,37.8917324],[-122.5396278,37.8915612],[-122.5396718,37.8915073],[-122.5397593,37.8914579],[-122.5398162,37.8914528],[-122.5399865,37.8914957],[-122.5402819,37.8915427],[-122.5403954,37.891582],[-122.540566,37.8915857],[-122.5406123,37.891565],[-122.5407122,37.8914663],[-122.5408523,37.8912624],[-122.5408978,37.8912553],[-122.5410676,37.8913811],[-122.5411925,37.8914235],[-122.541261,37.8914684],[-122.5413452,37.8915679],[-122.5413379,37.891658],[-122.5413633,37.891716]]}},{"type":"Feature","properties":{"elev_ft":240,"index_contour":false,"label":"240 ft","Block_No":30},"geometry":{"type":"MultiLineString","coordinates":[[[-122.5439138,37.8926816],[-122.5441539,37.8925465],[-122.5442111,37.8924998],[-122.5442645,37.8923994],[-122.544266,37.8922642],[-122.5442416,37.8922126]],[[-122.5442548,37.8919305],[-122.5445787,37.8918994],[-122.5446928,37.8918471],[-122.5447272,37.8917969],[-122.5447443,37.891745]],[[-122.5449446,37.891415],[-122.5452105,37.891682],[-122.5454951,37.8920166],[-122.5455332,37.8920401],[-122.5455787,37.8920441],[-122.5457052,37.8920264],[-122.5460229,37.891933],[-122.5461466,37.8918874]]]}},{"type":"Feature","properties":{"elev_ft":240,"index_contour":false,"label":"240 ft","Block_No":40},"geometry":{"type":"LineString","coordinates":[[-122.5413633,37.891716],[-122.5413695,37.8917302],[-122.5415538,37.8918496],[-122.5416674,37.8918707],[-122.541747,37.8918649],[-122.5420778,37.8917125],[-122.5421461,37.8917078],[-122.5421647,37.8917604],[-122.5421632,37.8917897]]}},{"type":"Feature","properties":{"elev_ft":240,"index_contour":false,"label":"240 ft","Block_No":39},"geometry":{"type":"LineString","coordinates":[[-122.5421632,37.8917897],[-122.5421397,37.892265],[-122.5422006,37.8923644],[-122.542355,37.8925002],[-122.5423736,37.8925904],[-122.5424301,37.8926987],[-122.5424909,37.8929568],[-122.5426035,37.8930689],[-122.5426881,37.8931234],[-122.5428875,37.8931921],[-122.5430218,37.893209]]}},{"type":"Feature","properties":{"elev_ft":240,"index_contour":false,"label":"240 ft","Block_No":38},"geometry":{"type":"LineString","coordinates":[[-122.5430218,37.893209],[-122.5431262,37.8932221],[-122.5432494,37.8932066]]}},{"type":"Feature","properties":{"elev_ft":240,"index_contour":false,"label":"240 ft","Block_No":45},"geometry":{"type":"LineString","coordinates":[[-122.5389444,37.892407],[-122.5389799,37.8924115],[-122.5390596,37.8923972],[-122.5391489,37.8923525],[-122.5392197,37.8922719],[-122.5392627,37.8921817],[-122.5392743,37.8920826],[-122.5393224,37.8920106],[-122.5395092,37.8918852],[-122.5395653,37.8918256]]}},{"type":"Feature","properties":{"elev_ft":240,"index_contour":false,"label":"240 ft","Block_No":53},"geometry":{"type":"LineString","coordinates":[[-122.5379801,37.8923041],[-122.5380275,37.892285],[-122.5381069,37.8922312],[-122.5382312,37.8921114],[-122.5382882,37.8920903],[-122.5383563,37.8921156],[-122.5384729,37.8922236],[-122.53856,37.8922749],[-122.5387431,37.8923238],[-122.5389118,37.8924029],[-122.5389444,37.892407]]}},{"type":"Feature","properties":{"elev_ft":240,"index_contour":false,"label":"240 ft","Block_No":29},"geometry":{"type":"LineString","coordinates":[[-122.5467881,37.8914569],[-122.5471296,37.8913617],[-122.5474141,37.8913293],[-122.5476079,37.891248],[-122.5476648,37.8912458],[-122.5476921,37.891268],[-122.5476924,37.891304],[-122.5476813,37.8913265]]}},{"type":"Feature","properties":{"elev_ft":240,"index_contour":false,"label":"240 ft","Block_No":27},"geometry":{"type":"LineString","coordinates":[[-122.5470664,37.892143],[-122.5470326,37.8923444],[-122.5467992,37.8924633],[-122.5467198,37.8925261],[-122.5466749,37.892589],[-122.5466556,37.8926971],[-122.5467233,37.8929407],[-122.54671,37.8930198],[-122.5466534,37.8931297],[-122.546648,37.8932378],[-122.5466739,37.8933331],[-122.5467481,37.8934365],[-122.5468775,37.8935192],[-122.5470024,37.893551],[-122.5471323,37.8936125]]}},{"type":"Feature","properties":{"elev_ft":240,"index_contour":false,"label":"240 ft","Block_No":26},"geometry":{"type":"MultiLineString","coordinates":[[[-122.5473581,37.8937071],[-122.5473768,37.893713],[-122.5475359,37.8937335],[-122.5476871,37.8937145]],[[-122.5477065,37.893715],[-122.5477434,37.8937197],[-122.5478703,37.8938193],[-122.5479415,37.8938522]]]}},{"type":"Feature","properties":{"elev_ft":240,"index_contour":false,"label":"240 ft","Block_No":18},"geometry":{"type":"LineString","coordinates":[[-122.5486847,37.8947299],[-122.5485187,37.8948161],[-122.548189,37.8948025],[-122.5480183,37.8948133],[-122.5478789,37.8948829],[-122.5477166,37.8950535],[-122.5477004,37.8951076],[-122.5477163,37.8952248],[-122.5478563,37.8952651],[-122.5479243,37.8953076],[-122.5480082,37.8953881],[-122.5481387,37.8955919],[-122.5482179,37.8956516],[-122.5482974,37.8956687],[-122.5487636,37.8956897],[-122.5489214,37.8957341],[-122.5489905,37.8957895],[-122.5491138,37.8959422],[-122.5492394,37.8960029],[-122.5493073,37.8960588],[-122.5494103,37.8961776],[-122.5494877,37.89632],[-122.5496012,37.8963569],[-122.5497035,37.8963686],[-122.5499534,37.8964303],[-122.5500441,37.8964764],[-122.5502138,37.8966259],[-122.5503614,37.8966547],[-122.5504489,37.8967021]]}},{"type":"Feature","properties":{"elev_ft":240,"index_contour":false,"label":"240 ft","Block_No":11},"geometry":{"type":"MultiLineString","coordinates":[[[-122.5513459,37.8967572],[-122.5513455,37.896843],[-122.551361,37.8968881],[-122.5515632,37.8970259]],[[-122.5520515,37.8972704],[-122.5520192,37.8973232],[-122.5518989,37.897449],[-122.5518361,37.897611],[-122.5517681,37.8976467],[-122.5517577,37.8976737],[-122.5517603,37.8977188],[-122.5517906,37.897755],[-122.5518459,37.8977784]]]}},{"type":"Feature","properties":{"elev_ft":240,"index_contour":false,"label":"240 ft","Block_No":22},"geometry":{"type":"LineString","coordinates":[[-122.5437933,37.8988651],[-122.5437508,37.8988944],[-122.5437246,37.8989588],[-122.543575,37.8991745],[-122.5433265,37.899471],[-122.5433262,37.8995701],[-122.5432892,37.8996331],[-122.5433722,37.8997813]]}},{"type":"Feature","properties":{"elev_ft":240,"index_contour":false,"label":"240 ft","Block_No":15},"geometry":{"type":"MultiLineString","coordinates":[[[-122.5457455,37.8992623],[-122.5456821,37.8992714],[-122.5456019,37.8993085],[-122.5454075,37.8995334],[-122.545248,37.8995744],[-122.5451911,37.8995716],[-122.5451345,37.8995347],[-122.5451062,37.8994929]],[[-122.5448577,37.8990394],[-122.5447633,37.8989358],[-122.5446033,37.8987999],[-122.544423,37.8987085],[-122.5443208,37.8986813],[-122.544207,37.8986951],[-122.5439791,37.8987675],[-122.5438657,37.8988151],[-122.5437933,37.8988651]]]}},{"type":"Feature","properties":{"elev_ft":240,"index_contour":false,"label":"240 ft","Block_No":16},"geometry":{"type":"LineString","coordinates":[[-122.5467255,37.8985555],[-122.5467228,37.8985558],[-122.5466417,37.8985875],[-122.5465621,37.8986537]]}},{"type":"Feature","properties":{"elev_ft":240,"index_contour":false,"label":"240 ft","Block_No":10},"geometry":{"type":"LineString","coordinates":[[-122.5518547,37.8977821],[-122.5519467,37.8978209],[-122.552162,37.8979626],[-122.5523126,37.8980004]]}},{"type":"Feature","properties":{"elev_ft":240,"index_contour":false,"label":"240 ft","Block_No":7},"geometry":{"type":"MultiLineString","coordinates":[[[-122.5542716,37.8984729],[-122.5542753,37.8984765],[-122.5546259,37.8986688],[-122.5549209,37.8987825],[-122.5550006,37.8987745],[-122.5552518,37.8986171],[-122.5554796,37.8985523],[-122.5555136,37.8985491]],[[-122.554297,37.8992999],[-122.5542353,37.8993055],[-122.5541555,37.8993419],[-122.5541025,37.8993928]]]}},{"type":"Feature","properties":{"elev_ft":240,"index_contour":false,"label":"240 ft","Block_No":6},"geometry":{"type":"MultiLineString","coordinates":[[[-122.5555136,37.8985491],[-122.5555479,37.8985458],[-122.5555588,37.8985714],[-122.5554108,37.8988323],[-122.5553895,37.8989584],[-122.5554078,37.8990936],[-122.5555311,37.8992293],[-122.555623,37.8992956],[-122.5557478,37.8993447],[-122.5559775,37.8993662],[-122.5560859,37.8994477],[-122.5560891,37.8994837],[-122.5560217,37.8995646],[-122.5560112,37.8996186],[-122.5560526,37.8997323]],[[-122.5556514,37.8998116],[-122.5555406,37.8997694],[-122.5553364,37.899671],[-122.5551207,37.8995973],[-122.5549256,37.8995064],[-122.5548207,37.8994159],[-122.5543036,37.8992993],[-122.554297,37.8992999]]]}},{"type":"Feature","properties":{"elev_ft":240,"index_contour":false,"label":"240 ft","Block_No":13},"geometry":{"type":"LineString","coordinates":[[-122.5514806,37.8993806],[-122.5513003,37.8993856],[-122.5511407,37.8994421],[-122.5510724,37.8994499],[-122.5507984,37.8994006],[-122.5506976,37.8993516],[-122.5506066,37.8993508],[-122.5503567,37.8993023],[-122.5501069,37.899225],[-122.5499021,37.8992481],[-122.5497425,37.8992965],[-122.5496402,37.8992916],[-122.5495317,37.8992425],[-122.5494815,37.8992037],[-122.5493404,37.8989444],[-122.5492425,37.8988268],[-122.5491833,37.8987817]]}},{"type":"Feature","properties":{"elev_ft":240,"index_contour":false,"label":"240 ft","Block_No":9},"geometry":{"type":"MultiLineString","coordinates":[[[-122.5541025,37.8993928],[-122.5540182,37.8994736],[-122.5539269,37.8995237],[-122.5537678,37.8994918],[-122.5536313,37.8995064],[-122.5535403,37.8995009],[-122.5533131,37.8994511],[-122.5532221,37.8994501],[-122.55304,37.8994763],[-122.5528468,37.8994384],[-122.5527103,37.8994439],[-122.552619,37.899492],[-122.5523901,37.8997274],[-122.5521731,37.8998737],[-122.5521162,37.8998844],[-122.5520073,37.8998288],[-122.5519473,37.8996957]],[[-122.5518442,37.8995315],[-122.5517939,37.8994765],[-122.5517209,37.899423],[-122.5516074,37.8993771],[-122.5514806,37.8993806]]]}},{"type":"Feature","properties":{"elev_ft":240,"index_contour":false,"label":"240 ft","Block_No":14},"geometry":{"type":"LineString","coordinates":[[-122.5491833,37.8987817],[-122.5490999,37.8987181],[-122.5489501,37.8986809],[-122.5488363,37.8986883],[-122.5487109,37.898731],[-122.5483595,37.8989078]]}},{"type":"Feature","properties":{"elev_ft":260,"index_contour":false,"label":"260 ft","Block_No":61},"geometry":{"type":"MultiLineString","coordinates":[[[-122.5359533,37.8918216],[-122.5359996,37.8918804],[-122.536,37.8919165],[-122.535951,37.8919974],[-122.5359427,37.8920432]],[[-122.5362762,37.8921984],[-122.5363541,37.8922009],[-122.5365468,37.8922962],[-122.5366605,37.8922994],[-122.5367514,37.8923211],[-122.5367771,37.8923168]]]}},{"type":"Feature","properties":{"elev_ft":260,"index_contour":false,"label":"260 ft","Block_No":62},"geometry":{"type":"LineString","coordinates":[[-122.5348785,37.8911193],[-122.5350665,37.8912729],[-122.5354379,37.891399],[-122.5357662,37.8916371],[-122.5358264,37.891664]]}},{"type":"Feature","properties":{"elev_ft":260,"index_contour":false,"label":"260 ft","Block_No":54},"geometry":{"type":"MultiLineString","coordinates":[[[-122.5367771,37.8923168],[-122.5368197,37.8923097],[-122.5368539,37.8922884],[-122.5369597,37.8921276],[-122.5371469,37.8920021],[-122.5372217,37.8919033],[-122.5372887,37.8918735],[-122.537414,37.8918497],[-122.5375049,37.8918604],[-122.5375731,37.8918866],[-122.5377862,37.8920948],[-122.5378784,37.8921465],[-122.5378862,37.8921466]],[[-122.5381285,37.8920263],[-122.5382208,37.8919583],[-122.5382778,37.8919357],[-122.5383107,37.8919352]]]}},{"type":"Feature","properties":{"elev_ft":260,"index_contour":false,"label":"260 ft","Block_No":41},"geometry":{"type":"LineString","coordinates":[[-122.5394701,37.8914541],[-122.5395802,37.8913537],[-122.5396578,37.8913152],[-122.5397375,37.8913019],[-122.5400325,37.891413],[-122.5404761,37.8914018],[-122.5405331,37.8913771],[-122.5406673,37.8912768],[-122.5407736,37.8911075],[-122.5408308,37.8910593],[-122.5408763,37.8910506],[-122.5411366,37.8912639],[-122.5413182,37.8913245],[-122.5414092,37.8913238],[-122.5414432,37.8913394],[-122.5414602,37.8914782],[-122.541485,37.8915324],[-122.541523,37.8915678]]}},{"type":"Feature","properties":{"elev_ft":260,"index_contour":false,"label":"260 ft","Block_No":30},"geometry":{"type":"MultiLineString","coordinates":[[[-122.543907,37.8924462],[-122.5440069,37.8924186],[-122.5440861,37.8923627],[-122.5441123,37.8923177],[-122.5441131,37.8922973]],[[-122.5442591,37.8918367],[-122.5444541,37.8918248],[-122.5445338,37.8918051],[-122.5445826,37.8917745]],[[-122.5449408,37.8912771],[-122.5450242,37.8913839],[-122.5454324,37.8917915],[-122.5455795,37.8919083],[-122.5456931,37.8919331],[-122.5457368,37.8919224]]]}},{"type":"Feature","properties":{"elev_ft":260,"index_contour":false,"label":"260 ft","Block_No":40},"geometry":{"type":"LineString","coordinates":[[-122.541523,37.8915678],[-122.541553,37.8915957],[-122.5416687,37.891656],[-122.5418391,37.8916901],[-122.5421013,37.891593],[-122.5422265,37.8915798],[-122.542305,37.8915987],[-122.5423172,37.891672]]}},{"type":"Feature","properties":{"elev_ft":260,"index_contour":false,"label":"260 ft","Block_No":39},"geometry":{"type":"LineString","coordinates":[[-122.5423172,37.891672],[-122.5423469,37.8918512],[-122.5423334,37.8919863],[-122.5423529,37.8920495],[-122.5424501,37.892158],[-122.5424954,37.8922483],[-122.5425857,37.8923404],[-122.5427574,37.892682],[-122.5428471,37.8928085],[-122.5429828,37.8929442],[-122.543082,37.8929992],[-122.5431502,37.8930098],[-122.5431999,37.8930042]]}},{"type":"Feature","properties":{"elev_ft":260,"index_contour":false,"label":"260 ft","Block_No":45},"geometry":{"type":"LineString","coordinates":[[-122.5388928,37.8922705],[-122.5389126,37.8922736],[-122.5389581,37.8922688],[-122.539061,37.892179],[-122.5391023,37.8920819],[-122.5392059,37.8919922],[-122.539256,37.8919082],[-122.5394019,37.8917766],[-122.5394229,37.8917123]]}},{"type":"Feature","properties":{"elev_ft":260,"index_contour":false,"label":"260 ft","Block_No":53},"geometry":{"type":"MultiLineString","coordinates":[[[-122.5378862,37.8921466],[-122.5379353,37.8921472],[-122.5379923,37.8921268],[-122.5381285,37.8920263]],[[-122.5383107,37.8919352],[-122.5383347,37.8919349],[-122.5384368,37.891976],[-122.5385394,37.8921247],[-122.5386505,37.8922063],[-122.5387649,37.8922507],[-122.5388928,37.8922705]]]}},{"type":"Feature","properties":{"elev_ft":260,"index_contour":false,"label":"260 ft","Block_No":29},"geometry":{"type":"LineString","coordinates":[[-122.546821,37.8913643],[-122.5468339,37.8913645],[-122.5470161,37.8913241],[-122.5471644,37.8912405],[-122.5472783,37.8912239],[-122.547392,37.8912257],[-122.5474831,37.8912065],[-122.547677,37.8911099],[-122.547868,37.8910777]]}},{"type":"Feature","properties":{"elev_ft":260,"index_contour":false,"label":"260 ft","Block_No":28},"geometry":{"type":"MultiLineString","coordinates":[[[-122.547868,37.8910777],[-122.5479389,37.8910658],[-122.5480235,37.891071],[-122.548043,37.8910891],[-122.5480312,37.8911161],[-122.5478737,37.8912486]],[[-122.5477014,37.8914801],[-122.5476741,37.8915925],[-122.5474937,37.8916532]]]}},{"type":"Feature","properties":{"elev_ft":260,"index_contour":false,"label":"260 ft","Block_No":27},"geometry":{"type":"LineString","coordinates":[[-122.5471859,37.8919605],[-122.5471661,37.892014],[-122.5471476,37.8921852],[-122.5471871,37.8923656],[-122.5471363,37.8924105],[-122.5469014,37.8925268],[-122.546861,37.8925717],[-122.5468198,37.8926616],[-122.5468116,37.8927878],[-122.5468483,37.8929412],[-122.5468198,37.8931844],[-122.5468413,37.8933016],[-122.5469503,37.8933922],[-122.5471281,37.8934554],[-122.5472078,37.8935284],[-122.5472168,37.8935328]]}},{"type":"Feature","properties":{"elev_ft":260,"index_contour":false,"label":"260 ft","Block_No":18},"geometry":{"type":"MultiLineString","coordinates":[[[-122.5489698,37.8947362],[-122.5487731,37.8947962],[-122.5485923,37.8949127],[-122.548568,37.8949486],[-122.5485582,37.8950207],[-122.5484602,37.8950836],[-122.5484307,37.8951194],[-122.5484178,37.8952906],[-122.5484451,37.8954259],[-122.5484693,37.8954615],[-122.5485713,37.8955217],[-122.548673,37.8955328]],[[-122.5493606,37.8958068],[-122.5493785,37.895817],[-122.5497165,37.8960968],[-122.5498641,37.8961465],[-122.5501206,37.8962615],[-122.5502645,37.8963431],[-122.5503392,37.8964336],[-122.5505329,37.8965189],[-122.5508281,37.8966029],[-122.5513002,37.8965604]]]}},{"type":"Feature","properties":{"elev_ft":260,"index_contour":false,"label":"260 ft","Block_No":11},"geometry":{"type":"LineString","coordinates":[[-122.5515102,37.8965739],[-122.5515233,37.8966003],[-122.5514704,37.8967804],[-122.5514708,37.8968435],[-122.5515404,37.8969158],[-122.5516561,37.8969754],[-122.5516607,37.8969761]]}},{"type":"Feature","properties":{"elev_ft":260,"index_contour":false,"label":"260 ft","Block_No":22},"geometry":{"type":"LineString","coordinates":[[-122.5436815,37.8995574],[-122.5436837,37.8995985],[-122.5437883,37.8997612],[-122.5438423,37.8998163]]}},{"type":"Feature","properties":{"elev_ft":260,"index_contour":false,"label":"260 ft","Block_No":15},"geometry":{"type":"MultiLineString","coordinates":[[[-122.5462659,37.8996387],[-122.5462486,37.8996363],[-122.5459313,37.8994448],[-122.5458518,37.8994179],[-122.5457836,37.8994128],[-122.5456736,37.899462],[-122.5455035,37.8996326],[-122.5453154,37.899715],[-122.5452471,37.8997201],[-122.5451211,37.8996672],[-122.5450088,37.8995496],[-122.5449582,37.8994683],[-122.5448525,37.8992065],[-122.544683,37.8989795],[-122.544615,37.8989283],[-122.5444449,37.8988517],[-122.5443085,37.8988267],[-122.5440352,37.8988878],[-122.543921,37.8989628],[-122.5437785,37.8992114],[-122.543676,37.8994543],[-122.5436815,37.8995574]],[[-122.5438423,37.8998163],[-122.5438681,37.8998426],[-122.544007,37.899904]]]}},{"type":"Feature","properties":{"elev_ft":260,"index_contour":false,"label":"260 ft","Block_No":7},"geometry":{"type":"LineString","coordinates":[[-122.5543291,37.8984192],[-122.5543321,37.8984226],[-122.554665,37.8986041],[-122.5548987,37.8986983],[-122.5549897,37.8986868],[-122.5551687,37.898579],[-122.5552864,37.8985268],[-122.5556318,37.898429]]}},{"type":"Feature","properties":{"elev_ft":260,"index_contour":false,"label":"260 ft","Block_No":6},"geometry":{"type":"MultiLineString","coordinates":[[[-122.5556318,37.898429],[-122.5556396,37.8984268],[-122.5557192,37.8984259],[-122.5557443,37.898464],[-122.5557183,37.898554],[-122.5555713,37.8987067],[-122.555507,37.8988236],[-122.5554842,37.8989677],[-122.5555219,37.8990908],[-122.5556123,37.8991952],[-122.5557369,37.8992692],[-122.5558278,37.8992861],[-122.5562259,37.8992937],[-122.5562735,37.8993132],[-122.556341,37.8993765],[-122.5563239,37.8994125],[-122.556157,37.8995471],[-122.5561185,37.89961],[-122.5561244,37.8996822],[-122.5561526,37.8997538]],[[-122.5555343,37.8999279],[-122.5554369,37.8998508],[-122.5552903,37.8997681],[-122.5550406,37.8996873],[-122.5549386,37.8996309],[-122.5548364,37.8995986],[-122.5547233,37.8994861],[-122.5544394,37.8994209],[-122.554337,37.8994254],[-122.5542344,37.8994597],[-122.5541667,37.8995074]]]}},{"type":"Feature","properties":{"elev_ft":260,"index_contour":false,"label":"260 ft","Block_No":13},"geometry":{"type":"LineString","coordinates":[[-122.551395,37.8996174],[-122.5512077,37.899637],[-122.5510943,37.8995849],[-122.5509465,37.8995753],[-122.5508332,37.8995056],[-122.5506171,37.8995068],[-122.5503332,37.8994241],[-122.5501626,37.899423],[-122.5499696,37.8993722],[-122.5498786,37.8993733],[-122.5497419,37.8994069],[-122.5496736,37.8994075],[-122.5494239,37.8993227],[-122.5493559,37.8992824],[-122.5492662,37.8991604],[-122.5492065,37.899016],[-122.5491247,37.8989052]]}},{"type":"Feature","properties":{"elev_ft":260,"index_contour":false,"label":"260 ft","Block_No":9},"geometry":{"type":"LineString","coordinates":[[-122.5541667,37.8995074],[-122.5540705,37.8995753],[-122.5539943,37.8996631],[-122.5539487,37.8996794],[-122.5537898,37.8996255],[-122.5535735,37.8996506],[-122.5533351,37.8995847],[-122.553062,37.8995892],[-122.5527892,37.8995604],[-122.5526638,37.8996096],[-122.5525675,37.8996687],[-122.5524598,37.8997945],[-122.5524197,37.8998664],[-122.5523532,37.8999112],[-122.5521725,37.8999796],[-122.5519338,37.8999517],[-122.5518544,37.8999199],[-122.5517951,37.8998731],[-122.5516492,37.8995841],[-122.551595,37.8995498],[-122.5515609,37.8995531],[-122.5514613,37.8996104],[-122.551395,37.8996174]]}},{"type":"Feature","properties":{"elev_ft":260,"index_contour":false,"label":"260 ft","Block_No":14},"geometry":{"type":"LineString","coordinates":[[-122.5491247,37.8989052],[-122.5491064,37.8988804],[-122.5490776,37.8988532],[-122.5490401,37.8988434],[-122.5488466,37.8988626],[-122.5486346,37.8989777],[-122.5484245,37.8990666],[-122.5482076,37.8991941],[-122.5480246,37.8993713],[-122.5479105,37.8994314],[-122.547831,37.899407],[-122.5476616,37.8992984],[-122.5476175,37.8992462]]}},{"type":"Feature","properties":{"elev_ft":260,"index_contour":false,"label":"260 ft","Block_No":5},"geometry":{"type":"LineString","coordinates":[[-122.5561918,37.8998533],[-122.5561955,37.8998627],[-122.5562064,37.8999889],[-122.5562622,37.9001243],[-122.5562434,37.9001647],[-122.5561065,37.9002393],[-122.5560044,37.9001942],[-122.5559314,37.9000926]]}},{"type":"Feature","properties":{"elev_ft":280,"index_contour":false,"label":"280 ft","Block_No":59},"geometry":{"type":"LineString","coordinates":[[-122.535103,37.8895761],[-122.5349815,37.8897493],[-122.5349527,37.8899024],[-122.5349656,37.8899386],[-122.5350783,37.8900472],[-122.5351113,37.8901014],[-122.5351276,37.8901916],[-122.5351113,37.8902996],[-122.535092,37.89034],[-122.5350115,37.8904074],[-122.53496,37.8905424],[-122.534946,37.8905633]]}},{"type":"Feature","properties":{"elev_ft":280,"index_contour":false,"label":"280 ft","Block_No":60},"geometry":{"type":"LineString","coordinates":[[-122.5370853,37.8917578],[-122.5371623,37.8916687],[-122.5372346,37.8916329],[-122.5373329,37.8916114]]}},{"type":"Feature","properties":{"elev_ft":280,"index_contour":false,"label":"280 ft","Block_No":61},"geometry":{"type":"LineString","coordinates":[[-122.535209,37.8910057],[-122.5353151,37.8910304],[-122.5354511,37.8911078],[-122.5356554,37.8911768],[-122.535926,37.8914475],[-122.5361602,37.8915836],[-122.5363086,37.8918276],[-122.5364013,37.8919288],[-122.5364579,37.8919651],[-122.5365374,37.8919827],[-122.5366621,37.8920407],[-122.5367418,37.892034],[-122.5368848,37.8919303]]}},{"type":"Feature","properties":{"elev_ft":280,"index_contour":false,"label":"280 ft","Block_No":54},"geometry":{"type":"LineString","coordinates":[[-122.5374131,37.8916236],[-122.5374754,37.8916339],[-122.5376448,37.8917607],[-122.5377888,37.8919261],[-122.5378682,37.8919548],[-122.5380845,37.8919301],[-122.5381416,37.891885],[-122.5382448,37.8917543],[-122.5383931,37.8916789],[-122.5384507,37.8916738],[-122.5385113,37.8917191],[-122.5385222,37.8917547]]}},{"type":"Feature","properties":{"elev_ft":280,"index_contour":false,"label":"280 ft","Block_No":41},"geometry":{"type":"MultiLineString","coordinates":[[[-122.5396736,37.8911375],[-122.5400672,37.8913237],[-122.5403516,37.8913053],[-122.5404428,37.8912741],[-122.5405569,37.8912054],[-122.5406256,37.8911391],[-122.5406994,37.8910385]],[[-122.5408732,37.8908865],[-122.5408888,37.8908834],[-122.5411378,37.8910714],[-122.5412853,37.8911219],[-122.5414558,37.8911443],[-122.5415125,37.8911699],[-122.5415689,37.8912479],[-122.5416332,37.8914338],[-122.5416505,37.8914457]]]}},{"type":"Feature","properties":{"elev_ft":280,"index_contour":false,"label":"280 ft","Block_No":30},"geometry":{"type":"LineString","coordinates":[[-122.5450083,37.8911965],[-122.5450313,37.8912577],[-122.5450991,37.8913481],[-122.5454671,37.8916914],[-122.5456066,37.8917812]]}},{"type":"Feature","properties":{"elev_ft":280,"index_contour":false,"label":"280 ft","Block_No":40},"geometry":{"type":"LineString","coordinates":[[-122.5416505,37.8914457],[-122.5417386,37.8915063],[-122.5418628,37.8915306],[-122.5420564,37.8914938],[-122.5422954,37.8914727],[-122.5424091,37.8914746],[-122.5424579,37.8914911],[-122.5424741,37.8915519]]}},{"type":"Feature","properties":{"elev_ft":280,"index_contour":false,"label":"280 ft","Block_No":39},"geometry":{"type":"LineString","coordinates":[[-122.5424741,37.8915519],[-122.5425035,37.8916625],[-122.5425222,37.891969],[-122.5425421,37.8920286],[-122.542725,37.8922312],[-122.5428785,37.8925292],[-122.5429666,37.8926377],[-122.5430837,37.8927296],[-122.5432426,37.892778],[-122.5433215,37.89277]]}},{"type":"Feature","properties":{"elev_ft":280,"index_contour":false,"label":"280 ft","Block_No":45},"geometry":{"type":"MultiLineString","coordinates":[[[-122.5385222,37.8917547],[-122.5385256,37.8917658]],[[-122.5388249,37.8920914],[-122.5388568,37.8920924],[-122.5389711,37.8920124],[-122.5391648,37.8917667],[-122.5392086,37.8916497],[-122.5392071,37.8914784],[-122.5392299,37.8914064],[-122.5392918,37.8913466]]]}},{"type":"Feature","properties":{"elev_ft":280,"index_contour":false,"label":"280 ft","Block_No":53},"geometry":{"type":"LineString","coordinates":[[-122.5385256,37.8917658],[-122.5385639,37.8918905],[-122.5386412,37.8920127],[-122.5387705,37.8920896],[-122.5388249,37.8920914]]}},{"type":"Feature","properties":{"elev_ft":280,"index_contour":false,"label":"280 ft","Block_No":29},"geometry":{"type":"LineString","coordinates":[[-122.5468457,37.8912947],[-122.5469482,37.8912701],[-122.5472106,37.8911298],[-122.5474073,37.8911227],[-122.5475065,37.8911045],[-122.5476549,37.8910147],[-122.5478702,37.8909945]]}},{"type":"Feature","properties":{"elev_ft":280,"index_contour":false,"label":"280 ft","Block_No":28},"geometry":{"type":"LineString","coordinates":[[-122.5478702,37.8909945],[-122.5478711,37.8909944],[-122.5480871,37.8910003],[-122.5482579,37.8909765],[-122.548275,37.8909998],[-122.548248,37.8910448],[-122.5479832,37.8912501],[-122.5478435,37.8913947],[-122.547801,37.8914757],[-122.5477938,37.8916019],[-122.5477751,37.8916468],[-122.5477304,37.8916727],[-122.547514,37.8917369],[-122.5473167,37.8919065],[-122.5473075,37.891926]]}},{"type":"Feature","properties":{"elev_ft":280,"index_contour":false,"label":"280 ft","Block_No":27},"geometry":{"type":"LineString","coordinates":[[-122.5473075,37.891926],[-122.5472702,37.8920054],[-122.5472537,37.8921586],[-122.5472627,37.8922217],[-122.5473159,37.8923391],[-122.5473154,37.8923841],[-122.5472594,37.8924421],[-122.5470769,37.8925272],[-122.5470192,37.8925723],[-122.5469679,37.8926622],[-122.546944,37.8927973],[-122.5470329,37.8929419],[-122.5470011,37.8930589],[-122.5470508,37.8931402],[-122.5470365,37.8932123],[-122.5470471,37.8932394],[-122.5471345,37.8933478],[-122.5473089,37.8934459]]}},{"type":"Feature","properties":{"elev_ft":280,"index_contour":false,"label":"280 ft","Block_No":18},"geometry":{"type":"MultiLineString","coordinates":[[[-122.5489227,37.8948784],[-122.5488396,37.8949317],[-122.5487648,37.8950125],[-122.5487444,37.8950665],[-122.5487897,37.895141]],[[-122.5504374,37.8962457],[-122.5504775,37.896272],[-122.5507384,37.8963942],[-122.5512498,37.8964574],[-122.5513598,37.8964541]]]}},{"type":"Feature","properties":{"elev_ft":280,"index_contour":false,"label":"280 ft","Block_No":11},"geometry":{"type":"LineString","coordinates":[[-122.5516474,37.8966457],[-122.5516009,37.8968079],[-122.551638,37.8968621],[-122.5517361,37.8969126],[-122.551772,37.8969193]]}},{"type":"Feature","properties":{"elev_ft":280,"index_contour":false,"label":"280 ft","Block_No":15},"geometry":{"type":"LineString","coordinates":[[-122.5462324,37.8997331],[-122.5460209,37.8996582],[-122.5459072,37.8996604],[-122.5457589,37.8997357],[-122.545552,37.8998131],[-122.5451286,37.9000959]]}},{"type":"Feature","properties":{"elev_ft":280,"index_contour":false,"label":"280 ft","Block_No":7},"geometry":{"type":"LineString","coordinates":[[-122.554402,37.8983658],[-122.5544115,37.8983768],[-122.5547521,37.8985594],[-122.5548992,37.8986095],[-122.5549789,37.8986017],[-122.5551842,37.8984977],[-122.5555148,37.89838],[-122.5557427,37.8983127],[-122.5557428,37.8983127]]}},{"type":"Feature","properties":{"elev_ft":280,"index_contour":false,"label":"280 ft","Block_No":6},"geometry":{"type":"MultiLineString","coordinates":[[[-122.5557428,37.8983127],[-122.5558451,37.8983005],[-122.5558617,37.8983202],[-122.5558623,37.8983743],[-122.5558328,37.8985274],[-122.5556994,37.8987072],[-122.5556641,37.8987791],[-122.5556107,37.898833],[-122.5555655,37.898932],[-122.5555674,37.8989861],[-122.5556309,37.8990854],[-122.5557148,37.8991668],[-122.5558169,37.8992114],[-122.5563059,37.8992277],[-122.5564989,37.8992807],[-122.5565215,37.8993064],[-122.5565102,37.8993592],[-122.5564639,37.899427],[-122.556293,37.8995386],[-122.5562269,37.8996195],[-122.5562269,37.8997006],[-122.5562483,37.8997583]],[[-122.5552406,37.8998576],[-122.5550514,37.8997806],[-122.5548921,37.8997825],[-122.554824,37.8997668],[-122.5547674,37.899723],[-122.5546659,37.8995835],[-122.5546092,37.8995529],[-122.5545297,37.8995344],[-122.5543932,37.8995321],[-122.5542678,37.8995718],[-122.5541825,37.8996273]],[[-122.5541072,37.8997103],[-122.5540551,37.8997825],[-122.5539593,37.899811],[-122.5539024,37.899808],[-122.5537776,37.8997637],[-122.5535272,37.8997854],[-122.553509,37.8997783]]]}},{"type":"Feature","properties":{"elev_ft":280,"index_contour":false,"label":"280 ft","Block_No":13},"geometry":{"type":"LineString","coordinates":[[-122.5513554,37.8997268],[-122.5510137,37.8997542],[-122.5508548,37.8996887],[-122.5507299,37.8996586],[-122.5501727,37.899632],[-122.5501046,37.8996073],[-122.5500254,37.8995434],[-122.5497519,37.8996326],[-122.549695,37.8996371],[-122.5496269,37.8996054],[-122.5494912,37.899485],[-122.549355,37.8994324],[-122.5492055,37.8993494],[-122.5491268,37.8992762]]}},{"type":"Feature","properties":{"elev_ft":280,"index_contour":false,"label":"280 ft","Block_No":9},"geometry":{"type":"MultiLineString","coordinates":[[[-122.5541825,37.8996273],[-122.5541536,37.899646],[-122.5541072,37.8997103]],[[-122.553509,37.8997783],[-122.5533116,37.8997013],[-122.5530955,37.8997034],[-122.5529136,37.8996797],[-122.552834,37.8996897],[-122.5527541,37.8997289],[-122.552683,37.8997953],[-122.552669,37.8998313],[-122.5526797,37.8999305],[-122.552628,37.9000024],[-122.5525589,37.900028],[-122.552354,37.9000622],[-122.5522623,37.9001669],[-122.5520457,37.9002605],[-122.5518871,37.9001348],[-122.5518234,37.9000444],[-122.5517026,37.8999358],[-122.5516169,37.8997913],[-122.5514915,37.8997309],[-122.551412,37.8997223],[-122.5513554,37.8997268]]]}},{"type":"Feature","properties":{"elev_ft":280,"index_contour":false,"label":"280 ft","Block_No":14},"geometry":{"type":"LineString","coordinates":[[-122.5488594,37.8991118],[-122.5488451,37.8991099],[-122.5486971,37.8991256],[-122.5484349,37.899236],[-122.5479779,37.8995645],[-122.5479437,37.8995741],[-122.5475016,37.899327],[-122.5473929,37.8991802],[-122.5473096,37.8991139],[-122.5470714,37.8989969],[-122.5469124,37.8989692],[-122.5469062,37.89897]]}},{"type":"Feature","properties":{"elev_ft":280,"index_contour":false,"label":"280 ft","Block_No":5},"geometry":{"type":"LineString","coordinates":[[-122.5562855,37.8998584],[-122.5562872,37.899863],[-122.5563438,37.9000976],[-122.5563529,37.9002508],[-122.5563238,37.9003048],[-122.5561626,37.9003648],[-122.5561171,37.9003562],[-122.5559357,37.9002561],[-122.5558231,37.9001137],[-122.5557662,37.9000714],[-122.5556981,37.9000562],[-122.5555501,37.9000753],[-122.5554479,37.9000496],[-122.5554069,37.900022],[-122.5553566,37.8999316],[-122.555301,37.8998822],[-122.5552406,37.8998576]]}},{"type":"Feature","properties":{"elev_ft":280,"index_contour":false,"label":"280 ft","Block_No":15},"geometry":{"type":"LineString","coordinates":[[-122.5443122,37.8989611],[-122.5442395,37.8989596],[-122.5441142,37.8989933],[-122.544001,37.899068],[-122.5438955,37.8993109],[-122.5438849,37.8995182],[-122.5439639,37.8996537],[-122.5441445,37.8997806],[-122.5442456,37.8998106],[-122.544473,37.8998218],[-122.5445238,37.8998001],[-122.544576,37.8997285],[-122.5447015,37.8996537],[-122.5447842,37.8995487],[-122.5447977,37.8994767],[-122.5447416,37.8992962],[-122.5445915,37.8990586],[-122.5445104,37.8990069],[-122.5443122,37.8989611]]}},{"type":"Feature","properties":{"elev_ft":300,"index_contour":true,"label":"300 ft","Block_No":59},"geometry":{"type":"LineString","coordinates":[[-122.536106,37.8897629],[-122.535983,37.8897055],[-122.5358914,37.8896808],[-122.5357675,37.8896141],[-122.5355516,37.8895943],[-122.5355288,37.8896006],[-122.5354821,37.8896612],[-122.535391,37.8897329],[-122.5353792,37.8897689],[-122.5354138,37.8899313],[-122.5354504,37.8900306],[-122.5355675,37.8901753],[-122.5355784,37.8902925],[-122.5355466,37.8903859],[-122.53542,37.8905352],[-122.5354163,37.8906163],[-122.5354093,37.8906314]]}},{"type":"Feature","properties":{"elev_ft":300,"index_contour":true,"label":"300 ft","Block_No":44},"geometry":{"type":"LineString","coordinates":[[-122.5393251,37.8911158],[-122.5393407,37.8910969],[-122.5394268,37.8910377],[-122.5394616,37.8910269]]}},{"type":"Feature","properties":{"elev_ft":300,"index_contour":true,"label":"300 ft","Block_No":60},"geometry":{"type":"LineString","coordinates":[[-122.5368498,37.8916898],[-122.5369339,37.8915957],[-122.536965,37.8914967],[-122.5370202,37.8914698],[-122.5370979,37.8914616],[-122.5373593,37.891491],[-122.5374388,37.8915272]]}},{"type":"Feature","properties":{"elev_ft":300,"index_contour":true,"label":"300 ft","Block_No":61},"geometry":{"type":"LineString","coordinates":[[-122.5353788,37.8907011],[-122.5353784,37.8907423],[-122.5354043,37.8907695],[-122.5355777,37.8908596],[-122.5357366,37.8909182],[-122.5358456,37.8910056],[-122.5359519,37.8910488],[-122.5362237,37.8912343],[-122.5363713,37.8912608],[-122.5364419,37.8912963],[-122.5364958,37.8913561],[-122.5365631,37.8915113],[-122.5366016,37.8916845],[-122.536664,37.8917475],[-122.5366908,37.8917481]]}},{"type":"Feature","properties":{"elev_ft":300,"index_contour":true,"label":"300 ft","Block_No":54},"geometry":{"type":"LineString","coordinates":[[-122.5375043,37.8915522],[-122.5376275,37.8915894],[-122.5378015,37.8917095],[-122.5378583,37.8917253],[-122.5380292,37.8916834],[-122.5382918,37.8915119],[-122.5383943,37.8914926],[-122.5384964,37.8915276],[-122.5385746,37.8915751],[-122.5386478,37.8916459]]}},{"type":"Feature","properties":{"elev_ft":300,"index_contour":true,"label":"300 ft","Block_No":41},"geometry":{"type":"MultiLineString","coordinates":[[[-122.5397521,37.8910572],[-122.5400338,37.8911981],[-122.5401474,37.8912208],[-122.5402612,37.8912087],[-122.540398,37.8911666],[-122.5404555,37.8911317]],[[-122.5409969,37.8907892],[-122.5410822,37.8908656],[-122.5411616,37.8909091],[-122.5412864,37.8909458],[-122.5415024,37.8909687],[-122.5416061,37.8910101],[-122.5416687,37.8910734],[-122.5417734,37.8912713],[-122.5418092,37.891292]]]}},{"type":"Feature","properties":{"elev_ft":300,"index_contour":true,"label":"300 ft","Block_No":30},"geometry":{"type":"LineString","coordinates":[[-122.5451136,37.8912303],[-122.5451176,37.89124],[-122.5451895,37.8913151]]}},{"type":"Feature","properties":{"elev_ft":300,"index_contour":true,"label":"300 ft","Block_No":40},"geometry":{"type":"LineString","coordinates":[[-122.5418092,37.891292],[-122.5419208,37.8913563],[-122.5419987,37.8913753]]}},{"type":"Feature","properties":{"elev_ft":300,"index_contour":true,"label":"300 ft","Block_No":45},"geometry":{"type":"LineString","coordinates":[[-122.5386478,37.8916459],[-122.5386495,37.8916475],[-122.5387449,37.8917973],[-122.538836,37.891785],[-122.5389611,37.8917919],[-122.5390246,37.8917571],[-122.5390519,37.8917122],[-122.5390187,37.8915768],[-122.5390284,37.8913966],[-122.5392376,37.8912213],[-122.5393251,37.8911158]]}},{"type":"Feature","properties":{"elev_ft":300,"index_contour":true,"label":"300 ft","Block_No":29},"geometry":{"type":"LineString","coordinates":[[-122.5468768,37.8912075],[-122.5469259,37.8911927],[-122.5471656,37.8910501],[-122.5473704,37.891035],[-122.5474388,37.8910174],[-122.5476444,37.8908594],[-122.5477243,37.8908259],[-122.5477925,37.8908172],[-122.5478614,37.890827],[-122.5478744,37.8908315]]}},{"type":"Feature","properties":{"elev_ft":300,"index_contour":true,"label":"300 ft","Block_No":28},"geometry":{"type":"LineString","coordinates":[[-122.5478744,37.8908315],[-122.5480877,37.8909049],[-122.548304,37.8908703],[-122.5484749,37.8908255],[-122.5484855,37.8908745],[-122.5483994,37.8910273],[-122.5481425,37.8912442],[-122.5480283,37.8913211],[-122.5479174,37.8914401],[-122.5478928,37.8915121],[-122.5479,37.8916744],[-122.5478783,37.8917194],[-122.5478324,37.8917396],[-122.5477068,37.8917457],[-122.5475826,37.8917993],[-122.5474561,37.8918947],[-122.5473984,37.8919624]]}},{"type":"Feature","properties":{"elev_ft":300,"index_contour":true,"label":"300 ft","Block_No":27},"geometry":{"type":"LineString","coordinates":[[-122.5473984,37.8919624],[-122.5473874,37.8919753],[-122.5473569,37.8920598],[-122.5473573,37.892168],[-122.5474729,37.8923757],[-122.5474181,37.8924386],[-122.547159,37.8926359],[-122.5471009,37.8927348],[-122.5471439,37.8930234],[-122.5472217,37.893204],[-122.5473452,37.8932978],[-122.5474267,37.8933348]]}},{"type":"Feature","properties":{"elev_ft":300,"index_contour":true,"label":"300 ft","Block_No":18},"geometry":{"type":"LineString","coordinates":[[-122.5512298,37.8963376],[-122.5512391,37.8963401],[-122.5513187,37.896347],[-122.5513712,37.89634]]}},{"type":"Feature","properties":{"elev_ft":300,"index_contour":true,"label":"300 ft","Block_No":11},"geometry":{"type":"LineString","coordinates":[[-122.5517686,37.89675],[-122.5517768,37.8967815],[-122.5518252,37.8968268],[-122.5519074,37.8968502]]}},{"type":"Feature","properties":{"elev_ft":300,"index_contour":true,"label":"300 ft","Block_No":7},"geometry":{"type":"LineString","coordinates":[[-122.5544815,37.8983102],[-122.5544915,37.8983247],[-122.5546274,37.8984129],[-122.5548884,37.8985214],[-122.554968,37.8985165],[-122.5555266,37.898302],[-122.5556976,37.8982438],[-122.5557573,37.8982324]]}},{"type":"Feature","properties":{"elev_ft":300,"index_contour":true,"label":"300 ft","Block_No":6},"geometry":{"type":"MultiLineString","coordinates":[[[-122.5559671,37.8982944],[-122.5559321,37.8985007],[-122.5558578,37.8986627],[-122.5556869,37.8988874],[-122.5556727,37.8989775],[-122.5557659,37.899086],[-122.5558742,37.8991424],[-122.5566693,37.8991885],[-122.5567009,37.8992067],[-122.5567006,37.8992078]],[[-122.5565386,37.899483],[-122.5565157,37.8995034],[-122.5563834,37.8995744],[-122.5563292,37.8996559],[-122.5563278,37.899719],[-122.5563416,37.8997569]],[[-122.5551599,37.8999212],[-122.5551529,37.8999165],[-122.5550281,37.8998768],[-122.554846,37.8998959],[-122.5547892,37.8998816],[-122.5547137,37.899812],[-122.5546085,37.8996605],[-122.5545632,37.8996346],[-122.554495,37.8996209],[-122.5543926,37.8996302],[-122.5543162,37.8996663],[-122.5542212,37.8997588],[-122.5542155,37.8997685]],[[-122.5535667,37.8998886],[-122.5535038,37.8998942],[-122.5534058,37.8998712]]]}},{"type":"Feature","properties":{"elev_ft":300,"index_contour":true,"label":"300 ft","Block_No":13},"geometry":{"type":"MultiLineString","coordinates":[[[-122.5513198,37.8998255],[-122.5512862,37.8998252],[-122.5512832,37.8998258]],[[-122.5499071,37.8997585],[-122.5498192,37.8997829],[-122.5496486,37.8997792],[-122.5495232,37.8997382],[-122.5494108,37.8996057],[-122.5493238,37.8995721]]]}},{"type":"Feature","properties":{"elev_ft":300,"index_contour":true,"label":"300 ft","Block_No":9},"geometry":{"type":"MultiLineString","coordinates":[[[-122.5534058,37.8998712],[-122.5533334,37.8998542],[-122.5530833,37.8998358],[-122.5529695,37.8998455],[-122.5526951,37.9000794],[-122.5524786,37.9001488],[-122.5523855,37.9002829]],[[-122.5522804,37.9003234],[-122.5521703,37.9003356],[-122.5520222,37.9003848],[-122.5519882,37.900365],[-122.5518796,37.9002339],[-122.5517685,37.9001524],[-122.5517207,37.9000621],[-122.5515589,37.8998782],[-122.5514648,37.8998267],[-122.5513198,37.8998255]]]}},{"type":"Feature","properties":{"elev_ft":300,"index_contour":true,"label":"300 ft","Block_No":14},"geometry":{"type":"MultiLineString","coordinates":[[[-122.5488063,37.8992673],[-122.5487759,37.899272],[-122.5485821,37.8993454],[-122.5481597,37.8995866],[-122.5480763,37.8996696],[-122.5480226,37.8996872],[-122.5479658,37.8996861],[-122.5478637,37.8996453],[-122.5477412,37.8995331],[-122.5473795,37.8993785],[-122.5472177,37.89926],[-122.5471269,37.8992214],[-122.5470474,37.89921],[-122.5470305,37.8992147]],[[-122.5468591,37.8995842],[-122.54681,37.8997008],[-122.5467451,37.8997726],[-122.546565,37.8999005]]]}},{"type":"Feature","properties":{"elev_ft":300,"index_contour":true,"label":"300 ft","Block_No":8},"geometry":{"type":"MultiLineString","coordinates":[[[-122.5542155,37.8997685],[-122.5541523,37.8998756],[-122.5540952,37.8999101],[-122.5539132,37.8999127],[-122.5537656,37.899871],[-122.5535667,37.8998886]],[[-122.5523855,37.9002829],[-122.5523638,37.9003142],[-122.5522804,37.9003234]]]}},{"type":"Feature","properties":{"elev_ft":300,"index_contour":true,"label":"300 ft","Block_No":5},"geometry":{"type":"LineString","coordinates":[[-122.5563805,37.8998636],[-122.5564773,37.9003234],[-122.5564467,37.9003774],[-122.5562298,37.9005276],[-122.556139,37.9005005],[-122.5560032,37.9003791],[-122.5558556,37.9003485],[-122.5556973,37.9001896],[-122.5555154,37.9001682],[-122.5553452,37.9001024],[-122.5552416,37.8999763],[-122.5551599,37.8999212]]}},{"type":"Feature","properties":{"elev_ft":300,"index_contour":true,"label":"300 ft","Block_No":15},"geometry":{"type":"LineString","coordinates":[[-122.5461725,37.8999019],[-122.5461218,37.899899],[-122.5459168,37.8999219]]}},{"type":"Feature","properties":{"elev_ft":320,"index_contour":false,"label":"320 ft","Block_No":59},"geometry":{"type":"LineString","coordinates":[[-122.5360372,37.8899775],[-122.5359097,37.8900414],[-122.5359017,37.8900662]]}},{"type":"Feature","properties":{"elev_ft":320,"index_contour":false,"label":"320 ft","Block_No":58},"geometry":{"type":"MultiLineString","coordinates":[[[-122.5372947,37.8898886],[-122.5371411,37.8900194],[-122.5370159,37.8900329],[-122.536902,37.8900636],[-122.5368452,37.8900595],[-122.5364933,37.8899514],[-122.5363682,37.8899427],[-122.5361747,37.8899665],[-122.5360724,37.8899599],[-122.5360372,37.8899775]],[[-122.5359189,37.8902276],[-122.5359219,37.8903119],[-122.5360105,37.8904384],[-122.5359867,37.8905199]]]}},{"type":"Feature","properties":{"elev_ft":320,"index_contour":false,"label":"320 ft","Block_No":44},"geometry":{"type":"MultiLineString","coordinates":[[[-122.5380421,37.8914977],[-122.5381117,37.8914561],[-122.5384064,37.8913727],[-122.5384859,37.8913868],[-122.5385399,37.8914149]],[[-122.5388668,37.891347],[-122.5388688,37.8913419],[-122.5389303,37.891257],[-122.5391138,37.8911446],[-122.539285,37.8909104],[-122.5394218,37.8908594],[-122.5394903,37.8908112],[-122.5395585,37.8908279],[-122.5396365,37.8908765]]]}},{"type":"Feature","properties":{"elev_ft":320,"index_contour":false,"label":"320 ft","Block_No":60},"geometry":{"type":"LineString","coordinates":[[-122.5360476,37.8906995],[-122.5360923,37.8907722],[-122.5361405,37.8908174],[-122.5363124,37.8908992],[-122.5364185,37.8909954],[-122.5365663,37.8910075],[-122.536838,37.891198],[-122.5370536,37.8912862],[-122.5374281,37.8914111],[-122.5375842,37.8914898]]}},{"type":"Feature","properties":{"elev_ft":320,"index_contour":false,"label":"320 ft","Block_No":54},"geometry":{"type":"MultiLineString","coordinates":[[[-122.5375842,37.8914898],[-122.5376208,37.8915082],[-122.5379161,37.8915729],[-122.5380421,37.8914977]],[[-122.5385399,37.8914149],[-122.538656,37.8914753],[-122.5387241,37.8914847],[-122.5387811,37.8914755],[-122.5388337,37.8914319],[-122.5388668,37.891347]]]}},{"type":"Feature","properties":{"elev_ft":320,"index_contour":false,"label":"320 ft","Block_No":43},"geometry":{"type":"LineString","coordinates":[[-122.5404263,37.8909806],[-122.5405354,37.8908347],[-122.540685,37.8907268],[-122.5407994,37.8906174],[-122.5408565,37.8905898],[-122.5408571,37.8905898]]}},{"type":"Feature","properties":{"elev_ft":320,"index_contour":false,"label":"320 ft","Block_No":41},"geometry":{"type":"LineString","coordinates":[[-122.5399636,37.8910414],[-122.5400573,37.8910872],[-122.5401595,37.8911024],[-122.540244,37.8910898]]}},{"type":"Feature","properties":{"elev_ft":320,"index_contour":false,"label":"320 ft","Block_No":29},"geometry":{"type":"LineString","coordinates":[[-122.5467113,37.8908867],[-122.5467344,37.8908897],[-122.5467758,37.890922],[-122.5468359,37.891029],[-122.546904,37.8910523],[-122.5471422,37.8909684],[-122.5474165,37.8909298],[-122.5474936,37.8908707],[-122.5475883,37.8907362],[-122.5476796,37.8906883],[-122.5477934,37.8906834],[-122.5478775,37.8907119]]}},{"type":"Feature","properties":{"elev_ft":320,"index_contour":false,"label":"320 ft","Block_No":28},"geometry":{"type":"LineString","coordinates":[[-122.5478775,37.8907119],[-122.5481565,37.8908067],[-122.5482134,37.8908145],[-122.5483386,37.8907982],[-122.548578,37.890699],[-122.5486573,37.8907039],[-122.5486575,37.8907399],[-122.5485926,37.8908208],[-122.54848,37.8910547],[-122.5482175,37.891288],[-122.5480894,37.8913777],[-122.5480275,37.8914539],[-122.5479987,37.8915846],[-122.5480152,37.8916568],[-122.5480634,37.8917471],[-122.5480543,37.8917921],[-122.5480012,37.891819],[-122.5477521,37.8918528],[-122.5476837,37.8918745],[-122.547581,37.8919399],[-122.5475225,37.892012]]}},{"type":"Feature","properties":{"elev_ft":320,"index_contour":false,"label":"320 ft","Block_No":27},"geometry":{"type":"LineString","coordinates":[[-122.5475225,37.892012],[-122.5475122,37.8920246],[-122.5474946,37.8921775],[-122.5475989,37.8923402],[-122.5476057,37.8923853],[-122.5473137,37.8926365],[-122.5472638,37.8927084],[-122.5472439,37.8927804],[-122.5472742,37.8929788],[-122.5473803,37.89313],[-122.5474595,37.893196],[-122.5475393,37.8932285]]}},{"type":"Feature","properties":{"elev_ft":320,"index_contour":false,"label":"320 ft","Block_No":7},"geometry":{"type":"LineString","coordinates":[[-122.554555,37.8982588],[-122.5545566,37.8982612],[-122.5546733,37.8983491],[-122.5548889,37.898431],[-122.5549799,37.8984241],[-122.5552421,37.8983348],[-122.5556183,37.8981883],[-122.5556903,37.8981667]]}},{"type":"Feature","properties":{"elev_ft":320,"index_contour":false,"label":"320 ft","Block_No":6},"geometry":{"type":"MultiLineString","coordinates":[[[-122.556055,37.8983445],[-122.5559668,37.8986384]],[[-122.5558095,37.898885],[-122.5558076,37.8988878],[-122.5558076,37.8988883]],[[-122.5558057,37.8989187],[-122.5558038,37.8989509],[-122.5558295,37.8990087],[-122.5558974,37.8990626],[-122.556011,37.8990885],[-122.5562005,37.899098]],[[-122.5563008,37.899103],[-122.556409,37.8991084],[-122.5565693,37.8991072]],[[-122.5564865,37.8996163],[-122.5564855,37.8996169],[-122.5564546,37.8996564],[-122.5564523,37.8997041]],[[-122.5550789,37.8999849],[-122.5549934,37.899965],[-122.5549025,37.8999751]],[[-122.554571,37.8998098],[-122.5545509,37.8997865],[-122.5544942,37.899757],[-122.5544587,37.899765]]]}},{"type":"Feature","properties":{"elev_ft":320,"index_contour":false,"label":"320 ft","Block_No":14},"geometry":{"type":"MultiLineString","coordinates":[[[-122.5487202,37.899445],[-122.5486952,37.8994477],[-122.5484786,37.8995176],[-122.5483192,37.8996435],[-122.5481927,37.899784],[-122.5481242,37.8998162],[-122.5480331,37.8998345],[-122.5479536,37.8998174],[-122.5478515,37.8997704],[-122.5476268,37.8995867],[-122.5472961,37.8994545],[-122.5471824,37.8994428],[-122.5471673,37.8994541]],[[-122.5471218,37.8994931],[-122.5470581,37.8996296],[-122.5468957,37.899824],[-122.546842,37.8999159]]]}},{"type":"Feature","properties":{"elev_ft":320,"index_contour":false,"label":"320 ft","Block_No":8},"geometry":{"type":"MultiLineString","coordinates":[[[-122.5549025,37.8999751],[-122.5547885,37.8999877],[-122.5547127,37.8999743],[-122.554571,37.8998098]],[[-122.5544587,37.899765],[-122.5544259,37.8997724],[-122.5543459,37.8998229],[-122.5541794,37.9000173],[-122.5541399,37.9000384],[-122.5539467,37.9000154],[-122.5534347,37.9000293],[-122.5532188,37.9000039],[-122.5529797,37.9000395],[-122.5529226,37.9000709],[-122.5528228,37.9001744],[-122.5525461,37.9002643],[-122.5524817,37.9003804],[-122.552439,37.9004163],[-122.5523859,37.9004317],[-122.5522608,37.9004242],[-122.5521583,37.9004398],[-122.5520141,37.9005147]]]}},{"type":"Feature","properties":{"elev_ft":320,"index_contour":false,"label":"320 ft","Block_No":5},"geometry":{"type":"MultiLineString","coordinates":[[[-122.5564945,37.8999967],[-122.5565247,37.9001524],[-122.5565874,37.9002987]],[[-122.5565813,37.9004134],[-122.5565718,37.90045],[-122.5565092,37.9005579],[-122.5564859,37.9006659],[-122.5564334,37.9007188],[-122.5563312,37.9006902],[-122.5560476,37.9005681],[-122.5559441,37.9004836],[-122.5557755,37.9004142],[-122.5556398,37.9002918],[-122.5555035,37.9002495],[-122.5552899,37.9001567],[-122.5551523,37.9000242],[-122.5550956,37.8999888],[-122.5550789,37.8999849]]]}},{"type":"Feature","properties":{"elev_ft":340,"index_contour":false,"label":"340 ft","Block_No":58},"geometry":{"type":"LineString","coordinates":[[-122.5376198,37.8898476],[-122.537597,37.8898948],[-122.5375985,37.890003],[-122.5374817,37.8901125],[-122.5372648,37.8902478],[-122.5372165,37.8902637]]}},{"type":"Feature","properties":{"elev_ft":340,"index_contour":false,"label":"340 ft","Block_No":55},"geometry":{"type":"LineString","coordinates":[[-122.5372165,37.8902637],[-122.5370938,37.890304],[-122.5368514,37.8903516],[-122.5367998,37.8904956],[-122.5367255,37.8905403],[-122.5366781,37.8906303],[-122.5366742,37.8907349]]}},{"type":"Feature","properties":{"elev_ft":340,"index_contour":false,"label":"340 ft","Block_No":44},"geometry":{"type":"MultiLineString","coordinates":[[[-122.5380462,37.8912405],[-122.5382939,37.8911819],[-122.5386009,37.8911831],[-122.5387831,37.8911476],[-122.5389012,37.8910446],[-122.5389407,37.8908645],[-122.53899,37.8908055],[-122.5390812,37.890759],[-122.5393315,37.890747],[-122.5394571,37.8906699],[-122.5395593,37.8906929],[-122.5397405,37.8908165],[-122.5397718,37.8908315]],[[-122.5402461,37.8909462],[-122.5402857,37.8909239],[-122.5402951,37.8909118]]]}},{"type":"Feature","properties":{"elev_ft":340,"index_contour":false,"label":"340 ft","Block_No":60},"geometry":{"type":"LineString","coordinates":[[-122.536955,37.8909354],[-122.5370409,37.8909922],[-122.5372709,37.8910909],[-122.537452,37.891226],[-122.5375882,37.8912756],[-122.5377018,37.8912944],[-122.5377999,37.891287]]}},{"type":"Feature","properties":{"elev_ft":340,"index_contour":false,"label":"340 ft","Block_No":54},"geometry":{"type":"LineString","coordinates":[[-122.5377999,37.891287],[-122.5378724,37.8912816],[-122.5380462,37.8912405]]}},{"type":"Feature","properties":{"elev_ft":340,"index_contour":false,"label":"340 ft","Block_No":43},"geometry":{"type":"LineString","coordinates":[[-122.5402951,37.8909118],[-122.5404004,37.8907762],[-122.5405946,37.8906383],[-122.540732,37.8904933],[-122.5408459,37.8904555],[-122.5410243,37.8904293]]}},{"type":"Feature","properties":{"elev_ft":340,"index_contour":false,"label":"340 ft","Block_No":29},"geometry":{"type":"MultiLineString","coordinates":[[[-122.546642,37.8907744],[-122.5466896,37.890779],[-122.5468289,37.890778],[-122.5468713,37.8907962],[-122.546962,37.8908737],[-122.547087,37.8908876],[-122.5472918,37.890864],[-122.5473716,37.8908394],[-122.5474402,37.8907818],[-122.5475794,37.8906107]],[[-122.5476993,37.8905639],[-122.5478054,37.8905712],[-122.5478802,37.8906066]]]}},{"type":"Feature","properties":{"elev_ft":340,"index_contour":false,"label":"340 ft","Block_No":28},"geometry":{"type":"LineString","coordinates":[[-122.5478802,37.8906066],[-122.5479075,37.8906196],[-122.5481231,37.8906893],[-122.5482256,37.8906793],[-122.5483391,37.8907106],[-122.5484074,37.890696],[-122.5485443,37.8906326],[-122.5488175,37.8905864],[-122.5488183,37.8906234],[-122.5486737,37.8908391],[-122.5485588,37.8910911],[-122.5482851,37.8913514],[-122.5481364,37.8914319],[-122.5480987,37.891603],[-122.5481821,37.8917385],[-122.5481752,37.8918106],[-122.548059,37.8918845],[-122.5477742,37.8919574],[-122.5476696,37.8920708]]}},{"type":"Feature","properties":{"elev_ft":340,"index_contour":false,"label":"340 ft","Block_No":27},"geometry":{"type":"LineString","coordinates":[[-122.5476696,37.8920708],[-122.5476289,37.892115],[-122.547633,37.8921871],[-122.547746,37.8923948],[-122.5477187,37.8924398],[-122.5475041,37.8925922],[-122.547414,37.892709],[-122.547398,37.8927901],[-122.5474058,37.8928712],[-122.5474382,37.8929524],[-122.5474867,37.8930157],[-122.5475616,37.8930791],[-122.5476307,37.8931126],[-122.5476585,37.8931161]]}},{"type":"Feature","properties":{"elev_ft":340,"index_contour":false,"label":"340 ft","Block_No":7},"geometry":{"type":"LineString","coordinates":[[-122.5546373,37.8982145],[-122.5547079,37.8982763],[-122.5548781,37.898341],[-122.5549805,37.898338],[-122.5551969,37.8982771],[-122.5556112,37.8980893]]}},{"type":"Feature","properties":{"elev_ft":340,"index_contour":false,"label":"340 ft","Block_No":14},"geometry":{"type":"MultiLineString","coordinates":[[[-122.5503833,37.8999909],[-122.5501593,37.8999659],[-122.5499886,37.8999765],[-122.5499516,37.8999851]],[[-122.5494437,37.8999925],[-122.5493404,37.8999538],[-122.5492553,37.899889]],[[-122.5487457,37.8995861],[-122.548626,37.8995959],[-122.5485119,37.8996549],[-122.5484547,37.8997072],[-122.5483741,37.899871],[-122.5482601,37.8999161],[-122.5481799,37.900014],[-122.5480658,37.9000656],[-122.5479635,37.9000553],[-122.547839,37.8999603],[-122.5477256,37.8998985],[-122.5475327,37.899831],[-122.5473163,37.8998715],[-122.5472094,37.8999358]]]}},{"type":"Feature","properties":{"elev_ft":340,"index_contour":false,"label":"340 ft","Block_No":2},"geometry":{"type":"MultiLineString","coordinates":[[[-122.5570803,37.8990896],[-122.5571142,37.8991091],[-122.5570722,37.899181],[-122.5570524,37.8991986]],[[-122.5568191,37.9004227],[-122.5568206,37.9004239],[-122.5568364,37.90046],[-122.5568097,37.9004747]],[[-122.5567526,37.9006276],[-122.5567609,37.900676],[-122.5567404,37.9007452],[-122.5567017,37.9007874]]]}},{"type":"Feature","properties":{"elev_ft":340,"index_contour":false,"label":"340 ft","Block_No":8},"geometry":{"type":"LineString","coordinates":[[-122.5550577,37.9000782],[-122.5549473,37.9000608],[-122.5547651,37.9000939],[-122.5546855,37.9000924],[-122.55447,37.8999956],[-122.5543675,37.9000194],[-122.5542596,37.9001438],[-122.554196,37.9001719],[-122.5541505,37.9001681],[-122.5540597,37.9001289],[-122.5540029,37.9001251],[-122.5536615,37.900146],[-122.5534792,37.9002072],[-122.5532179,37.9001448],[-122.55307,37.9001548],[-122.55279,37.9003005],[-122.5527559,37.9003454],[-122.5527272,37.9004354],[-122.5526584,37.9005032],[-122.5525216,37.9005556],[-122.5523398,37.9005247],[-122.5522146,37.9005381],[-122.5521089,37.9005863],[-122.5519975,37.9007015],[-122.5519686,37.9007104]]}},{"type":"Feature","properties":{"elev_ft":340,"index_contour":false,"label":"340 ft","Block_No":5},"geometry":{"type":"LineString","coordinates":[[-122.5563447,37.9008057],[-122.5562059,37.9007245],[-122.5559676,37.9006241],[-122.5558735,37.9005465],[-122.5557069,37.9004756],[-122.5555651,37.900347],[-122.5552535,37.9002262],[-122.5550723,37.9000805],[-122.5550577,37.9000782]]}},{"type":"Feature","properties":{"elev_ft":360,"index_contour":false,"label":"360 ft","Block_No":58},"geometry":{"type":"LineString","coordinates":[[-122.5378355,37.8897102],[-122.5378159,37.8897605],[-122.5377607,37.8900397],[-122.537682,37.8901306]]}},{"type":"Feature","properties":{"elev_ft":360,"index_contour":false,"label":"360 ft","Block_No":55},"geometry":{"type":"LineString","coordinates":[[-122.537682,37.8901306],[-122.5375042,37.8903361],[-122.5374775,37.8904081],[-122.5374057,37.8904799],[-122.5373766,37.8905485],[-122.5372818,37.8906237],[-122.5372547,37.8906957],[-122.5373037,37.8907822]]}},{"type":"Feature","properties":{"elev_ft":360,"index_contour":false,"label":"360 ft","Block_No":44},"geometry":{"type":"MultiLineString","coordinates":[[[-122.5379763,37.89113],[-122.5379871,37.8911292],[-122.538124,37.8910639],[-122.5385333,37.8910906],[-122.5386357,37.8910779],[-122.5387393,37.891044],[-122.5387954,37.8909989],[-122.5388057,37.8908099],[-122.5388445,37.8907289],[-122.5391016,37.8906279]],[[-122.5394393,37.8905083],[-122.5394808,37.8905196],[-122.5396846,37.8906576],[-122.5399,37.8907725],[-122.5399795,37.8907936],[-122.5400818,37.8907994],[-122.5401959,37.8907482],[-122.540292,37.8906693]]]}},{"type":"Feature","properties":{"elev_ft":360,"index_contour":false,"label":"360 ft","Block_No":43},"geometry":{"type":"LineString","coordinates":[[-122.540292,37.8906693],[-122.5406188,37.8904009],[-122.5409035,37.890342],[-122.54112,37.8902761],[-122.5411994,37.8903019],[-122.5413123,37.8904136]]}},{"type":"Feature","properties":{"elev_ft":360,"index_contour":false,"label":"360 ft","Block_No":29},"geometry":{"type":"MultiLineString","coordinates":[[[-122.5465929,37.8906929],[-122.5466332,37.8907],[-122.5469064,37.8906597],[-122.5470499,37.8907698],[-122.5471672,37.8907882],[-122.5472696,37.8907757],[-122.5473266,37.8907531],[-122.5474845,37.8905725]],[[-122.5478106,37.8904755],[-122.5478832,37.8904902]]]}},{"type":"Feature","properties":{"elev_ft":360,"index_contour":false,"label":"360 ft","Block_No":28},"geometry":{"type":"LineString","coordinates":[[-122.5478832,37.8904902],[-122.5479196,37.8904975],[-122.5480788,37.8905015],[-122.5482831,37.8905626],[-122.548374,37.8905749],[-122.5485335,37.8905432],[-122.5486927,37.8905368],[-122.5488749,37.8904949],[-122.5489886,37.8905002],[-122.5490015,37.8905249],[-122.5488057,37.8907856],[-122.5487418,37.8909475],[-122.5486497,37.8911094],[-122.5484449,37.8913069],[-122.5482571,37.8915225],[-122.548244,37.8916126],[-122.5483456,37.8917842],[-122.5483434,37.8918636],[-122.5482864,37.891896],[-122.5479691,37.8919991],[-122.5478418,37.8920645],[-122.5477919,37.8921156],[-122.5477919,37.8921197]]}},{"type":"Feature","properties":{"elev_ft":360,"index_contour":false,"label":"360 ft","Block_No":27},"geometry":{"type":"LineString","coordinates":[[-122.5477919,37.8921197],[-122.5477921,37.8922237],[-122.5478727,37.8923502],[-122.547878,37.8923863],[-122.5476051,37.8927187],[-122.5475941,37.8928359],[-122.5476544,37.8929428],[-122.547745,37.8930096],[-122.5477649,37.8930158]]}},{"type":"Feature","properties":{"elev_ft":360,"index_contour":false,"label":"360 ft","Block_No":7},"geometry":{"type":"MultiLineString","coordinates":[[[-122.554977,37.8982535],[-122.554981,37.8982534],[-122.5551319,37.8982183],[-122.5551634,37.8982064]],[[-122.5552811,37.8981618],[-122.5553114,37.8981503],[-122.5553724,37.8981036]]]}},{"type":"Feature","properties":{"elev_ft":360,"index_contour":false,"label":"360 ft","Block_No":14},"geometry":{"type":"MultiLineString","coordinates":[[[-122.5507192,37.9001657],[-122.5505791,37.9001385],[-122.5501018,37.9000778],[-122.549988,37.9000773],[-122.549749,37.900105],[-122.5496304,37.9001056]],[[-122.5495687,37.9001059],[-122.549476,37.9001063],[-122.5492941,37.9000899],[-122.5490328,37.9000383],[-122.5489304,37.9000455],[-122.5488711,37.9000782],[-122.5487378,37.9001047],[-122.5485995,37.9002129],[-122.5485705,37.9002572]]]}},{"type":"Feature","properties":{"elev_ft":360,"index_contour":false,"label":"360 ft","Block_No":2},"geometry":{"type":"MultiLineString","coordinates":[[[-122.5571044,37.8989954],[-122.5572172,37.8989988],[-122.5572563,37.8990195],[-122.5572883,37.8990827],[-122.5572732,37.8991277],[-122.557056,37.8993205],[-122.5569475,37.8994509],[-122.5567975,37.8995958]],[[-122.556831,37.9002942],[-122.5568454,37.9003112],[-122.557008,37.9004246],[-122.557041,37.9004968],[-122.5570239,37.9005418],[-122.5569477,37.9006046],[-122.5569066,37.9006765],[-122.5568868,37.9007396],[-122.5568862,37.9008477],[-122.5568646,37.9008912],[-122.5566708,37.9009778]]]}},{"type":"Feature","properties":{"elev_ft":360,"index_contour":false,"label":"360 ft","Block_No":8},"geometry":{"type":"LineString","coordinates":[[-122.5552333,37.9003033],[-122.5552189,37.900298],[-122.5550943,37.9002034],[-122.5550149,37.9001746],[-122.5546505,37.9002407],[-122.5544688,37.9002033],[-122.5543205,37.9002718],[-122.5541838,37.9003026],[-122.5540493,37.9002872],[-122.5538089,37.9002307],[-122.5536873,37.9002678],[-122.5535466,37.9003489],[-122.5533192,37.9003201],[-122.5530461,37.9003439],[-122.5528977,37.900441],[-122.5528044,37.9005619],[-122.5526689,37.9006555],[-122.5525435,37.9006886],[-122.552396,37.9006349],[-122.552305,37.90064],[-122.5521908,37.90071],[-122.5521172,37.9008387],[-122.552042,37.9008632],[-122.5519395,37.9008355]]}},{"type":"Feature","properties":{"elev_ft":360,"index_contour":false,"label":"360 ft","Block_No":5},"geometry":{"type":"LineString","coordinates":[[-122.5562684,37.900877],[-122.55616,37.9008002],[-122.555899,37.9006921],[-122.5557858,37.9005937],[-122.5556376,37.9005456],[-122.5554913,37.9003986],[-122.5552333,37.9003033]]}},{"type":"Feature","properties":{"elev_ft":380,"index_contour":false,"label":"380 ft","Block_No":57},"geometry":{"type":"MultiLineString","coordinates":[[[-122.5379147,37.8889934],[-122.5380559,37.8891035],[-122.5380893,37.8891757],[-122.5380512,37.8893558],[-122.5380513,37.8893614]],[[-122.5380526,37.8894685],[-122.5380532,37.8895181],[-122.5379362,37.889731]]]}},{"type":"Feature","properties":{"elev_ft":380,"index_contour":false,"label":"380 ft","Block_No":56},"geometry":{"type":"LineString","coordinates":[[-122.5386766,37.8906393],[-122.5387296,37.8906157],[-122.5389164,37.890576],[-122.5390372,37.8905201],[-122.5392234,37.8904059],[-122.5393426,37.8903704],[-122.5394362,37.8903702],[-122.5394484,37.8903746]]}},{"type":"Feature","properties":{"elev_ft":380,"index_contour":false,"label":"380 ft","Block_No":58},"geometry":{"type":"LineString","coordinates":[[-122.5379362,37.889731],[-122.5379297,37.8897429],[-122.5379119,37.8898059],[-122.5378941,37.8899861],[-122.5379036,37.8900123]]}},{"type":"Feature","properties":{"elev_ft":380,"index_contour":false,"label":"380 ft","Block_No":55},"geometry":{"type":"LineString","coordinates":[[-122.5379036,37.8900123],[-122.5379625,37.8901757],[-122.5377642,37.8904072],[-122.5377713,37.8905084],[-122.5377369,37.8905894],[-122.5377773,37.8908059],[-122.5379313,37.89096],[-122.5380329,37.8909518]]}},{"type":"Feature","properties":{"elev_ft":380,"index_contour":false,"label":"380 ft","Block_No":44},"geometry":{"type":"MultiLineString","coordinates":[[[-122.5380329,37.8909518],[-122.5381703,37.8909408],[-122.53825,37.890918],[-122.5383409,37.8909399],[-122.5383978,37.8909318],[-122.5385065,37.8907997],[-122.5385414,37.8907187],[-122.538619,37.890665],[-122.5386766,37.8906393]],[[-122.5395419,37.8904339],[-122.5395861,37.8904795],[-122.5396483,37.8905158],[-122.5397078,37.8905869],[-122.5398002,37.8905975],[-122.5399463,37.8906416],[-122.5400373,37.8906375],[-122.5401855,37.8905829],[-122.5402523,37.8905239]]]}},{"type":"Feature","properties":{"elev_ft":380,"index_contour":false,"label":"380 ft","Block_No":42},"geometry":{"type":"LineString","coordinates":[[-122.5413942,37.8903282],[-122.5414718,37.8903981],[-122.5419225,37.8904706],[-122.5420623,37.8905481],[-122.5421819,37.8905887],[-122.5423381,37.8907336],[-122.5424134,37.8907687],[-122.5427089,37.890809],[-122.5427647,37.8908098]]}},{"type":"Feature","properties":{"elev_ft":380,"index_contour":false,"label":"380 ft","Block_No":43},"geometry":{"type":"LineString","coordinates":[[-122.5402892,37.8904912],[-122.5403916,37.890368],[-122.5404777,37.8903117],[-122.5406082,37.8902727],[-122.5408928,37.890233],[-122.541064,37.8901391],[-122.5411779,37.8901004],[-122.541246,37.8901319],[-122.5413899,37.8903243],[-122.5413942,37.8903282]]}},{"type":"Feature","properties":{"elev_ft":380,"index_contour":false,"label":"380 ft","Block_No":29},"geometry":{"type":"LineString","coordinates":[[-122.5465096,37.8905541],[-122.5466566,37.8906038],[-122.5467362,37.8905978],[-122.5468957,37.890554],[-122.5469867,37.8905531],[-122.5470361,37.8905715],[-122.5471241,37.8906439],[-122.5471907,37.8906616],[-122.5472477,37.8906516],[-122.5472933,37.8906256],[-122.5473853,37.8905327]]}},{"type":"Feature","properties":{"elev_ft":380,"index_contour":false,"label":"380 ft","Block_No":28},"geometry":{"type":"LineString","coordinates":[[-122.5479489,37.8903895],[-122.5483291,37.8904837],[-122.5485795,37.890445],[-122.5487501,37.8904496],[-122.5490801,37.8904246],[-122.5491435,37.8904353],[-122.5491432,37.8904804],[-122.5489101,37.890804],[-122.5488757,37.8909751],[-122.5487216,37.8911728],[-122.5484941,37.8913937],[-122.5483954,37.891523],[-122.548387,37.8916312],[-122.5484866,37.8918208],[-122.5485038,37.891893],[-122.5484944,37.891929],[-122.548206,37.8920216],[-122.5480409,37.8921075],[-122.5479752,37.8921794],[-122.5479726,37.8921919]]}},{"type":"Feature","properties":{"elev_ft":380,"index_contour":false,"label":"380 ft","Block_No":27},"geometry":{"type":"LineString","coordinates":[[-122.5479726,37.8921919],[-122.5479623,37.8922424],[-122.5479915,37.8923507],[-122.5479863,37.8924138],[-122.5478546,37.8926115],[-122.5478175,37.8927105],[-122.5478316,37.8928097],[-122.5478845,37.8928911],[-122.5478916,37.8928962]]}},{"type":"Feature","properties":{"elev_ft":380,"index_contour":false,"label":"380 ft","Block_No":14},"geometry":{"type":"LineString","coordinates":[[-122.5507646,37.9002914],[-122.5501353,37.9001772],[-122.5499533,37.9001719],[-122.5496461,37.9001948],[-122.5494979,37.900244],[-122.5494309,37.9003237],[-122.5494376,37.9004229],[-122.5495229,37.9005571]]}},{"type":"Feature","properties":{"elev_ft":380,"index_contour":false,"label":"380 ft","Block_No":2},"geometry":{"type":"LineString","coordinates":[[-122.5571325,37.8989247],[-122.5572973,37.8989117],[-122.5573313,37.8989349],[-122.5573593,37.8990199],[-122.5574184,37.8991102],[-122.5574012,37.8991552],[-122.5572381,37.899301],[-122.5571306,37.8994336],[-122.5568265,37.8996654],[-122.5567618,37.8997477],[-122.5567583,37.8998378],[-122.5568215,37.9001535],[-122.5569027,37.9002379],[-122.5571807,37.9003621],[-122.5571838,37.9004973],[-122.557112,37.9006232],[-122.557008,37.900749],[-122.557028,37.9009474],[-122.5570119,37.9009899],[-122.5569319,37.9010563],[-122.5568179,37.9010916],[-122.5567353,37.9011346]]}},{"type":"Feature","properties":{"elev_ft":380,"index_contour":false,"label":"380 ft","Block_No":8},"geometry":{"type":"LineString","coordinates":[[-122.5552551,37.9003956],[-122.5550254,37.9003119],[-122.5549572,37.9003181],[-122.5547976,37.9003681],[-122.5546043,37.9003659],[-122.5543196,37.9004188],[-122.5539668,37.9004408],[-122.5538643,37.9004638],[-122.5537566,37.9005204],[-122.5536591,37.9005477],[-122.5533295,37.9005047],[-122.5532385,37.900512],[-122.5530558,37.9006164],[-122.5528502,37.9007593],[-122.552702,37.9008131],[-122.5525996,37.9008169],[-122.5525602,37.9008584],[-122.5522912,37.9010295],[-122.5521772,37.9010716],[-122.5520748,37.9010851],[-122.5519838,37.901077],[-122.5518921,37.9010397]]}},{"type":"Feature","properties":{"elev_ft":380,"index_contour":false,"label":"380 ft","Block_No":5},"geometry":{"type":"LineString","coordinates":[[-122.5562074,37.900934],[-122.5561369,37.9008578],[-122.5558417,37.9007602],[-122.5557512,37.9006871],[-122.5555924,37.9006108],[-122.5554,37.9004485],[-122.5552551,37.9003956]]}},{"type":"Feature","properties":{"elev_ft":400,"index_contour":true,"label":"400 ft","Block_No":2},"geometry":{"type":"LineString","coordinates":[[-122.557224,37.8988536],[-122.5573547,37.8988304],[-122.5573954,37.8988668],[-122.5574364,37.8989931],[-122.557523,37.8991016],[-122.5575311,37.8991377],[-122.5575151,37.8991737],[-122.557334,37.8993532],[-122.5572658,37.8994702],[-122.557181,37.8995329],[-122.557043,37.8996032],[-122.5569151,37.8997122],[-122.556883,37.8997661],[-122.5568631,37.8999013],[-122.5568817,37.9000546],[-122.5569062,37.9001177],[-122.5569713,37.9001786],[-122.5571416,37.900234],[-122.5573076,37.9003265],[-122.5573525,37.900498],[-122.5572869,37.9006538],[-122.557139,37.9008036],[-122.5571689,37.9009569],[-122.5571481,37.9010342],[-122.5570616,37.9011278],[-122.556933,37.9013346],[-122.5568447,37.9014023]]}},{"type":"Feature","properties":{"elev_ft":400,"index_contour":true,"label":"400 ft","Block_No":8},"geometry":{"type":"MultiLineString","coordinates":[[[-122.5552293,37.900484],[-122.5551951,37.900474],[-122.5550587,37.9004545],[-122.5548281,37.9004636]],[[-122.5548149,37.9004641],[-122.5545922,37.9004729],[-122.5543528,37.9005671],[-122.5539885,37.9006201],[-122.5537491,37.9007098],[-122.5535675,37.9006475],[-122.5535106,37.9006481],[-122.5533973,37.9007083],[-122.5532822,37.900805],[-122.5530884,37.9008727],[-122.5529514,37.9009556],[-122.5528147,37.9009938],[-122.5527003,37.9010995],[-122.5525658,37.9011618]]]}},{"type":"Feature","properties":{"elev_ft":400,"index_contour":true,"label":"400 ft","Block_No":5},"geometry":{"type":"LineString","coordinates":[[-122.5561293,37.9010069],[-122.5560273,37.9008805],[-122.5557845,37.9008187],[-122.5556031,37.9007178],[-122.5555453,37.9006534],[-122.5554407,37.9005989],[-122.5553654,37.9005237],[-122.5552293,37.900484]]}},{"type":"Feature","properties":{"elev_ft":400,"index_contour":true,"label":"400 ft","Block_No":4},"geometry":{"type":"LineString","coordinates":[[-122.5548281,37.9004636],[-122.5548149,37.9004641]]}},{"type":"Feature","properties":{"elev_ft":400,"index_contour":true,"label":"400 ft","Block_No":57},"geometry":{"type":"LineString","coordinates":[[-122.5381278,37.8888205],[-122.5380922,37.888866],[-122.5380903,37.8889144],[-122.5381287,37.8889956],[-122.5382177,37.8891041],[-122.5382392,37.8891943],[-122.5381482,37.8895275],[-122.5381283,37.8896986],[-122.538139,37.8897347],[-122.5382066,37.8898173]]}},{"type":"Feature","properties":{"elev_ft":400,"index_contour":true,"label":"400 ft","Block_No":56},"geometry":{"type":"LineString","coordinates":[[-122.5384622,37.8906245],[-122.5385803,37.8905386],[-122.538662,37.8905097],[-122.5388442,37.8904774],[-122.539175,37.8903078],[-122.539289,37.8902693],[-122.5394597,37.8902527],[-122.5395541,37.8903008]]}},{"type":"Feature","properties":{"elev_ft":400,"index_contour":true,"label":"400 ft","Block_No":58},"geometry":{"type":"LineString","coordinates":[[-122.5382066,37.8898173],[-122.5382114,37.8898232],[-122.5382124,37.8898281]]}},{"type":"Feature","properties":{"elev_ft":400,"index_contour":true,"label":"400 ft","Block_No":55},"geometry":{"type":"LineString","coordinates":[[-122.5382124,37.8898281],[-122.5382543,37.8900236],[-122.5382271,37.8901046],[-122.5381612,37.8901855],[-122.5381726,37.8902937],[-122.5380578,37.8904735],[-122.5381216,37.8905819],[-122.5381377,37.8906851],[-122.5381831,37.8907106],[-122.5383693,37.890673],[-122.5384447,37.8906372],[-122.5384622,37.8906245]]}},{"type":"Feature","properties":{"elev_ft":400,"index_contour":true,"label":"400 ft","Block_No":42},"geometry":{"type":"LineString","coordinates":[[-122.541438,37.8900665],[-122.5415606,37.8902438],[-122.5416543,37.890307],[-122.541995,37.8903931],[-122.5421538,37.8904579],[-122.5423015,37.8904731],[-122.5424713,37.8906036],[-122.5425392,37.8906352],[-122.5428008,37.8906664],[-122.5430168,37.8906707],[-122.543105,37.8907317]]}},{"type":"Feature","properties":{"elev_ft":400,"index_contour":true,"label":"400 ft","Block_No":43},"geometry":{"type":"LineString","coordinates":[[-122.5401531,37.8903447],[-122.5403509,37.890167],[-122.5407798,37.8901099],[-122.5410879,37.8899457],[-122.541236,37.8899058],[-122.5412814,37.8899219],[-122.5414107,37.8900269],[-122.541438,37.8900665]]}},{"type":"Feature","properties":{"elev_ft":400,"index_contour":true,"label":"400 ft","Block_No":29},"geometry":{"type":"LineString","coordinates":[[-122.5465889,37.8904696],[-122.5466914,37.8904904],[-122.5466963,37.8904901]]}},{"type":"Feature","properties":{"elev_ft":400,"index_contour":true,"label":"400 ft","Block_No":28},"geometry":{"type":"LineString","coordinates":[[-122.5481439,37.890343],[-122.5483183,37.8903874],[-122.5483979,37.8903854],[-122.548458,37.890373]]}},{"type":"Feature","properties":{"elev_ft":400,"index_contour":true,"label":"400 ft","Block_No":14},"geometry":{"type":"MultiLineString","coordinates":[[[-122.5504624,37.9007074],[-122.5508199,37.9008067],[-122.5509611,37.9009184],[-122.5509962,37.9009583]],[[-122.5507708,37.900444],[-122.5506911,37.9004299],[-122.5500873,37.9002721]]]}},{"type":"Feature","properties":{"elev_ft":400,"index_contour":true,"label":"400 ft","Block_No":43},"geometry":{"type":"LineString","coordinates":[[-122.5415053,37.8897993],[-122.541373,37.8898153],[-122.5413357,37.8898013],[-122.5412599,37.8897284],[-122.5411495,37.8895434]]}},{"type":"Feature","properties":{"elev_ft":400,"index_contour":true,"label":"400 ft","Block_No":28},"geometry":{"type":"LineString","coordinates":[[-122.549259,37.8904572],[-122.5491605,37.8905796],[-122.5490404,37.8907865],[-122.5490202,37.8910027],[-122.5488101,37.8912452],[-122.5487035,37.8913413]]}},{"type":"Feature","properties":{"elev_ft":400,"index_contour":true,"label":"400 ft","Block_No":14},"geometry":{"type":"LineString","coordinates":[[-122.5500873,37.9002721],[-122.5499186,37.9002652],[-122.5497592,37.9002934],[-122.5497319,37.9003158],[-122.5497141,37.9003698],[-122.5497332,37.900442],[-122.5498065,37.9005144],[-122.5499961,37.90061],[-122.5501666,37.9006287],[-122.5503369,37.9006686]]}},{"type":"Feature","properties":{"elev_ft":400,"index_contour":true,"label":"400 ft","Block_No":28},"geometry":{"type":"LineString","coordinates":[[-122.5485437,37.8915109],[-122.5485341,37.8915236],[-122.5485313,37.8915337]]}},{"type":"Feature","properties":{"elev_ft":420,"index_contour":false,"label":"420 ft","Block_No":2},"geometry":{"type":"LineString","coordinates":[[-122.5573442,37.8987603],[-122.5573665,37.8987535],[-122.557412,37.8987566],[-122.5574459,37.8987933],[-122.5575132,37.8989578],[-122.5576149,37.8990749],[-122.5576177,37.899156],[-122.5575453,37.899286],[-122.5574278,37.8994077],[-122.5573618,37.8995408],[-122.5572552,37.8996053],[-122.5570972,37.8996678],[-122.5569964,37.8997843],[-122.5569618,37.8998554],[-122.5569604,37.8999827],[-122.5569947,37.9000665],[-122.5570513,37.9001131],[-122.5572038,37.9001549],[-122.557315,37.9002545],[-122.5574141,37.9002999],[-122.5574291,37.9003721],[-122.5574948,37.9004715],[-122.5575076,37.9005256],[-122.5574461,37.9006564],[-122.5572743,37.9008515],[-122.5572558,37.9010204],[-122.5571573,37.9011822],[-122.5571235,37.9013557],[-122.5570695,37.9014252],[-122.5569437,37.9014969],[-122.55689,37.9015434]]}},{"type":"Feature","properties":{"elev_ft":420,"index_contour":false,"label":"420 ft","Block_No":8},"geometry":{"type":"MultiLineString","coordinates":[[[-122.5548014,37.9005926],[-122.5547507,37.9006044],[-122.5547264,37.900613]],[[-122.554443,37.9007139],[-122.5543403,37.9007505],[-122.554215,37.9007821],[-122.5540185,37.900891],[-122.5538838,37.9010014],[-122.5538269,37.9010072],[-122.5537133,37.9009825],[-122.5536108,37.9010184],[-122.5535258,37.9010191]]]}},{"type":"Feature","properties":{"elev_ft":420,"index_contour":false,"label":"420 ft","Block_No":5},"geometry":{"type":"LineString","coordinates":[[-122.5560293,37.9011002],[-122.5559425,37.9010277],[-122.5557996,37.9009642]]}},{"type":"Feature","properties":{"elev_ft":420,"index_contour":false,"label":"420 ft","Block_No":4},"geometry":{"type":"MultiLineString","coordinates":[[[-122.5557996,37.9009642],[-122.5557723,37.9009521],[-122.5556477,37.9008663],[-122.5555002,37.9008113],[-122.5551601,37.9006219],[-122.5550126,37.9005646],[-122.5549216,37.9005646],[-122.5548014,37.9005926]],[[-122.5547264,37.900613],[-122.554443,37.9007139]]]}},{"type":"Feature","properties":{"elev_ft":420,"index_contour":false,"label":"420 ft","Block_No":42},"geometry":{"type":"LineString","coordinates":[[-122.5427297,37.8896077],[-122.5426478,37.8896472],[-122.5425066,37.8896887],[-122.5424196,37.8897515],[-122.5422829,37.8898092],[-122.542226,37.8898235],[-122.5421464,37.8898209],[-122.5421121,37.8898378],[-122.5420395,37.8899302],[-122.5420239,37.8899752],[-122.5420235,37.8900654],[-122.5420724,37.8902188],[-122.5421323,37.8902629],[-122.542382,37.8903403],[-122.5426768,37.8904873],[-122.5428357,37.8905372],[-122.5429123,37.8905522]]}},{"type":"Feature","properties":{"elev_ft":420,"index_contour":false,"label":"420 ft","Block_No":57},"geometry":{"type":"LineString","coordinates":[[-122.538797,37.8886897],[-122.5385705,37.8887707],[-122.5385033,37.8888349],[-122.5383731,37.8889155],[-122.5383671,37.8890236],[-122.5384045,37.8891139],[-122.5384032,37.889195],[-122.5383821,37.889267],[-122.538336,37.8893389],[-122.5383235,37.889429],[-122.5382511,37.8895369],[-122.5382732,37.8896271],[-122.538269,37.8897077],[-122.5383832,37.8898737]]}},{"type":"Feature","properties":{"elev_ft":420,"index_contour":false,"label":"420 ft","Block_No":56},"geometry":{"type":"LineString","coordinates":[[-122.5385369,37.8901951],[-122.5386027,37.8903134],[-122.5386267,37.8903315],[-122.5387653,37.8903572],[-122.5390277,37.8902339],[-122.5393239,37.890147],[-122.5394944,37.8901586],[-122.5396986,37.8902383],[-122.5398462,37.8902786],[-122.5399714,37.8902684],[-122.5400692,37.8902001]]}},{"type":"Feature","properties":{"elev_ft":420,"index_contour":false,"label":"420 ft","Block_No":55},"geometry":{"type":"LineString","coordinates":[[-122.5383832,37.8898737],[-122.5383937,37.889889],[-122.5384772,37.8900876],[-122.5385369,37.8901951]]}},{"type":"Feature","properties":{"elev_ft":420,"index_contour":false,"label":"420 ft","Block_No":43},"geometry":{"type":"LineString","coordinates":[[-122.5400692,37.8902001],[-122.5402227,37.890093],[-122.540496,37.8900374],[-122.5407125,37.8899708],[-122.5407445,37.8899342],[-122.5407932,37.8897934],[-122.5408776,37.8896507]]}},{"type":"Feature","properties":{"elev_ft":420,"index_contour":false,"label":"420 ft","Block_No":14},"geometry":{"type":"MultiLineString","coordinates":[[[-122.5506116,37.9005535],[-122.5505539,37.9005492],[-122.5504769,37.900571],[-122.5507805,37.9006909],[-122.5508828,37.9006971],[-122.5509623,37.9007262],[-122.5509916,37.9007064]],[[-122.5508308,37.9005772],[-122.5506116,37.9005535]]]}},{"type":"Feature","properties":{"elev_ft":420,"index_contour":false,"label":"420 ft","Block_No":28},"geometry":{"type":"LineString","coordinates":[[-122.5492646,37.8905858],[-122.5492181,37.8906587]]}},{"type":"Feature","properties":{"elev_ft":440,"index_contour":false,"label":"440 ft","Block_No":2},"geometry":{"type":"LineString","coordinates":[[-122.5574763,37.8986594],[-122.5575036,37.8986617],[-122.5575488,37.8986991],[-122.5575806,37.8988945],[-122.5576989,37.8990211],[-122.5577222,37.8990753],[-122.5577197,37.8991384],[-122.5576774,37.8992374],[-122.5576777,37.8993365],[-122.5575615,37.8994352],[-122.5574296,37.8996174],[-122.5572473,37.8996756],[-122.5571896,37.8997132],[-122.5571088,37.8998121],[-122.5570893,37.8998931],[-122.5571451,37.8999925],[-122.5573547,37.9001284],[-122.5573805,37.9002144],[-122.5574827,37.9002433],[-122.5575111,37.9002642],[-122.5575136,37.9003544],[-122.5576014,37.9004989],[-122.5576104,37.900571],[-122.5575368,37.9007174],[-122.5573611,37.9009577],[-122.5573431,37.9010387],[-122.5572707,37.9011917],[-122.5572783,37.9013629],[-122.5572489,37.901462],[-122.5572022,37.9015091],[-122.5570195,37.9016206],[-122.556944,37.9017111]]}},{"type":"Feature","properties":{"elev_ft":440,"index_contour":false,"label":"440 ft","Block_No":4},"geometry":{"type":"LineString","coordinates":[[-122.5559383,37.9011853],[-122.5558849,37.9011382],[-122.5557829,37.9010854],[-122.5554834,37.9009866],[-122.55539,37.9009142],[-122.5552271,37.9008305],[-122.5551132,37.900844],[-122.5549654,37.900831],[-122.5547489,37.9008994],[-122.5546423,37.9009744],[-122.5545885,37.9010925],[-122.5544061,37.9011674],[-122.5543607,37.9013198]]}},{"type":"Feature","properties":{"elev_ft":440,"index_contour":false,"label":"440 ft","Block_No":42},"geometry":{"type":"LineString","coordinates":[[-122.542848,37.8897172],[-122.5426704,37.8898426],[-122.5425952,37.8899234],[-122.5425827,37.8900044],[-122.5425157,37.8900763],[-122.5425691,37.8901937],[-122.5426624,37.8902518]]}},{"type":"Feature","properties":{"elev_ft":440,"index_contour":false,"label":"440 ft","Block_No":57},"geometry":{"type":"LineString","coordinates":[[-122.5389453,37.8889154],[-122.538797,37.888919],[-122.538683,37.8889662],[-122.5386258,37.8890121],[-122.5386184,37.8891057],[-122.5385606,37.8892317],[-122.5385311,37.8893487],[-122.5384855,37.8896279],[-122.538487,37.8897],[-122.5385384,37.8898625],[-122.5386131,37.8898932]]}},{"type":"Feature","properties":{"elev_ft":440,"index_contour":false,"label":"440 ft","Block_No":56},"geometry":{"type":"LineString","coordinates":[[-122.5386131,37.8898932],[-122.538643,37.8899055],[-122.5387785,37.8900615],[-122.5388239,37.8900727],[-122.5390173,37.8900711],[-122.5392677,37.8900448],[-122.5394041,37.8900505],[-122.539756,37.8901482],[-122.5398812,37.8901404],[-122.5401146,37.8900126]]}},{"type":"Feature","properties":{"elev_ft":440,"index_contour":false,"label":"440 ft","Block_No":43},"geometry":{"type":"LineString","coordinates":[[-122.5401146,37.8900126],[-122.5402235,37.889953],[-122.5404402,37.8898662],[-122.5404502,37.8898159],[-122.5404321,37.8896716],[-122.5403842,37.8895813],[-122.5403246,37.8895369]]}},{"type":"Feature","properties":{"elev_ft":440,"index_contour":false,"label":"440 ft","Block_No":42},"geometry":{"type":"LineString","coordinates":[[-122.54316,37.8896116],[-122.5430119,37.88963],[-122.5428716,37.8896982]]}},{"type":"Feature","properties":{"elev_ft":460,"index_contour":false,"label":"460 ft","Block_No":1},"geometry":{"type":"LineString","coordinates":[[-122.5577143,37.9003892],[-122.5577269,37.9005534],[-122.5577193,37.9005753]]}},{"type":"Feature","properties":{"elev_ft":460,"index_contour":false,"label":"460 ft","Block_No":2},"geometry":{"type":"MultiLineString","coordinates":[[[-122.5575908,37.8985815],[-122.5576992,37.8986336],[-122.5577476,37.8988591],[-122.5578761,37.8989948],[-122.5578679,37.8990758],[-122.5577575,37.8993729],[-122.5576492,37.8994806],[-122.5575386,37.8996514],[-122.5574518,37.8997024],[-122.5572735,37.8997225],[-122.5572355,37.8997494],[-122.5572125,37.8997908],[-122.5572235,37.8998535],[-122.5573008,37.899939],[-122.55745,37.9000174],[-122.5576278,37.9001745],[-122.5577518,37.9002201],[-122.5577779,37.9002652],[-122.5577124,37.9003641],[-122.5577143,37.9003892]],[[-122.5577193,37.9005753],[-122.5576679,37.9007245],[-122.5576722,37.9008893],[-122.5576378,37.9009322],[-122.5574665,37.9010478],[-122.5574203,37.9011291],[-122.5574364,37.9014717],[-122.5572924,37.9016359],[-122.5570872,37.9017134],[-122.5570071,37.9017874],[-122.5569891,37.9018513]]]}},{"type":"Feature","properties":{"elev_ft":460,"index_contour":false,"label":"460 ft","Block_No":4},"geometry":{"type":"LineString","coordinates":[[-122.5558608,37.9012576],[-122.5556345,37.9011635],[-122.5554756,37.9011186],[-122.5553618,37.9011272],[-122.5552817,37.9012051],[-122.5551847,37.9012108],[-122.5550875,37.9013362],[-122.5550191,37.9013647],[-122.5548981,37.9014621],[-122.5548951,37.9015072],[-122.5550233,37.9016248],[-122.5550392,37.9017073]]}},{"type":"Feature","properties":{"elev_ft":460,"index_contour":false,"label":"460 ft","Block_No":42},"geometry":{"type":"LineString","coordinates":[[-122.5433055,37.8897332],[-122.5431908,37.8897815],[-122.5430317,37.8899161],[-122.5429785,37.889988],[-122.5429641,37.890069],[-122.5429791,37.8900962]]}},{"type":"Feature","properties":{"elev_ft":460,"index_contour":false,"label":"460 ft","Block_No":57},"geometry":{"type":"MultiLineString","coordinates":[[[-122.5391218,37.8891978],[-122.5389545,37.8891961],[-122.5388861,37.8892191],[-122.5388378,37.8892598],[-122.5387966,37.8893498],[-122.5386743,37.8894845],[-122.5387121,37.889774],[-122.5387643,37.889829]],[[-122.5393401,37.8896333],[-122.5393972,37.8895234],[-122.5394031,37.8894062],[-122.539373,37.889343],[-122.5392725,37.8892599],[-122.5391218,37.8891978]]]}},{"type":"Feature","properties":{"elev_ft":460,"index_contour":false,"label":"460 ft","Block_No":56},"geometry":{"type":"LineString","coordinates":[[-122.5387643,37.889829],[-122.5387686,37.8898335],[-122.5388592,37.8898916],[-122.5389159,37.8899098],[-122.5390637,37.8899196],[-122.5392679,37.8898473],[-122.5392918,37.8898114],[-122.5392945,37.8897212],[-122.5393401,37.8896333]]}},{"type":"Feature","properties":{"elev_ft":480,"index_contour":false,"label":"480 ft","Block_No":3},"geometry":{"type":"LineString","coordinates":[[-122.5576239,37.8985001],[-122.5576814,37.8985198]]}},{"type":"Feature","properties":{"elev_ft":480,"index_contour":false,"label":"480 ft","Block_No":1},"geometry":{"type":"MultiLineString","coordinates":[[[-122.5579928,37.9002398],[-122.5580052,37.9002571],[-122.5579864,37.9002793]],[[-122.5578959,37.9003861],[-122.5578758,37.9004098],[-122.5578969,37.9005361],[-122.5578309,37.9007161],[-122.5578342,37.9007967]]]}},{"type":"Feature","properties":{"elev_ft":480,"index_contour":false,"label":"480 ft","Block_No":2},"geometry":{"type":"MultiLineString","coordinates":[[[-122.5576814,37.8985198],[-122.5577886,37.8985564],[-122.557825,37.898589],[-122.5578354,37.8987603],[-122.557856,37.8988234],[-122.5579003,37.8988901],[-122.5579905,37.8989682],[-122.558014,37.8991395],[-122.5579498,37.8992384],[-122.5578687,37.8994183],[-122.5577476,37.899517],[-122.5576111,37.8997023],[-122.5574631,37.8997773],[-122.5574313,37.8998133],[-122.5574695,37.8998855],[-122.5577088,37.9000937],[-122.557972,37.9002108],[-122.5579928,37.9002398]],[[-122.5579864,37.9002793],[-122.5578959,37.9003861]],[[-122.5578342,37.9007967],[-122.5578353,37.9008242],[-122.5578132,37.9008963],[-122.5577375,37.9010131],[-122.5575831,37.9011658],[-122.5575849,37.9012109],[-122.5576527,37.9013553],[-122.5576096,37.9015625],[-122.5574525,37.9017061],[-122.5571584,37.90175],[-122.557094,37.9017949],[-122.5570564,37.9018488],[-122.5570596,37.9019029],[-122.5571085,37.9019499],[-122.5573471,37.9019912],[-122.5573551,37.9020212],[-122.5573282,37.9020661],[-122.557253,37.9021165]]]}},{"type":"Feature","properties":{"elev_ft":480,"index_contour":false,"label":"480 ft","Block_No":4},"geometry":{"type":"LineString","coordinates":[[-122.5556904,37.9014167],[-122.5555531,37.9014585],[-122.5554061,37.9015992],[-122.5553464,37.9017612],[-122.5553989,37.9020116]]}},{"type":"Feature","properties":{"elev_ft":480,"index_contour":false,"label":"480 ft","Block_No":42},"geometry":{"type":"LineString","coordinates":[[-122.5434874,37.8899186],[-122.5434333,37.8900078]]}},{"type":"Feature","properties":{"elev_ft":500,"index_contour":true,"label":"500 ft","Block_No":3},"geometry":{"type":"LineString","coordinates":[[-122.5574715,37.898373],[-122.5576758,37.8983896],[-122.5577793,37.8984508]]}},{"type":"Feature","properties":{"elev_ft":500,"index_contour":true,"label":"500 ft","Block_No":1},"geometry":{"type":"MultiLineString","coordinates":[[[-122.558103,37.8989087],[-122.5581308,37.8989236],[-122.5581135,37.8990317],[-122.5581656,37.8991491],[-122.5581624,37.8991851],[-122.5580387,37.8992838],[-122.55798,37.8994548],[-122.5578296,37.8995804],[-122.5577244,37.8997062],[-122.5575827,37.8998319],[-122.5576315,37.8999132],[-122.5577155,37.8999744]],[[-122.5579016,37.9000554],[-122.5579502,37.9000552],[-122.5580297,37.900074],[-122.5582602,37.9001769],[-122.5582941,37.9002131],[-122.5582674,37.9002745],[-122.5581873,37.9003428],[-122.5580719,37.9004917],[-122.5579922,37.9006476],[-122.5579717,37.9007346],[-122.557987,37.9007967]],[[-122.5578414,37.9013106],[-122.557789,37.9016803],[-122.5576756,37.9018421],[-122.5576826,37.9018872],[-122.5577287,37.9019595],[-122.5578474,37.9020548]]]}},{"type":"Feature","properties":{"elev_ft":500,"index_contour":true,"label":"500 ft","Block_No":2},"geometry":{"type":"MultiLineString","coordinates":[[[-122.5577793,37.8984508],[-122.5578005,37.8984633],[-122.5579254,37.8984984],[-122.5579382,37.8985263],[-122.5579292,37.8986795],[-122.5579653,37.8987968],[-122.558012,37.8988601],[-122.558103,37.8989087]],[[-122.5577155,37.8999744],[-122.5578056,37.90004],[-122.5578478,37.9000557],[-122.5579016,37.9000554]],[[-122.557987,37.9007967],[-122.5580095,37.900888],[-122.5580049,37.9009511],[-122.5579321,37.9011844],[-122.5578439,37.901293],[-122.5578414,37.9013106]],[[-122.5578474,37.9020548],[-122.5579093,37.9021044],[-122.5579207,37.9021585],[-122.5578901,37.9021854],[-122.5578236,37.9022041],[-122.5575846,37.9022199],[-122.5574132,37.9022806]]]}},{"type":"Feature","properties":{"elev_ft":500,"index_contour":true,"label":"500 ft","Block_No":4},"geometry":{"type":"LineString","coordinates":[[-122.5556332,37.9016125],[-122.5555975,37.9016475],[-122.5555506,37.9018431],[-122.5555935,37.9021137],[-122.5556513,37.9021567],[-122.5558672,37.9022013],[-122.5559586,37.9022714]]}},{"type":"Feature","properties":{"elev_ft":500,"index_contour":true,"label":"500 ft","Block_No":2},"geometry":{"type":"LineString","coordinates":[[-122.5573844,37.9017869],[-122.5573226,37.9017867],[-122.5572908,37.9018226],[-122.5572904,37.9018497],[-122.5573366,37.9018575],[-122.5573922,37.901841],[-122.5574068,37.9018141],[-122.5573844,37.9017869]]}},{"type":"Feature","properties":{"elev_ft":520,"index_contour":false,"label":"520 ft","Block_No":3},"geometry":{"type":"MultiLineString","coordinates":[[[-122.5555525,37.8967818],[-122.5556231,37.8968502],[-122.5556738,37.8969132]],[[-122.5573266,37.8982326],[-122.5573913,37.8982719],[-122.5574944,37.8982953],[-122.5577333,37.8982813],[-122.55779,37.8983076],[-122.5578702,37.8983793]]]}},{"type":"Feature","properties":{"elev_ft":520,"index_contour":false,"label":"520 ft","Block_No":1},"geometry":{"type":"MultiLineString","coordinates":[[[-122.5579172,37.8983958],[-122.5580758,37.8984277],[-122.5580385,37.8985988],[-122.5580434,37.8986889],[-122.5581029,37.8987793],[-122.5582191,37.8988308],[-122.5582417,37.8988543],[-122.5582385,37.8990322],[-122.5582885,37.8991315],[-122.5582938,37.8991946],[-122.5581437,37.8993563],[-122.5580876,37.8995093],[-122.5579528,37.8996169],[-122.5578487,37.8997608],[-122.5577471,37.8998415],[-122.5577358,37.8998685],[-122.5577804,37.8999182],[-122.5579964,37.899945],[-122.5583028,37.900061],[-122.558436,37.9001325],[-122.5584429,37.9001433]],[[-122.5580033,37.9013029],[-122.5579081,37.9013909],[-122.5578936,37.9014283],[-122.5579076,37.9014718],[-122.5579919,37.9015729],[-122.5579332,37.9017259],[-122.5579424,37.9018251],[-122.558045,37.9019607],[-122.5581565,37.9020322]]]}},{"type":"Feature","properties":{"elev_ft":520,"index_contour":false,"label":"520 ft","Block_No":2},"geometry":{"type":"MultiLineString","coordinates":[[[-122.5578702,37.8983793],[-122.5578806,37.8983885],[-122.5579172,37.8983958]],[[-122.5580882,37.9010513],[-122.5580037,37.9013026],[-122.5580033,37.9013029]],[[-122.5581565,37.9020322],[-122.5581863,37.9020513],[-122.5583082,37.902169],[-122.5583119,37.902214],[-122.5582829,37.9022441]]]}},{"type":"Feature","properties":{"elev_ft":520,"index_contour":false,"label":"520 ft","Block_No":4},"geometry":{"type":"LineString","coordinates":[[-122.5559629,37.9019233],[-122.5558686,37.9019563],[-122.5558435,37.9019884],[-122.5558532,37.9020245],[-122.5560032,37.9021062],[-122.5561271,37.902341],[-122.556241,37.9024635],[-122.556377,37.9025395],[-122.5564945,37.9025726]]}},{"type":"Feature","properties":{"elev_ft":520,"index_contour":false,"label":"520 ft","Block_No":4},"geometry":{"type":"LineString","coordinates":[[-122.5566309,37.9025598],[-122.5566335,37.9025556]]}},{"type":"Feature","properties":{"elev_ft":540,"index_contour":false,"label":"540 ft","Block_No":3},"geometry":{"type":"MultiLineString","coordinates":[[[-122.5557931,37.8966578],[-122.5558475,37.896788],[-122.5559198,37.8968423],[-122.5559824,37.8968425],[-122.5561614,37.8967771],[-122.5564238,37.8966354],[-122.5564897,37.8966181]],[[-122.5571724,37.897124],[-122.557183,37.8971209],[-122.5572093,37.8971356],[-122.5572082,37.8971496]],[[-122.5573098,37.8978804],[-122.5573294,37.8979021],[-122.5573164,37.8980076]],[[-122.5573897,37.898151],[-122.5573929,37.8981558],[-122.5574496,37.8981839],[-122.5578021,37.8981916],[-122.5578502,37.8982195],[-122.5579312,37.89831],[-122.5579479,37.8983182]]]}},{"type":"Feature","properties":{"elev_ft":540,"index_contour":false,"label":"540 ft","Block_No":1},"geometry":{"type":"LineString","coordinates":[[-122.5579479,37.8983182],[-122.5579719,37.8983299],[-122.5580288,37.8983266],[-122.5581997,37.8982765],[-122.5582337,37.8982888],[-122.5582329,37.8983652],[-122.5581576,37.8985271],[-122.558159,37.8985993],[-122.5582023,37.8986986],[-122.5583224,37.8987531],[-122.5583519,37.8987802],[-122.5583369,37.8989604],[-122.5583867,37.8990688],[-122.5584083,37.8992131],[-122.5583862,37.8992581],[-122.5582155,37.899436],[-122.5582144,37.8994597]]}},{"type":"Feature","properties":{"elev_ft":560,"index_contour":false,"label":"560 ft","Block_No":3},"geometry":{"type":"MultiLineString","coordinates":[[[-122.5562313,37.8964412],[-122.5562316,37.8964415],[-122.556277,37.8964547],[-122.5564479,37.8964096],[-122.5567436,37.8964111],[-122.5568232,37.8964247],[-122.5569,37.8964675],[-122.5569228,37.8965487],[-122.5568602,37.8967828],[-122.5569,37.8968924],[-122.5569906,37.8969465],[-122.5573091,37.8969506],[-122.5573832,37.896983],[-122.5574242,37.8970282],[-122.5574182,37.8971364],[-122.5573357,37.8972983],[-122.5573219,37.8973619]],[[-122.5573739,37.8977071],[-122.5574998,37.8978307],[-122.5575667,37.8980022],[-122.5576097,37.8980356],[-122.5577316,37.8980839],[-122.5578822,37.8981138],[-122.5579727,37.8981979],[-122.5580181,37.8982169],[-122.5580807,37.8982137]]]}},{"type":"Feature","properties":{"elev_ft":560,"index_contour":false,"label":"560 ft","Block_No":1},"geometry":{"type":"LineString","coordinates":[[-122.5580807,37.8982137],[-122.5580977,37.8982128],[-122.558246,37.8981486],[-122.5583257,37.8981346],[-122.5583496,37.8981583],[-122.5583514,37.898207]]}},{"type":"Feature","properties":{"elev_ft":560,"index_contour":false,"label":"560 ft","Block_No":1},"geometry":{"type":"LineString","coordinates":[[-122.5583097,37.8985029],[-122.5583176,37.8985458],[-122.558354,37.8986],[-122.5584636,37.898691]]}},{"type":"Feature","properties":{"elev_ft":580,"index_contour":false,"label":"580 ft","Block_No":3},"geometry":{"type":"LineString","coordinates":[[-122.5564286,37.8961089],[-122.5569492,37.8962333],[-122.5570318,37.8962697],[-122.5571534,37.8963622],[-122.557231,37.8964777],[-122.5572742,37.8966671],[-122.5574352,37.8967882],[-122.5576393,37.896896],[-122.5576963,37.8969752],[-122.5577042,37.8970293],[-122.5576849,37.8971103],[-122.5575303,37.8973891],[-122.5575345,37.8974793],[-122.5575784,37.8975696],[-122.5576861,37.8977052],[-122.5578044,37.8978155],[-122.5580195,37.897975],[-122.5581898,37.8980364],[-122.5583946,37.8980206],[-122.5584094,37.8980244]]}},{"type":"Feature","properties":{"elev_ft":580,"index_contour":false,"label":"580 ft","Block_No":1},"geometry":{"type":"LineString","coordinates":[[-122.5584094,37.8980244],[-122.55844,37.8980322],[-122.558455,37.8980459]]}},{"type":"Feature","properties":{"elev_ft":600,"index_contour":true,"label":"600 ft","Block_No":3},"geometry":{"type":"LineString","coordinates":[[-122.5565869,37.8959578],[-122.5570088,37.8961073],[-122.557257,37.8961538],[-122.5573235,37.8961896],[-122.5574635,37.8963344],[-122.5575714,37.896515],[-122.5579016,37.8967758],[-122.5579882,37.8968952],[-122.5580271,37.8970035],[-122.5580338,37.8971116],[-122.5580131,37.8971462],[-122.5579561,37.8971604],[-122.5579269,37.8971833],[-122.5579035,37.8973094],[-122.5579127,37.8973635],[-122.5579765,37.8974719],[-122.5580336,37.8975291],[-122.5580801,37.8976165],[-122.5582256,37.8977448],[-122.5582936,37.8977832],[-122.5584414,37.8978174]]}},{"type":"Feature","properties":{"elev_ft":620,"index_contour":false,"label":"620 ft","Block_No":3},"geometry":{"type":"LineString","coordinates":[[-122.5567778,37.8957757],[-122.5569061,37.8958692],[-122.5571429,37.8959997],[-122.5572237,37.896015],[-122.5573829,37.8960156],[-122.5574283,37.8960308],[-122.5575338,37.8961634],[-122.5576546,37.8962407],[-122.5578351,37.8964259],[-122.5579713,37.8965317],[-122.5580842,37.8966702],[-122.5581151,37.8967604],[-122.5582497,37.8968983]]}},{"type":"Feature","properties":{"elev_ft":640,"index_contour":false,"label":"640 ft","Block_No":3},"geometry":{"type":"LineString","coordinates":[[-122.5569403,37.8956237],[-122.5572877,37.895838],[-122.5573725,37.8958582],[-122.5574976,37.8958571],[-122.5575724,37.8958841],[-122.5576714,37.8960107],[-122.557837,37.8961571],[-122.5579164,37.8961915],[-122.5581227,37.896375]]}},{"type":"Feature","properties":{"elev_ft":660,"index_contour":false,"label":"660 ft","Block_No":3},"geometry":{"type":"LineString","coordinates":[[-122.5571227,37.8954558],[-122.5572482,37.8955675],[-122.557353,37.8956309],[-122.5574306,37.895655],[-122.5575443,37.8956627],[-122.5576053,37.8956916]]}}]}