{"type":"FeatureCollection","features":[{"type":"Feature","id":2,"geometry":{"type":"Polygon","coordinates":[[[-122.53822213658907,37.889822295996041],[-122.53854053019217,37.889923990411184],[-122.53896324092443,37.889744457032144],[-122.53906347975438,37.889820509463377],[-122.53925145511313,37.889772814709708],[-122.53926226286383,37.889655954094621],[-122.53958338171375,37.889562572478106],[-122.5395737169146,37.889561251516163],[-122.5394034321294,37.889371434286858],[-122.53937103801486,37.889340068953523],[-122.53934899958389,37.889318731077083],[-122.53926945887257,37.889241689634211],[-122.53914288308479,37.889117558756119],[-122.5390264900344,37.88899831225045],[-122.53890382933625,37.888872986983024],[-122.5388060717286,37.888758578845085],[-122.5387870975255,37.88861461730091],[-122.53870030026202,37.888632857183211],[-122.5382304723321,37.888779209994986],[-122.53790018768423,37.888882820938086],[-122.53789797022061,37.888883235021908],[-122.53789721758257,37.888883365171573],[-122.53789693466393,37.888883415115963],[-122.53784980894235,37.888892005157821],[-122.5380217984163,37.889160670032169],[-122.53806492415929,37.889454390688577],[-122.53784740709814,37.889702605994479],[-122.53822213658907,37.889822295996041]]]},"properties":{"OBJECTID":2,"Shape_Length":1631.324139117761,"Shape_Area":141707.49352864607,"Block_No":57,"Block_Captian":"Wilson Allen","Description":"Valley View / Vernal Ave"}},{"type":"Feature","id":6,"geometry":{"type":"Polygon","coordinates":[[[-122.53846163164751,37.890603843377932],[-122.53846299947206,37.890653601420439],[-122.53882128618851,37.890629635821],[-122.53887763261517,37.890621766678869],[-122.53905370902429,37.890597175992241],[-122.53934569246175,37.890446345232697],[-122.53957020789257,37.890289567668866],[-122.53994770321412,37.890311492254618],[-122.54011383219294,37.890315733384618],[-122.54006068726262,37.890177975279322],[-122.54011956094615,37.890034726311484],[-122.54009908020566,37.889942629271246],[-122.54005139852411,37.889840335360581],[-122.54003393533621,37.88969484916349],[-122.5400471892606,37.889583452652012],[-122.53991569872998,37.889588124492896],[-122.53987289631408,37.889589645358669],[-122.53980034930727,37.889592219023207],[-122.53958338171375,37.889562572478106],[-122.53926226286383,37.889655954094621],[-122.53925145511313,37.889772814709708],[-122.53906347975438,37.889820509463377],[-122.53896324092443,37.889744457032144],[-122.53854053019217,37.889923990411184],[-122.53855539048045,37.8900973009602],[-122.53849272152405,37.890429072606914],[-122.53846163164751,37.890603843377932]]]},"properties":{"OBJECTID":6,"Shape_Length":1570.4259931922431,"Shape_Area":125184.0357461837,"Block_No":56,"Block_Captian":"Jim Small","Description":"Vernal Ave / Vernal North"}},{"type":"Feature","id":7,"geometry":{"type":"Polygon","coordinates":[[[-122.53633415994307,37.890695456115729],[-122.53657805896169,37.890707908454935],[-122.53664569220925,37.890617847218934],[-122.53676663822831,37.890426858698511],[-122.53690967370733,37.890274381146234],[-122.53722484982293,37.890263387352867],[-122.53749005949254,37.890219919715655],[-122.53778771162968,37.890081439965471],[-122.53822213658907,37.889822295996041],[-122.53784740709814,37.889702605994479],[-122.53761535142057,37.889850399052534],[-122.53746502167014,37.889931220221648],[-122.53728019783161,37.889884939669948],[-122.53720325233208,37.889950862361118],[-122.53718490009206,37.889967694792816],[-122.53718325743262,37.889969205644199],[-122.53718306491929,37.889969193645136],[-122.53691969117999,37.88995345205835],[-122.53673630078259,37.889893725848928],[-122.53673466797744,37.889893194357235],[-122.53652816370661,37.889810408669305],[-122.53651547408376,37.889805321158342],[-122.53637779734323,37.889793821504036],[-122.53632244510501,37.889790961303596],[-122.53595557948061,37.890030925024561],[-122.53593905537265,37.890110584982672],[-122.53591428715916,37.890254381878123],[-122.53592608339002,37.890370240382971],[-122.53595485007651,37.890476702121695],[-122.53599958922619,37.890537374975921],[-122.53604694866837,37.890588899397898],[-122.53613149618239,37.890635231331082],[-122.53619570362441,37.890672811654525],[-122.53633415994307,37.890695456115729]]]},"properties":{"OBJECTID":7,"Shape_Length":1738.3855731130357,"Shape_Area":111451.02942304879,"Block_No":58,"Block_Captian":"","Description":"Centro / Greenhill/ W. Calif"}},{"type":"Feature","id":8,"geometry":{"type":"Polygon","coordinates":[[[-122.53539010751341,37.889478933718458],[-122.53528464672833,37.88948683045237],[-122.53502612317315,37.889598600402969],[-122.53502361502663,37.889600067561958],[-122.53478093190859,37.889720925813776],[-122.53476261701037,37.889887835682217],[-122.53482988320239,37.890076470771106],[-122.53486014278,37.890209508352264],[-122.53487180425392,37.890311233613481],[-122.5348197684596,37.890515983785626],[-122.53500797314832,37.89058654917406],[-122.53503636684657,37.890666992093571],[-122.53505606259009,37.890722793249481],[-122.53506214765481,37.890747156503636],[-122.53519528094455,37.890647708368029],[-122.5353620299947,37.890639396006328],[-122.53563070660076,37.890593800919085],[-122.53576778881771,37.8905664051196],[-122.53576416694628,37.890434475688359],[-122.5357602940184,37.890188766058067],[-122.53586667562918,37.890089076320628],[-122.53595557948061,37.890030925024561],[-122.53632244510501,37.889790961303596],[-122.53614533528787,37.889781809631067],[-122.53614161599722,37.889781617824958],[-122.53610817922211,37.8897640042075],[-122.53609652054084,37.889757862469359],[-122.53591817472527,37.889662888682949],[-122.53590673347124,37.889656795448126],[-122.53574085744448,37.889574296468403],[-122.53572908847701,37.889568443184615],[-122.53554989454231,37.889473318553939],[-122.53553983637593,37.889467979192865],[-122.53539010751341,37.889478933718458]]]},"properties":{"OBJECTID":8,"Shape_Length":1494.9074726511003,"Shape_Area":121602.88748087274,"Block_No":59,"Block_Captian":"","Description":"Greenhill / W. Calif"}},{"type":"Feature","id":9,"geometry":{"type":"Polygon","coordinates":[[[-122.5422404362897,37.890711655446474],[-122.54250787181591,37.890860797664516],[-122.5428111206845,37.890800634485721],[-122.54311436903626,37.890740469626614],[-122.54268051878356,37.890336096130987],[-122.5426487316753,37.890188368881667],[-122.54281345149748,37.890130601267543],[-122.54327509463702,37.890034745722964],[-122.5435503140065,37.889987840462503],[-122.54341331466615,37.889837108314779],[-122.54340859324874,37.889831914272136],[-122.54340816700703,37.889831508889202],[-122.54334511009725,37.889771164763644],[-122.54334330348532,37.889769403498249],[-122.543333931018,37.889760412886673],[-122.54330261322454,37.889730455709433],[-122.54329786192903,37.889725910158504],[-122.54329672310369,37.889724818659779],[-122.54329611197306,37.889724306527015],[-122.54328125793624,37.889712000549743],[-122.54322412508283,37.88966466752759],[-122.5432236653148,37.889664283452298],[-122.54321952246444,37.889660853896864],[-122.5430606366871,37.8895292139864],[-122.54305791004413,37.889526954940237],[-122.54305240570442,37.889522399879837],[-122.54305085206389,37.889521110979267],[-122.54299946347609,37.889567726416061],[-122.54299730227102,37.88956968702113],[-122.54291196988454,37.889647091523059],[-122.542865130179,37.889687444902464],[-122.54283976799888,37.889709293162745],[-122.54283551912641,37.88971295354208],[-122.54283465962735,37.889712094227555],[-122.5426405836099,37.889519033295251],[-122.54225726300582,37.889709749761671],[-122.54189594373807,37.889827117905511],[-122.54169365048257,37.889863951517732],[-122.54153278982501,37.889877845141449],[-122.54143957969069,37.890057247170809],[-122.54137987784209,37.89041350774361],[-122.54184019128456,37.890520874878256],[-122.5422404362897,37.890711655446474]]]},"properties":{"OBJECTID":9,"Shape_Length":2025.2341038282825,"Shape_Area":162140.73472587782,"Block_No":42,"Block_Captian":"Monica Heredia","Description":"Greenhill / W. California"}},{"type":"Feature","id":10,"geometry":{"type":"Polygon","coordinates":[[[-122.53762186175297,37.890934361041147],[-122.53791160622356,37.891018255019191],[-122.53821550394103,37.890851887216485],[-122.53846299947206,37.890653601420439],[-122.53846163164751,37.890603843377932],[-122.53849272152405,37.890429072606914],[-122.53855539048045,37.8900973009602],[-122.53854053019217,37.889923990411184],[-122.53822213658907,37.889822295996041],[-122.53778771162968,37.890081439965471],[-122.53749005949254,37.890219919715655],[-122.53722484982293,37.890263387352867],[-122.53690967370733,37.890274381146234],[-122.53676663822831,37.890426858698511],[-122.53664569220925,37.890617847218934],[-122.53657805896169,37.890707908454935],[-122.5367829500954,37.890765489530303],[-122.53710620367966,37.89079324803685],[-122.53739320063993,37.890777184887305],[-122.53762186175297,37.890934361041147]]]},"properties":{"OBJECTID":10,"Shape_Length":1601.8115282532528,"Shape_Area":138518.29482139321,"Block_No":55,"Block_Captian":"","Description":"Vernal South"}},{"type":"Feature","id":11,"geometry":{"type":"Polygon","coordinates":[[[-122.54029587945874,37.890956179755342],[-122.54044622344948,37.890984312425637],[-122.54104033607132,37.890413886654059],[-122.54137987784209,37.89041350774361],[-122.54143957969069,37.890057247170809],[-122.54153278982501,37.889877845141449],[-122.54146870238455,37.889695043589185],[-122.54136222704804,37.889716682601062],[-122.54135408153132,37.889718338387873],[-122.54129913177235,37.889642775585394],[-122.54123921372877,37.889572043586767],[-122.54121477983313,37.889524928354085],[-122.54111837398266,37.889541554403095],[-122.54105773296072,37.889552007877569],[-122.54104823819114,37.889553642808281],[-122.54085582590871,37.889650006527432],[-122.54071054667915,37.889722766082414],[-122.54070261387925,37.889726738793698],[-122.54070212588699,37.88972698154587],[-122.54070201371054,37.889727037558025],[-122.5406953151814,37.88971317448307],[-122.54069357271551,37.889709568169543],[-122.54069278285365,37.889707932585502],[-122.54068072948427,37.889682999528361],[-122.54067997558128,37.889681430914322],[-122.54067952331383,37.889680492448264],[-122.54066201712322,37.889644275708761],[-122.54065913156288,37.889638305419794],[-122.54065901083442,37.889638050658228],[-122.5406588904778,37.889637809408526],[-122.54065848047206,37.889636960334123],[-122.54063370350183,37.889579018230478],[-122.5406279915712,37.889565674326867],[-122.54062740188112,37.8895642876248],[-122.54059773701594,37.889522944884156],[-122.5405702646739,37.889484660841283],[-122.54055308961506,37.889460722017198],[-122.54054324981162,37.889447007852098],[-122.5405373714642,37.889438814599707],[-122.54039102468955,37.889501330003576],[-122.54038651759495,37.8895032553974],[-122.54036993012079,37.88951034086859],[-122.5403446690088,37.889521131547447],[-122.54031966401509,37.889531766389503],[-122.54004843482727,37.889535515873234],[-122.5400471892606,37.889583452652012],[-122.54003393533621,37.88969484916349],[-122.54005139852411,37.889840335360581],[-122.54009908020566,37.889942629271246],[-122.54011956094615,37.890034726311484],[-122.54006068726262,37.890177975279322],[-122.54011383219294,37.890315733384618],[-122.54028786784808,37.89044429095393],[-122.54029008177507,37.890524756121231],[-122.54029109486881,37.890561576949601],[-122.54029316147798,37.89079978006778],[-122.54029587945874,37.890956179755342]]]},"properties":{"OBJECTID":11,"Shape_Length":1778.1512532987667,"Shape_Area":146828.19053261509,"Block_No":43,"Block_Captian":"David Ferguson","Description":"Vernal Way"}},{"type":"Feature","id":12,"geometry":{"type":"Polygon","coordinates":[[[-122.53804623344378,37.891239788263228],[-122.53804206642418,37.891500036382226],[-122.53816744420364,37.891490760626084],[-122.53843116472849,37.891454205592431],[-122.53862212509142,37.89138520329908],[-122.53878992351548,37.891338612065134],[-122.53894518170299,37.891355584882369],[-122.53920218853662,37.891104656090647],[-122.53935502198061,37.8911184916332],[-122.53970704199916,37.890815856800863],[-122.54025815315502,37.89094911991829],[-122.54029587945874,37.890956179755342],[-122.54029316147798,37.89079978006778],[-122.54029109486881,37.890561576949601],[-122.54029008177507,37.890524756121231],[-122.54006490404609,37.89051990790994],[-122.539845743255,37.890436307516396],[-122.5397973016327,37.890412384252556],[-122.53964643384454,37.890406252334166],[-122.53954963702259,37.890428314588199],[-122.53941990114875,37.890522312547652],[-122.53925790411584,37.890608583535638],[-122.53913785575527,37.890628862472433],[-122.53887763261517,37.890621766678869],[-122.53882128618851,37.890629635821],[-122.53846299947206,37.890653601420439],[-122.53821550394103,37.890851887216485],[-122.53791160622356,37.891018255019191],[-122.53794133349135,37.891099970228403],[-122.53804702164693,37.891190595927974],[-122.53804623344378,37.891239788263228]]]},"properties":{"OBJECTID":12,"Shape_Length":1876.1294057511889,"Shape_Area":137013.1170059182,"Block_No":44,"Block_Captian":"","Description":"Greenhill"}},{"type":"Feature","id":13,"geometry":{"type":"Polygon","coordinates":[[[-122.5368867622141,37.89174754335626],[-122.53692761351472,37.891764617895909],[-122.53701730929313,37.89176307046916],[-122.53708448319242,37.891758355327042],[-122.5371505830709,37.891714545697297],[-122.53732743450936,37.891619043431319],[-122.53736633284007,37.891565035283698],[-122.53741145926156,37.891535724853703],[-122.5374460806068,37.891524931921062],[-122.53754420955254,37.891521023364845],[-122.53767197240809,37.891421084710466],[-122.5378507839073,37.891233666524272],[-122.53759503280502,37.891070388404088],[-122.53744859201495,37.890966241581303],[-122.53729045465531,37.890926301114824],[-122.53693177434141,37.890936044856673],[-122.53667595051357,37.890933346466873],[-122.5362955250738,37.890804788029278],[-122.535941423457,37.89065443897578],[-122.53612666656412,37.890864592376019],[-122.53633638002441,37.890985428856411],[-122.53660156988749,37.891165756555282],[-122.53674001666018,37.891305599972227],[-122.53677043925003,37.891433084567694],[-122.53680086305638,37.891560568231476],[-122.53683050484521,37.89165961924666],[-122.5368867622141,37.89174754335626]]]},"properties":{"OBJECTID":13,"Shape_Length":1474.5129473096431,"Shape_Area":82345.393177489153,"Block_No":60,"Block_Captian":"Kristin Gottesman","Description":"Greenhill"}},{"type":"Feature","id":15,"geometry":{"type":"Polygon","coordinates":[[[-122.54671044373059,37.891883175634185],[-122.54688965123607,37.891976603514195],[-122.54739352117218,37.891475541043214],[-122.54775980741407,37.891285772949821],[-122.54786592188182,37.891158437196445],[-122.54788508473669,37.890416447723737],[-122.54761980320495,37.890626939400171],[-122.54735497137955,37.890520516562894],[-122.54706263316307,37.890520758454151],[-122.54680668686247,37.89051554270398],[-122.5465921563286,37.890466167767705],[-122.54650932592955,37.890554484095006],[-122.54668803578278,37.890850643760828],[-122.54689162923384,37.891165678677616],[-122.54676728787393,37.891515358349842],[-122.54671044373059,37.891883175634185]]]},"properties":{"OBJECTID":15,"Shape_Length":1719.7204945831795,"Shape_Area":127233.08526689986,"Block_No":29,"Block_Captian":"","Description":"Madrone Pk / N. Ferndale"}},{"type":"Feature","id":16,"geometry":{"type":"Polygon","coordinates":[[[-122.53647878063623,37.892304484875694],[-122.53675131475663,37.892377107812138],[-122.53688219261772,37.892071200052207],[-122.53697820255698,37.891980645528648],[-122.53683249790943,37.891902089825543],[-122.53670277065179,37.891779164321818],[-122.5366564058443,37.891659351028807],[-122.53665583985787,37.891534196563221],[-122.53666532216782,37.891461210763836],[-122.53666001559124,37.891372549184098],[-122.53657677518851,37.891269301909041],[-122.53645060551956,37.891171347080267],[-122.53633342344013,37.89108689150914],[-122.53623945196151,37.891011137867878],[-122.53610804384356,37.890931478583596],[-122.53597619770373,37.890835896733314],[-122.53584185765568,37.890754011234151],[-122.53578020929746,37.890705008686226],[-122.53553318386952,37.8907024409177],[-122.53526893698482,37.890700168592133],[-122.53518613678571,37.890717525827341],[-122.53506214765481,37.890747156503636],[-122.53510588653488,37.890922273084755],[-122.53530999598193,37.891087460581886],[-122.5356670425317,37.891330849623778],[-122.53598824270601,37.891560796701668],[-122.53600087052023,37.891697652788878],[-122.53591809504807,37.891913476860744],[-122.53594402188823,37.892050103627398],[-122.53624479273368,37.892181990833713],[-122.53647878063623,37.892304484875694]]]},"properties":{"OBJECTID":16,"Shape_Length":1838.6516276729769,"Shape_Area":141869.71185923248,"Block_No":61,"Block_Captian":"Marnie Burke De Guzman","Description":"Midway"}},{"type":"Feature","id":17,"geometry":{"type":"Polygon","coordinates":[[[-122.54723042888284,37.891895205301765],[-122.54810932625777,37.892246602118433],[-122.54834167720544,37.892021656493206],[-122.54834215884267,37.89202118400781],[-122.54859692258869,37.891911775151854],[-122.548600288589,37.891910328866778],[-122.54859659775572,37.891902692854011],[-122.54859642651877,37.891902339841906],[-122.54847133359812,37.891643551123053],[-122.54847381989751,37.891638994661754],[-122.54847570333355,37.891635544547128],[-122.54859219056137,37.89142208933464],[-122.54871727836657,37.891331315173652],[-122.54892855427688,37.891154965621965],[-122.54906999325603,37.890940078323844],[-122.54907040911365,37.89093302804595],[-122.54907946549635,37.890779514193675],[-122.54908190297287,37.890777390967003],[-122.54925383398958,37.890627621145242],[-122.54925658724675,37.890616884848356],[-122.54928786114338,37.890494913892965],[-122.54928622110985,37.890492766804734],[-122.54927811301231,37.890482153232973],[-122.54919880682364,37.890378345184274],[-122.54893508416096,37.890396571953374],[-122.54852654822572,37.89037952696242],[-122.54814183099971,37.890342761376999],[-122.54790587975424,37.890399947932238],[-122.54788508473669,37.890416447723737],[-122.54786592188182,37.891158437196445],[-122.54788166163975,37.891340228384962],[-122.5475763665433,37.891577206871283],[-122.54723042888284,37.891895205301765]]]},"properties":{"OBJECTID":17,"Shape_Length":2123.4766124578682,"Shape_Area":203574.07191039334,"Block_No":28,"Block_Captian":"","Description":"Madrone Pk / N. Ferndale"}},{"type":"Feature","id":18,"geometry":{"type":"Polygon","coordinates":[[[-122.53557119940004,37.892594131210174],[-122.53567368728736,37.892635611143277],[-122.53578371017407,37.892525595719931],[-122.53592210717133,37.892455249315937],[-122.53613165330486,37.892420744818956],[-122.53641124533884,37.892381943400046],[-122.53620237413277,37.892299050996684],[-122.53607667904724,37.892264149581017],[-122.53592269447097,37.892192665932718],[-122.53581580191725,37.892132727667267],[-122.53574261968362,37.892022781566723],[-122.53574710569775,37.891902229078667],[-122.53579080768685,37.891790268585467],[-122.53582349931528,37.891703210281186],[-122.53582917309312,37.891625885067931],[-122.53499828194646,37.890999606757539],[-122.53426710896233,37.891730183450349],[-122.53428326567202,37.891744126338395],[-122.53438302811833,37.891910294870222],[-122.53449084992063,37.892004198903102],[-122.53459808009841,37.892076489159287],[-122.53467718986838,37.892118373684831],[-122.53476375273911,37.892147773088929],[-122.53484176006648,37.892149518134389],[-122.53490401408277,37.892145355861686],[-122.53500184183322,37.892159114937023],[-122.5350613867972,37.892198247027729],[-122.53506672274649,37.892250670061465],[-122.53505283248678,37.892312690816425],[-122.53504292351272,37.892377733233282],[-122.53504826057392,37.89243015534548],[-122.53510433294989,37.892484793280474],[-122.53519394438618,37.892483248708253],[-122.53533810403138,37.892480763782345],[-122.53546811831119,37.892531036636591],[-122.53557119940004,37.892594131210174]]]},"properties":{"OBJECTID":18,"Shape_Length":1898.5986055418664,"Shape_Area":163328.52536254504,"Block_No":62,"Block_Captian":"Kathy Perka-Ford","Description":"Circle Way"}},{"type":"Feature","id":19,"geometry":{"type":"Polygon","coordinates":[[[-122.53716253413887,37.892654704668089],[-122.53725302816294,37.892719922851825],[-122.53742148256013,37.89271701620298],[-122.53742832052059,37.892643089143412],[-122.53742233596677,37.89242528086514],[-122.53781156997933,37.892386930908003],[-122.53797876843825,37.892338354133983],[-122.53798396557264,37.892204705308679],[-122.53789848386089,37.892160489733648],[-122.53778861661036,37.892035856360536],[-122.53784932739508,37.891985602793916],[-122.53792488079733,37.891991328291731],[-122.53804553575679,37.892024392442771],[-122.53820197274312,37.892028062814518],[-122.53851654989154,37.89175951068836],[-122.53863530867204,37.891658126769414],[-122.53894518170299,37.891355584882369],[-122.53878992351548,37.891338612065134],[-122.53862212509142,37.89138520329908],[-122.53843116472849,37.891454205592431],[-122.53816744420364,37.891490760626084],[-122.53804206642418,37.891500036382226],[-122.53804623344378,37.891239788263228],[-122.5378507839073,37.891233666524272],[-122.53767197240809,37.891421084710466],[-122.53754420955254,37.891521023364845],[-122.53719319194526,37.89179559361714],[-122.53703964175681,37.89192269601233],[-122.53697820255698,37.891980645528648],[-122.53688219261772,37.892071200052207],[-122.53675131475663,37.892377107812138],[-122.53688613746129,37.892441560693428],[-122.53705295691998,37.892540609908863],[-122.53716253413887,37.892654704668089]]]},"properties":{"OBJECTID":19,"Shape_Length":2054.9434806122122,"Shape_Area":140147.93963908279,"Block_No":54,"Block_Captian":"Nancy Siadek","Description":"Homestead"}},{"type":"Feature","id":20,"geometry":{"type":"Polygon","coordinates":[[[-122.53953192290919,37.892845426514739],[-122.53996389141537,37.892857165587159],[-122.53971622365594,37.892498753270345],[-122.54026756248125,37.892478559838182],[-122.53944577183823,37.891714450970447],[-122.53931753150972,37.891702185162572],[-122.53931910844011,37.891538050049689],[-122.53928137245811,37.891273231776957],[-122.53935502198061,37.8911184916332],[-122.53920218853662,37.891104656090647],[-122.53894518170299,37.891355584882369],[-122.53863530867204,37.891658126769414],[-122.53851654989154,37.89175951068836],[-122.53863017527097,37.891838351464685],[-122.5388207937534,37.892080410315792],[-122.53898529688807,37.892514933095889],[-122.53904166500715,37.892790555196882],[-122.53946396707067,37.892776053642251],[-122.53953192290919,37.892845426514739]]]},"properties":{"OBJECTID":20,"Shape_Length":1975.2944248809804,"Shape_Area":142065.82354479088,"Block_No":45,"Block_Captian":"Bobby Sarnoff","Description":"Homestead Blvd (Above Rhonda)"}},{"type":"Feature","id":21,"geometry":{"type":"Polygon","coordinates":[[[-122.53996389141537,37.892857165587159],[-122.54061061375424,37.892876871619634],[-122.54056043194157,37.892602614952594],[-122.54061057554117,37.892432813517274],[-122.54096616846236,37.892296346284844],[-122.54109837338035,37.892231313417923],[-122.54108630957489,37.892014319472885],[-122.54121585783247,37.891852798038173],[-122.5415603126531,37.891533105751279],[-122.54191031993477,37.891194009487528],[-122.54187007487135,37.891059557346914],[-122.5416849207849,37.89097105085078],[-122.54141294697563,37.890826125473247],[-122.54118504810509,37.890733531207239],[-122.54107547018268,37.890735425526294],[-122.54093797780963,37.890829509690171],[-122.54074768755552,37.890996907705926],[-122.54059894771248,37.891124972652975],[-122.54043471269334,37.891132637925757],[-122.54025697661427,37.891092268646211],[-122.54009167980851,37.891061338054769],[-122.53984089107684,37.891022230375675],[-122.53973846227315,37.891062613667145],[-122.53960269267991,37.891219414905962],[-122.53947869920668,37.891361530837116],[-122.53944577183823,37.891714450970447],[-122.54026756248125,37.892478559838182],[-122.53971622365594,37.892498753270345],[-122.53996389141537,37.892857165587159]]]},"properties":{"OBJECTID":21,"Shape_Length":2673.3922039304316,"Shape_Area":295532.13715777668,"Block_No":41,"Block_Captian":"Joyce Marth","Description":"Rhonda / Reed"}},{"type":"Feature","id":22,"geometry":{"type":"Polygon","coordinates":[[[-122.53491596219749,37.893001199994856],[-122.53503348676841,37.893101980265158],[-122.53519529863776,37.89308930581084],[-122.53536323501416,37.893027100846673],[-122.53545435761711,37.892984012629555],[-122.53553469312244,37.89291145475368],[-122.53558407449076,37.89280186671153],[-122.53546210432673,37.892720934583906],[-122.53537585902426,37.892669042057534],[-122.53526543771797,37.892645243573341],[-122.53506465034286,37.892601256091524],[-122.5349840970719,37.892574966174642],[-122.5349298885782,37.892508682037288],[-122.53487860786161,37.892458162930296],[-122.53478255157188,37.892412369992215],[-122.53469310718201,37.89233483021281],[-122.53469272726579,37.892230054600759],[-122.53476375273911,37.892147773088929],[-122.53467718986838,37.892118373684831],[-122.53459808009841,37.892076489159287],[-122.53449084992063,37.892004198903102],[-122.53438302811833,37.891910294870222],[-122.53428326567202,37.891744126338395],[-122.53421371565086,37.891779131175774],[-122.53414343475886,37.891820494052851],[-122.53400456613743,37.891902062181238],[-122.53400324684769,37.891933566326713],[-122.53384302553719,37.892011816102212],[-122.53364698621935,37.892183198209409],[-122.53358342315029,37.892239234951532],[-122.53370602593463,37.892382233207542],[-122.53367443111088,37.892651528367189],[-122.53370609142581,37.892822366222802],[-122.53417184653311,37.892885516066443],[-122.53437854246998,37.89287206945572],[-122.53456008482415,37.892851148608138],[-122.53472216735555,37.892848355611875],[-122.53483356484659,37.892907723356075],[-122.53491596219749,37.893001199994856]]]},"properties":{"OBJECTID":22,"Shape_Length":1736.7159248068117,"Shape_Area":135537.57733151404,"Block_No":63,"Block_Captian":"","Description":"Morningsun / Homestead"}},{"type":"Feature","id":23,"geometry":{"type":"Polygon","coordinates":[[[-122.54452632234059,37.89306649356179],[-122.54471649071802,37.893177498009742],[-122.54501087939467,37.892968518870838],[-122.54526025750826,37.893106297843403],[-122.54542293931978,37.892927400786519],[-122.54569090326737,37.892749768848489],[-122.54599512407152,37.892614754973721],[-122.5463315611773,37.892568501215528],[-122.54660075636005,37.892322498880965],[-122.5468616854122,37.892121889579968],[-122.54639782316612,37.89186596822006],[-122.54573322708299,37.891922736260952],[-122.54507533579469,37.891187498290229],[-122.54493888167156,37.891205886333353],[-122.54494066979522,37.891270727159302],[-122.54494518264656,37.891434371376363],[-122.54494079560662,37.891558011259718],[-122.54487822342668,37.891691927029711],[-122.54475101272875,37.891743555852237],[-122.54462701725564,37.891770415539007],[-122.54442094778868,37.891789429869903],[-122.54426120606507,37.891792195696837],[-122.54424161257229,37.892212652263275],[-122.54407316045719,37.892323687338312],[-122.54391528991366,37.8923943805354],[-122.54389201756308,37.892539971158705],[-122.54390753584427,37.892678712416526],[-122.54412463429004,37.892776894963767],[-122.54423551503362,37.892839846172897],[-122.54440509520077,37.89291104910248],[-122.54442670393266,37.892987902471084],[-122.54452632234059,37.89306649356179]]]},"properties":{"OBJECTID":23,"Shape_Length":2571.3660652371354,"Shape_Area":296285.02580847323,"Block_No":30,"Block_Captian":"Suz Lipman / James Young","Description":"Rydal / Melrose"}},{"type":"Feature","id":26,"geometry":{"type":"Polygon","coordinates":[[[-122.53949169836176,37.8936057307101],[-122.53995610175329,37.893660455733418],[-122.54050598340517,37.89350132633615],[-122.54061621014334,37.893301525859066],[-122.54069772176713,37.893164969079209],[-122.54061061375424,37.892876871619634],[-122.53996389141537,37.892857165587159],[-122.53953192290919,37.892845426514739],[-122.53946396707067,37.892776053642251],[-122.53904166500715,37.892790555196882],[-122.53905268858345,37.892844458811219],[-122.53910497591954,37.893277363014143],[-122.53912341477746,37.893540536315221],[-122.53949169836176,37.8936057307101]]]},"properties":{"OBJECTID":26,"Shape_Length":1395.2284828754334,"Shape_Area":120758.05466080623,"Block_No":46,"Block_Captian":"Devi Brown","Description":"LaVerne"}},{"type":"Feature","id":27,"geometry":{"type":"Polygon","coordinates":[[[-122.53810591695485,37.893711713300924],[-122.53818665097508,37.893768240260705],[-122.53831912506453,37.893712859841706],[-122.53838780308853,37.893552392506365],[-122.53841492711405,37.893431256208046],[-122.53847963971158,37.893348084664922],[-122.5385646037757,37.893336964810636],[-122.53871203853362,37.893382685927747],[-122.53892736934452,37.893461022114373],[-122.53906937978709,37.893530971152629],[-122.53912341477746,37.893540536315221],[-122.53910497591954,37.893277363014143],[-122.53905268858345,37.892844458811219],[-122.53904166500715,37.892790555196882],[-122.53898529688807,37.892514933095889],[-122.5388207937534,37.892080410315792],[-122.53863017527097,37.891838351464685],[-122.53851654989154,37.89175951068836],[-122.53820197274312,37.892028062814518],[-122.53804553575679,37.892024392442771],[-122.53792488079733,37.891991328291731],[-122.53784932739508,37.891985602793916],[-122.53778861661036,37.892035856360536],[-122.53789848386089,37.892160489733648],[-122.53798396557264,37.892204705308679],[-122.53797876843825,37.892338354133983],[-122.53781156997933,37.892386930908003],[-122.53742233596677,37.89242528086514],[-122.53742832052059,37.892643089143412],[-122.53742148256013,37.89271701620298],[-122.5375432724002,37.892741600636398],[-122.53768131323245,37.892888846306953],[-122.53784013807146,37.89312744132198],[-122.53796389477992,37.893419735017211],[-122.53804767817554,37.893587224490382],[-122.53810591695485,37.893711713300924]]]},"properties":{"OBJECTID":27,"Shape_Length":2202.6312284626533,"Shape_Area":205800.40746327676,"Block_No":53,"Block_Captian":"Sheila Dalton","Description":"LaVerne"}},{"type":"Feature","id":28,"geometry":{"type":"Polygon","coordinates":[[[-122.54697306748209,37.893586318986813],[-122.54707939337599,37.893662352082693],[-122.54795890154897,37.892832741397321],[-122.54795095359191,37.892752781273693],[-122.54794943683139,37.892737515632838],[-122.54794920857275,37.892735221473721],[-122.54795011064714,37.892733048300109],[-122.54795247577098,37.892727354808166],[-122.54807213937174,37.892439221161879],[-122.54807344656089,37.892432281601927],[-122.54810821753132,37.892247674880224],[-122.54810932625777,37.892246602118433],[-122.54723042888284,37.891895205301765],[-122.5471067994947,37.892076516419294],[-122.54699494433591,37.892260713556318],[-122.54682649623386,37.892371752557708],[-122.54667599401742,37.89242687570205],[-122.54653447767785,37.892525090768281],[-122.54651683352203,37.892874466205242],[-122.54629909584594,37.893035783544775],[-122.54625566462548,37.893157011636994],[-122.54624695821515,37.893265281266522],[-122.54627789582091,37.893397576270068],[-122.54638709822049,37.893540871519178],[-122.54652212628324,37.893631204827109],[-122.54661276264248,37.893666702923781],[-122.54679281742978,37.893552374627177],[-122.54697306748209,37.893586318986813]]]},"properties":{"OBJECTID":28,"Shape_Length":1863.7617413683072,"Shape_Area":204525.96252256789,"Block_No":27,"Block_Captian":"","Description":"Madrone Pk / N. Ferndale"}},{"type":"Feature","id":29,"geometry":{"type":"Polygon","coordinates":[[[-122.53684816067398,37.893622256722963],[-122.53695480809591,37.893845712121994],[-122.53750212687788,37.893673292188694],[-122.53775259420067,37.893549340051543],[-122.53772889409797,37.893322391857602],[-122.53761868432443,37.893215557041032],[-122.53748098619201,37.893016277021886],[-122.53743663611633,37.892854926255673],[-122.53742148256013,37.89271701620298],[-122.53725302816294,37.892719922851825],[-122.53716253413887,37.892654704668089],[-122.53695130216947,37.892624080027083],[-122.53666958399968,37.892630917047427],[-122.53651107872601,37.89258224811644],[-122.53627625038554,37.892570482648793],[-122.53602331808122,37.89262624641492],[-122.53597354437009,37.892658436512832],[-122.53625629667572,37.892970945168358],[-122.53612673241361,37.893318091819495],[-122.53611737735429,37.893467596143168],[-122.5362384058016,37.893700233630469],[-122.53651108269142,37.893582556663951],[-122.53677315311086,37.893505214079354],[-122.53684816067398,37.893622256722963]]]},"properties":{"OBJECTID":29,"Shape_Length":1743.1226820131067,"Shape_Area":156654.29915583151,"Block_No":66,"Block_Captian":"Doug Gelbach","Description":"Upper Laverne"}},{"type":"Feature","id":30,"geometry":{"type":"Polygon","coordinates":[[[-122.54084030513516,37.893698270778977],[-122.54085646377447,37.893842792487575],[-122.54097582945957,37.893764896916245],[-122.54101438624053,37.893705062568181],[-122.54105237944674,37.89362475589374],[-122.54110959823358,37.893616939139953],[-122.54117037593508,37.893634094056821],[-122.5412703363418,37.893614160421862],[-122.54132674107274,37.893576774146872],[-122.54152309197889,37.893407252758202],[-122.54152855989221,37.893299488402384],[-122.54170930770098,37.893182577590849],[-122.54191939386423,37.892990486620612],[-122.54211602402791,37.892798628877209],[-122.54212615107285,37.892677556653481],[-122.54210711708748,37.892475204716426],[-122.54210320198681,37.89233304072792],[-122.54201914858862,37.892213597342838],[-122.54188566366159,37.892091452533066],[-122.54191840984949,37.8919771006872],[-122.54262353369799,37.89143748943394],[-122.542020054674,37.891418967254339],[-122.54191031993477,37.891194009487528],[-122.5415603126531,37.891533105751279],[-122.54121585783247,37.891852798038173],[-122.54108630957489,37.892014319472885],[-122.54109837338035,37.892231313417923],[-122.54096616846236,37.892296346284844],[-122.54061057554117,37.892432813517274],[-122.54056043194157,37.892602614952594],[-122.54061061375424,37.892876871619634],[-122.54069772176713,37.893164969079209],[-122.54061621014334,37.893301525859066],[-122.54050598340517,37.89350132633615],[-122.54078020285871,37.893506240081656],[-122.54084030513516,37.893698270778977]]]},"properties":{"OBJECTID":30,"Shape_Length":2656.7369925341968,"Shape_Area":256604.33811910637,"Block_No":40,"Block_Captian":"Joyce Martha","Description":"Brabo Terrace / Princess Rd"}},{"type":"Feature","id":31,"geometry":{"type":"Polygon","coordinates":[[[-122.53385373772086,37.89422856373848],[-122.53386430671246,37.894235840180826],[-122.53386681192768,37.894233679162454],[-122.53390605319657,37.894199827527963],[-122.53415902162385,37.893990418873365],[-122.53416320941695,37.893986953635611],[-122.5342544603006,37.893917259268711],[-122.53470759434875,37.893571167037457],[-122.53459724154258,37.893466597607059],[-122.53458572183067,37.893330875928179],[-122.5346205329881,37.89317890988692],[-122.53461316287532,37.89305238394239],[-122.53445663694451,37.89303036868786],[-122.53415696680926,37.893047888348988],[-122.53386441216047,37.893040571431847],[-122.5336643501128,37.892994591798612],[-122.53358439322885,37.892921830977635],[-122.53347256188511,37.892752137715171],[-122.53347181023143,37.892763999897682],[-122.53340464230905,37.89282363139003],[-122.53336050977298,37.8928628122083],[-122.53336040438126,37.89286290865131],[-122.53335910765557,37.892864059309453],[-122.53335299809919,37.892869478113859],[-122.53325738689902,37.892724727763643],[-122.53314217429096,37.892550297936488],[-122.53313828281266,37.892544411487414],[-122.53313726822044,37.892542869847794],[-122.53294119686566,37.892543745005945],[-122.53293934701219,37.892545335966069],[-122.53292716394796,37.892555829546396],[-122.53280123147458,37.892664261430639],[-122.53279417106984,37.89267034004699],[-122.53273607478157,37.892720405337812],[-122.53273595802234,37.892720501975944],[-122.53273707555712,37.892721816541716],[-122.53280728005633,37.892804173481437],[-122.53290773082516,37.892922014252079],[-122.5329248577506,37.892942102256669],[-122.53299176098749,37.893020590216324],[-122.53305809331184,37.893098408449845],[-122.53305865151657,37.893099065740934],[-122.53305921540476,37.893099722934167],[-122.53307500296715,37.893118242425523],[-122.5330751145341,37.893118371181345],[-122.53307522610098,37.893118499937152],[-122.53309498535577,37.893141682441801],[-122.53310207661629,37.893150001161729],[-122.53312068426391,37.893171829131624],[-122.53313587263173,37.893189646969098],[-122.53314187431324,37.893186472268916],[-122.53314510943773,37.89318476102234],[-122.53319392948163,37.893158918735878],[-122.53320511784521,37.893152998825407],[-122.5332052018622,37.893152952317649],[-122.53320549776748,37.893153375301573],[-122.53320572868478,37.893153709282579],[-122.53320584704691,37.893153878476156],[-122.53320601285269,37.893154118950349],[-122.53321132377872,37.893161752752341],[-122.53321834898047,37.893171850709358],[-122.53330172268903,37.89329166689334],[-122.53330155996782,37.893291746299113],[-122.53324794619519,37.893318823836609],[-122.53324438928276,37.893320619934435],[-122.53317777381456,37.893354262308506],[-122.53317804068833,37.893354455981417],[-122.53318327934736,37.893358209476119],[-122.53340629341807,37.893518017046794],[-122.53340602987583,37.893518152262182],[-122.53323075167157,37.893606921694811],[-122.53322669014608,37.893608978822563],[-122.53314968035741,37.893647982173768],[-122.53308816399786,37.89367913854182],[-122.5330880069591,37.893679217849439],[-122.53302128150277,37.893713010720994],[-122.5329431588313,37.893752578332311],[-122.53264730841434,37.893903168181666],[-122.53264708403665,37.893903280190614],[-122.53264687090255,37.893903387499897],[-122.53266198479115,37.893914338485459],[-122.53266319721666,37.893915214326896],[-122.53267654541452,37.893924853791233],[-122.53267675842513,37.893924741977919],[-122.53297188016172,37.893776152692197],[-122.53311958845727,37.893701796645558],[-122.53312913583311,37.893708691502852],[-122.5332058317441,37.893764082798747],[-122.53345421220634,37.893943467770427],[-122.53359320337236,37.894043852717601],[-122.53366295838792,37.894094231721738],[-122.53367328146533,37.894101789991822],[-122.5337066948176,37.894126253978257],[-122.53373131819178,37.89414428233993],[-122.53385373772086,37.89422856373848]]]},"properties":{"OBJECTID":31,"Shape_Length":2393.2117835101535,"Shape_Area":166566.55408239787,"Block_No":64,"Block_Captian":"Amy Kalish / Ron Arenson","Description":"Walsh Dr"}},{"type":"Feature","id":32,"geometry":{"type":"Polygon","coordinates":[[[-122.54517085649746,37.893963527918366],[-122.54533439794001,37.894098345970583],[-122.54554380607718,37.894092741086475],[-122.54591242340699,37.894070538131679],[-122.54601493473105,37.894047949034885],[-122.54587225122084,37.893953886961825],[-122.5455647717318,37.893750760633374],[-122.54591584012877,37.893367589605155],[-122.54601381035695,37.893229793015351],[-122.54620899982625,37.892955254388433],[-122.5463315611773,37.892568501215528],[-122.54599512407152,37.892614754973721],[-122.54569090326737,37.892749768848489],[-122.54542293931978,37.892927400786519],[-122.54526025750826,37.893106297843403],[-122.54501087939467,37.892968518870838],[-122.54471649071802,37.893177498009742],[-122.54452632234059,37.89306649356179],[-122.54442670393266,37.892987902471084],[-122.5442317427073,37.893127198520943],[-122.54420924965792,37.893147256211471],[-122.54430902568487,37.893385344814298],[-122.54439248269011,37.893584691175903],[-122.54447406841317,37.893716110539309],[-122.54466159903741,37.893731397820623],[-122.54484142168903,37.893749907682356],[-122.54501219666014,37.893864336019824],[-122.54517085649746,37.893963527918366]]]},"properties":{"OBJECTID":32,"Shape_Length":2151.9541636973313,"Shape_Area":167094.92544389857,"Block_No":31,"Block_Captian":"Larry Posner","Description":"Melrose: 323-351"}},{"type":"Feature","id":33,"geometry":{"type":"Polygon","coordinates":[[[-122.53502226625102,37.894372863974993],[-122.53538443067143,37.894384827127084],[-122.5356456331438,37.894380324262727],[-122.53563739267994,37.8941847556071],[-122.53605640131617,37.894175255546791],[-122.53647258039106,37.89415035047957],[-122.5362384058016,37.893700233630469],[-122.53611737735429,37.893467596143168],[-122.53612673241361,37.893318091819495],[-122.53625629667572,37.892970945168358],[-122.53597354437009,37.892658436512832],[-122.53592281752007,37.892691244137566],[-122.53578822181468,37.892786485186683],[-122.53571130282995,37.892892593544779],[-122.53565243536457,37.89302013797532],[-122.53560278270514,37.893119845233493],[-122.53548222479067,37.893181233789797],[-122.53528718407081,37.89325576888573],[-122.53512071057857,37.893280385664688],[-122.53499825390925,37.893272610770026],[-122.53481119311439,37.89316635709239],[-122.53477265634643,37.893324565262994],[-122.53480027001615,37.89347854406995],[-122.53485320783766,37.893561037873404],[-122.53478934481136,37.893648633021819],[-122.53470759434875,37.893571167037457],[-122.5342544603006,37.893917259268711],[-122.53432252240481,37.893988948458656],[-122.53444925461288,37.894107377864287],[-122.53456431921934,37.894219180541903],[-122.53475937847359,37.894315950242579],[-122.53502226625102,37.894372863974993]]]},"properties":{"OBJECTID":33,"Shape_Length":2237.4545325017798,"Shape_Area":213737.79653454269,"Block_No":65,"Block_Captian":"Jeff Philliips","Description":"LaVerne (Corner with Homestead)"}},{"type":"Feature","id":34,"geometry":{"type":"Polygon","coordinates":[[[-122.53750212687788,37.893673292188694],[-122.53794210031079,37.894453522682419],[-122.5382374287373,37.894397023075037],[-122.53842172381852,37.894338168725881],[-122.53854824932495,37.894294229020687],[-122.53865538119,37.894241767727124],[-122.53875085452685,37.894171793242997],[-122.53882100137606,37.894109847876656],[-122.53893531148807,37.894028161055246],[-122.53907636958932,37.893932092848658],[-122.53938267937761,37.893923006766336],[-122.53967643038139,37.893921728718055],[-122.53970029541719,37.893860582288255],[-122.53968626200549,37.893823626817408],[-122.53952947816536,37.893792355437611],[-122.53925910862091,37.893741420834857],[-122.53871658776741,37.893586078686162],[-122.5385657770456,37.893545188720587],[-122.53850680027077,37.893577838885449],[-122.53847688284405,37.893669298468424],[-122.53844946309353,37.893851657993721],[-122.53837292219094,37.893880657654876],[-122.53823376946657,37.893900853508015],[-122.53808886839245,37.893893469231912],[-122.53798483881158,37.893830022774772],[-122.53786161640295,37.893703643602336],[-122.53775259420067,37.893549340051543],[-122.53750212687788,37.893673292188694]]]},"properties":{"OBJECTID":34,"Shape_Length":1723.0490128605582,"Shape_Area":93049.139904572919,"Block_No":52,"Block_Captian":"Mark Brokering","Description":"Greenhill / Loring"}},{"type":"Feature","id":35,"geometry":{"type":"Polygon","coordinates":[[[-122.54691040155524,37.894353269526221],[-122.5470761126146,37.894353719528056],[-122.54728625567114,37.894340808835778],[-122.54753823393052,37.894290103236962],[-122.54780841475468,37.89419274414945],[-122.5479273226331,37.894122721559654],[-122.54794774847447,37.893733140069713],[-122.54772506592035,37.893715378234312],[-122.54733891167368,37.893706629362164],[-122.54711224749872,37.893685846022912],[-122.54707939337599,37.893662352082693],[-122.54697306748209,37.893586318986813],[-122.54679281742978,37.893552374627177],[-122.54661276264248,37.893666702923781],[-122.54652212628324,37.893631204827109],[-122.54638709822049,37.893540871519178],[-122.54627789582091,37.893397576270068],[-122.54624695821515,37.893265281266522],[-122.54601381035695,37.893229793015351],[-122.54591584012877,37.893367589605155],[-122.5455647717318,37.893750760633374],[-122.54587225122084,37.893953886961825],[-122.54601493473105,37.894047949034885],[-122.54681471369422,37.894116142233052],[-122.54692047230608,37.894196363374093],[-122.54690540511227,37.894312465884632],[-122.54691040155524,37.894353269526221]]]},"properties":{"OBJECTID":35,"Shape_Length":1859.5510062040071,"Shape_Area":140161.30685133793,"Block_No":26,"Block_Captian":"Liz Bolton","Description":"N. Ferndale / Ridgewood"}},{"type":"Feature","id":37,"geometry":{"type":"Polygon","coordinates":[[[-122.5415892036754,37.894573440794396],[-122.5417863747613,37.894683583526295],[-122.54309718049886,37.893119034093623],[-122.54337394755954,37.892809774149242],[-122.543311740755,37.892762583942321],[-122.5430496724948,37.892535436357186],[-122.54289162962522,37.892325794383396],[-122.54273808087672,37.8920581547276],[-122.54265851608707,37.891823021776545],[-122.54263493629236,37.891630360942365],[-122.54262353369799,37.89143748943394],[-122.54191840984949,37.8919771006872],[-122.54188566366159,37.892091452533066],[-122.54201914858862,37.892213597342838],[-122.54210320198681,37.89233304072792],[-122.54210711708748,37.892475204716426],[-122.54212615107285,37.892677556653481],[-122.54211602402791,37.892798628877209],[-122.54191939386423,37.892990486620612],[-122.54170930770098,37.893182577590849],[-122.54152855989221,37.893299488402384],[-122.54152309197889,37.893407252758202],[-122.54132674107274,37.893576774146872],[-122.5412703363418,37.893614160421862],[-122.54117037593508,37.893634094056821],[-122.54110959823358,37.893616939139953],[-122.54105237944674,37.89362475589374],[-122.54101438624053,37.893705062568181],[-122.54097582945957,37.893764896916245],[-122.54085646377447,37.893842792487575],[-122.54092305306297,37.89404919093252],[-122.54117320934319,37.894286202044761],[-122.5415892036754,37.894573440794396]]]},"properties":{"OBJECTID":37,"Shape_Length":2966.7642885379319,"Shape_Area":335767.18945090479,"Block_No":39,"Block_Captian":"Jane Scurich","Description":"Chapman / LaVerne"}},{"type":"Feature","id":38,"geometry":{"type":"Polygon","coordinates":[[[-122.53647258039106,37.89415035047957],[-122.53685978601676,37.894894601615],[-122.5369667158209,37.894865263479197],[-122.53776722524549,37.89453562199634],[-122.53794210031079,37.894453522682419],[-122.53750212687788,37.893673292188694],[-122.53695480809591,37.893845712121994],[-122.53684816067398,37.893622256722963],[-122.53677315311086,37.893505214079354],[-122.53651108269142,37.893582556663951],[-122.5362384058016,37.893700233630469],[-122.53647258039106,37.89415035047957]]]},"properties":{"OBJECTID":38,"Shape_Length":1608.2582510303964,"Shape_Area":137460.32471669911,"Block_No":67,"Block_Captian":"Abby Wasserman","Description":"Lehman Ln / Reed / Ethel"}},{"type":"Feature","id":39,"geometry":{"type":"Polygon","coordinates":[[[-122.53458648770125,37.895157835161761],[-122.53464754030666,37.895191362045473],[-122.53468624242677,37.894994042726914],[-122.53480436533123,37.894934673405892],[-122.53516198486554,37.894875130824119],[-122.53540039793999,37.894835434860745],[-122.53560461818793,37.894947446227889],[-122.5357701275162,37.89501255288156],[-122.53601974644086,37.895017516183316],[-122.53638921827249,37.894986432410526],[-122.53673844424704,37.894927894065141],[-122.53685978601676,37.894894601615],[-122.53647258039106,37.89415035047957],[-122.53605640131617,37.894175255546791],[-122.53563739267994,37.8941847556071],[-122.5356456331438,37.894380324262727],[-122.53538443067143,37.894384827127084],[-122.53502226625102,37.894372863974993],[-122.53475937847359,37.894315950242579],[-122.53456431921934,37.894219180541903],[-122.53444925461288,37.894107377864287],[-122.53432252240481,37.893988948458656],[-122.5342544603006,37.893917259268711],[-122.53416320941695,37.893986953635611],[-122.53417294102378,37.8939948383806],[-122.53418344838499,37.894003350527463],[-122.53418583262544,37.894005278617229],[-122.53418842629176,37.894007378836825],[-122.53418822588577,37.894007535496726],[-122.5341842507552,37.894010627571546],[-122.53417923946846,37.894014751368978],[-122.53417352878647,37.894019663165288],[-122.53416839087981,37.894024726412106],[-122.53416612475944,37.894027311397579],[-122.53416385863891,37.894029896383024],[-122.53416108161912,37.894034585505693],[-122.53415991859693,37.894037003687295],[-122.53415875668664,37.894039420948495],[-122.53415683479027,37.894044397247953],[-122.53415533631662,37.894049469893105],[-122.53415480391878,37.894052034022707],[-122.53415426610914,37.894054608159017],[-122.53415363437351,37.894059769512616],[-122.53415354578513,37.894062344020902],[-122.53415345707316,37.894064914025179],[-122.53415346918163,37.894065148133699],[-122.53415347165277,37.894065238213081],[-122.53415371604562,37.894070001454786],[-122.53415435435663,37.894074614616372],[-122.5342139742425,37.894156566397193],[-122.53428312742444,37.894229716614852],[-122.53440691235593,37.894317850073541],[-122.53440746909818,37.894318246029933],[-122.53440736210007,37.894318491202803],[-122.53439722646083,37.894342224618562],[-122.53438034633808,37.894380692920492],[-122.53430281824672,37.894557378954715],[-122.53428070194759,37.894607779476466],[-122.53427857946373,37.894612615939081],[-122.53427869029358,37.894612717669901],[-122.53437244527531,37.894698561234534],[-122.5343792404101,37.894704780634278],[-122.53438022031166,37.894705677587957],[-122.53438785277541,37.894708343471343],[-122.5343923125873,37.894709900542686],[-122.53439687117017,37.894711492862129],[-122.53458508575312,37.894777196787579],[-122.53459670609107,37.894781253918325],[-122.53460321667752,37.894783526360619],[-122.5346076213675,37.894785063645713],[-122.53460982030239,37.894785832346983],[-122.53460979485183,37.894786148212397],[-122.53460977832144,37.89478637470333],[-122.5346095116863,37.894790127470152],[-122.53460415196491,37.89486469571149],[-122.53459583222224,37.894980430395108],[-122.53459564220866,37.89498307964989],[-122.53459365465039,37.89501073807989],[-122.53459358497304,37.895012136170806],[-122.53459357076594,37.895012447336399],[-122.53458661929787,37.895155170691687],[-122.53458649931441,37.895157636693369],[-122.53458649066606,37.895157735976518],[-122.53458648770125,37.895157835161761]]]},"properties":{"OBJECTID":39,"Shape_Length":2383.9671382211832,"Shape_Area":172011.95523706143,"Block_No":68,"Block_Captian":"Dawn Shaloup","Description":"Reed"}},{"type":"Feature","id":40,"geometry":{"type":"Polygon","coordinates":[[[-122.54222303930489,37.894808642094432],[-122.54339448262039,37.895102112144869],[-122.54340100563647,37.894734813710308],[-122.5434723408563,37.894697992649569],[-122.54352756980452,37.894619932820568],[-122.54352522804224,37.894534961122481],[-122.5435685884502,37.894478854051975],[-122.54364924440408,37.894418146902467],[-122.54378980124392,37.894358380160426],[-122.54379754273866,37.894277188485873],[-122.54383265844855,37.894193545698258],[-122.54393699696492,37.894086957262537],[-122.5439137796445,37.89396873765584],[-122.54392471130112,37.893822248594525],[-122.54394133770748,37.893701361990686],[-122.54393595689483,37.893596672781349],[-122.54384388168651,37.893485692296274],[-122.54380939040252,37.893502112979121],[-122.54362362973144,37.893409566227334],[-122.54337823528566,37.893274803388749],[-122.54318044682169,37.893170107454374],[-122.54309718049886,37.893119034093623],[-122.5417863747613,37.894683583526295],[-122.54184901622642,37.894718576193632],[-122.54222303930489,37.894808642094432]]]},"properties":{"OBJECTID":40,"Shape_Length":2095.9626125345148,"Shape_Area":247092.75487302354,"Block_No":38,"Block_Captian":null,"Description":null}},{"type":"Feature","id":41,"geometry":{"type":"Polygon","coordinates":[[[-122.53957260379566,37.89525000821866],[-122.53996137422956,37.895315918054621],[-122.54000277458495,37.895085980024625],[-122.53993286007004,37.8949911808661],[-122.53995527183513,37.894827227520629],[-122.53999971745009,37.894648669521303],[-122.54010315151963,37.894493983135],[-122.54025533157292,37.894317119764374],[-122.54043091495592,37.894175409428001],[-122.54045227209143,37.893908997222546],[-122.54036109527169,37.893934845391492],[-122.53955414651767,37.894075096520375],[-122.53910466603594,37.894110318054722],[-122.53912427290221,37.894571285462995],[-122.53913788300508,37.894734450727384],[-122.53917596409366,37.895190957922232],[-122.53957260379566,37.89525000821866]]]},"properties":{"OBJECTID":41,"Shape_Length":1584.0088392871462,"Shape_Area":125221.73069294238,"Block_No":48,"Block_Captian":null,"Description":null}},{"type":"Feature","id":42,"geometry":{"type":"Polygon","coordinates":[[[-122.54458682882965,37.89518121550379],[-122.54478799880641,37.895275883995936],[-122.54487566620855,37.895274365798237],[-122.5449462873266,37.895273142755613],[-122.54520723967134,37.895017633757995],[-122.54533558537446,37.894812687976469],[-122.54561592814822,37.89483621280516],[-122.54561320238024,37.894737408599546],[-122.54561403140484,37.894626186152841],[-122.54565501712497,37.894557515841854],[-122.54584007965121,37.894483260778038],[-122.54604971210506,37.894451826610187],[-122.54635768850029,37.894452667405886],[-122.54638070650002,37.89422453955325],[-122.54602373804131,37.894216886491634],[-122.54560135060406,37.894279561546774],[-122.54533439794001,37.894098345970583],[-122.54517085649746,37.893963527918366],[-122.54498724223625,37.894090272874031],[-122.54498132349725,37.894158335626003],[-122.54496524760216,37.894282177877692],[-122.54477358460537,37.894399793703627],[-122.54486185711714,37.894490938561304],[-122.54494876738431,37.894532680337484],[-122.54500738167759,37.894537843966837],[-122.5450484736096,37.894614359776114],[-122.54500037635448,37.894707865435613],[-122.54458682882965,37.89518121550379]]]},"properties":{"OBJECTID":42,"Shape_Length":1767.1415320334331,"Shape_Area":90694.059216564041,"Block_No":25,"Block_Captian":"Liz Bolton","Description":"N. Ferndale / Ridgewood"}},{"type":"Feature","id":43,"geometry":{"type":"Polygon","coordinates":[[[-122.54404499633486,37.895279095489897],[-122.54427767094417,37.895323334145097],[-122.54435402085393,37.8952206509842],[-122.54451347569359,37.895039301347694],[-122.54472003590053,37.894799215148851],[-122.54494876738431,37.894532680337484],[-122.54486185711714,37.894490938561304],[-122.54477358460537,37.894399793703627],[-122.54496524760216,37.894282177877692],[-122.54498132349725,37.894158335626003],[-122.54498724223625,37.894090272874031],[-122.54517085649746,37.893963527918366],[-122.54501219666014,37.893864336019824],[-122.54484142168903,37.893749907682356],[-122.54466159903741,37.893731397820623],[-122.54447406841317,37.893716110539309],[-122.54439248269011,37.893584691175903],[-122.54430902568487,37.893385344814298],[-122.54420924965792,37.893147256211471],[-122.54408336602779,37.893259509000011],[-122.54391712410784,37.893450822409619],[-122.54384388168651,37.893485692296274],[-122.54393595689483,37.893596672781349],[-122.54394133770748,37.893701361990686],[-122.54392471130112,37.893822248594525],[-122.5439137796445,37.89396873765584],[-122.54393699696492,37.894086957262537],[-122.54383265844855,37.894193545698258],[-122.54379754273866,37.894277188485873],[-122.54378980124392,37.894358380160426],[-122.54364924440408,37.894418146902467],[-122.5435685884502,37.894478854051975],[-122.54352522804224,37.894534961122481],[-122.54352756980452,37.894619932820568],[-122.5434723408563,37.894697992649569],[-122.54340100563647,37.894734813710308],[-122.54339448262039,37.895102112144869],[-122.54368909938975,37.8951838946207],[-122.54404499633486,37.895279095489897]]]},"properties":{"OBJECTID":43,"Shape_Length":2173.3784354147342,"Shape_Area":205482.21048715914,"Block_No":32,"Block_Captian":"Jim Miller","Description":"Melrose: 203-323 / Wickham"}},{"type":"Feature","id":44,"geometry":{"type":"Polygon","coordinates":[[[-122.54036633709059,37.895384572218184],[-122.54104645413626,37.895543202753423],[-122.54116108539048,37.895272198691295],[-122.54125611990405,37.894975423994701],[-122.54132837514327,37.894669792870751],[-122.5411333283492,37.894547556129723],[-122.54085653791898,37.894310704279711],[-122.54071707545639,37.894027544798689],[-122.54064990121265,37.893852970361252],[-122.54045227209143,37.893908997222546],[-122.54043091495592,37.894175409428001],[-122.54025533157292,37.894317119764374],[-122.54010315151963,37.894493983135],[-122.53999971745009,37.894648669521303],[-122.53995527183513,37.894827227520629],[-122.53993286007004,37.8949911808661],[-122.54000277458495,37.895085980024625],[-122.53996137422956,37.895315918054621],[-122.54036633709059,37.895384572218184]]]},"properties":{"OBJECTID":44,"Shape_Length":1641.9631372129181,"Shape_Area":151432.44946717436,"Block_No":47,"Block_Captian":null,"Description":null}},{"type":"Feature","id":46,"geometry":{"type":"Polygon","coordinates":[[[-122.53623069849058,37.895727705021848],[-122.53627687088074,37.89577074681624],[-122.53638254393859,37.895698906856872],[-122.53663650735628,37.895535227099778],[-122.53699217902283,37.89531062442272],[-122.53718648993545,37.895275412220208],[-122.53738881684096,37.895159558092296],[-122.53757357174193,37.895024805435057],[-122.53774224319004,37.894957890013927],[-122.53786421582029,37.894987787313674],[-122.53800646468505,37.894939106800628],[-122.53801055030557,37.894761247144153],[-122.53822056130117,37.894729175139354],[-122.53833424896861,37.894784105771286],[-122.53913788300508,37.894734450727384],[-122.53912427290221,37.894571285462995],[-122.53910466603594,37.894110318054722],[-122.53887979919372,37.894259403131727],[-122.53859206629613,37.894410670848721],[-122.53832042956381,37.894512234344589],[-122.53804499462004,37.894566414407841],[-122.53775563077835,37.894658397067751],[-122.5375057573557,37.894763290678526],[-122.53722039953851,37.894876332878887],[-122.53695943759867,37.895026022503068],[-122.53672726998042,37.895088720267381],[-122.5364595252955,37.895133496674504],[-122.53612842269294,37.895142295152326],[-122.53586821763879,37.895177672951981],[-122.53567423581814,37.895244353307284],[-122.53567457463949,37.895244515994051],[-122.5356752949839,37.895244864063137],[-122.53567538715832,37.895244907534995],[-122.5356755197363,37.89524497284085],[-122.53567585371398,37.895245124796467],[-122.53585695466874,37.89539320369795],[-122.5358659748299,37.895401216831161],[-122.53592032444864,37.895449503460476],[-122.53592365834369,37.895452465063087],[-122.53592378773574,37.895452579990618],[-122.53594639071622,37.895472662371731],[-122.53595340601321,37.895478981527546],[-122.53595537210161,37.895480753671784],[-122.53597949912225,37.895502495950709],[-122.53598415783554,37.8955066964159],[-122.53600632342808,37.89552667007024],[-122.53600673737961,37.89552704234606],[-122.53600678517269,37.895527084780497],[-122.53603933629607,37.895556418763164],[-122.53610362903788,37.895613849768168],[-122.53610922168417,37.895618845221904],[-122.53611013803381,37.895619663048954],[-122.53617838435952,37.895680626212773],[-122.53618810762762,37.895689309420852],[-122.53620633141293,37.895705592024989],[-122.53622193084726,37.895719530748899],[-122.53623069849058,37.895727705021848]]]},"properties":{"OBJECTID":46,"Shape_Length":2579.6307954612103,"Shape_Area":132647.16106190113,"Block_No":69,"Block_Captian":"Iona Scobie","Description":"Ethel / Reed"}},{"type":"Feature","id":47,"geometry":{"type":"Polygon","coordinates":[[[-122.53718648993545,37.895275412220208],[-122.53768789639588,37.895756037333221],[-122.53799202328574,37.895536872283813],[-122.53823277358536,37.89572842754545],[-122.53841316532326,37.895604701434557],[-122.53858283767177,37.895717833167282],[-122.53882730883375,37.895522452555589],[-122.5390828997281,37.895522590212138],[-122.53917596409366,37.895190957922232],[-122.53913788300508,37.894734450727384],[-122.53833424896861,37.894784105771286],[-122.53822056130117,37.894729175139354],[-122.53801055030557,37.894761247144153],[-122.53800646468505,37.894939106800628],[-122.53786421582029,37.894987787313674],[-122.53774224319004,37.894957890013927],[-122.53757357174193,37.895024805435057],[-122.53738881684096,37.895159558092296],[-122.53718648993545,37.895275412220208]]]},"properties":{"OBJECTID":47,"Shape_Length":1719.1686706647649,"Shape_Area":145408.12986793325,"Block_No":51,"Block_Captian":null,"Description":null}},{"type":"Feature","id":48,"geometry":{"type":"Polygon","coordinates":[[[-122.54174736841871,37.895706678860869],[-122.54214948540046,37.895796811720487],[-122.54223751672316,37.89558071928397],[-122.54231538958126,37.895312687553833],[-122.54238686110197,37.895042911758452],[-122.54194108857585,37.894939978545978],[-122.54150001658408,37.894777361046579],[-122.54132837514327,37.894669792870751],[-122.54125611990405,37.894975423994701],[-122.54116108539048,37.895272198691295],[-122.54104645413626,37.895543202753423],[-122.54174736841871,37.895706678860869]]]},"properties":{"OBJECTID":48,"Shape_Length":1280.9125902410772,"Shape_Area":96282.570175652058,"Block_No":37,"Block_Captian":"Joel Miller","Description":"Scott / LaVerne / Evergreen"}},{"type":"Feature","id":49,"geometry":{"type":"Polygon","coordinates":[[[-122.54214948540046,37.895796811720487],[-122.54270269623457,37.895920809099735],[-122.54350273188437,37.895780656397022],[-122.54358052745829,37.895334479776018],[-122.54336413195776,37.895277814984368],[-122.54258273665305,37.895088140809108],[-122.54238686110197,37.895042911758452],[-122.54231538958126,37.895312687553833],[-122.54223751672316,37.89558071928397],[-122.54214948540046,37.895796811720487]]]},"properties":{"OBJECTID":49,"Shape_Length":1209.9868374344107,"Shape_Area":91296.614512385815,"Block_No":33,"Block_Captian":"","Description":"Evergreen: 253-265 / LaVerne: 228-230-232-234-250-260 "}},{"type":"Feature","id":50,"geometry":{"type":"Polygon","coordinates":[[[-122.54669354408963,37.896028467566985],[-122.54697553083832,37.896076093675418],[-122.54717424550233,37.896072648656357],[-122.54734864430988,37.89603564523766],[-122.54747509209793,37.895956225189181],[-122.54763100571994,37.89581451164505],[-122.54766770018135,37.895449360673055],[-122.54739859785306,37.895444759785562],[-122.54716928690128,37.895328261203893],[-122.54697589457162,37.895242029800798],[-122.54685661906407,37.895157602693629],[-122.54675133270494,37.895156338383721],[-122.54669129269281,37.895240785401633],[-122.54657331926914,37.895344770157593],[-122.54649675587591,37.895395522880818],[-122.54635563664297,37.895367077457898],[-122.54617148699745,37.895333199674972],[-122.54599868563839,37.895286768316176],[-122.54587992118215,37.895220865915647],[-122.54581596141168,37.895163281126344],[-122.54574725433979,37.895074887369965],[-122.54569032034978,37.894989378994978],[-122.54561592814822,37.89483621280516],[-122.54533558537446,37.894812687976469],[-122.54535195944447,37.895158962889035],[-122.54516757605299,37.895257918679121],[-122.54498421404392,37.895393926432739],[-122.54496711717914,37.895480717280549],[-122.54501981338305,37.895553942732505],[-122.54526249302133,37.895589897898525],[-122.54545469183677,37.89563290583051],[-122.54565840830392,37.895669534237292],[-122.54585518464151,37.895737174623335],[-122.54600918728732,37.895808645245936],[-122.54635513349783,37.895913857514081],[-122.54651235080954,37.895960558474464],[-122.54669354408963,37.896028467566985]]]},"properties":{"OBJECTID":50,"Shape_Length":2127.3188855274448,"Shape_Area":170912.3950323938,"Block_No":19,"Block_Captian":"Cynthia Theobald","Description":"Todd Way / LaVerne / N. Ferndale"}},{"type":"Feature","id":51,"geometry":{"type":"Polygon","coordinates":[[[-122.54068995617813,37.896251074727957],[-122.54108728102192,37.896340213478418],[-122.5411526816625,37.896107955899815],[-122.54145991370902,37.896137497496099],[-122.541544205167,37.895835053125424],[-122.53956177023531,37.895360029800244],[-122.53951677494155,37.895635709892552],[-122.53942937225132,37.895903476997098],[-122.53941085681765,37.895942983655679],[-122.53980502177146,37.896053017464283],[-122.54029292566219,37.896172596416136],[-122.54068995617813,37.896251074727957]]]},"properties":{"OBJECTID":51,"Shape_Length":1608.8070948718791,"Shape_Area":120727.78105776313,"Block_No":36,"Block_Captian":"","Description":"Evergreen: 204-244"}},{"type":"Feature","id":53,"geometry":{"type":"Polygon","coordinates":[[[-122.53710811481858,37.896435956728567],[-122.53711686826756,37.896444269970388],[-122.53721168404978,37.896401452923577],[-122.53746271527929,37.896235546432834],[-122.53768304540026,37.896102029124322],[-122.5378928303045,37.896002828897629],[-122.53808958782051,37.896161008190916],[-122.53829905970005,37.896050433834766],[-122.53859719647195,37.89582226740724],[-122.53858283767177,37.895717833167282],[-122.53841316532326,37.895604701434557],[-122.53823277358536,37.89572842754545],[-122.53799202328574,37.895536872283813],[-122.53768789639588,37.895756037333221],[-122.53718648993545,37.895275412220208],[-122.53699217902283,37.89531062442272],[-122.53663650735628,37.895535227099778],[-122.53638254393859,37.895698906856872],[-122.53627687088074,37.89577074681624],[-122.53631070308384,37.895802286449182],[-122.53631201036232,37.895803507587956],[-122.53631224957697,37.895803728767547],[-122.53631245060176,37.895803594623935],[-122.53631669451183,37.895800806060734],[-122.53634419005751,37.895782741877113],[-122.53634614495196,37.895781455468104],[-122.53634628568901,37.89578161075449],[-122.53635505850389,37.895789309986434],[-122.53671365670228,37.896104052227024],[-122.53672395033061,37.896111179061073],[-122.53684208725339,37.896192952019597],[-122.53685243401294,37.896200107666495],[-122.53686127752336,37.896208265264555],[-122.53688375910943,37.896229002949717],[-122.53710707577206,37.896434978806305],[-122.53710811481858,37.896435956728567]]]},"properties":{"OBJECTID":53,"Shape_Length":1845.0787538897268,"Shape_Area":135099.57610401427,"Block_No":50,"Block_Captian":null,"Description":null}},{"type":"Feature","id":54,"geometry":{"type":"Polygon","coordinates":[[[-122.54529066248733,37.896469804349231],[-122.54540772380413,37.896473954510498],[-122.54554105793636,37.89620925501189],[-122.54569969370307,37.895894323584386],[-122.5447494057408,37.895643382859923],[-122.5447120878588,37.895562361286458],[-122.54487520214504,37.895398903743114],[-122.54487566620855,37.895274365798237],[-122.54478799880641,37.895275883995936],[-122.54458682882965,37.89518121550379],[-122.54448191225613,37.895301302169358],[-122.54434632277346,37.895445130754332],[-122.54381082379365,37.895392618591593],[-122.54349912209028,37.896105418073248],[-122.54391494515893,37.896200160863827],[-122.5440430806041,37.896040398502265],[-122.54460028054888,37.896172850782136],[-122.54464550419911,37.896116463239487],[-122.54475341143129,37.896071347761357],[-122.54494535457749,37.896105092799502],[-122.5449747582603,37.896181811044407],[-122.5448823730152,37.896365667724332],[-122.54529066248733,37.896469804349231]]]},"properties":{"OBJECTID":54,"Shape_Length":2047.4144251711807,"Shape_Area":142123.85268322361,"Block_No":24,"Block_Captian":"Jan Hochschild","Description":"LaVerne: 237-324 / Melrose:214-218"}},{"type":"Feature","id":55,"geometry":{"type":"Polygon","coordinates":[[[-122.53725693559349,37.896577010276815],[-122.53759891209197,37.896890138714447],[-122.53864220972255,37.896194177262494],[-122.5391534580003,37.896388543961351],[-122.53919086196511,37.896404794091502],[-122.53920388918409,37.896371616897497],[-122.53931001731293,37.896158142364882],[-122.53941085681765,37.895942983655679],[-122.53942937225132,37.895903476997098],[-122.53951677494155,37.895635709892552],[-122.53956177023531,37.895360029800244],[-122.53957260379566,37.89525000821866],[-122.53917596409366,37.895190957922232],[-122.5390828997281,37.895522590212138],[-122.53882730883375,37.895522452555589],[-122.53858283767177,37.895717833167282],[-122.53859719647195,37.89582226740724],[-122.53829905970005,37.896050433834766],[-122.53808958782051,37.896161008190916],[-122.5378928303045,37.896002828897629],[-122.53768304540026,37.896102029124322],[-122.53746271527929,37.896235546432834],[-122.53721168404978,37.896401452923577],[-122.53711686826756,37.896444269970388],[-122.53716226109852,37.896487381654381],[-122.5371643688505,37.896489382047328],[-122.53716570012749,37.896490647823882],[-122.53724806570374,37.896568889211473],[-122.53725693559349,37.896577010276815]]]},"properties":{"OBJECTID":55,"Shape_Length":2222.2539584191222,"Shape_Area":150412.67823320552,"Block_No":49,"Block_Captian":null,"Description":null}},{"type":"Feature","id":56,"geometry":{"type":"Polygon","coordinates":[[[-122.53988291752346,37.896705447723633],[-122.54026797682694,37.896847071922494],[-122.54120832600456,37.896718129770427],[-122.54129460952441,37.896699040950729],[-122.54131857838108,37.89659223298387],[-122.54137706331277,37.896434766385447],[-122.54145991370902,37.896137497496099],[-122.5411526816625,37.896107955899815],[-122.54108728102192,37.896340213478418],[-122.54068995617813,37.896251074727957],[-122.54029292566219,37.896172596416136],[-122.53980502177146,37.896053017464283],[-122.53941085681765,37.895942983655679],[-122.53931001731293,37.896158142364882],[-122.53920388918409,37.896371616897497],[-122.53919086196511,37.896404794091502],[-122.53988291752346,37.896705447723633]]]},"properties":{"OBJECTID":56,"Shape_Length":1722.4734238993753,"Shape_Area":126387.9896308535,"Block_No":35,"Block_Captian":"","Description":"Montford: 27-107 / Lillian Ln: 4-9 "}},{"type":"Feature","id":57,"geometry":{"type":"Polygon","coordinates":[[[-122.54266310553641,37.896717575854154],[-122.54296391934732,37.89684988450086],[-122.54321728090304,37.896235918358805],[-122.541544205167,37.895835053125424],[-122.54145991370902,37.896137497496099],[-122.54137706331277,37.896434766385447],[-122.54131857838108,37.89659223298387],[-122.54129460952441,37.896699040950729],[-122.54139789195523,37.896676191190537],[-122.54197719424191,37.896613454115069],[-122.54222632633288,37.89664077751226],[-122.54241368272136,37.896679714115798],[-122.54266310553641,37.896717575854154]]]},"properties":{"OBJECTID":57,"Shape_Length":1563.1381532907762,"Shape_Area":120266.30920868395,"Block_No":34,"Block_Captian":"Alan Saltzman","Description":"Evergreen: 246-260 / Melrose: 205-207 / Montford: 109-129"}},{"type":"Feature","id":58,"geometry":{"type":"Polygon","coordinates":[[[-122.55045842422339,37.896704163831444],[-122.55070855877285,37.896727498322655],[-122.55089026992357,37.896712480487231],[-122.55104671746624,37.896686039309479],[-122.55118765416104,37.89664009634118],[-122.55129307889717,37.896573022717917],[-122.551359676514,37.896455221390674],[-122.55137124717238,37.896339417820549],[-122.55073755342282,37.896331118288444],[-122.55049824978424,37.896267700471547],[-122.54996298582044,37.896074271558028],[-122.54946331777499,37.895846435600774],[-122.54903235615016,37.895680152930233],[-122.54870675795097,37.895579614314499],[-122.54862441444907,37.895465201655917],[-122.54868222819422,37.895353184201817],[-122.54899444488535,37.894736733315078],[-122.54834289902514,37.894722336787218],[-122.54773891716695,37.894533133520341],[-122.54753839010102,37.894499047141096],[-122.54692899571697,37.894505125775311],[-122.54635768850029,37.894452667405886],[-122.54604971210506,37.894451826610187],[-122.54584007965121,37.894483260778038],[-122.54565501712497,37.894557515841854],[-122.54561403140484,37.894626186152841],[-122.54561320238024,37.894737408599546],[-122.54561592814822,37.89483621280516],[-122.54569032034978,37.894989378994978],[-122.54574725433979,37.895074887369965],[-122.54581596141168,37.895163281126344],[-122.54587992118215,37.895220865915647],[-122.54599868563839,37.895286768316176],[-122.54617148699745,37.895333199674972],[-122.54635563664297,37.895367077457898],[-122.54649675587591,37.895395522880818],[-122.54657331926914,37.895344770157593],[-122.54669129269281,37.895240785401633],[-122.54675133270494,37.895156338383721],[-122.54680980191937,37.895037568479076],[-122.54690872836821,37.895006197979754],[-122.54703954386402,37.895045447677177],[-122.54718468085342,37.895151668390795],[-122.54741655117172,37.895236614028562],[-122.5476695011946,37.895271767929692],[-122.54766770018135,37.895449360673055],[-122.54763100571994,37.89581451164505],[-122.54781251377281,37.895752670925901],[-122.54805027645776,37.895751636596785],[-122.54819327342194,37.895848007715252],[-122.54834159062696,37.895854702174688],[-122.54863330586392,37.89583110680487],[-122.54876959201883,37.895862255949311],[-122.54884642626199,37.895882257417355],[-122.54894627524514,37.895923195016515],[-122.54898372639256,37.895979437511556],[-122.54902625244813,37.896056927469083],[-122.54903767779243,37.89614562487953],[-122.54908030220344,37.896226668432952],[-122.54917625551971,37.896289007184464],[-122.54933568772373,37.89637513592583],[-122.54949384318824,37.896415060215254],[-122.54965540258466,37.89641581215448],[-122.55004623610017,37.896594676442092],[-122.55017477946724,37.896641870406],[-122.55045842422339,37.896704163831444]]]},"properties":{"OBJECTID":58,"Shape_Length":4551.1201483274908,"Shape_Area":408620.14547607343,"Block_No":18,"Block_Captian":"Mia Wyman / Kristen Testa","Description":"Lower Ridgewood"}},{"type":"Feature","id":59,"geometry":{"type":"Polygon","coordinates":[[[-122.54665373408602,37.896793572152376],[-122.54763777225087,37.897012386955595],[-122.54773025271989,37.896832194363348],[-122.54775896155098,37.896768949814991],[-122.54792374014849,37.896780572020475],[-122.54808269806048,37.896801948846758],[-122.54820037101248,37.896872308341798],[-122.5483699673122,37.896740782759075],[-122.54843390337905,37.896656267314505],[-122.54842929720445,37.896489535503747],[-122.54842798957439,37.896301123439564],[-122.5484428659209,37.896134053633631],[-122.5485963895118,37.895905885444293],[-122.54863330586392,37.89583110680487],[-122.54834159062696,37.895854702174688],[-122.54819327342194,37.895848007715252],[-122.54805027645776,37.895751636596785],[-122.54781251377281,37.895752670925901],[-122.54763100571994,37.89581451164505],[-122.54753143205298,37.896020119112599],[-122.54749690179774,37.896181351697031],[-122.54741669721157,37.896241435408086],[-122.54707339045297,37.896231941587629],[-122.5467493958498,37.896215934144777],[-122.54652915299845,37.896145613453179],[-122.5462349659678,37.896079662275177],[-122.54603878477494,37.89603363610798],[-122.54591324913481,37.896004921013912],[-122.54580261777667,37.895951233357209],[-122.54569969370307,37.895894323584386],[-122.54554105793636,37.89620925501189],[-122.54591278349314,37.896270591222539],[-122.54605594909665,37.896373140741531],[-122.54626916556961,37.896471385870115],[-122.54672794029123,37.8965684638924],[-122.54665373408602,37.896793572152376]]]},"properties":{"OBJECTID":59,"Shape_Length":2525.4648407915506,"Shape_Area":198181.25589530796,"Block_No":17,"Block_Captian":"Lindsey Tucker","Description":"LaVerne: 325-364"}},{"type":"Feature","id":60,"geometry":{"type":"Polygon","coordinates":[[[-122.5450307721761,37.897506065389408],[-122.54519120751738,37.897528000014645],[-122.54531199696746,37.897525907854309],[-122.54544988433832,37.897437024673572],[-122.5456296944979,37.897313434508625],[-122.54585728320995,37.897226085301078],[-122.54606700861953,37.897197739032165],[-122.54621117706401,37.897195240835607],[-122.54621928752682,37.897065357724586],[-122.54629855552736,37.896971311439536],[-122.54658046040154,37.897015851471544],[-122.54665373408602,37.896793572152376],[-122.54672794029123,37.8965684638924],[-122.54626916556961,37.896471385870115],[-122.54605594909665,37.896373140741531],[-122.54591278349314,37.896270591222539],[-122.54554105793636,37.89620925501189],[-122.54540772380413,37.896473954510498],[-122.54529066248733,37.896469804349231],[-122.54526822112216,37.89650417271713],[-122.54517677302019,37.896721993943189],[-122.54505915634158,37.896980426726472],[-122.5449966842648,37.897259528252427],[-122.5449428364952,37.897427271462746],[-122.5450307721761,37.897506065389408]]]},"properties":{"OBJECTID":60,"Shape_Length":1630.9070143123809,"Shape_Area":140453.9601400182,"Block_No":20,"Block_Captian":"Alan Cowan","Description":"Holly / Montford / Evergreen Ln / LaVerne"}},{"type":"Feature","id":61,"geometry":{"type":"Polygon","coordinates":[[[-122.54244089093379,37.898331250490877],[-122.54306410849192,37.898441024616702],[-122.5431315429565,37.898388557662194],[-122.54335061041289,37.898196309151487],[-122.54372420682658,37.897912491143387],[-122.54410144590692,37.897768705442402],[-122.54412906453371,37.897444837673731],[-122.54387625728511,37.897333371754165],[-122.54387769538543,37.8970968979906],[-122.54377206468544,37.897089012963555],[-122.54295478987234,37.897050062134795],[-122.54266851319672,37.89705018782908],[-122.54245065706476,37.8970951907678],[-122.54251015435268,37.897160871790042],[-122.54265666105555,37.897534259216705],[-122.5426244660768,37.897945393381434],[-122.54244259937181,37.898327665625388],[-122.54244089093379,37.898331250490877]]]},"properties":{"OBJECTID":61,"Shape_Length":1750.1083190944696,"Shape_Area":168217.65407408838,"Block_No":23,"Block_Captian":"Claudette Heisler","Description":"Janes"}},{"type":"Feature","id":62,"geometry":{"type":"Polygon","coordinates":[[[-122.5503228238569,37.898320803323443],[-122.55044369214922,37.898321515478081],[-122.55065462744317,37.898311486265818],[-122.55097307333638,37.898305955607391],[-122.55099235348062,37.898191834192552],[-122.55098979741187,37.89809942849103],[-122.55102381025361,37.898031276669641],[-122.55115698782416,37.89797918254105],[-122.55110578322193,37.897912511844083],[-122.55100864642868,37.897807524993169],[-122.55096991477055,37.897705078956072],[-122.55099387590923,37.897597988666689],[-122.55105849807076,37.897500859868288],[-122.5511559907859,37.897456496202174],[-122.55129787969315,37.897557150190075],[-122.55144834691767,37.897643430983344],[-122.55156732005585,37.897726703454154],[-122.5516760448288,37.897763928364078],[-122.55184539518005,37.897779298609663],[-122.55190955478784,37.897663516653161],[-122.55203563000413,37.897350932032047],[-122.55207721274444,37.897140644444676],[-122.55186080769161,37.897164175194945],[-122.55162234126088,37.897201928035855],[-122.55139612493792,37.89723156024445],[-122.55140425598759,37.897107024118696],[-122.55202775442437,37.896788722968992],[-122.55186787796704,37.896781378706642],[-122.55176448333,37.896748696361136],[-122.55165967255735,37.896657596935114],[-122.55160328021708,37.896603220039424],[-122.55158276259809,37.896492863102289],[-122.55109873063036,37.897033092498276],[-122.55080957072222,37.89704206862254],[-122.55037344544992,37.897059527914848],[-122.5501416399695,37.897067506471643],[-122.54992175711628,37.897055507476082],[-122.54982319156076,37.897009770115012],[-122.54982615834211,37.896936569095175],[-122.54985488018191,37.896892575695816],[-122.55004623610017,37.896594676442092],[-122.54965540258466,37.89641581215448],[-122.54949384318824,37.896415060215254],[-122.54933568772373,37.89637513592583],[-122.54917625551971,37.896289007184464],[-122.54908030220344,37.896226668432952],[-122.54903767779243,37.89614562487953],[-122.54902625244813,37.896056927469083],[-122.54898372639256,37.895979437511556],[-122.54894627524514,37.895923195016515],[-122.54884642626199,37.895882257417355],[-122.54876959201883,37.895862255949311],[-122.54863330586392,37.89583110680487],[-122.5485963895118,37.895905885444293],[-122.5484428659209,37.896134053633631],[-122.54842798957439,37.896301123439564],[-122.54842929720445,37.896489535503747],[-122.54843390337905,37.896656267314505],[-122.5483699673122,37.896740782759075],[-122.54820037101248,37.896872308341798],[-122.5482641847773,37.896977389712973],[-122.54836599304441,37.897134905652933],[-122.54847984533876,37.897287385621382],[-122.54854245911278,37.897349046958546],[-122.54883260787486,37.89749327692315],[-122.54899613502758,37.897565111098523],[-122.54911101252117,37.897662680151761],[-122.54927601260677,37.8977878254166],[-122.54937213151447,37.897693706285075],[-122.54959007009484,37.897785930831773],[-122.54979982390181,37.897906742341469],[-122.54999700806907,37.898059775009273],[-122.55013091017526,37.898196126758322],[-122.5503228238569,37.898320803323443]]]},"properties":{"OBJECTID":62,"Shape_Length":4290.5615911052646,"Shape_Area":446910.5005653039,"Block_No":11,"Block_Captian":"","Description":"LaVerne: 363-420"}},{"type":"Feature","id":64,"geometry":{"type":"Polygon","coordinates":[[[-122.54404987426562,37.898107468635125],[-122.54590183305315,37.898558067547668],[-122.54588379118289,37.897462714865775],[-122.54575051741131,37.897489157712819],[-122.54558906385002,37.897598142089301],[-122.54544520983616,37.897682688465963],[-122.54523834370777,37.897691098627874],[-122.54493962263909,37.897681792347377],[-122.54479400648793,37.897481591542196],[-122.54457520015112,37.897277831837073],[-122.54440829149482,37.897189013481629],[-122.54403451975989,37.89710860382403],[-122.54387769538543,37.8970968979906],[-122.54387625728511,37.897333371754165],[-122.54412906453371,37.897444837673731],[-122.54410144590692,37.897768705442402],[-122.54424386963967,37.897853121184944],[-122.5442467958554,37.897959257795492],[-122.54404987426562,37.898107468635125]]]},"properties":{"OBJECTID":64,"Shape_Length":2109.3295422958959,"Shape_Area":165691.02312861918,"Block_No":21,"Block_Captian":"","Description":"Montford: 110-334"}},{"type":"Feature","id":65,"geometry":{"type":"Polygon","coordinates":[[[-122.54633675696056,37.898598482545353],[-122.54666833328197,37.898679724568204],[-122.54676013509429,37.898480431535411],[-122.54691267881987,37.898035675109952],[-122.5469926898587,37.897827318069552],[-122.54707989733922,37.897597212285937],[-122.54713001408798,37.897435710584183],[-122.54725444437378,37.897424286050246],[-122.54741175183177,37.897474072787624],[-122.54757580971183,37.897570697722152],[-122.54765757343255,37.897640452068252],[-122.5477333286989,37.897763691726098],[-122.5478062649635,37.897875117441956],[-122.54785387994605,37.897973142192015],[-122.54787362833578,37.898055834670394],[-122.54790688295157,37.898175856730134],[-122.54814344392805,37.898068948725729],[-122.54833083844545,37.897988594165014],[-122.54843952603636,37.897949144914065],[-122.54844593445186,37.897823740464169],[-122.54838767506122,37.897699255962536],[-122.54839096465778,37.897597837562358],[-122.54843647134882,37.897481206863581],[-122.54854245911278,37.897349046958546],[-122.54847984533876,37.897287385621382],[-122.54836599304441,37.897134905652933],[-122.5482641847773,37.896977389712973],[-122.54820037101248,37.896872308341798],[-122.54808269806048,37.896801948846758],[-122.54792374014849,37.896780572020475],[-122.54775896155098,37.896768949814991],[-122.54773025271989,37.896832194363348],[-122.54763777225087,37.897012386955595],[-122.54665373408602,37.896793572152376],[-122.54658046040154,37.897015851471544],[-122.54629855552736,37.896971311439536],[-122.54621928752682,37.897065357724586],[-122.54621117706401,37.897195240835607],[-122.54619137620546,37.897325326522257],[-122.5463329262932,37.897369209861736],[-122.54651674017882,37.897390736636751],[-122.5466574383386,37.897403744084556],[-122.54675612751672,37.897448369808764],[-122.54674224608445,37.897510392769973],[-122.5466962797951,37.897681089611211],[-122.54659377983957,37.897967310635366],[-122.54646090858785,37.898305707802997],[-122.54633675696056,37.898598482545353]]]},"properties":{"OBJECTID":65,"Shape_Length":3005.0682022295182,"Shape_Area":213631.87281927746,"Block_No":16,"Block_Captian":"","Description":"Montford: 345-405"}},{"type":"Feature","id":66,"geometry":{"type":"Polygon","coordinates":[[[-122.55731749690662,37.898244422417605],[-122.55766273391936,37.898532518603687],[-122.55775686361504,37.898468450527112],[-122.55789736857335,37.898357921775577],[-122.55818075907058,37.898134990059205],[-122.55849348485044,37.897983669386726],[-122.55852529398547,37.897932247973287],[-122.55855065615856,37.897891248945129],[-122.55847467607651,37.897839880736491],[-122.55841321550656,37.897798323343579],[-122.55841011850012,37.897796229714167],[-122.55840903477646,37.897795496984926],[-122.55840610239068,37.89779351584238],[-122.55837801709009,37.897774524565754],[-122.55837453992754,37.897772174404814],[-122.55836468097678,37.897765509578406],[-122.55831263190889,37.897731988312763],[-122.55824707617968,37.897689041335425],[-122.55824697974666,37.897685526440185],[-122.55823908054094,37.897397275134104],[-122.55826244219084,37.896960790796172],[-122.55826251698248,37.896959388088881],[-122.55818477697044,37.896589730783646],[-122.55812081227415,37.896368633546544],[-122.55811749753826,37.896357177281232],[-122.55808220328798,37.896277615038017],[-122.5580787210898,37.896269753970351],[-122.55799987567144,37.896155643515137],[-122.55793009835119,37.896054657209326],[-122.55792444179504,37.896046471740782],[-122.55765602790105,37.895750542514435],[-122.55764909682483,37.895742901052024],[-122.55749469201213,37.895562142029114],[-122.55733329921269,37.895367643736911],[-122.55729822804469,37.89532538175559],[-122.55729067423182,37.895316279423618],[-122.5572836522125,37.895307816707152],[-122.55728268976104,37.895306657378427],[-122.55727654196671,37.895299248281809],[-122.55727556549999,37.895298075678816],[-122.55727513935972,37.895298497666687],[-122.55727492534632,37.895298695158672],[-122.55727337065458,37.895300128156123],[-122.55727261544327,37.895300822639811],[-122.55722791185089,37.89534194210686],[-122.5572260486468,37.895343650846037],[-122.55691186673612,37.895632641333563],[-122.55690904436459,37.895635236457309],[-122.55684335058686,37.895695657034338],[-122.55684181607731,37.895697121216948],[-122.55639805856039,37.896120403824646],[-122.55639164894718,37.896126517602426],[-122.55638549110056,37.896132482799409],[-122.55638455504433,37.89613338230064],[-122.55638281930234,37.896135054559224],[-122.55638115335073,37.896136659812989],[-122.55638103767896,37.896136589729537],[-122.5563803960505,37.89613621337741],[-122.55626821494968,37.89633200583495],[-122.5561981608849,37.896539167122285],[-122.55597396392201,37.896654621779135],[-122.55573585096694,37.896658767505173],[-122.5555126039888,37.896808528728492],[-122.5557441735821,37.896958952695357],[-122.55616295465218,37.896831528857113],[-122.55651393888949,37.896602314062605],[-122.55664096344302,37.896497131450836],[-122.55678261704278,37.896528988136502],[-122.55671185050109,37.896710418691448],[-122.55672529034422,37.896804574279599],[-122.55729976316105,37.897215028194665],[-122.55739266210533,37.897831231909741],[-122.55724351308324,37.897919638733548],[-122.55741157669476,37.898122651925384],[-122.55731749690662,37.898244422417605]]]},"properties":{"OBJECTID":66,"Shape_Length":3533.0877096124523,"Shape_Area":378557.80658217514,"Block_No":3,"Block_Captian":"Paul McKown","Description":"Amaranth"}},{"type":"Feature","id":67,"geometry":{"type":"Polygon","coordinates":[[[-122.55128799416573,37.898659621553662],[-122.5514497562481,37.898667478246949],[-122.55156938034902,37.89861206291458],[-122.55165731393102,37.898546531206961],[-122.55178299695352,37.898547902752448],[-122.55188169641188,37.898545590217815],[-122.55192850540932,37.898545770873611],[-122.55196237088364,37.898400029680595],[-122.55200359432922,37.89826685252411],[-122.55206418790529,37.898202534602326],[-122.55221823050017,37.898089144105249],[-122.55238115372902,37.897936057894526],[-122.55218500183459,37.897880156684153],[-122.55184539518005,37.897779298609663],[-122.5516760448288,37.897763928364078],[-122.55156732005585,37.897726703454154],[-122.55144834691767,37.897643430983344],[-122.55129787969315,37.897557150190075],[-122.5511559907859,37.897456496202174],[-122.55105849807076,37.897500859868288],[-122.55099387590923,37.897597988666689],[-122.55096991477055,37.897705078956072],[-122.55100864642868,37.897807524993169],[-122.55110578322193,37.897912511844083],[-122.55115698782416,37.89797918254105],[-122.55102381025361,37.898031276669641],[-122.55098979741187,37.89809942849103],[-122.55099235348062,37.898191834192552],[-122.55097307333638,37.898305955607391],[-122.55094393807946,37.898388244879719],[-122.55099085493252,37.898462101663263],[-122.55105649778666,37.898564080249201],[-122.55116630503116,37.898640399886602],[-122.55128799416573,37.898659621553662]]]},"properties":{"OBJECTID":67,"Shape_Length":1421.8154439395616,"Shape_Area":105621.68082886044,"Block_No":10,"Block_Captian":"","Description":"LaVerne: 402-510"}},{"type":"Feature","id":68,"geometry":{"type":"Polygon","coordinates":[[[-122.55104344411231,37.89911005475858],[-122.55138269809466,37.899113428898545],[-122.55175707280917,37.899095556542136],[-122.55192224102879,37.898572728951343],[-122.55192850540932,37.898545770873611],[-122.55188169641188,37.898545590217815],[-122.55178299695352,37.898547902752448],[-122.55165731393102,37.898546531206961],[-122.55156938034902,37.89861206291458],[-122.5514497562481,37.898667478246949],[-122.55128799416573,37.898659621553662],[-122.55116630503116,37.898640399886602],[-122.55105649778666,37.898564080249201],[-122.55099085493252,37.898462101663263],[-122.55094393807946,37.898388244879719],[-122.55065191105848,37.898375537345842],[-122.55047270178142,37.898385760950717],[-122.5503228238569,37.898320803323443],[-122.55013091017526,37.898196126758322],[-122.54999700806907,37.898059775009273],[-122.54979982390181,37.897906742341469],[-122.54959007009484,37.897785930831773],[-122.54937213151447,37.897693706285075],[-122.54927601260677,37.8977878254166],[-122.54911101252117,37.897662680151761],[-122.54899613502758,37.897565111098523],[-122.54883260787486,37.89749327692315],[-122.54854245911278,37.897349046958546],[-122.54843647134882,37.897481206863581],[-122.54839096465778,37.897597837562358],[-122.54838767506122,37.897699255962536],[-122.54844593445186,37.897823740464169],[-122.54843952603636,37.897949144914065],[-122.54859624889563,37.897932586876202],[-122.54874205568558,37.897932899644253],[-122.54900135495082,37.898005627984602],[-122.54921372670206,37.898072992282835],[-122.54934054608913,37.898148018892677],[-122.54945289128354,37.898263455041921],[-122.54950601947816,37.89835211620538],[-122.54952459284998,37.898459912541959],[-122.54953850129733,37.898539988044078],[-122.54962433983613,37.898683685901148],[-122.54970778762815,37.898740930413297],[-122.54979004054275,37.898754948668042],[-122.54991083186147,37.898752851804716],[-122.55005568614483,37.898775049470984],[-122.55032778905885,37.898887711131181],[-122.55059989279962,37.89900037216178],[-122.55084776433362,37.899082562245354],[-122.55104344411231,37.89911005475858]]]},"properties":{"OBJECTID":68,"Shape_Length":2791.6260032546083,"Shape_Area":205251.06228228583,"Block_No":12,"Block_Captian":"Steve Quarles","Description":"Montford: 407-521"}},{"type":"Feature","id":69,"geometry":{"type":"Polygon","coordinates":[[[-122.55406167999234,37.899326122245114],[-122.55416508122299,37.899495002530735],[-122.55420397028476,37.899440988948648],[-122.55427268168681,37.899329563247228],[-122.55433779341115,37.899250202549645],[-122.55440355017933,37.899032154909435],[-122.55449488302558,37.898927447039611],[-122.55460558074641,37.899035751381106],[-122.55470612543272,37.899101562083978],[-122.55481564175653,37.899167216585134],[-122.55492427178422,37.899200884882113],[-122.55504167520361,37.899227287943084],[-122.55512640133368,37.899208034073673],[-122.55518273874593,37.899135937149687],[-122.55520639873514,37.899018184305234],[-122.5551945715187,37.898915271301099],[-122.55519191166368,37.898819311193158],[-122.55526628778638,37.898750456485139],[-122.55552958491651,37.898536080372438],[-122.55578944819676,37.898263828273159],[-122.55552586758766,37.898005691330958],[-122.55524257204502,37.89818635834196],[-122.5548990123304,37.898273176389289],[-122.55475539393977,37.898212410621568],[-122.5546179614086,37.898214802014373],[-122.55433948445271,37.898409442035636],[-122.55408142209095,37.898650515044004],[-122.55401792899235,37.898860305785902],[-122.55396356083655,37.898929129795086],[-122.55403324760901,37.899109713210578],[-122.55406167999234,37.899326122245114]]]},"properties":{"OBJECTID":69,"Shape_Length":1828.9005723625469,"Shape_Area":131358.96854965473,"Block_No":7,"Block_Captian":"","Description":"Tam Canyon"}},{"type":"Feature","id":70,"geometry":{"type":"Polygon","coordinates":[[[-122.54360838179457,37.899833755205528],[-122.54382692214796,37.899872100443922],[-122.54390249271086,37.899597169243798],[-122.54355568143585,37.899534718512051],[-122.54361650129825,37.899344781832532],[-122.54365604835579,37.899216657598473],[-122.543697776003,37.89906346329947],[-122.54374668738126,37.898962485741997],[-122.54381909118902,37.898811133363537],[-122.5439420222007,37.898692330825831],[-122.54420080608124,37.89853321878001],[-122.54411812478421,37.898495442480161],[-122.54400014565871,37.898399073227374],[-122.54375582081272,37.89839191438957],[-122.54353131262084,37.898485776008997],[-122.5434129656612,37.89855220365741],[-122.54334074209095,37.898828147326256],[-122.5433327749225,37.89882673509215],[-122.54302157769099,37.898771608131469],[-122.54300645452903,37.898777336588594],[-122.54271455085106,37.898887902372216],[-122.5425061165391,37.899586959836761],[-122.5426022073906,37.89960838968593],[-122.54260575434107,37.899609160157901],[-122.54260634968999,37.899609303067137],[-122.54260681875135,37.899609403099838],[-122.54260692168272,37.89960942384986],[-122.54261950673468,37.899612083751769],[-122.54263279990198,37.899614892721829],[-122.54307005541958,37.899707292521022],[-122.54308367368394,37.899710630239852],[-122.5432208925385,37.899744256174401],[-122.54349815438181,37.899812200402977],[-122.54351195826121,37.899815008548089],[-122.54359446135732,37.899831298762294],[-122.54359483317334,37.899831377943578],[-122.54360838179457,37.899833755205528]]]},"properties":{"OBJECTID":70,"Shape_Length":1844.2494553246563,"Shape_Area":132092.07622551054,"Block_No":22,"Block_Captian":"Karen Benidinelli","Description":"Seymour / Molino: 350-370"}},{"type":"Feature","id":71,"geometry":{"type":"Polygon","coordinates":[[[-122.55111342037868,37.899804208807524],[-122.55131804780156,37.89983023870473],[-122.55151401618609,37.899288256641007],[-122.55133898835666,37.899294592200086],[-122.55108117257519,37.899274467294191],[-122.55085015082169,37.89926090601206],[-122.55062692616561,37.899208547348707],[-122.55031289924331,37.89908044187019],[-122.55005718560359,37.89897592476381],[-122.54989978393183,37.898897819509635],[-122.5496869828511,37.898901513495858],[-122.54940453987116,37.898632267680739],[-122.54934266744691,37.898640371031306],[-122.54922442397545,37.898695143682865],[-122.5491102948135,37.898935669557567],[-122.54909841034146,37.898992769023309],[-122.54915429606086,37.89906647086503],[-122.54920311635146,37.899122254634548],[-122.54920300936665,37.899184884199009],[-122.54913595977263,37.899219546160005],[-122.54911887568083,37.899266449308278],[-122.54925879909081,37.89943801641467],[-122.54930659788813,37.899543860913205],[-122.54938180032318,37.899667009102956],[-122.54948273532676,37.89974704048614],[-122.54963660880938,37.899794151442208],[-122.54981192650598,37.899805331348105],[-122.54990163060349,37.899803774157483],[-122.54991393530941,37.899702695800762],[-122.55026945375542,37.899714183015838],[-122.55049953786012,37.899726117908187],[-122.55077873665726,37.899748577316537],[-122.55096882195939,37.899768033609377],[-122.55111342037868,37.899804208807524]]]},"properties":{"OBJECTID":71,"Shape_Length":1960.5632180362411,"Shape_Area":164499.4984575604,"Block_No":13,"Block_Captian":"Nehat Duzgunes","Description":"Pixie Trail"}},{"type":"Feature","id":72,"geometry":{"type":"Polygon","coordinates":[[[-122.54510479832301,37.900093544364367],[-122.5451341562148,37.900096504714099],[-122.54513429238183,37.900096493343611],[-122.54513442780343,37.900096454949384],[-122.54513946882997,37.900094900455684],[-122.54549109562446,37.899986487234003],[-122.54549946778036,37.899983856642621],[-122.54561980218273,37.899946039611713],[-122.54565942664344,37.899933577827248],[-122.54572364980059,37.899913380978319],[-122.54573583120053,37.899909525407686],[-122.5458006099382,37.899889020586869],[-122.54582376290948,37.899881691778063],[-122.54585204370314,37.89987274024579],[-122.54587837167267,37.899864406531485],[-122.54587922261824,37.899864125928239],[-122.54587915913328,37.899864298260134],[-122.54587908996433,37.899864470690495],[-122.54587840177975,37.899866322005707],[-122.54587835422819,37.899866453506569],[-122.54586046396753,37.899914309178193],[-122.54607505848276,37.899943063862175],[-122.54607850146841,37.899943526913269],[-122.54607902600902,37.899943576403814],[-122.5460794369946,37.899943632368057],[-122.54608690862676,37.899944638444182],[-122.5461073612981,37.899947397773076],[-122.54612130008445,37.899949278624909],[-122.54613920098814,37.899951682021971],[-122.54614145560109,37.899951985418753],[-122.54615410416984,37.899953684046082],[-122.54629834942838,37.899547240983594],[-122.54605807414544,37.899519772535974],[-122.54588996680849,37.899375067014866],[-122.5457313086025,37.899251286134813],[-122.54546637092345,37.899294537197882],[-122.5451613631314,37.899493129372857],[-122.54499723135542,37.89949245717586],[-122.54487661019567,37.899139560541009],[-122.54483503888844,37.898918854050649],[-122.54448504893584,37.898612104984956],[-122.54426636213501,37.898563170597114],[-122.54420080608124,37.89853321878001],[-122.5439420222007,37.898692330825831],[-122.54381909118902,37.898811133363537],[-122.54374668738126,37.898962485741997],[-122.543697776003,37.89906346329947],[-122.54365604835579,37.899216657598473],[-122.54361650129825,37.899344781832532],[-122.54355568143585,37.899534718512051],[-122.54390249271086,37.899597169243798],[-122.54382692214796,37.899872100443922],[-122.54395000161949,37.899893695641687],[-122.54395036737979,37.899893761408336],[-122.54396376735781,37.899896191671147],[-122.5440700904751,37.899915474058552],[-122.54409007202622,37.899919093543993],[-122.54411322568885,37.89992329347583],[-122.54426387336211,37.899950544834184],[-122.54426423469995,37.899950615182526],[-122.54427758032892,37.899953218484079],[-122.54434471670757,37.89996631441911],[-122.54435788477308,37.89996887121859],[-122.54436818739282,37.899970873807327],[-122.54441772434623,37.899980493772119],[-122.54441808467183,37.899980568643628],[-122.54443137847008,37.899983395426823],[-122.54459904171631,37.900019046743807],[-122.54464822202002,37.900029506417297],[-122.54466073223772,37.90003216920217],[-122.54466108625877,37.900032221651642],[-122.54467457595125,37.900034356483197],[-122.54478710269645,37.900052160958239],[-122.54489586329579,37.900069370852144],[-122.54494972536658,37.900077865775117],[-122.54495009683747,37.90007793234107],[-122.54495032506614,37.900077959931416],[-122.54496240422067,37.900079178282958],[-122.54496390283947,37.900079328969646],[-122.54509067213078,37.900092126260837],[-122.54510237594248,37.900093302432708],[-122.54510479832301,37.900093544364367]]]},"properties":{"OBJECTID":72,"Shape_Length":2403.9093127445653,"Shape_Area":237958.27701280412,"Block_No":15,"Block_Captian":"Morgan Howson","Description":"Cape Court / Edgewood / Molino"}},{"type":"Feature","id":73,"geometry":{"type":"Polygon","coordinates":[[[-122.55495550367712,37.900003952877078],[-122.55500712776988,37.90004146730935],[-122.55526942467148,37.899834922939156],[-122.5554069375859,37.8999392036039],[-122.55548865773314,37.899973338894149],[-122.55576308414437,37.899700596505504],[-122.55600203367104,37.899721468706119],[-122.55617827296747,37.899759363322609],[-122.55635775250894,37.899756693070884],[-122.55641768695652,37.899755634921192],[-122.55644068757755,37.899755234368136],[-122.55644013383639,37.899735269299399],[-122.55655013110746,37.899453275074961],[-122.55667641873006,37.899258864465914],[-122.55672879034893,37.899148117491507],[-122.5565682483202,37.899106978992506],[-122.55622851459256,37.899101912169407],[-122.5559502108311,37.899062824304558],[-122.5558306234684,37.898999005328321],[-122.55580017505851,37.898900683855388],[-122.55589289396171,37.898745301081377],[-122.55599284319605,37.898600774640236],[-122.55605815589198,37.898456852102633],[-122.55605465502855,37.898330602991031],[-122.55591443976887,37.898272635336554],[-122.55578944819676,37.898263828273159],[-122.55552958491651,37.898536080372438],[-122.55526628778638,37.898750456485139],[-122.55519191166368,37.898819311193158],[-122.5551945715187,37.898915271301099],[-122.55520639873514,37.899018184305234],[-122.55518273874593,37.899135937149687],[-122.55512640133368,37.899208034073673],[-122.55504167520361,37.899227287943084],[-122.55492427178422,37.899200884882113],[-122.55481564175653,37.899167216585134],[-122.55470612543272,37.899101562083978],[-122.55460558074641,37.899035751381106],[-122.55449488302558,37.898927447039611],[-122.55440355017933,37.899032154909435],[-122.55433779341115,37.899250202549645],[-122.55427268168681,37.899329563247228],[-122.55420397028476,37.899440988948648],[-122.55416508122299,37.899495002530735],[-122.55419351300205,37.899711411535328],[-122.55395559905642,37.89970843848625],[-122.55356636748184,37.899750766754174],[-122.55342022554483,37.89982086831634],[-122.55339158455932,37.899920928926356],[-122.55403002057614,37.899803151237954],[-122.55438716589619,37.899736489698427],[-122.55467756934917,37.899852334267443],[-122.55495550367712,37.900003952877078]]]},"properties":{"OBJECTID":73,"Shape_Length":3083.299311926156,"Shape_Area":232919.39461999541,"Block_No":6,"Block_Captian":"","Description":"Tam Canyon"}},{"type":"Feature","id":75,"geometry":{"type":"Polygon","coordinates":[[[-122.55190413345353,37.900330812006011],[-122.55203666605284,37.900417403745912],[-122.55242294940531,37.900268458667746],[-122.55288819615819,37.900054134740955],[-122.55339158455932,37.899920928926356],[-122.55342022554483,37.89982086831634],[-122.55356636748184,37.899750766754174],[-122.55395559905642,37.89970843848625],[-122.55419351300205,37.899711411535328],[-122.55416508122299,37.899495002530735],[-122.55406167999234,37.899326122245114],[-122.55403324760901,37.899109713210578],[-122.55396356083655,37.898929129795086],[-122.5538473198332,37.898896004865421],[-122.55359135230937,37.898942633011565],[-122.55341114191751,37.899002002317808],[-122.55323526624925,37.899057781202714],[-122.5531282824592,37.899038552776382],[-122.55315240857709,37.898788589226882],[-122.5524264665932,37.898681708888304],[-122.55212236172677,37.899733500019515],[-122.55195534915977,37.899708943871403],[-122.55187550340371,37.899578529363787],[-122.55176703971294,37.899415661566024],[-122.5516322333236,37.899302677998968],[-122.55151401618609,37.899288256641007],[-122.55131804780156,37.89983023870473],[-122.55165592938671,37.900118220297031],[-122.55190413345353,37.900330812006011]]]},"properties":{"OBJECTID":75,"Shape_Length":2711.3594689795054,"Shape_Area":276385.71571504022,"Block_No":9,"Block_Captian":"","Description":"Montford: 530-568"}},{"type":"Feature","id":77,"geometry":{"type":"Polygon","coordinates":[[[-122.5508035055277,37.900931000953456],[-122.55092694994087,37.901010626697349],[-122.55115530337066,37.900838077871363],[-122.55077437263105,37.90053178346102],[-122.55076044970508,37.900190668525056],[-122.55066917237076,37.90013536044038],[-122.55050963225636,37.900045679954914],[-122.55035975094469,37.899980722397679],[-122.55017975155694,37.899962513038012],[-122.54998239985433,37.899965939271517],[-122.54985887614852,37.900042755239433],[-122.54958275519368,37.900118664450538],[-122.54944466067978,37.899993051716038],[-122.54896166045037,37.899727636969338],[-122.54869202350791,37.89955096968135],[-122.54872047428516,37.899443802070493],[-122.54881813439577,37.899242982722548],[-122.54889238663755,37.899007011727008],[-122.54893900604988,37.899070206685778],[-122.54901145729747,37.89909384036423],[-122.54911939587947,37.899102635105834],[-122.54915429606086,37.89906647086503],[-122.54909841034146,37.898992769023309],[-122.5491102948135,37.898935669557567],[-122.54922442397545,37.898695143682865],[-122.54909574207007,37.898609790618551],[-122.54892974829762,37.898560934551575],[-122.54876393995971,37.898518822485308],[-122.54857624037351,37.898506333722203],[-122.54844961654132,37.89854677014926],[-122.54841175664257,37.898614909506101],[-122.54836399666137,37.898838429892443],[-122.54835009774374,37.899054615427339],[-122.5480026563071,37.899264635153031],[-122.5478578101265,37.899319867778253],[-122.54771082927779,37.899297814237968],[-122.54759371733559,37.899233065423545],[-122.54731687930656,37.899005894718563],[-122.54714944964711,37.898885782548049],[-122.54708168844975,37.898841265341659],[-122.54697075696599,37.898839674525604],[-122.54686474491054,37.898855570346747],[-122.54688914149929,37.898935986110224],[-122.54702055057359,37.899197311810845],[-122.54718367263932,37.899482690016058],[-122.54702031562853,37.899510124402518],[-122.54680569761916,37.899608742357145],[-122.54658703341578,37.899721488185683],[-122.54652758390601,37.899817415305542],[-122.54652610777799,37.899898182191038],[-122.5466456416452,37.899905263296503],[-122.54664603495748,37.899905297034564],[-122.54665830695222,37.899905961224285],[-122.54687258959764,37.89991755701304],[-122.54687291432953,37.899917578420819],[-122.54690175587581,37.899919137771619],[-122.54693775737677,37.899921083093041],[-122.54722339167546,37.899936535988459],[-122.5472237784337,37.899936538295499],[-122.54749035608036,37.899936562172151],[-122.54749056728254,37.899936590954077],[-122.54750090897892,37.899937904961448],[-122.54761939039464,37.899952953907444],[-122.54763163781081,37.899956845696146],[-122.54778454027169,37.900005436767898],[-122.5478226009181,37.900017529913391],[-122.54801280492967,37.900077937699791],[-122.54802623463954,37.900082261356218],[-122.54812665854153,37.900114591176838],[-122.54814994322979,37.900122082013858],[-122.54838920516303,37.900199055305677],[-122.54840264519773,37.900203380543253],[-122.54848575941837,37.900230123550536],[-122.54849498564958,37.900233091638071],[-122.54854810726712,37.900250167489112],[-122.54856158165701,37.900254418212754],[-122.54866232634757,37.900286197681929],[-122.54897204394597,37.900383896707268],[-122.54897238822183,37.900384007892377],[-122.54900035287621,37.900392719624556],[-122.54913591540999,37.900434948922175],[-122.54939164521586,37.900514612082674],[-122.54940495870966,37.900519169215514],[-122.54943765627534,37.900530360878086],[-122.54944079655048,37.900531432904145],[-122.54944197930773,37.900531841358294],[-122.54953221319178,37.900559992151358],[-122.54992601333858,37.900682846003626],[-122.54992639112365,37.900682934974967],[-122.54992649368501,37.900682942206757],[-122.54992661910697,37.900682953547772],[-122.54992672255612,37.900682951751925],[-122.54994137108687,37.900682480264344],[-122.55031939171138,37.900670302722773],[-122.55031974945562,37.900670283894158],[-122.55034023489931,37.90066825103176],[-122.55035970519488,37.900666318704516],[-122.55036225158835,37.900666067209784],[-122.55036792240115,37.900665491098273],[-122.55038536796087,37.900663755241574],[-122.55038879941645,37.900663428897914],[-122.55058165896237,37.900787843538737],[-122.55074770957748,37.900894991011661],[-122.5508035055277,37.900931000953456]]]},"properties":{"OBJECTID":77,"Shape_Length":4365.4319183712023,"Shape_Area":376507.35685489787,"Block_No":14,"Block_Captian":"Phia Paterno","Description":"Edgewood / Cecily / Hart \r\n"}},{"type":"Feature","id":79,"geometry":{"type":"Polygon","coordinates":[[[-122.55580102035097,37.900965234226121],[-122.55600343318896,37.901124416074971],[-122.55653422295747,37.900628785951817],[-122.55657829780898,37.900468757809818],[-122.55658743318236,37.900298354048722],[-122.55654822861321,37.900134285123961],[-122.55644378767423,37.8998670077643],[-122.55615838930028,37.899851449563798],[-122.55617578794021,37.899993378547954],[-122.55616168986546,37.900132300642596],[-122.55594082839893,37.900097032208848],[-122.55582263490182,37.900042196666242],[-122.55565052053788,37.899984744361902],[-122.55548865773314,37.899973338894149],[-122.5554069375859,37.8999392036039],[-122.55526942467148,37.899834922939156],[-122.55500712776988,37.90004146730935],[-122.55506541561199,37.900083824277317],[-122.5552181582182,37.900251844061707],[-122.55525778374763,37.900386275641353],[-122.55519631707624,37.900597137501357],[-122.55541166392044,37.900698926159272],[-122.55559304588814,37.900818656926511],[-122.55580102035097,37.900965234226121]]]},"properties":{"OBJECTID":79,"Shape_Length":1630.2671651571561,"Shape_Area":127241.29004030011,"Block_No":5,"Block_Captian":"","Description":"Tam Canyon"}},{"type":"Feature","id":80,"geometry":{"type":"Polygon","coordinates":[[[-122.55389973406071,37.901154589084378],[-122.55397426178759,37.901181648854511],[-122.55400474707055,37.901126208014048],[-122.55410077237869,37.901067644434576],[-122.55424859376043,37.901012731809921],[-122.55425651874103,37.900851729324181],[-122.55436589355247,37.900750263998518],[-122.55456965701086,37.900654267890054],[-122.55480131639968,37.900593344652414],[-122.55481551445794,37.900457976363803],[-122.55491547138625,37.900502462485875],[-122.55519631707624,37.900597137501357],[-122.55525778374763,37.900386275641353],[-122.5552181582182,37.900251844061707],[-122.55506541561199,37.900083824277317],[-122.55500712776988,37.90004146730935],[-122.55495550367712,37.900003952877078],[-122.55467756934917,37.899852334267443],[-122.55438716589619,37.899736489698427],[-122.55403002057614,37.899803151237954],[-122.55339158455932,37.899920928926356],[-122.55288819615819,37.900054134740955],[-122.55242294940531,37.900268458667746],[-122.55203666605284,37.900417403745912],[-122.55185579020475,37.901195952845093],[-122.55195110638417,37.901201950690883],[-122.55210880394415,37.901211877915166],[-122.55210891114339,37.901211847213126],[-122.55210918447668,37.901211860487621],[-122.55214051238768,37.901210893395863],[-122.55228969161021,37.901206290208307],[-122.55231127268087,37.901205622241619],[-122.55231356248193,37.901205550902894],[-122.55233020041992,37.901205040940425],[-122.5523964152997,37.901202993403743],[-122.55239654034888,37.901202991230363],[-122.552400091511,37.901202879942595],[-122.55270735306706,37.901126668001233],[-122.55273661040016,37.901119395744061],[-122.55273727119398,37.901119231049506],[-122.55273805854767,37.901119077673286],[-122.55274832136689,37.901116834571269],[-122.55283472786195,37.901097952432629],[-122.55306908374799,37.901046741502398],[-122.55307854850031,37.901044676269038],[-122.55319028830196,37.901020291248834],[-122.55324077962315,37.901009269179788],[-122.55324181974868,37.901009043813417],[-122.55324196666056,37.901009009716169],[-122.55339941629029,37.900974632729309],[-122.55340173327303,37.900974105779369],[-122.55340190603934,37.900974183885161],[-122.55341468968247,37.900978816475323],[-122.55388684207455,37.901149907060564],[-122.55389973406071,37.901154589084378]]]},"properties":{"OBJECTID":80,"Shape_Length":2614.8848682696166,"Shape_Area":329590.18591965275,"Block_No":8,"Block_Captian":"Richard Schaper","Description":"Upper Ridgewood / Edgewood"}},{"type":"Feature","id":81,"geometry":{"type":"MultiPolygon","coordinates":[[[[-122.55818075907058,37.898134990059205],[-122.55789736857335,37.898357921775577],[-122.55797013604968,37.898497354453781],[-122.5580708420388,37.898769747060634],[-122.55811620235941,37.898965781034761],[-122.55809813080184,37.899113714654952],[-122.55801750459439,37.899245164651937],[-122.55801127158993,37.899340170333488],[-122.55788592043565,37.899458340612448],[-122.55754012127608,37.899784206164639],[-122.55757461947142,37.899894962027915],[-122.55768730845311,37.899962100630837],[-122.55801465722944,37.900104677876541],[-122.55796929728697,37.900384773788751],[-122.55771215726524,37.900389254887223],[-122.55772790044728,37.900796687690523],[-122.55809593588354,37.900796666243792],[-122.55811061198965,37.900569991590316],[-122.55822407537845,37.900415540495452],[-122.5583462758256,37.900265489063074],[-122.55848500578875,37.900090116057648],[-122.55830548098996,37.899933945153585],[-122.55809144801826,37.899776099841489],[-122.55802965119334,37.89972256002649],[-122.55810917172685,37.899586906180431],[-122.55823143417985,37.899439129329409],[-122.55838482288102,37.899280752106662],[-122.55840747077679,37.899243152997073],[-122.55847853982384,37.899101397105667],[-122.55845984361297,37.899044874727331],[-122.55845809182421,37.899039579032205],[-122.55843800699029,37.898979206495781],[-122.55839000343205,37.898915074964179],[-122.55842699040426,37.898846907819269],[-122.55842965419804,37.898841998380064],[-122.55847296147203,37.898649304381834],[-122.55829492530761,37.898489643219321],[-122.55834222221804,37.898232498077533],[-122.55834524113897,37.89821608733746],[-122.55837968299468,37.898165144589406],[-122.55839780136969,37.898138346285947],[-122.55844412295619,37.898063459090586],[-122.55844752997203,37.898057956305244],[-122.55844819176372,37.898056886731702],[-122.55844972647577,37.898054405043794],[-122.55849348485044,37.897983669386726],[-122.55818075907058,37.898134990059205]]],[[[-122.55771072946649,37.901316725965948],[-122.55775252595564,37.901574109765789],[-122.55757218944758,37.901818888951382],[-122.55751228010213,37.90190780024723],[-122.55773144793532,37.902063242804466],[-122.55833287254592,37.902019334862423],[-122.55818364442808,37.901842978191553],[-122.55809836932002,37.901680896934998],[-122.55807988252838,37.901499873189223],[-122.55807476643972,37.901299584371657],[-122.55771072946649,37.901316725965948]]]]},"properties":{"OBJECTID":81,"Shape_Length":3490.2954129968607,"Shape_Area":150805.83071893445,"Block_No":1,"Block_Captian":"Scott McKown / Monique Epstein ","Description":"Sequoia Valley"}},{"type":"Feature","id":82,"geometry":{"type":"Polygon","coordinates":[[[-122.55730600249551,37.902123169840337],[-122.55742278015286,37.902294623439509],[-122.55748553377116,37.902268886143624],[-122.55759502616486,37.902260385935591],[-122.55760841044979,37.902259348834022],[-122.55792527524252,37.902234803352492],[-122.5579375324635,37.902235121467349],[-122.5582105579067,37.902242198882817],[-122.55828828062221,37.902244212970935],[-122.55831135467538,37.902234220871492],[-122.55839436761761,37.902198268775479],[-122.55842360599834,37.902185606124469],[-122.55848952211379,37.902156792260485],[-122.55833287254592,37.902019334862423],[-122.55773144793532,37.902063242804466],[-122.55751228010213,37.90190780024723],[-122.55757218944758,37.901818888951382],[-122.55775252595564,37.901574109765789],[-122.55771072946649,37.901316725965948],[-122.55807476643972,37.901299584371657],[-122.55808928587086,37.901030342292962],[-122.55809593588354,37.900796666243792],[-122.55772790044728,37.900796687690523],[-122.55771215726524,37.900389254887223],[-122.55796929728697,37.900384773788751],[-122.55801465722944,37.900104677876541],[-122.55768730845311,37.899962100630837],[-122.55757461947142,37.899894962027915],[-122.55754012127608,37.899784206164639],[-122.55788592043565,37.899458340612448],[-122.55801127158993,37.899340170333488],[-122.55801750459439,37.899245164651937],[-122.55809813080184,37.899113714654952],[-122.55811620235941,37.898965781034761],[-122.5580708420388,37.898769747060634],[-122.55797013604968,37.898497354453781],[-122.55789736857335,37.898357921775577],[-122.55775686361504,37.898468450527112],[-122.55766273391936,37.898532518603687],[-122.55745927866258,37.898670995874227],[-122.55712006259525,37.898934331343817],[-122.55705167405411,37.899201528748634],[-122.55686446086342,37.899479377362042],[-122.55671982935799,37.899730741442895],[-122.55669283007333,37.899928571484629],[-122.55676348262628,37.900133281233281],[-122.55683247009257,37.900277954313488],[-122.55681581850871,37.900458442130606],[-122.55673517536097,37.900674368496382],[-122.55665596032712,37.900941754987528],[-122.55684175269087,37.901393304078852],[-122.55706692136314,37.902093011732916],[-122.55730600249551,37.902123169840337]]]},"properties":{"OBJECTID":82,"Shape_Length":4026.5794770017765,"Shape_Area":383607.2337471245,"Block_No":2,"Block_Captian":"Erin Lyons","Description":"Castle Rock"}},{"type":"Feature","id":85,"geometry":{"type":"Polygon","coordinates":[[[-122.55631942514134,37.902588923700108],[-122.55631958273574,37.902589069657594],[-122.55631989461477,37.902589037190083],[-122.55632294619433,37.90258874973415],[-122.55632643341758,37.90258842224813],[-122.55652083948638,37.902570153137134],[-122.55654630269112,37.902567758545899],[-122.55658018899548,37.902564572882795],[-122.55663729810315,37.902559206454448],[-122.555557343838,37.901540948772826],[-122.55600343318896,37.901124416074971],[-122.55580102035097,37.900965234226121],[-122.55559304588814,37.900818656926511],[-122.55541166392044,37.900698926159272],[-122.55519631707624,37.900597137501357],[-122.55491547138625,37.900502462485875],[-122.55481551445794,37.900457976363803],[-122.55480131639968,37.900593344652414],[-122.55456965701086,37.900654267890054],[-122.55436589355247,37.900750263998518],[-122.55425651874103,37.900851729324181],[-122.55424859376043,37.901012731809921],[-122.55410077237869,37.901067644434576],[-122.55400474707055,37.901126208014048],[-122.55397426178759,37.901181648854511],[-122.55399016290734,37.901187427587089],[-122.55400277847862,37.901191984631723],[-122.55400336449048,37.901192199744273],[-122.55401604158703,37.901196801679674],[-122.55412756194315,37.901237284175792],[-122.55412771541262,37.901237281506177],[-122.55414209971067,37.901242376440543],[-122.55452578824871,37.901378254174723],[-122.55452591479578,37.901378306046368],[-122.55452608175538,37.901378379745431],[-122.55452621411129,37.901378436022128],[-122.55453130310998,37.901380258073466],[-122.55453327521133,37.901380952851071],[-122.5546630284427,37.901426661946147],[-122.5546937655208,37.901437492449347],[-122.55473072322407,37.901450511921752],[-122.55473176323773,37.901451390541844],[-122.55477109694101,37.901484602908113],[-122.55487211620893,37.901571187429681],[-122.55487953270453,37.90157753906454],[-122.55498466405849,37.901667620778184],[-122.5550620030473,37.901732428227518],[-122.55506832577666,37.901737725529372],[-122.55520901001961,37.901855565116385],[-122.55525928054992,37.901898522958142],[-122.55526130743462,37.901900249571447],[-122.55530622413397,37.901938601599753],[-122.55536908101485,37.901992435283212],[-122.55539699504857,37.902016296855486],[-122.55541171000462,37.902028879549],[-122.55559316860767,37.902183911696049],[-122.55561584662919,37.902203723244519],[-122.55561760088223,37.902205256328685],[-122.55564121678859,37.902225871658807],[-122.55564159318978,37.90222591016768],[-122.55564190113166,37.902225940856056],[-122.55564934501822,37.902226671041817],[-122.55565247334582,37.90222697797509],[-122.55592116039361,37.90225333134137],[-122.55593065027074,37.902254261107934],[-122.5559309184849,37.902254499768425],[-122.55593593240586,37.902258614876885],[-122.55617180343931,37.902452189495641],[-122.5562327319129,37.90250863020146],[-122.55623804351461,37.902513553016938],[-122.5562381192822,37.902513619289294],[-122.55631929671719,37.902588804271311],[-122.55631942514134,37.902588923700108]]]},"properties":{"OBJECTID":85,"Shape_Length":2474.1805947989028,"Shape_Area":199064.57867300755,"Block_No":4,"Block_Captian":"Madeleine Provost / Ron Schafer","Description":"Douglas / Edgewood "}}]}