{"type": "FeatureCollection", "name": "homestead_elevation", "crs": {"type": "name", "properties": {"name": "urn:ogc:def:crs:OGC:1.3:CRS84"}}, "metadata": {"title": "Hypsometric-tint elevation polygons, Homestead Valley Service Area (CSA 14)", "aoi_source": "storymap-prototype/data/homestead.geojson (HOMESTEAD VALLEY SERVICE AREA, CSA 14, 469.24 ac)", "source_dem": "USGS 3DEP 1 m bare-earth DEM, project CA_NoCal_Wildfires_B5b_QL1_2018 (QL1 lidar, 2018 acquisition, published 2020-01-14), NAVD88, via USGS The National Map / AWS s3://prd-tnm. See topo_work/PROCESS.md for full provenance and QA (40/40 checks pass).", "symbology": "Vectorized version of the same 'hyps' hypsometric-tint colour ramp used to render storymap-prototype's homestead_topo_map.png reference graphic (topo_work/09_render_map.py). 8 classes, one per ramp control-point colour, with elevation breaks at the midpoints between consecutive control-point fractions of the AOI's relief range.", "elev_relief_ft_aoi": [9.307169851668549, 822.4288559961193], "class_breaks_ft": [9.3, 58.1, 171.9, 306.1, 444.3, 578.5, 692.3, 781.8, 822.4], "classes": {"1": {"fill_color": "#c9e2b6", "elev_range_ft": "9-58 ft"}, "2": {"fill_color": "#a8d18c", "elev_range_ft": "58-172 ft"}, "3": {"fill_color": "#cfe0a0", "elev_range_ft": "172-306 ft"}, "4": {"fill_color": "#e8dfa8", "elev_range_ft": "306-444 ft"}, "5": {"fill_color": "#dfc389", "elev_range_ft": "444-578 ft"}, "6": {"fill_color": "#cba173", "elev_range_ft": "578-692 ft"}, "7": {"fill_color": "#b8835f", "elev_range_ft": "692-782 ft"}, "8": {"fill_color": "#e8ddd3", "elev_range_ft": "782-822 ft"}}, "vectorization_method": "GDAL polygonize algorithm (rasterio.features.shapes, which wraps GDALPolygonize), 4-connectivity, exact-clipped to the CSA 14 boundary, coordinates snapped to a shared 1e-8 deg grid (shapely.set_precision) so shared pixel edges stay topologically coincident across neighbouring polygons.", "native_resolution_m": 1, "processing_crs": "EPSG:26910", "output_crs": "EPSG:4326 (OGC:CRS84, lon/lat)", "coordinate_precision_dp": 8, "aoi_area_acres": 468.95, "polygon_count": 45, "area_closure_error_pct": 0.0, "generated_utc": "2026-09-23T16:43:17+00:00"}, "features": [{"type": "Feature", "geometry": {"type": "Polygon", "coordinates": [[[-122.56005641, 37.8987731], [-122.56005598, 37.8988452], [-122.5600446, 37.89884516], [-122.56004444, 37.8988722], [-122.56003307, 37.89887215], [-122.56003301, 37.89888117], [-122.56002164, 37.89888112], [-122.56002153, 37.89889915], [-122.56001016, 37.89889911], [-122.56001005, 37.89891713], [-122.55999868, 37.89891709], [-122.55999852, 37.89894413], [-122.55998714, 37.89894409], [-122.55998704, 37.89896211], [-122.55997566, 37.89896207], [-122.55997534, 37.89901615], [-122.55996397, 37.8990161], [-122.55996348, 37.89909722], [-122.55995211, 37.89909718], [-122.559952, 37.8991152], [-122.55996338, 37.89911524], [-122.55996316, 37.89915129], [-122.55997454, 37.89915134], [-122.55997437, 37.89917838], [-122.55998575, 37.89917842], [-122.55998564, 37.89919644], [-122.55999702, 37.89919649], [-122.55999696, 37.8992055], [-122.56000834, 37.89920554], [-122.56000828, 37.89921455], [-122.56001966, 37.8992146], [-122.5600196, 37.89922361], [-122.56003098, 37.89922365], [-122.56003092, 37.89923267], [-122.5600423, 37.89923271], [-122.56004224, 37.89924172], [-122.56006499, 37.89924181], [-122.56006494, 37.89925082], [-122.56008769, 37.8992509], [-122.56008763, 37.89925992], [-122.56012175, 37.89926004], [-122.5601217, 37.89926906], [-122.56015582, 37.89926918], [-122.56015577, 37.8992782], [-122.56018989, 37.89927832], [-122.56018984, 37.89928734], [-122.56023533, 37.89928751], [-122.56023528, 37.89929652], [-122.5602694, 37.89929665], [-122.56026935, 37.89930566], [-122.56030347, 37.89930579], [-122.56030342, 37.8993148], [-122.56033754, 37.89931493], [-122.56033748, 37.89932394], [-122.56036023, 37.89932403], [-122.56036018, 37.89933304], [-122.5603943, 37.89933317], [-122.56039425, 37.89934218], [-122.56041699, 37.89934226], [-122.56041694, 37.89935128], [-122.56043969, 37.89935136], [-122.56043964, 37.89936037], [-122.56045101, 37.89936042], [-122.56045096, 37.89936943], [-122.56046233, 37.89936947], [-122.56046212, 37.89940552], [-122.56047349, 37.89940557], [-122.56047338, 37.89942359], [-122.56048476, 37.89942363], [-122.56048465, 37.89944166], [-122.56049602, 37.8994417], [-122.56049592, 37.89945973], [-122.56050729, 37.89945977], [-122.56050724, 37.89946878], [-122.56051861, 37.89946882], [-122.56051856, 37.89947784], [-122.56052993, 37.89947788], [-122.56052988, 37.89948689], [-122.56054125, 37.89948694], [-122.5605412, 37.89949595], [-122.56055257, 37.89949599], [-122.56055252, 37.899505], [-122.56056389, 37.89950505], [-122.56056379, 37.89952307], [-122.56057516, 37.89952311], [-122.56057511, 37.89953213], [-122.56058648, 37.89953217], [-122.56058643, 37.89954118], [-122.5605978, 37.89954122], [-122.56059775, 37.89955024], [-122.56060912, 37.89955028], [-122.56060907, 37.89955929], [-122.56062044, 37.89955933], [-122.56062033, 37.89957736], [-122.56063171, 37.8995774], [-122.56063149, 37.89961345], [-122.56064287, 37.8996135], [-122.56064249, 37.89967659], [-122.56065387, 37.89967663], [-122.56065349, 37.89973972], [-122.56066487, 37.89973976], [-122.56066465, 37.89977581], [-122.56067603, 37.89977585], [-122.5606757, 37.89982993], [-122.56068708, 37.89982997], [-122.56068697, 37.899848], [-122.56069834, 37.89984804], [-122.56069818, 37.89987508], [-122.56068681, 37.89987504], [-122.56068676, 37.89988405], [-122.56066401, 37.89988396], [-122.56066395, 37.89989298], [-122.56065258, 37.89989294], [-122.56065226, 37.89994701], [-122.56064089, 37.89994697], [-122.5606404, 37.90002808], [-122.56065178, 37.90002813], [-122.56065172, 37.90003714], [-122.56064035, 37.9000371], [-122.5606403, 37.90004611], [-122.56065167, 37.90004615], [-122.56065146, 37.9000822], [-122.56066283, 37.90008225], [-122.56066229, 37.90017237], [-122.56065092, 37.90017233], [-122.56065038, 37.90026246], [-122.56063901, 37.90026242], [-122.5606388, 37.90029847], [-122.56062742, 37.90029843], [-122.56062726, 37.90032546], [-122.56061589, 37.90032542], [-122.56061573, 37.90035246], [-122.56060435, 37.90035242], [-122.56060424, 37.90037044], [-122.56059287, 37.9003704], [-122.56059212, 37.90049658], [-122.56058075, 37.90049654], [-122.56058026, 37.90057765], [-122.56056889, 37.90057761], [-122.56056857, 37.90063169], [-122.56057994, 37.90063173], [-122.56057887, 37.90081198], [-122.56059024, 37.90081203], [-122.56059003, 37.90084808], [-122.5606014, 37.90084812], [-122.5606013, 37.90086615], [-122.56061267, 37.90086619], [-122.56061262, 37.9008752], [-122.56062399, 37.90087524], [-122.56062394, 37.90088426], [-122.56063531, 37.9008843], [-122.56063521, 37.90090233], [-122.56064658, 37.90090237], [-122.56064653, 37.90091138], [-122.5606579, 37.90091142], [-122.56065785, 37.90092044], [-122.56066922, 37.90092048], [-122.56066917, 37.90092949], [-122.56068054, 37.90092953], [-122.56068049, 37.90093855], [-122.56070324, 37.90093863], [-122.56070318, 37.90094764], [-122.56072593, 37.90094773], [-122.56072588, 37.90095674], [-122.56077138, 37.90095691], [-122.56077132, 37.90096592], [-122.56088284, 37.90096634], [-122.56041312, 37.90125332], [-122.56030605, 37.90134704], [-122.55988878, 37.90168525], [-122.55979483, 37.90175888], [-122.55958064, 37.90160301], [-122.55954224, 37.90163731], [-122.55953887, 37.90163729], [-122.55953893, 37.90162828], [-122.55952755, 37.90162824], [-122.55952766, 37.90161021], [-122.55951629, 37.90161017], [-122.55951639, 37.90159214], [-122.55950502, 37.9015921], [-122.55950513, 37.90157408], [-122.55949375, 37.90157403], [-122.55949391, 37.90154699], [-122.55948254, 37.90154695], [-122.5594827, 37.90151991], [-122.55947133, 37.90151987], [-122.55947154, 37.90148382], [-122.55946017, 37.90148378], [-122.55946049, 37.9014297], [-122.55947186, 37.90142974], [-122.55947229, 37.90135764], [-122.55946092, 37.9013576], [-122.55946194, 37.90118636], [-122.55945057, 37.90118631], [-122.55945067, 37.90116829], [-122.5594393, 37.90116824], [-122.55943935, 37.90115923], [-122.55939386, 37.90115906], [-122.55939391, 37.90115005], [-122.55938253, 37.90115001], [-122.55938259, 37.90114099], [-122.55937121, 37.90114095], [-122.55937127, 37.90113194], [-122.55928027, 37.9011316], [-122.55928033, 37.90112258], [-122.55925758, 37.9011225], [-122.55925763, 37.90111349], [-122.55923488, 37.9011134], [-122.55923494, 37.90110439], [-122.55921219, 37.9011043], [-122.55921224, 37.90109529], [-122.55920087, 37.90109525], [-122.55920092, 37.90108624], [-122.55918955, 37.90108619], [-122.5591896, 37.90107718], [-122.55917823, 37.90107714], [-122.55917828, 37.90106812], [-122.55916691, 37.90106808], [-122.55916696, 37.90105907], [-122.55911009, 37.90105886], [-122.55911014, 37.90104984], [-122.55907602, 37.90104972], [-122.55907607, 37.9010407], [-122.5590192, 37.90104049], [-122.55901915, 37.9010495], [-122.5589964, 37.90104942], [-122.55899635, 37.90105843], [-122.55898497, 37.90105839], [-122.55898503, 37.90104937], [-122.55896228, 37.90104929], [-122.55896239, 37.90103126], [-122.55895101, 37.90103122], [-122.55895106, 37.90102221], [-122.55893969, 37.90102217], [-122.55893985, 37.90099513], [-122.55892848, 37.90099508], [-122.55892853, 37.90098607], [-122.55891716, 37.90098603], [-122.55891732, 37.90095899], [-122.55890594, 37.90095895], [-122.558906, 37.90094994], [-122.55889462, 37.90094989], [-122.55889516, 37.90085977], [-122.55890654, 37.90085981], [-122.5589067, 37.90083277], [-122.55889532, 37.90083273], [-122.55889538, 37.90082371], [-122.558884, 37.90082367], [-122.55888406, 37.90081466], [-122.55887268, 37.90081462], [-122.55887274, 37.9008056], [-122.55884999, 37.90080552], [-122.55885004, 37.90079651], [-122.55883867, 37.90079646], [-122.55883877, 37.90077844], [-122.5588274, 37.90077839], [-122.55882751, 37.90076037], [-122.55883888, 37.90076041], [-122.55883926, 37.90069732], [-122.55885063, 37.90069736], [-122.55885096, 37.90064329], [-122.55886233, 37.90064333], [-122.55886244, 37.9006253], [-122.55887381, 37.90062535], [-122.55887387, 37.90061633], [-122.55888524, 37.90061638], [-122.55888535, 37.90059835], [-122.55889672, 37.90059839], [-122.55889678, 37.90058938], [-122.55890815, 37.90058942], [-122.5589082, 37.90058041], [-122.55891958, 37.90058045], [-122.55891963, 37.90057144], [-122.55893101, 37.90057148], [-122.55893111, 37.90055346], [-122.55894249, 37.9005535], [-122.55894254, 37.90054449], [-122.55895392, 37.90054453], [-122.55895402, 37.90052651], [-122.5589654, 37.90052655], [-122.55896567, 37.90048148], [-122.55897704, 37.90048153], [-122.55897715, 37.9004635], [-122.55898852, 37.90046354], [-122.55898858, 37.90045453], [-122.55899995, 37.90045457], [-122.559, 37.90044556], [-122.55901138, 37.9004456], [-122.55901143, 37.90043659], [-122.55902281, 37.90043663], [-122.55902286, 37.90042762], [-122.55903423, 37.90042766], [-122.55903429, 37.90041865], [-122.55904566, 37.90041869], [-122.55904577, 37.90040067], [-122.55905714, 37.90040071], [-122.5590572, 37.9003917], [-122.55906857, 37.90039174], [-122.55906863, 37.90038273], [-122.55908, 37.90038277], [-122.55908005, 37.90037376], [-122.55909143, 37.9003738], [-122.55909148, 37.90036479], [-122.55910286, 37.90036483], [-122.55910291, 37.90035582], [-122.55911428, 37.90035586], [-122.55911439, 37.90033783], [-122.55912576, 37.90033788], [-122.55912582, 37.90032886], [-122.55914857, 37.90032895], [-122.55914862, 37.90031994], [-122.55915999, 37.90031998], [-122.55916005, 37.90031097], [-122.55917142, 37.90031101], [-122.55917148, 37.900302], [-122.55918285, 37.90030204], [-122.55918296, 37.90028401], [-122.55919433, 37.90028405], [-122.55919439, 37.90027504], [-122.55920576, 37.90027508], [-122.55920581, 37.90026607], [-122.55921719, 37.90026611], [-122.55921724, 37.9002571], [-122.55922862, 37.90025714], [-122.55922872, 37.90023912], [-122.5592401, 37.90023916], [-122.55924015, 37.90023015], [-122.55925153, 37.90023019], [-122.55925163, 37.90021217], [-122.55926301, 37.90021221], [-122.55926311, 37.90019418], [-122.55927449, 37.90019423], [-122.55927465, 37.90016719], [-122.55928602, 37.90016723], [-122.55928613, 37.9001492], [-122.55929751, 37.90014925], [-122.55929761, 37.90013122], [-122.55930899, 37.90013126], [-122.55930904, 37.90012225], [-122.55932042, 37.90012229], [-122.55932047, 37.90011328], [-122.55933184, 37.90011332], [-122.5593319, 37.90010431], [-122.55934327, 37.90010435], [-122.55934332, 37.90009534], [-122.5593547, 37.90009538], [-122.55935475, 37.90008637], [-122.55936613, 37.90008641], [-122.55936618, 37.9000774], [-122.55938893, 37.90007748], [-122.55938898, 37.90006847], [-122.55940036, 37.90006851], [-122.55940041, 37.9000595], [-122.55941178, 37.90005954], [-122.55941184, 37.90005053], [-122.55943459, 37.90005062], [-122.55943469, 37.90003259], [-122.55944607, 37.90003263], [-122.55944618, 37.90001461], [-122.55946892, 37.90001469], [-122.55946898, 37.90000568], [-122.55948035, 37.90000572], [-122.55948046, 37.8999877], [-122.55943496, 37.89998753], [-122.55943502, 37.89997851], [-122.55938952, 37.89997834], [-122.55938968, 37.89995131], [-122.55937831, 37.89995126], [-122.55937836, 37.89994225], [-122.55935561, 37.89994217], [-122.55935567, 37.89993315], [-122.55931017, 37.89993298], [-122.55931022, 37.89992397], [-122.55929885, 37.89992393], [-122.5592989, 37.89991491], [-122.55927615, 37.89991483], [-122.55927621, 37.89990582], [-122.55921934, 37.8999056], [-122.55921939, 37.89989659], [-122.5591739, 37.89989642], [-122.55917395, 37.89988741], [-122.55912845, 37.89988724], [-122.55912851, 37.89987822], [-122.55908301, 37.89987805], [-122.55908306, 37.89986904], [-122.55903757, 37.89986887], [-122.55903762, 37.89985986], [-122.5590035, 37.89985973], [-122.55900355, 37.89985072], [-122.55899218, 37.89985067], [-122.55899223, 37.89984166], [-122.55896948, 37.89984158], [-122.55896954, 37.89983256], [-122.55895816, 37.89983252], [-122.55895822, 37.89982351], [-122.55894684, 37.89982347], [-122.55894695, 37.89980544], [-122.5589242, 37.89980535], [-122.55892426, 37.89979634], [-122.55891288, 37.8997963], [-122.55891294, 37.89978729], [-122.55890156, 37.89978724], [-122.55890162, 37.89977823], [-122.55889024, 37.89977819], [-122.5588903, 37.89976918], [-122.55887892, 37.89976913], [-122.55887898, 37.89976012], [-122.5588676, 37.89976008], [-122.55886766, 37.89975106], [-122.55885628, 37.89975102], [-122.55885634, 37.89974201], [-122.55884496, 37.89974197], [-122.55884502, 37.89973295], [-122.55883364, 37.89973291], [-122.5588337, 37.8997239], [-122.55882232, 37.89972386], [-122.55882238, 37.89971484], [-122.558811, 37.8997148], [-122.55881105, 37.89970579], [-122.55879968, 37.89970574], [-122.55879973, 37.89969673], [-122.55878836, 37.89969669], [-122.55878841, 37.89968768], [-122.55877704, 37.89968763], [-122.55877715, 37.89966961], [-122.55876577, 37.89966957], [-122.55876583, 37.89966055], [-122.55875445, 37.89966051], [-122.55875451, 37.8996515], [-122.55874313, 37.89965146], [-122.55874324, 37.89963343], [-122.55873187, 37.89963339], [-122.55873197, 37.89961536], [-122.5587206, 37.89961532], [-122.55872071, 37.89959729], [-122.55870933, 37.89959725], [-122.55870944, 37.89957922], [-122.55869807, 37.89957918], [-122.55869818, 37.89956116], [-122.5586868, 37.89956111], [-122.55868755, 37.89943493], [-122.55869893, 37.89943498], [-122.55869904, 37.89941695], [-122.55871041, 37.89941699], [-122.55871057, 37.89938996], [-122.55872195, 37.89939], [-122.55872232, 37.89932691], [-122.5587337, 37.89932695], [-122.55873391, 37.8992909], [-122.55874529, 37.89929094], [-122.55874539, 37.89927292], [-122.55875677, 37.89927296], [-122.55875698, 37.89923691], [-122.55876836, 37.89923695], [-122.55876852, 37.89920991], [-122.55877989, 37.89920996], [-122.55878005, 37.89918292], [-122.55879143, 37.89918296], [-122.55879149, 37.89917261], [-122.55903245, 37.89913541], [-122.55925673, 37.89910078], [-122.5592635, 37.89909992], [-122.5597421, 37.89903896], [-122.55974946, 37.89903802], [-122.55975019, 37.89903793], [-122.55985888, 37.89890577], [-122.55986024, 37.89890182], [-122.55990273, 37.89877819], [-122.56002408, 37.89877194], [-122.56002415, 37.89877176], [-122.56004507, 37.89876721], [-122.56004503, 37.89877306], [-122.56005641, 37.8987731]]]}, "properties": {"id": 1, "elev_class": 6, "fill_color": "#cba173", "elev_range_ft": "578-692 ft", "area_m2": 36258.7, "area_acres": 8.9597, "n_pixels": 36439, "elev_mean_ft": 627.3, "elev_min_ft": 578.5, "elev_max_ft": 692.3, "clipped_to_aoi": true}}, {"type": "Feature", "geometry": {"type": "Polygon", "coordinates": [[[-122.56085344, 37.89863187], [-122.56085242, 37.89880311], [-122.56086379, 37.89880315], [-122.56086374, 37.89881216], [-122.56087511, 37.89881221], [-122.56087485, 37.89885727], [-122.56088622, 37.89885731], [-122.56088611, 37.89887534], [-122.56089749, 37.89887538], [-122.56089727, 37.89891143], [-122.56090865, 37.89891148], [-122.56090849, 37.89893851], [-122.56091986, 37.89893856], [-122.5609197, 37.89896559], [-122.56090833, 37.89896555], [-122.56090822, 37.89898358], [-122.56093097, 37.89898366], [-122.56093102, 37.89897465], [-122.56094239, 37.89897469], [-122.56094234, 37.8989837], [-122.56095371, 37.89898375], [-122.56095366, 37.89899276], [-122.56096503, 37.8989928], [-122.56096498, 37.89900182], [-122.56097636, 37.89900186], [-122.5609763, 37.89901087], [-122.56098768, 37.89901091], [-122.56098762, 37.89901993], [-122.56101037, 37.89902001], [-122.56101032, 37.89902902], [-122.56103306, 37.89902911], [-122.56103301, 37.89903812], [-122.56105576, 37.89903821], [-122.56105571, 37.89904722], [-122.56106708, 37.89904726], [-122.56106703, 37.89905627], [-122.5610784, 37.89905632], [-122.56107835, 37.89906533], [-122.56108972, 37.89906537], [-122.56108967, 37.89907438], [-122.56110104, 37.89907443], [-122.56110099, 37.89908344], [-122.56111236, 37.89908348], [-122.56111231, 37.89909249], [-122.56112368, 37.89909254], [-122.56112357, 37.89911056], [-122.56113495, 37.8991106], [-122.56113484, 37.89912863], [-122.56114622, 37.89912867], [-122.561146, 37.89916472], [-122.56115738, 37.89916477], [-122.56115711, 37.89920983], [-122.56116848, 37.89920987], [-122.56116832, 37.89923691], [-122.5611797, 37.89923695], [-122.56117959, 37.89925498], [-122.56119096, 37.89925502], [-122.56119086, 37.89927305], [-122.56120223, 37.89927309], [-122.56120207, 37.89930013], [-122.56121344, 37.89930017], [-122.56121323, 37.89933622], [-122.5612246, 37.89933626], [-122.56122444, 37.8993633], [-122.56123582, 37.89936334], [-122.5612356, 37.8993994], [-122.56124698, 37.89939944], [-122.56124692, 37.89940845], [-122.56123555, 37.89940841], [-122.56123544, 37.89942643], [-122.56125819, 37.89942652], [-122.56125814, 37.89943553], [-122.56126951, 37.89943557], [-122.5612694, 37.8994536], [-122.56128078, 37.89945364], [-122.56128062, 37.89948068], [-122.56129199, 37.89948072], [-122.56129194, 37.89948974], [-122.56130331, 37.89948978], [-122.5613032, 37.8995078], [-122.56131458, 37.89950785], [-122.56131447, 37.89952587], [-122.56132585, 37.89952591], [-122.56132574, 37.89954394], [-122.56133711, 37.89954398], [-122.56133706, 37.89955299], [-122.56134843, 37.89955304], [-122.56134838, 37.89956205], [-122.56135975, 37.89956209], [-122.5613597, 37.8995711], [-122.56137107, 37.89957115], [-122.56137065, 37.89964325], [-122.56135927, 37.89964321], [-122.56135922, 37.89965222], [-122.56133647, 37.89965214], [-122.56133636, 37.89967016], [-122.56134774, 37.8996702], [-122.56134758, 37.89969724], [-122.56135895, 37.89969728], [-122.5613589, 37.8997063], [-122.56134752, 37.89970625], [-122.56134715, 37.89976934], [-122.56133577, 37.8997693], [-122.56133561, 37.89979634], [-122.56132424, 37.8997963], [-122.56132408, 37.89982334], [-122.56131271, 37.89982329], [-122.56131249, 37.89985934], [-122.56130112, 37.8998593], [-122.5613009, 37.89989535], [-122.56128953, 37.89989531], [-122.56128926, 37.89994037], [-122.56127789, 37.89994033], [-122.56127767, 37.89997638], [-122.5612663, 37.89997634], [-122.56126609, 37.90001239], [-122.56125471, 37.90001235], [-122.56125455, 37.90003939], [-122.56124318, 37.90003935], [-122.56124296, 37.9000754], [-122.56123159, 37.90007535], [-122.56123143, 37.90010239], [-122.56122005, 37.90010235], [-122.56121952, 37.90019248], [-122.56123089, 37.90019252], [-122.56123073, 37.90021956], [-122.56124211, 37.9002196], [-122.561242, 37.90023763], [-122.56125337, 37.90023767], [-122.56125332, 37.90024668], [-122.56126469, 37.90024672], [-122.56126459, 37.90026475], [-122.56127596, 37.90026479], [-122.56127591, 37.90027381], [-122.56128728, 37.90027385], [-122.56128723, 37.90028286], [-122.5612986, 37.9002829], [-122.56129855, 37.90029192], [-122.56130992, 37.90029196], [-122.56130987, 37.90030097], [-122.56133262, 37.90030106], [-122.56133257, 37.90031007], [-122.56134394, 37.90031011], [-122.56134389, 37.90031912], [-122.56135526, 37.90031917], [-122.56135521, 37.90032818], [-122.56137795, 37.90032826], [-122.5613779, 37.90033728], [-122.56140065, 37.90033736], [-122.5614006, 37.90034637], [-122.56143472, 37.9003465], [-122.56143467, 37.90035551], [-122.56148016, 37.90035568], [-122.56148022, 37.90034667], [-122.56158258, 37.90034705], [-122.56158264, 37.90033804], [-122.56169712, 37.90033847], [-122.56173941, 37.90044283], [-122.56173947, 37.90044297], [-122.561708, 37.90046219], [-122.56163922, 37.90050421], [-122.56163863, 37.90050458], [-122.56088284, 37.90096634], [-122.56077132, 37.90096592], [-122.56077138, 37.90095691], [-122.56072588, 37.90095674], [-122.56072593, 37.90094773], [-122.56070318, 37.90094764], [-122.56070324, 37.90093863], [-122.56068049, 37.90093855], [-122.56068054, 37.90092953], [-122.56066917, 37.90092949], [-122.56066922, 37.90092048], [-122.56065785, 37.90092044], [-122.5606579, 37.90091142], [-122.56064653, 37.90091138], [-122.56064658, 37.90090237], [-122.56063521, 37.90090233], [-122.56063531, 37.9008843], [-122.56062394, 37.90088426], [-122.56062399, 37.90087524], [-122.56061262, 37.9008752], [-122.56061267, 37.90086619], [-122.5606013, 37.90086615], [-122.5606014, 37.90084812], [-122.56059003, 37.90084808], [-122.56059024, 37.90081203], [-122.56057887, 37.90081198], [-122.56057994, 37.90063173], [-122.56056857, 37.90063169], [-122.56056889, 37.90057761], [-122.56058026, 37.90057765], [-122.56058075, 37.90049654], [-122.56059212, 37.90049658], [-122.56059287, 37.9003704], [-122.56060424, 37.90037044], [-122.56060435, 37.90035242], [-122.56061573, 37.90035246], [-122.56061589, 37.90032542], [-122.56062726, 37.90032546], [-122.56062742, 37.90029843], [-122.5606388, 37.90029847], [-122.56063901, 37.90026242], [-122.56065038, 37.90026246], [-122.56065092, 37.90017233], [-122.56066229, 37.90017237], [-122.56066283, 37.90008225], [-122.56065146, 37.9000822], [-122.56065167, 37.90004615], [-122.5606403, 37.90004611], [-122.56064035, 37.9000371], [-122.56065172, 37.90003714], [-122.56065178, 37.90002813], [-122.5606404, 37.90002808], [-122.56064089, 37.89994697], [-122.56065226, 37.89994701], [-122.56065258, 37.89989294], [-122.56066395, 37.89989298], [-122.56066401, 37.89988396], [-122.56068676, 37.89988405], [-122.56068681, 37.89987504], [-122.56069818, 37.89987508], [-122.56069834, 37.89984804], [-122.56068697, 37.899848], [-122.56068708, 37.89982997], [-122.5606757, 37.89982993], [-122.56067603, 37.89977585], [-122.56066465, 37.89977581], [-122.56066487, 37.89973976], [-122.56065349, 37.89973972], [-122.56065387, 37.89967663], [-122.56064249, 37.89967659], [-122.56064287, 37.8996135], [-122.56063149, 37.89961345], [-122.56063171, 37.8995774], [-122.56062033, 37.89957736], [-122.56062044, 37.89955933], [-122.56060907, 37.89955929], [-122.56060912, 37.89955028], [-122.56059775, 37.89955024], [-122.5605978, 37.89954122], [-122.56058643, 37.89954118], [-122.56058648, 37.89953217], [-122.56057511, 37.89953213], [-122.56057516, 37.89952311], [-122.56056379, 37.89952307], [-122.56056389, 37.89950505], [-122.56055252, 37.899505], [-122.56055257, 37.89949599], [-122.5605412, 37.89949595], [-122.56054125, 37.89948694], [-122.56052988, 37.89948689], [-122.56052993, 37.89947788], [-122.56051856, 37.89947784], [-122.56051861, 37.89946882], [-122.56050724, 37.89946878], [-122.56050729, 37.89945977], [-122.56049592, 37.89945973], [-122.56049602, 37.8994417], [-122.56048465, 37.89944166], [-122.56048476, 37.89942363], [-122.56047338, 37.89942359], [-122.56047349, 37.89940557], [-122.56046212, 37.89940552], [-122.56046233, 37.89936947], [-122.56045096, 37.89936943], [-122.56045101, 37.89936042], [-122.56043964, 37.89936037], [-122.56043969, 37.89935136], [-122.56041694, 37.89935128], [-122.56041699, 37.89934226], [-122.56039425, 37.89934218], [-122.5603943, 37.89933317], [-122.56036018, 37.89933304], [-122.56036023, 37.89932403], [-122.56033748, 37.89932394], [-122.56033754, 37.89931493], [-122.56030342, 37.8993148], [-122.56030347, 37.89930579], [-122.56026935, 37.89930566], [-122.5602694, 37.89929665], [-122.56023528, 37.89929652], [-122.56023533, 37.89928751], [-122.56018984, 37.89928734], [-122.56018989, 37.89927832], [-122.56015577, 37.8992782], [-122.56015582, 37.89926918], [-122.5601217, 37.89926906], [-122.56012175, 37.89926004], [-122.56008763, 37.89925992], [-122.56008769, 37.8992509], [-122.56006494, 37.89925082], [-122.56006499, 37.89924181], [-122.56004224, 37.89924172], [-122.5600423, 37.89923271], [-122.56003092, 37.89923267], [-122.56003098, 37.89922365], [-122.5600196, 37.89922361], [-122.56001966, 37.8992146], [-122.56000828, 37.89921455], [-122.56000834, 37.89920554], [-122.55999696, 37.8992055], [-122.55999702, 37.89919649], [-122.55998564, 37.89919644], [-122.55998575, 37.89917842], [-122.55997437, 37.89917838], [-122.55997454, 37.89915134], [-122.55996316, 37.89915129], [-122.55996338, 37.89911524], [-122.559952, 37.8991152], [-122.55995211, 37.89909718], [-122.55996348, 37.89909722], [-122.55996397, 37.8990161], [-122.55997534, 37.89901615], [-122.55997566, 37.89896207], [-122.55998704, 37.89896211], [-122.55998714, 37.89894409], [-122.55999852, 37.89894413], [-122.55999868, 37.89891709], [-122.56001005, 37.89891713], [-122.56001016, 37.89889911], [-122.56002153, 37.89889915], [-122.56002164, 37.89888112], [-122.56003301, 37.89888117], [-122.56003307, 37.89887215], [-122.56004444, 37.8988722], [-122.5600446, 37.89884516], [-122.56005598, 37.8988452], [-122.56005641, 37.8987731], [-122.56004503, 37.89877306], [-122.56004507, 37.89876721], [-122.56005332, 37.89876542], [-122.56063913, 37.89864642], [-122.56084222, 37.89860516], [-122.56084206, 37.89863182], [-122.56085344, 37.89863187]]]}, "properties": {"id": 2, "elev_class": 7, "fill_color": "#b8835f", "elev_range_ft": "692-782 ft", "area_m2": 17524.8, "area_acres": 4.3305, "n_pixels": 17645, "elev_mean_ft": 735.2, "elev_min_ft": 692.3, "elev_max_ft": 781.8, "clipped_to_aoi": true}}, {"type": "Feature", "geometry": {"type": "Polygon", "coordinates": [[[-122.56158258, 37.90034705], [-122.56148022, 37.90034667], [-122.56148016, 37.90035568], [-122.56143467, 37.90035551], [-122.56143472, 37.9003465], [-122.5614006, 37.90034637], [-122.56140065, 37.90033736], [-122.5613779, 37.90033728], [-122.56137795, 37.90032826], [-122.56135521, 37.90032818], [-122.56135526, 37.90031917], [-122.56134389, 37.90031912], [-122.56134394, 37.90031011], [-122.56133257, 37.90031007], [-122.56133262, 37.90030106], [-122.56130987, 37.90030097], [-122.56130992, 37.90029196], [-122.56129855, 37.90029192], [-122.5612986, 37.9002829], [-122.56128723, 37.90028286], [-122.56128728, 37.90027385], [-122.56127591, 37.90027381], [-122.56127596, 37.90026479], [-122.56126459, 37.90026475], [-122.56126469, 37.90024672], [-122.56125332, 37.90024668], [-122.56125337, 37.90023767], [-122.561242, 37.90023763], [-122.56124211, 37.9002196], [-122.56123073, 37.90021956], [-122.56123089, 37.90019252], [-122.56121952, 37.90019248], [-122.56122005, 37.90010235], [-122.56123143, 37.90010239], [-122.56123159, 37.90007535], [-122.56124296, 37.9000754], [-122.56124318, 37.90003935], [-122.56125455, 37.90003939], [-122.56125471, 37.90001235], [-122.56126609, 37.90001239], [-122.5612663, 37.89997634], [-122.56127767, 37.89997638], [-122.56127789, 37.89994033], [-122.56128926, 37.89994037], [-122.56128953, 37.89989531], [-122.5613009, 37.89989535], [-122.56130112, 37.8998593], [-122.56131249, 37.89985934], [-122.56131271, 37.89982329], [-122.56132408, 37.89982334], [-122.56132424, 37.8997963], [-122.56133561, 37.89979634], [-122.56133577, 37.8997693], [-122.56134715, 37.89976934], [-122.56134752, 37.89970625], [-122.5613589, 37.8997063], [-122.56135895, 37.89969728], [-122.56134758, 37.89969724], [-122.56134774, 37.8996702], [-122.56133636, 37.89967016], [-122.56133647, 37.89965214], [-122.56135922, 37.89965222], [-122.56135927, 37.89964321], [-122.56137065, 37.89964325], [-122.56137107, 37.89957115], [-122.5613597, 37.8995711], [-122.56135975, 37.89956209], [-122.56134838, 37.89956205], [-122.56134843, 37.89955304], [-122.56133706, 37.89955299], [-122.56133711, 37.89954398], [-122.56132574, 37.89954394], [-122.56132585, 37.89952591], [-122.56131447, 37.89952587], [-122.56131458, 37.89950785], [-122.5613032, 37.8995078], [-122.56130331, 37.89948978], [-122.56129194, 37.89948974], [-122.56129199, 37.89948072], [-122.56128062, 37.89948068], [-122.56128078, 37.89945364], [-122.5612694, 37.8994536], [-122.56126951, 37.89943557], [-122.56125814, 37.89943553], [-122.56125819, 37.89942652], [-122.56123544, 37.89942643], [-122.56123555, 37.89940841], [-122.56124692, 37.89940845], [-122.56124698, 37.89939944], [-122.5612356, 37.8993994], [-122.56123582, 37.89936334], [-122.56122444, 37.8993633], [-122.5612246, 37.89933626], [-122.56121323, 37.89933622], [-122.56121344, 37.89930017], [-122.56120207, 37.89930013], [-122.56120223, 37.89927309], [-122.56119086, 37.89927305], [-122.56119096, 37.89925502], [-122.56117959, 37.89925498], [-122.5611797, 37.89923695], [-122.56116832, 37.89923691], [-122.56116848, 37.89920987], [-122.56115711, 37.89920983], [-122.56115738, 37.89916477], [-122.561146, 37.89916472], [-122.56114622, 37.89912867], [-122.56113484, 37.89912863], [-122.56113495, 37.8991106], [-122.56112357, 37.89911056], [-122.56112368, 37.89909254], [-122.56111231, 37.89909249], [-122.56111236, 37.89908348], [-122.56110099, 37.89908344], [-122.56110104, 37.89907443], [-122.56108967, 37.89907438], [-122.56108972, 37.89906537], [-122.56107835, 37.89906533], [-122.5610784, 37.89905632], [-122.56106703, 37.89905627], [-122.56106708, 37.89904726], [-122.56105571, 37.89904722], [-122.56105576, 37.89903821], [-122.56103301, 37.89903812], [-122.56103306, 37.89902911], [-122.56101032, 37.89902902], [-122.56101037, 37.89902001], [-122.56098762, 37.89901993], [-122.56098768, 37.89901091], [-122.5609763, 37.89901087], [-122.56097636, 37.89900186], [-122.56096498, 37.89900182], [-122.56096503, 37.8989928], [-122.56095366, 37.89899276], [-122.56095371, 37.89898375], [-122.56094234, 37.8989837], [-122.56094239, 37.89897469], [-122.56093102, 37.89897465], [-122.56093097, 37.89898366], [-122.56090822, 37.89898358], [-122.56090833, 37.89896555], [-122.5609197, 37.89896559], [-122.56091986, 37.89893856], [-122.56090849, 37.89893851], [-122.56090865, 37.89891148], [-122.56089727, 37.89891143], [-122.56089749, 37.89887538], [-122.56088611, 37.89887534], [-122.56088622, 37.89885731], [-122.56087485, 37.89885727], [-122.56087511, 37.89881221], [-122.56086374, 37.89881216], [-122.56086379, 37.89880315], [-122.56085242, 37.89880311], [-122.56085344, 37.89863187], [-122.56084206, 37.89863182], [-122.56084222, 37.89860516], [-122.56098684, 37.89857578], [-122.56101837, 37.89856947], [-122.56104916, 37.8985633], [-122.56104947, 37.89856416], [-122.56114557, 37.89883066], [-122.56121758, 37.89903037], [-122.56121789, 37.8990312], [-122.56129235, 37.89923172], [-122.56135898, 37.89940695], [-122.56136022, 37.8994102], [-122.56136392, 37.89941993], [-122.56136623, 37.89942654], [-122.56136711, 37.89942909], [-122.56145094, 37.89966949], [-122.56162425, 37.90015863], [-122.56169712, 37.90033847], [-122.56158264, 37.90033804], [-122.56158258, 37.90034705]]]}, "properties": {"id": 3, "elev_class": 8, "fill_color": "#e8ddd3", "elev_range_ft": "782-822 ft", "area_m2": 3653.3, "area_acres": 0.9028, "n_pixels": 3791, "elev_mean_ft": 794.5, "elev_min_ft": 781.8, "elev_max_ft": 822.4, "clipped_to_aoi": true}}, {"type": "Feature", "geometry": {"type": "Polygon", "coordinates": [[[-122.54009585, 37.89676802], [-122.54009591, 37.89675901], [-122.54008453, 37.89675897], [-122.54008464, 37.89674094], [-122.54007327, 37.8967409], [-122.54007333, 37.89673188], [-122.54002783, 37.8967317], [-122.54002789, 37.89672269], [-122.53999377, 37.89672256], [-122.53999382, 37.89671355], [-122.5400052, 37.89671359], [-122.54000531, 37.89669556], [-122.54001668, 37.89669561], [-122.54001674, 37.8966866], [-122.54002811, 37.89668664], [-122.54002817, 37.89667763], [-122.54005092, 37.89667772], [-122.54005097, 37.8966687], [-122.54011921, 37.89666897], [-122.54011916, 37.89667798], [-122.54013053, 37.89667803], [-122.54013048, 37.89668704], [-122.54014185, 37.89668709], [-122.54014162, 37.89672314], [-122.54013025, 37.89672309], [-122.5401302, 37.8967321], [-122.54009607, 37.89673197], [-122.54009602, 37.89674098], [-122.54010739, 37.89674103], [-122.54010734, 37.89675004], [-122.54011871, 37.89675009], [-122.5401186, 37.89676811], [-122.54009585, 37.89676802]]]}, "properties": {"id": 4, "elev_class": 2, "fill_color": "#a8d18c", "elev_range_ft": "58-172 ft", "area_m2": 81.0, "area_acres": 0.02, "n_pixels": 81, "elev_mean_ft": 58.8, "elev_min_ft": 58.1, "elev_max_ft": 59.6, "clipped_to_aoi": false}}, {"type": "Feature", "geometry": {"type": "Polygon", "coordinates": [[[-122.5430687, 37.89607659], [-122.54306876, 37.89606757], [-122.54308013, 37.89606762], [-122.54308018, 37.89605861], [-122.54309156, 37.89605865], [-122.54309145, 37.89607668], [-122.5430687, 37.89607659]]]}, "properties": {"id": 5, "elev_class": 2, "fill_color": "#a8d18c", "elev_range_ft": "58-172 ft", "area_m2": 3.0, "area_acres": 0.0007, "n_pixels": 3, "elev_mean_ft": 58.2, "elev_min_ft": 58.1, "elev_max_ft": 58.2, "clipped_to_aoi": false}}, {"type": "Feature", "geometry": {"type": "Polygon", "coordinates": [[[-122.55633024, 37.89611831], [-122.55630749, 37.89611822], [-122.55630755, 37.89610921], [-122.55629617, 37.89610916], [-122.55629623, 37.89610015], [-122.55628486, 37.89610011], [-122.55628491, 37.8960911], [-122.55627354, 37.89609105], [-122.55627359, 37.89608204], [-122.55625084, 37.89608195], [-122.5562509, 37.89607294], [-122.55623952, 37.8960729], [-122.55623958, 37.89606389], [-122.5562282, 37.89606384], [-122.55622826, 37.89605483], [-122.55621689, 37.89605479], [-122.55621694, 37.89604577], [-122.55620557, 37.89604573], [-122.55620562, 37.89603672], [-122.55619425, 37.89603668], [-122.5561943, 37.89602766], [-122.55617155, 37.89602758], [-122.55617161, 37.89601856], [-122.55616023, 37.89601852], [-122.55616032, 37.8960037], [-122.5563703, 37.89612747], [-122.55633019, 37.89612732], [-122.55633024, 37.89611831]]]}, "properties": {"id": 6, "elev_class": 6, "fill_color": "#cba173", "elev_range_ft": "578-692 ft", "area_m2": 31.4, "area_acres": 0.0078, "n_pixels": 48, "elev_mean_ft": 579.4, "elev_min_ft": 578.5, "elev_max_ft": 580.7, "clipped_to_aoi": true}}, {"type": "Feature", "geometry": {"type": "Polygon", "coordinates": [[[-122.55614899, 37.89599701], [-122.55615486, 37.89600048], [-122.55614897, 37.89600045], [-122.55614899, 37.89599701]]]}, "properties": {"id": 7, "elev_class": 6, "fill_color": "#cba173", "elev_range_ft": "578-692 ft", "area_m2": 0.1, "area_acres": 0.0, "n_pixels": 1, "elev_mean_ft": 579.0, "elev_min_ft": 579.0, "elev_max_ft": 579.0, "clipped_to_aoi": true}}, {"type": "Feature", "geometry": {"type": "Polygon", "coordinates": [[[-122.55613766, 37.89599033], [-122.55613947, 37.8959914], [-122.55613765, 37.8959914], [-122.55613766, 37.89599033]]]}, "properties": {"id": 8, "elev_class": 6, "fill_color": "#cba173", "elev_range_ft": "578-692 ft", "area_m2": 0.0, "area_acres": 0.0, "n_pixels": 1, "elev_mean_ft": 579.1, "elev_min_ft": 579.1, "elev_max_ft": 579.1, "clipped_to_aoi": true}}, {"type": "Feature", "geometry": {"type": "Polygon", "coordinates": [[[-122.55611499, 37.89597697], [-122.55612408, 37.89598233], [-122.55611496, 37.8959823], [-122.55611499, 37.89597697]]]}, "properties": {"id": 9, "elev_class": 6, "fill_color": "#cba173", "elev_range_ft": "578-692 ft", "area_m2": 0.2, "area_acres": 0.0001, "n_pixels": 1, "elev_mean_ft": 578.5, "elev_min_ft": 578.5, "elev_max_ft": 578.5, "clipped_to_aoi": true}}, {"type": "Feature", "geometry": {"type": "Polygon", "coordinates": [[[-122.55610365, 37.89597029], [-122.5561087, 37.89597326], [-122.55610364, 37.89597324], [-122.55610365, 37.89597029]]]}, "properties": {"id": 10, "elev_class": 6, "fill_color": "#cba173", "elev_range_ft": "578-692 ft", "area_m2": 0.1, "area_acres": 0.0, "n_pixels": 1, "elev_mean_ft": 578.7, "elev_min_ft": 578.7, "elev_max_ft": 578.7, "clipped_to_aoi": true}}, {"type": "Feature", "geometry": {"type": "Polygon", "coordinates": [[[-122.55609232, 37.89596361], [-122.55609331, 37.89596419], [-122.55609232, 37.89596419], [-122.55609232, 37.89596361]]]}, "properties": {"id": 11, "elev_class": 6, "fill_color": "#cba173", "elev_range_ft": "578-692 ft", "area_m2": 0.0, "area_acres": 0.0, "n_pixels": 1, "elev_mean_ft": 578.8, "elev_min_ft": 578.8, "elev_max_ft": 578.8, "clipped_to_aoi": true}}, {"type": "Feature", "geometry": {"type": "Polygon", "coordinates": [[[-122.55570698, 37.89573647], [-122.55570859, 37.89573742], [-122.55570697, 37.89573741], [-122.55570698, 37.89573647]]]}, "properties": {"id": 12, "elev_class": 6, "fill_color": "#cba173", "elev_range_ft": "578-692 ft", "area_m2": 0.0, "area_acres": 0.0, "n_pixels": 1, "elev_mean_ft": 578.9, "elev_min_ft": 578.9, "elev_max_ft": 578.9, "clipped_to_aoi": true}}, {"type": "Feature", "geometry": {"type": "Polygon", "coordinates": [[[-122.55567298, 37.89571642], [-122.55567781, 37.89571927], [-122.55567296, 37.89571925], [-122.55567298, 37.89571642]]]}, "properties": {"id": 13, "elev_class": 6, "fill_color": "#cba173", "elev_range_ft": "578-692 ft", "area_m2": 0.1, "area_acres": 0.0, "n_pixels": 1, "elev_mean_ft": 578.8, "elev_min_ft": 578.8, "elev_max_ft": 578.8, "clipped_to_aoi": true}}, {"type": "Feature", "geometry": {"type": "Polygon", "coordinates": [[[-122.55566165, 37.89570974], [-122.55566243, 37.8957102], [-122.55566164, 37.8957102], [-122.55566165, 37.89570974]]]}, "properties": {"id": 14, "elev_class": 6, "fill_color": "#cba173", "elev_range_ft": "578-692 ft", "area_m2": 0.0, "area_acres": 0.0, "n_pixels": 1, "elev_mean_ft": 579.0, "elev_min_ft": 579.0, "elev_max_ft": 579.0, "clipped_to_aoi": true}}, {"type": "Feature", "geometry": {"type": "Polygon", "coordinates": [[[-122.54496596, 37.89642643], [-122.54496602, 37.89641742], [-122.54495464, 37.89641737], [-122.5449547, 37.89640836], [-122.54494333, 37.89640832], [-122.54494338, 37.8963993], [-122.54493201, 37.89639926], [-122.54493223, 37.89636321], [-122.54492086, 37.89636316], [-122.54492097, 37.89634514], [-122.5448641, 37.89634492], [-122.54486416, 37.89633591], [-122.54479591, 37.89633564], [-122.54479597, 37.89632663], [-122.5447846, 37.89632659], [-122.54478465, 37.89631757], [-122.54477328, 37.89631753], [-122.54477333, 37.89630852], [-122.54475059, 37.89630843], [-122.54475064, 37.89629942], [-122.5447279, 37.89629933], [-122.54472795, 37.89629032], [-122.5447052, 37.89629023], [-122.54470526, 37.89628121], [-122.54465977, 37.89628104], [-122.54465971, 37.89629005], [-122.54462559, 37.89628992], [-122.54462564, 37.89628091], [-122.5446029, 37.89628082], [-122.54460295, 37.89627181], [-122.54458021, 37.89627172], [-122.54458026, 37.8962627], [-122.54456889, 37.89626266], [-122.54456894, 37.89625365], [-122.54455757, 37.8962536], [-122.54455763, 37.89624459], [-122.54454625, 37.89624455], [-122.54454631, 37.89623553], [-122.54453493, 37.89623549], [-122.54453499, 37.89622648], [-122.54452362, 37.89622643], [-122.54452367, 37.89621742], [-122.54447818, 37.89621724], [-122.54447812, 37.89622626], [-122.54443263, 37.89622608], [-122.54443257, 37.89623509], [-122.54436433, 37.89623483], [-122.54436439, 37.89622582], [-122.54433027, 37.89622569], [-122.54433032, 37.89621667], [-122.5442962, 37.89621654], [-122.54429626, 37.89620753], [-122.54427351, 37.89620744], [-122.54427345, 37.89621645], [-122.5441256, 37.89621588], [-122.54412566, 37.89620687], [-122.54408016, 37.89620669], [-122.54408011, 37.8962157], [-122.54403461, 37.89621553], [-122.54403456, 37.89622454], [-122.54402318, 37.8962245], [-122.54402313, 37.89623351], [-122.54401175, 37.89623346], [-122.54401159, 37.8962605], [-122.54400021, 37.89626046], [-122.54400016, 37.89626947], [-122.54398878, 37.89626943], [-122.54398873, 37.89627844], [-122.54396598, 37.89627835], [-122.54396593, 37.89628737], [-122.54393181, 37.89628723], [-122.54393186, 37.89627822], [-122.54376126, 37.89627756], [-122.54376131, 37.89626855], [-122.54371582, 37.89626837], [-122.54371588, 37.89625936], [-122.54367038, 37.89625918], [-122.54367044, 37.89625017], [-122.54365906, 37.89625012], [-122.54365912, 37.89624111], [-122.5435795, 37.8962408], [-122.54357956, 37.89623179], [-122.54352269, 37.89623157], [-122.54352275, 37.89622256], [-122.54347725, 37.89622238], [-122.54347731, 37.89621337], [-122.54345456, 37.89621328], [-122.54345462, 37.89620427], [-122.54343187, 37.89620418], [-122.54343193, 37.89619517], [-122.54340918, 37.89619508], [-122.54340924, 37.89618606], [-122.54339786, 37.89618602], [-122.5433982, 37.89613194], [-122.54340957, 37.89613199], [-122.54340974, 37.89610495], [-122.54342111, 37.89610499], [-122.54342117, 37.89609598], [-122.54351215, 37.89609633], [-122.5435121, 37.89610535], [-122.54353485, 37.89610543], [-122.5435349, 37.89609642], [-122.54355765, 37.89609651], [-122.5435577, 37.8960875], [-122.54358045, 37.89608759], [-122.54358051, 37.89607857], [-122.54361463, 37.8960787], [-122.54361468, 37.89606969], [-122.54362606, 37.89606974], [-122.543626, 37.89607875], [-122.54366012, 37.89607888], [-122.54366007, 37.89608789], [-122.54368281, 37.89608798], [-122.54368276, 37.896097], [-122.5437055, 37.89609708], [-122.54370545, 37.8961061], [-122.54371682, 37.89610614], [-122.54371677, 37.89611515], [-122.54372814, 37.8961152], [-122.54372808, 37.89612421], [-122.54375083, 37.8961243], [-122.54375077, 37.89613331], [-122.54380764, 37.89613353], [-122.54380759, 37.89614254], [-122.54383033, 37.89614263], [-122.54383028, 37.89615164], [-122.54384165, 37.89615169], [-122.54384171, 37.89614268], [-122.54389857, 37.8961429], [-122.54389863, 37.89613388], [-122.54391, 37.89613393], [-122.5439105, 37.89605281], [-122.54392188, 37.89605286], [-122.54392204, 37.89602582], [-122.54393342, 37.89602586], [-122.54393347, 37.89601685], [-122.54394485, 37.89601689], [-122.5439449, 37.89600788], [-122.54395628, 37.89600793], [-122.54395633, 37.89599891], [-122.54397908, 37.895999], [-122.54398019, 37.89581875], [-122.54399156, 37.89581879], [-122.54399168, 37.89580076], [-122.54400305, 37.89580081], [-122.54400333, 37.89575574], [-122.5440147, 37.89575579], [-122.54401498, 37.89571072], [-122.54402635, 37.89571077], [-122.54402652, 37.89568373], [-122.54403789, 37.89568377], [-122.54403795, 37.89567476], [-122.54404932, 37.89567481], [-122.54404938, 37.89566579], [-122.54406075, 37.89566584], [-122.54406081, 37.89565682], [-122.54407218, 37.89565687], [-122.54407235, 37.89562983], [-122.54408372, 37.89562987], [-122.54408377, 37.89562086], [-122.54409515, 37.8956209], [-122.54409526, 37.89560288], [-122.54410663, 37.89560292], [-122.54410669, 37.89559391], [-122.54411806, 37.89559395], [-122.54411801, 37.89560297], [-122.54412938, 37.89560301], [-122.54412916, 37.89563906], [-122.54411778, 37.89563902], [-122.54411756, 37.89567507], [-122.54410619, 37.89567503], [-122.54410613, 37.89568404], [-122.54409476, 37.89568399], [-122.54409431, 37.8957561], [-122.54408294, 37.89575605], [-122.54408261, 37.89581013], [-122.54407123, 37.89581008], [-122.54407118, 37.8958191], [-122.54408255, 37.89581914], [-122.54408244, 37.89583717], [-122.54407107, 37.89583712], [-122.5440709, 37.89586416], [-122.54405953, 37.89586412], [-122.54405947, 37.89587313], [-122.54407084, 37.89587317], [-122.54407051, 37.89592725], [-122.54408188, 37.89592729], [-122.54408177, 37.89594532], [-122.54409315, 37.89594536], [-122.54409309, 37.89595438], [-122.54410446, 37.89595442], [-122.5441043, 37.89598146], [-122.54411567, 37.8959815], [-122.54411556, 37.89599953], [-122.54410419, 37.89599949], [-122.54410413, 37.8960085], [-122.54409276, 37.89600845], [-122.54409265, 37.89602648], [-122.54408127, 37.89602644], [-122.54408122, 37.89603545], [-122.54406984, 37.8960354], [-122.54406979, 37.89604442], [-122.54404704, 37.89604433], [-122.54404699, 37.89605334], [-122.54402424, 37.89605325], [-122.54402391, 37.89610733], [-122.54405803, 37.89610746], [-122.54405808, 37.89609845], [-122.54417182, 37.89609889], [-122.54417176, 37.8961079], [-122.54421725, 37.89610808], [-122.54421731, 37.89609907], [-122.54425143, 37.8960992], [-122.54425149, 37.89609019], [-122.54426286, 37.89609023], [-122.5442628, 37.89609924], [-122.5443083, 37.89609942], [-122.54430824, 37.89610843], [-122.54439923, 37.89610878], [-122.54439917, 37.8961178], [-122.54447879, 37.8961181], [-122.54447873, 37.89612712], [-122.54454697, 37.89612738], [-122.54454692, 37.89613639], [-122.54455829, 37.89613644], [-122.54455824, 37.89614545], [-122.54456961, 37.89614549], [-122.54456955, 37.89615451], [-122.5445923, 37.8961546], [-122.54459225, 37.89616361], [-122.54461499, 37.8961637], [-122.54461494, 37.89617271], [-122.54462631, 37.89617275], [-122.54462614, 37.89619979], [-122.54463752, 37.89619984], [-122.54463746, 37.89620885], [-122.5447512, 37.89620929], [-122.54475114, 37.8962183], [-122.54477389, 37.89621839], [-122.54477383, 37.8962274], [-122.54479658, 37.89622749], [-122.54479652, 37.8962365], [-122.54488751, 37.89623685], [-122.54488746, 37.89624587], [-122.5449102, 37.89624595], [-122.54491015, 37.89625497], [-122.5449329, 37.89625506], [-122.54493284, 37.89626407], [-122.54494421, 37.89626411], [-122.54494416, 37.89627313], [-122.54495553, 37.89627317], [-122.54495548, 37.89628218], [-122.54496685, 37.89628223], [-122.54496679, 37.89629124], [-122.54497817, 37.89629128], [-122.54497811, 37.8963003], [-122.54500086, 37.89630038], [-122.5450008, 37.8963094], [-122.5450463, 37.89630957], [-122.54504635, 37.89630056], [-122.5450691, 37.89630065], [-122.54506916, 37.89629163], [-122.5450919, 37.89629172], [-122.54509196, 37.89628271], [-122.54512608, 37.89628284], [-122.54512613, 37.89627383], [-122.54527399, 37.8962744], [-122.54527393, 37.89628341], [-122.54531943, 37.89628359], [-122.54531937, 37.8962926], [-122.54534212, 37.89629269], [-122.54534206, 37.8963017], [-122.54536481, 37.89630179], [-122.5453647, 37.89631982], [-122.54537607, 37.89631986], [-122.54537596, 37.89633788], [-122.54538734, 37.89633793], [-122.54538728, 37.89634694], [-122.54539866, 37.89634699], [-122.5453986, 37.896356], [-122.54546684, 37.89635626], [-122.54546679, 37.89636527], [-122.54544404, 37.89636519], [-122.54544398, 37.8963742], [-122.54542124, 37.89637411], [-122.54542129, 37.8963651], [-122.5453758, 37.89636492], [-122.54537585, 37.89635591], [-122.54536448, 37.89635587], [-122.54536453, 37.89634685], [-122.54535316, 37.89634681], [-122.54535327, 37.89632878], [-122.5453419, 37.89632874], [-122.54534195, 37.89631973], [-122.54533058, 37.89631968], [-122.54533064, 37.89631067], [-122.54530789, 37.89631058], [-122.54530794, 37.89630157], [-122.54526245, 37.89630139], [-122.54526251, 37.89629238], [-122.54522839, 37.89629225], [-122.54522833, 37.89630126], [-122.54520558, 37.89630117], [-122.54520553, 37.89631019], [-122.54519415, 37.89631014], [-122.5451941, 37.89631916], [-122.54513723, 37.89631894], [-122.54513718, 37.89632795], [-122.54510305, 37.89632782], [-122.545103, 37.89633683], [-122.54506888, 37.8963367], [-122.54506882, 37.89634571], [-122.54505745, 37.89634567], [-122.54505712, 37.89639974], [-122.54504574, 37.8963997], [-122.54504563, 37.89641773], [-122.54503426, 37.89641768], [-122.5450342, 37.89642669], [-122.54496596, 37.89642643]]]}, "properties": {"id": 15, "elev_class": 1, "fill_color": "#c9e2b6", "elev_range_ft": "9-58 ft", "area_m2": 2535.0, "area_acres": 0.6264, "n_pixels": 2535, "elev_mean_ft": 52.4, "elev_min_ft": 42.1, "elev_max_ft": 58.1, "clipped_to_aoi": false}}, {"type": "Feature", "geometry": {"type": "Polygon", "coordinates": [[[-122.54229871, 37.8955238], [-122.54229876, 37.89551479], [-122.54232151, 37.89551488], [-122.54232145, 37.89552389], [-122.54229871, 37.8955238]]]}, "properties": {"id": 16, "elev_class": 1, "fill_color": "#c9e2b6", "elev_range_ft": "9-58 ft", "area_m2": 2.0, "area_acres": 0.0005, "n_pixels": 2, "elev_mean_ft": 58.1, "elev_min_ft": 58.1, "elev_max_ft": 58.1, "clipped_to_aoi": false}}, {"type": "Feature", "geometry": {"type": "Polygon", "coordinates": [[[-122.54224184, 37.89552358], [-122.5422419, 37.89551457], [-122.54225327, 37.89551461], [-122.54225321, 37.89552363], [-122.54224184, 37.89552358]]]}, "properties": {"id": 17, "elev_class": 2, "fill_color": "#a8d18c", "elev_range_ft": "58-172 ft", "area_m2": 1.0, "area_acres": 0.0002, "n_pixels": 1, "elev_mean_ft": 58.1, "elev_min_ft": 58.1, "elev_max_ft": 58.1, "clipped_to_aoi": false}}, {"type": "Feature", "geometry": {"type": "Polygon", "coordinates": [[[-122.55845705, 37.89803706], [-122.55844567, 37.89803701], [-122.55844573, 37.898028], [-122.55842298, 37.89802792], [-122.55842303, 37.8980189], [-122.55840028, 37.89801882], [-122.55840023, 37.89802783], [-122.55834336, 37.89802762], [-122.55834331, 37.89803663], [-122.55830919, 37.8980365], [-122.55830913, 37.89804552], [-122.55827501, 37.89804539], [-122.55827496, 37.8980544], [-122.55821809, 37.89805419], [-122.55821803, 37.8980632], [-122.55818391, 37.89806307], [-122.55818397, 37.89805406], [-122.55817259, 37.89805402], [-122.55817265, 37.898045], [-122.55816127, 37.89804496], [-122.55816133, 37.89803595], [-122.55814995, 37.8980359], [-122.55815001, 37.89802689], [-122.55807039, 37.89802659], [-122.55807044, 37.89801758], [-122.5580477, 37.89801749], [-122.55804775, 37.89800848], [-122.558025, 37.8980084], [-122.55802506, 37.89799938], [-122.55800231, 37.8979993], [-122.55800242, 37.89798127], [-122.55799104, 37.89798123], [-122.5579911, 37.89797222], [-122.55797972, 37.89797217], [-122.55797978, 37.89796316], [-122.55794566, 37.89796303], [-122.55794576, 37.89794501], [-122.55793439, 37.89794497], [-122.5579345, 37.89792694], [-122.557889, 37.89792677], [-122.55788906, 37.89791776], [-122.55787768, 37.89791771], [-122.55787774, 37.8979087], [-122.55786636, 37.89790866], [-122.55786647, 37.89789063], [-122.5578551, 37.89789059], [-122.55785515, 37.89788158], [-122.5578324, 37.89788149], [-122.55783246, 37.89787248], [-122.55782108, 37.89787244], [-122.55782114, 37.89786342], [-122.55778702, 37.8978633], [-122.55778707, 37.89785428], [-122.5577757, 37.89785424], [-122.55777575, 37.89784523], [-122.557753, 37.89784514], [-122.55775311, 37.89782712], [-122.55774174, 37.89782707], [-122.55774184, 37.89780905], [-122.55773047, 37.897809], [-122.55773058, 37.89779098], [-122.55771921, 37.89779094], [-122.55771937, 37.8977639], [-122.55773074, 37.89776394], [-122.55773079, 37.89775493], [-122.55771942, 37.89775489], [-122.55771947, 37.89774587], [-122.5577081, 37.89774583], [-122.55770816, 37.89773682], [-122.55769678, 37.89773677], [-122.55769684, 37.89772776], [-122.55768546, 37.89772772], [-122.55768552, 37.89771871], [-122.55767414, 37.89771866], [-122.5576742, 37.89770965], [-122.55766282, 37.89770961], [-122.55766293, 37.89769158], [-122.55765156, 37.89769154], [-122.55765166, 37.89767351], [-122.55764029, 37.89767347], [-122.55764034, 37.89766446], [-122.55762897, 37.89766442], [-122.55762902, 37.8976554], [-122.55761765, 37.89765536], [-122.55761776, 37.89763733], [-122.55760638, 37.89763729], [-122.55760649, 37.89761927], [-122.55759512, 37.89761922], [-122.55759517, 37.89761021], [-122.55757243, 37.89761012], [-122.55757248, 37.89760111], [-122.55756111, 37.89760107], [-122.55756116, 37.89759206], [-122.55754979, 37.89759201], [-122.55754989, 37.89757399], [-122.55753852, 37.89757395], [-122.55753868, 37.89754691], [-122.55752731, 37.89754686], [-122.55752747, 37.89751983], [-122.5575161, 37.89751978], [-122.5575162, 37.89750176], [-122.55750483, 37.89750171], [-122.55750515, 37.89744764], [-122.55749378, 37.8974476], [-122.55749383, 37.89743858], [-122.55750521, 37.89743863], [-122.55750569, 37.89735751], [-122.55751707, 37.89735755], [-122.55751712, 37.89734854], [-122.55750575, 37.8973485], [-122.5575058, 37.89733948], [-122.55751718, 37.89733953], [-122.55751728, 37.8973215], [-122.55752866, 37.89732154], [-122.55752876, 37.89730352], [-122.55756289, 37.89730365], [-122.55756294, 37.89729463], [-122.55757431, 37.89729468], [-122.55757448, 37.89726764], [-122.55758585, 37.89726768], [-122.55758596, 37.89724966], [-122.55759733, 37.8972497], [-122.55759749, 37.89722266], [-122.55760887, 37.8972227], [-122.55760897, 37.89720468], [-122.55762035, 37.89720472], [-122.55762062, 37.89715966], [-122.55763199, 37.8971597], [-122.55763204, 37.89715069], [-122.55764342, 37.89715073], [-122.55764353, 37.8971327], [-122.5576549, 37.89713275], [-122.55765495, 37.89712373], [-122.55766633, 37.89712378], [-122.55766654, 37.89708773], [-122.55767792, 37.89708777], [-122.55767813, 37.89705172], [-122.55768951, 37.89705176], [-122.55768983, 37.89699768], [-122.55767846, 37.89699764], [-122.55767867, 37.89696159], [-122.5576673, 37.89696155], [-122.55766741, 37.89694352], [-122.55765603, 37.89694348], [-122.55765619, 37.89691644], [-122.55764482, 37.8969164], [-122.55764493, 37.89689837], [-122.55762218, 37.89689829], [-122.55762213, 37.8969073], [-122.55759938, 37.89690721], [-122.55759943, 37.8968982], [-122.55757669, 37.89689811], [-122.55757674, 37.8968891], [-122.55756537, 37.89688906], [-122.55756548, 37.89687103], [-122.5575541, 37.89687099], [-122.55755416, 37.89686198], [-122.55754278, 37.89686194], [-122.55754284, 37.89685292], [-122.55753146, 37.89685288], [-122.55753152, 37.89684387], [-122.55752014, 37.89684382], [-122.55752025, 37.8968258], [-122.5574975, 37.89682571], [-122.55749756, 37.8968167], [-122.55746344, 37.89681657], [-122.55746349, 37.89680756], [-122.55744074, 37.89680747], [-122.5574408, 37.89679846], [-122.55742942, 37.89679842], [-122.55742948, 37.89678941], [-122.5574181, 37.89678936], [-122.55741816, 37.89678035], [-122.55740678, 37.89678031], [-122.55740684, 37.89677129], [-122.55739546, 37.89677125], [-122.55739552, 37.89676224], [-122.55738415, 37.8967622], [-122.5573842, 37.89675318], [-122.55737283, 37.89675314], [-122.55737288, 37.89674413], [-122.55736151, 37.89674408], [-122.55736156, 37.89673507], [-122.55733881, 37.89673499], [-122.55733887, 37.89672597], [-122.55732749, 37.89672593], [-122.55732755, 37.89671692], [-122.55731617, 37.89671688], [-122.55731623, 37.89670786], [-122.55729348, 37.89670778], [-122.55729353, 37.89669876], [-122.55728216, 37.89669872], [-122.55728221, 37.89668971], [-122.55727084, 37.89668967], [-122.55727089, 37.89668065], [-122.55725952, 37.89668061], [-122.55725958, 37.8966716], [-122.5572482, 37.89667155], [-122.55724826, 37.89666254], [-122.55723688, 37.8966625], [-122.55723694, 37.89665349], [-122.55722556, 37.89665344], [-122.55722567, 37.89663542], [-122.55723704, 37.89663546], [-122.5572371, 37.89662645], [-122.55724847, 37.89662649], [-122.55724853, 37.89661748], [-122.5572599, 37.89661752], [-122.55726001, 37.8965995], [-122.55724863, 37.89659945], [-122.55724901, 37.89653636], [-122.55723764, 37.89653632], [-122.55723785, 37.89650027], [-122.55722648, 37.89650023], [-122.5572267, 37.89646418], [-122.55721532, 37.89646413], [-122.55721538, 37.89645512], [-122.557204, 37.89645508], [-122.55720411, 37.89643705], [-122.55719274, 37.89643701], [-122.55719285, 37.89641898], [-122.55718147, 37.89641894], [-122.55718153, 37.89640993], [-122.55717015, 37.89640988], [-122.55717026, 37.89639186], [-122.55715889, 37.89639182], [-122.55715894, 37.8963828], [-122.55714757, 37.89638276], [-122.55714762, 37.89637375], [-122.55713625, 37.8963737], [-122.5571363, 37.89636469], [-122.55712493, 37.89636465], [-122.55712498, 37.89635564], [-122.55711361, 37.89635559], [-122.55711366, 37.89634658], [-122.55707954, 37.89634645], [-122.5570796, 37.89633744], [-122.55704548, 37.89633731], [-122.55704553, 37.8963283], [-122.55700004, 37.89632813], [-122.55700009, 37.89631911], [-122.55696597, 37.89631899], [-122.55696602, 37.89630997], [-122.55695465, 37.89630993], [-122.55695481, 37.89628289], [-122.55696618, 37.89628293], [-122.55696629, 37.89626491], [-122.55697767, 37.89626495], [-122.55697772, 37.89625594], [-122.55698909, 37.89625598], [-122.55698915, 37.89624697], [-122.55697777, 37.89624693], [-122.55697783, 37.89623791], [-122.55694371, 37.89623779], [-122.55694376, 37.89622877], [-122.55692102, 37.89622869], [-122.55692107, 37.89621967], [-122.55688695, 37.89621955], [-122.556887, 37.89621053], [-122.55686426, 37.89621045], [-122.55686431, 37.89620143], [-122.55681882, 37.89620126], [-122.55681887, 37.89619225], [-122.55677338, 37.89619208], [-122.55677343, 37.89618307], [-122.55673931, 37.89618294], [-122.55673936, 37.89617393], [-122.5566825, 37.89617371], [-122.55668255, 37.8961647], [-122.55662568, 37.89616448], [-122.55662574, 37.89615547], [-122.55655749, 37.89615521], [-122.55655755, 37.8961462], [-122.55652343, 37.89614607], [-122.55652348, 37.89613706], [-122.55650074, 37.89613697], [-122.55650079, 37.89612796], [-122.5564553, 37.89612779], [-122.55645535, 37.89611878], [-122.5564326, 37.89611869], [-122.55643266, 37.89610968], [-122.55642775, 37.89610966], [-122.55685502, 37.89570211], [-122.55685655, 37.89570064], [-122.55692224, 37.89564022], [-122.55692507, 37.89563763], [-122.55723925, 37.89534864], [-122.55724111, 37.89534693], [-122.55728582, 37.89530581], [-122.55728657, 37.89530511], [-122.55728813, 37.89530368], [-122.55728834, 37.89530348], [-122.55728877, 37.89530306], [-122.55728974, 37.89530424], [-122.55729589, 37.89531164], [-122.55729685, 37.8953128], [-122.55730387, 37.89532127], [-122.55731143, 37.89533037], [-122.5573465, 37.89537263], [-122.55750789, 37.89556713], [-122.5576623, 37.89574789], [-122.55766923, 37.89575553], [-122.55793764, 37.89605146], [-122.5579433, 37.89605964], [-122.55801308, 37.89616063], [-122.55809192, 37.89627474], [-122.5580954, 37.8962826], [-122.5581307, 37.89636216], [-122.55813401, 37.89637362], [-122.55819798, 37.89659472], [-122.55827572, 37.89696437], [-122.55827564, 37.89696578], [-122.55825228, 37.89740226], [-122.55826018, 37.89769051], [-122.55826028, 37.89769403], [-122.55832583, 37.89773698], [-122.55837788, 37.8977705], [-122.55838774, 37.89777716], [-122.55839122, 37.89777951], [-122.5584193, 37.8977985], [-122.55842224, 37.89780048], [-122.55842332, 37.89780122], [-122.55842642, 37.89780331], [-122.55848788, 37.89784487], [-122.55856386, 37.89789624], [-122.55853849, 37.89793723], [-122.55846557, 37.89805512], [-122.55845694, 37.89805508], [-122.55845705, 37.89803706]]]}, "properties": {"id": 18, "elev_class": 6, "fill_color": "#cba173", "elev_range_ft": "578-692 ft", "area_m2": 21059.2, "area_acres": 5.2038, "n_pixels": 21361, "elev_mean_ft": 610.6, "elev_min_ft": 578.5, "elev_max_ft": 679.3, "clipped_to_aoi": true}}, {"type": "Feature", "geometry": {"type": "Polygon", "coordinates": [[[-122.55539307, 37.89497913], [-122.55539308, 37.89497835], [-122.55543859, 37.89497568], [-122.55543856, 37.8949793], [-122.55539307, 37.89497913]]]}, "properties": {"id": 19, "elev_class": 6, "fill_color": "#cba173", "elev_range_ft": "578-692 ft", "area_m2": 1.0, "area_acres": 0.0002, "n_pixels": 4, "elev_mean_ft": 578.7, "elev_min_ft": 578.6, "elev_max_ft": 578.7, "clipped_to_aoi": true}}, {"type": "Feature", "geometry": {"type": "Polygon", "coordinates": [[[-122.53736099, 37.89395427], [-122.53736105, 37.89394525], [-122.53734967, 37.89394521], [-122.53734979, 37.89392718], [-122.53737253, 37.89392727], [-122.53737259, 37.89391826], [-122.53738396, 37.8939183], [-122.53738385, 37.89393633], [-122.53739522, 37.89393637], [-122.53739516, 37.89394539], [-122.53738379, 37.89394534], [-122.53738374, 37.89395436], [-122.53736099, 37.89395427]]]}, "properties": {"id": 20, "elev_class": 1, "fill_color": "#c9e2b6", "elev_range_ft": "9-58 ft", "area_m2": 10.0, "area_acres": 0.0025, "n_pixels": 10, "elev_mean_ft": 57.3, "elev_min_ft": 56.7, "elev_max_ft": 57.9, "clipped_to_aoi": false}}, {"type": "Feature", "geometry": {"type": "Polygon", "coordinates": [[[-122.5346708, 37.89491707], [-122.53470492, 37.8949172], [-122.53470487, 37.89492621], [-122.53479585, 37.89492657], [-122.53479591, 37.89491756], [-122.53483003, 37.89491769], [-122.53483008, 37.89490868], [-122.53485283, 37.89490877], [-122.53485289, 37.89489976], [-122.53488701, 37.89489989], [-122.53488706, 37.89489088], [-122.53492118, 37.89489102], [-122.53492124, 37.894882], [-122.53494399, 37.89488209], [-122.53494404, 37.89487308], [-122.53496679, 37.89487317], [-122.53496685, 37.89486416], [-122.53498959, 37.89486425], [-122.53498965, 37.89485523], [-122.5350124, 37.89485532], [-122.53501245, 37.89484631], [-122.5350352, 37.8948464], [-122.53503526, 37.89483739], [-122.53504663, 37.89483743], [-122.53504669, 37.89482842], [-122.53506943, 37.89482851], [-122.53506949, 37.8948195], [-122.53508086, 37.89481954], [-122.53508092, 37.89481053], [-122.53509229, 37.89481057], [-122.53509235, 37.89480156], [-122.53510372, 37.89480161], [-122.53510378, 37.89479259], [-122.53511515, 37.89479264], [-122.53511521, 37.89478363], [-122.53512658, 37.89478367], [-122.5351267, 37.89476565], [-122.53513807, 37.89476569], [-122.53513813, 37.89475668], [-122.5351495, 37.89475672], [-122.53514961, 37.8947387], [-122.53516099, 37.89473874], [-122.53516104, 37.89472973], [-122.53517242, 37.89472977], [-122.53517253, 37.89471175], [-122.5351839, 37.89471179], [-122.53518402, 37.89469377], [-122.53519539, 37.89469381], [-122.53519545, 37.8946848], [-122.53520682, 37.89468485], [-122.53520693, 37.89466682], [-122.53521831, 37.89466686], [-122.53521836, 37.89465785], [-122.53522974, 37.8946579], [-122.53522979, 37.89464888], [-122.53524117, 37.89464893], [-122.53524122, 37.89463992], [-122.5352526, 37.89463996], [-122.53525265, 37.89463095], [-122.53526403, 37.89463099], [-122.53526408, 37.89462198], [-122.53528683, 37.89462207], [-122.53528689, 37.89461306], [-122.53532101, 37.89461319], [-122.53532095, 37.8946222], [-122.5353437, 37.89462229], [-122.53534358, 37.89464032], [-122.53536633, 37.89464041], [-122.53536627, 37.89464942], [-122.53542314, 37.89464965], [-122.53542308, 37.89465866], [-122.53543445, 37.8946587], [-122.5354344, 37.89466772], [-122.53544577, 37.89466776], [-122.53544571, 37.89467678], [-122.53545709, 37.89467682], [-122.53545703, 37.89468583], [-122.5354684, 37.89468588], [-122.53546835, 37.89469489], [-122.53547972, 37.89469494], [-122.53547966, 37.89470395], [-122.53549104, 37.89470399], [-122.53549098, 37.89471301], [-122.53550235, 37.89471305], [-122.5355023, 37.89472206], [-122.53551367, 37.89472211], [-122.53551356, 37.89474013], [-122.53552493, 37.89474018], [-122.53552487, 37.89474919], [-122.53553625, 37.89474924], [-122.53553619, 37.89475825], [-122.53554756, 37.89475829], [-122.53554745, 37.89477632], [-122.53555882, 37.89477636], [-122.53555871, 37.89479439], [-122.53557008, 37.89479443], [-122.53556997, 37.89481246], [-122.53558134, 37.89481251], [-122.53558123, 37.89483053], [-122.5355926, 37.89483058], [-122.53559255, 37.89483959], [-122.53560392, 37.89483963], [-122.53560386, 37.89484865], [-122.53561524, 37.89484869], [-122.53561512, 37.89486672], [-122.5356265, 37.89486676], [-122.53562638, 37.89488479], [-122.53563776, 37.89488483], [-122.53563764, 37.89490286], [-122.53564902, 37.8949029], [-122.5356489, 37.89492093], [-122.53566028, 37.89492097], [-122.53566022, 37.89492999], [-122.53567159, 37.89493003], [-122.53567154, 37.89493904], [-122.53568291, 37.89493909], [-122.53568285, 37.8949481], [-122.53569423, 37.89494815], [-122.53569417, 37.89495716], [-122.53571692, 37.89495725], [-122.53571686, 37.89496626], [-122.53572823, 37.89496631], [-122.53572818, 37.89497532], [-122.53577367, 37.8949755], [-122.53577361, 37.89498451], [-122.53579636, 37.8949846], [-122.5357963, 37.89499361], [-122.53583042, 37.89499375], [-122.53583037, 37.89500276], [-122.5359441, 37.89500321], [-122.53594416, 37.8949942], [-122.5360124, 37.89499446], [-122.53601245, 37.89498545], [-122.53604657, 37.89498559], [-122.53604663, 37.89497657], [-122.53606938, 37.89497666], [-122.53606943, 37.89496765], [-122.53609218, 37.89496774], [-122.53609224, 37.89495873], [-122.53611498, 37.89495882], [-122.53611504, 37.8949498], [-122.53612641, 37.89494985], [-122.53612647, 37.89494084], [-122.53614922, 37.89494093], [-122.53614927, 37.89493191], [-122.53617202, 37.894932], [-122.53617208, 37.89492299], [-122.53619482, 37.89492308], [-122.53619488, 37.89491407], [-122.53620625, 37.89491411], [-122.53620631, 37.8949051], [-122.53622905, 37.89490519], [-122.53622911, 37.89489618], [-122.53624048, 37.89489622], [-122.53624054, 37.89488721], [-122.53625191, 37.89488725], [-122.53625203, 37.89486923], [-122.5362634, 37.89486927], [-122.53626351, 37.89485125], [-122.53627489, 37.89485129], [-122.53627517, 37.89480623], [-122.53628654, 37.89480627], [-122.5362866, 37.89479726], [-122.53630935, 37.89479735], [-122.5363094, 37.89478834], [-122.53632078, 37.89478838], [-122.53632083, 37.89477937], [-122.53635495, 37.8947795], [-122.53635501, 37.89477049], [-122.53636638, 37.89477053], [-122.53636644, 37.89476152], [-122.53638919, 37.89476161], [-122.53638924, 37.8947526], [-122.53640062, 37.89475264], [-122.53640067, 37.89474363], [-122.53641204, 37.89474368], [-122.53641233, 37.89469861], [-122.5364237, 37.89469866], [-122.53642381, 37.89468063], [-122.53643519, 37.89468068], [-122.53643524, 37.89467166], [-122.53644662, 37.89467171], [-122.53644673, 37.89465368], [-122.5364581, 37.89465373], [-122.53645816, 37.89464471], [-122.53648091, 37.8946448], [-122.53648096, 37.89463579], [-122.53649234, 37.89463584], [-122.53649239, 37.89462682], [-122.53650377, 37.89462687], [-122.53650382, 37.89461786], [-122.53652657, 37.89461794], [-122.53652663, 37.89460893], [-122.536538, 37.89460898], [-122.53653811, 37.89459095], [-122.53654948, 37.894591], [-122.53654954, 37.89458198], [-122.53656091, 37.89458203], [-122.53656097, 37.89457302], [-122.53658372, 37.8945731], [-122.53658406, 37.89451903], [-122.53657268, 37.89451898], [-122.5365728, 37.89450096], [-122.53658417, 37.894501], [-122.53658423, 37.89449199], [-122.5365956, 37.89449203], [-122.53659566, 37.89448302], [-122.5366184, 37.89448311], [-122.53661863, 37.89444706], [-122.53663, 37.89444711], [-122.53663045, 37.894375], [-122.53661908, 37.89437496], [-122.53661925, 37.89434792], [-122.53663062, 37.89434796], [-122.53663107, 37.89427586], [-122.5366197, 37.89427582], [-122.53661981, 37.89425779], [-122.53663119, 37.89425784], [-122.5366313, 37.89423981], [-122.53664267, 37.89423986], [-122.53664273, 37.89423084], [-122.5366541, 37.89423089], [-122.53665416, 37.89422188], [-122.53666553, 37.89422192], [-122.53666559, 37.89421291], [-122.53667696, 37.89421295], [-122.53667702, 37.89420394], [-122.53668839, 37.89420398], [-122.53668845, 37.89419497], [-122.53669982, 37.89419502], [-122.53669988, 37.894186], [-122.53671125, 37.89418605], [-122.53671136, 37.89416802], [-122.53672274, 37.89416807], [-122.53672279, 37.89415905], [-122.53673417, 37.8941591], [-122.53673422, 37.89415009], [-122.53675697, 37.89415018], [-122.53675703, 37.89414116], [-122.5367684, 37.89414121], [-122.53676851, 37.89412318], [-122.53679126, 37.89412327], [-122.53679132, 37.89411426], [-122.53684818, 37.89411448], [-122.53684824, 37.89410547], [-122.53687098, 37.89410556], [-122.53687104, 37.89409655], [-122.53691653, 37.89409673], [-122.53691659, 37.89408771], [-122.53695071, 37.89408785], [-122.53695077, 37.89407883], [-122.53696214, 37.89407888], [-122.5369622, 37.89406987], [-122.53699631, 37.89407], [-122.53699626, 37.89407901], [-122.53700763, 37.89407906], [-122.53700758, 37.89408807], [-122.53701895, 37.89408812], [-122.53701889, 37.89409713], [-122.53703026, 37.89409717], [-122.53703021, 37.89410619], [-122.53706433, 37.89410632], [-122.53706438, 37.89409731], [-122.53708713, 37.8940974], [-122.53708719, 37.89408838], [-122.53709856, 37.89408843], [-122.53709862, 37.89407942], [-122.53712136, 37.89407951], [-122.53712142, 37.89407049], [-122.53713279, 37.89407054], [-122.53713285, 37.89406153], [-122.53717834, 37.8940617], [-122.5371784, 37.89405269], [-122.53721252, 37.89405283], [-122.53721246, 37.89406184], [-122.53722383, 37.89406188], [-122.53722378, 37.8940709], [-122.53723515, 37.89407094], [-122.53723509, 37.89407995], [-122.53725784, 37.89408004], [-122.53725778, 37.89408906], [-122.53726916, 37.8940891], [-122.5372691, 37.89409811], [-122.53728047, 37.89409816], [-122.53728042, 37.89410717], [-122.53732591, 37.89410735], [-122.53732585, 37.89411636], [-122.53733723, 37.89411641], [-122.53733717, 37.89412542], [-122.53734854, 37.89412546], [-122.53734849, 37.89413448], [-122.53735986, 37.89413452], [-122.5373598, 37.89414353], [-122.53737118, 37.89414358], [-122.53737129, 37.89412555], [-122.53740541, 37.89412569], [-122.53740547, 37.89411667], [-122.53743959, 37.89411681], [-122.53743953, 37.89412582], [-122.53746228, 37.89412591], [-122.53746222, 37.89413492], [-122.53749634, 37.89413506], [-122.53749628, 37.89414407], [-122.53750766, 37.89414412], [-122.5375076, 37.89415313], [-122.53751897, 37.89415317], [-122.53751892, 37.89416219], [-122.53753029, 37.89416223], [-122.53753023, 37.89417124], [-122.53754161, 37.89417129], [-122.53754155, 37.8941803], [-122.53755292, 37.89418035], [-122.53755287, 37.89418936], [-122.53756424, 37.8941894], [-122.53756413, 37.89420743], [-122.5375755, 37.89420747], [-122.53757544, 37.89421649], [-122.53758682, 37.89421653], [-122.53758676, 37.89422554], [-122.53759813, 37.89422559], [-122.53759802, 37.89424361], [-122.53760939, 37.89424366], [-122.53760934, 37.89425267], [-122.53762071, 37.89425272], [-122.5376206, 37.89427074], [-122.53763197, 37.89427079], [-122.53763191, 37.8942798], [-122.53764329, 37.89427984], [-122.53764323, 37.89428886], [-122.5377001, 37.89428908], [-122.53770004, 37.89429809], [-122.53771141, 37.89429814], [-122.53771136, 37.89430715], [-122.53772273, 37.89430719], [-122.53772268, 37.89431621], [-122.53774542, 37.8943163], [-122.53774537, 37.89432531], [-122.53777948, 37.89432544], [-122.53777943, 37.89433446], [-122.53780217, 37.89433454], [-122.53780212, 37.89434356], [-122.53781349, 37.8943436], [-122.53781355, 37.89433459], [-122.53788179, 37.89433486], [-122.53788173, 37.89434387], [-122.53790448, 37.89434396], [-122.53790442, 37.89435297], [-122.53812051, 37.89435382], [-122.53812046, 37.89436283], [-122.5381432, 37.89436292], [-122.53814315, 37.89437194], [-122.5382455, 37.89437234], [-122.53824556, 37.89436332], [-122.53825693, 37.89436337], [-122.53825688, 37.89437238], [-122.538291, 37.89437252], [-122.53829105, 37.8943635], [-122.53837067, 37.89436381], [-122.53837072, 37.8943548], [-122.53840484, 37.89435494], [-122.5384049, 37.89434592], [-122.53842764, 37.89434601], [-122.5384277, 37.894337], [-122.53843907, 37.89433704], [-122.53843913, 37.89432803], [-122.53846188, 37.89432812], [-122.53846193, 37.89431911], [-122.53854155, 37.89431942], [-122.5385416, 37.89431041], [-122.53856435, 37.8943105], [-122.5385644, 37.89430148], [-122.53857578, 37.89430153], [-122.53857583, 37.89429252], [-122.53859858, 37.8942926], [-122.53859864, 37.89428359], [-122.53862138, 37.89428368], [-122.53862144, 37.89427467], [-122.53864419, 37.89427476], [-122.53864424, 37.89426574], [-122.53865561, 37.89426579], [-122.53865567, 37.89425678], [-122.53866704, 37.89425682], [-122.5386671, 37.89424781], [-122.53867847, 37.89424785], [-122.53867859, 37.89422983], [-122.53868996, 37.89422987], [-122.53869007, 37.89421185], [-122.53870144, 37.89421189], [-122.53870161, 37.89418485], [-122.53869024, 37.89418481], [-122.53869052, 37.89413974], [-122.53870189, 37.89413979], [-122.53870195, 37.89413078], [-122.5387247, 37.89413086], [-122.53872475, 37.89412185], [-122.5387475, 37.89412194], [-122.53874756, 37.89411293], [-122.53878168, 37.89411306], [-122.53878173, 37.89410405], [-122.5387931, 37.89410409], [-122.53879322, 37.89408607], [-122.53880459, 37.89408611], [-122.53880487, 37.89404105], [-122.53881624, 37.89404109], [-122.5388163, 37.89403208], [-122.53886179, 37.89403226], [-122.53886174, 37.89404127], [-122.53887311, 37.89404132], [-122.53887305, 37.89405033], [-122.5388958, 37.89405042], [-122.53889574, 37.89405943], [-122.53891849, 37.89405952], [-122.53891855, 37.89405051], [-122.53892992, 37.89405055], [-122.53892998, 37.89404154], [-122.53894135, 37.89404158], [-122.53894141, 37.89403257], [-122.53896415, 37.89403266], [-122.53896421, 37.89402365], [-122.53898695, 37.89402374], [-122.53898701, 37.89401472], [-122.53899838, 37.89401477], [-122.53899844, 37.89400576], [-122.53903256, 37.89400589], [-122.53903262, 37.89399688], [-122.53907811, 37.89399705], [-122.53907816, 37.89398804], [-122.53922602, 37.89398862], [-122.53922596, 37.89399763], [-122.53923733, 37.89399768], [-122.53923728, 37.89400669], [-122.53936238, 37.89400718], [-122.53936232, 37.89401619], [-122.53960116, 37.89401713], [-122.53960122, 37.89400811], [-122.53965808, 37.89400834], [-122.53965814, 37.89399932], [-122.53972638, 37.89399959], [-122.53972643, 37.89399058], [-122.53977193, 37.89399076], [-122.53977198, 37.89398174], [-122.53981748, 37.89398192], [-122.53981753, 37.89397291], [-122.53986302, 37.89397309], [-122.53986308, 37.89396407], [-122.5398972, 37.89396421], [-122.53989726, 37.89395519], [-122.53994275, 37.89395537], [-122.5399428, 37.89394636], [-122.5399883, 37.89394654], [-122.53998818, 37.89396456], [-122.53997681, 37.89396452], [-122.5399767, 37.89398254], [-122.53998807, 37.89398259], [-122.53998802, 37.8939916], [-122.53999939, 37.89399165], [-122.53999933, 37.89400066], [-122.54014718, 37.89400124], [-122.54014724, 37.89399222], [-122.54018136, 37.89399236], [-122.54018142, 37.89398334], [-122.54023828, 37.89398357], [-122.54023834, 37.89397455], [-122.54027246, 37.89397469], [-122.5402724, 37.8939837], [-122.54032927, 37.89398392], [-122.54032921, 37.89399293], [-122.54036333, 37.89399307], [-122.54036361, 37.893948], [-122.54037498, 37.89394805], [-122.54037504, 37.89393903], [-122.54038641, 37.89393908], [-122.54038647, 37.89393007], [-122.54042059, 37.8939302], [-122.54042064, 37.89392119], [-122.54043202, 37.89392123], [-122.54043196, 37.89393024], [-122.54045471, 37.89393033], [-122.54045465, 37.89393935], [-122.54046602, 37.89393939], [-122.54046597, 37.8939484], [-122.54047734, 37.89394845], [-122.54047723, 37.89396647], [-122.5404886, 37.89396652], [-122.54048855, 37.89397553], [-122.54049992, 37.89397557], [-122.54049986, 37.89398459], [-122.54051124, 37.89398463], [-122.54051118, 37.89399364], [-122.54052255, 37.89399369], [-122.5405225, 37.8940027], [-122.54053387, 37.89400275], [-122.54053365, 37.8940388], [-122.54054502, 37.89403884], [-122.54054491, 37.89405687], [-122.54053354, 37.89405682], [-122.54053342, 37.89407485], [-122.5405448, 37.89407489], [-122.54054457, 37.89411094], [-122.54055595, 37.89411099], [-122.54055589, 37.89412], [-122.54056726, 37.89412004], [-122.54056721, 37.89412906], [-122.54058995, 37.89412915], [-122.5405899, 37.89413816], [-122.54060127, 37.8941382], [-122.54060121, 37.89414722], [-122.54061259, 37.89414726], [-122.54061253, 37.89415627], [-122.5406239, 37.89415632], [-122.54062374, 37.89418336], [-122.54063511, 37.8941834], [-122.54063505, 37.89419241], [-122.5406578, 37.8941925], [-122.54065774, 37.89420151], [-122.54066912, 37.89420156], [-122.54066906, 37.89421057], [-122.54068043, 37.89421062], [-122.54068038, 37.89421963], [-122.54070312, 37.89421972], [-122.54070301, 37.89423774], [-122.54071439, 37.89423779], [-122.54071427, 37.89425581], [-122.54072565, 37.89425586], [-122.54072554, 37.89427388], [-122.54073691, 37.89427393], [-122.5407368, 37.89429195], [-122.54074817, 37.894292], [-122.54074806, 37.89431002], [-122.5407708, 37.89431011], [-122.54077075, 37.89431912], [-122.54078212, 37.89431917], [-122.54078201, 37.89433719], [-122.54079338, 37.89433724], [-122.54079333, 37.89434625], [-122.5408047, 37.8943463], [-122.54080459, 37.89436432], [-122.54081596, 37.89436437], [-122.5408159, 37.89437338], [-122.54082728, 37.89437342], [-122.54082722, 37.89438244], [-122.5408386, 37.89438248], [-122.54083854, 37.89439149], [-122.54084991, 37.89439154], [-122.54084986, 37.89440055], [-122.54086123, 37.89440059], [-122.54086117, 37.89440961], [-122.54087255, 37.89440965], [-122.54087249, 37.89441866], [-122.54088386, 37.89441871], [-122.54088375, 37.89443673], [-122.54091787, 37.89443687], [-122.54091782, 37.89444588], [-122.54094056, 37.89444597], [-122.54094051, 37.89445498], [-122.54096325, 37.89445507], [-122.54096314, 37.8944731], [-122.54097451, 37.89447314], [-122.54097429, 37.89450919], [-122.54098566, 37.89450924], [-122.54098561, 37.89451825], [-122.54099698, 37.89451829], [-122.54099692, 37.89452731], [-122.5410083, 37.89452735], [-122.54100824, 37.89453636], [-122.54106511, 37.89453658], [-122.54106505, 37.8945456], [-122.5410878, 37.89454569], [-122.54108774, 37.8945547], [-122.54111049, 37.89455479], [-122.54111043, 37.8945638], [-122.54112181, 37.89456384], [-122.54112175, 37.89457286], [-122.5411445, 37.89457295], [-122.54114444, 37.89458196], [-122.54115581, 37.894582], [-122.5411557, 37.89460003], [-122.54116708, 37.89460007], [-122.54116702, 37.89460909], [-122.54117839, 37.89460913], [-122.54117834, 37.89461814], [-122.54118971, 37.89461819], [-122.5411896, 37.89463621], [-122.54120097, 37.89463626], [-122.54120092, 37.89464527], [-122.54121229, 37.89464531], [-122.54121212, 37.89467235], [-122.54123487, 37.89467244], [-122.54123476, 37.89469047], [-122.54124613, 37.89469051], [-122.54124607, 37.89469952], [-122.54126882, 37.89469961], [-122.54126876, 37.89470862], [-122.54128014, 37.89470867], [-122.54128008, 37.89471768], [-122.54130283, 37.89471777], [-122.54130272, 37.8947358], [-122.54131409, 37.89473584], [-122.54131398, 37.89475387], [-122.54132535, 37.89475391], [-122.54132529, 37.89476292], [-122.54133667, 37.89476297], [-122.54133661, 37.89477198], [-122.54134799, 37.89477202], [-122.54134793, 37.89478104], [-122.5413593, 37.89478108], [-122.54135925, 37.89479009], [-122.54137062, 37.89479014], [-122.54137056, 37.89479915], [-122.54138194, 37.8947992], [-122.54138177, 37.89482623], [-122.54139314, 37.89482628], [-122.54139309, 37.89483529], [-122.54140446, 37.89483534], [-122.5414044, 37.89484435], [-122.54141578, 37.89484439], [-122.54141572, 37.89485341], [-122.54142709, 37.89485345], [-122.54142704, 37.89486246], [-122.54143841, 37.89486251], [-122.54143836, 37.89487152], [-122.54144973, 37.89487156], [-122.54144967, 37.89488058], [-122.54146105, 37.89488062], [-122.54146094, 37.89489865], [-122.54147231, 37.89489869], [-122.54147225, 37.8949077], [-122.541495, 37.89490779], [-122.54149494, 37.8949168], [-122.54151769, 37.89491689], [-122.54151763, 37.89492591], [-122.54155175, 37.89492604], [-122.5415517, 37.89493505], [-122.54158582, 37.89493518], [-122.54158576, 37.8949442], [-122.54161988, 37.89494433], [-122.54161983, 37.89495334], [-122.54164257, 37.89495343], [-122.54164252, 37.89496244], [-122.54167664, 37.89496258], [-122.54167658, 37.89497159], [-122.5417107, 37.89497172], [-122.54171064, 37.89498074], [-122.54175614, 37.89498091], [-122.54175608, 37.89498993], [-122.5417902, 37.89499006], [-122.54179015, 37.89499907], [-122.54181289, 37.89499916], [-122.54181284, 37.89500817], [-122.54184696, 37.89500831], [-122.5418469, 37.89501732], [-122.54185827, 37.89501736], [-122.54185822, 37.89502638], [-122.54186959, 37.89502642], [-122.54186954, 37.89503543], [-122.54190366, 37.89503557], [-122.5419036, 37.89504458], [-122.54191497, 37.89504462], [-122.54191492, 37.89505363], [-122.54198316, 37.8950539], [-122.54198321, 37.89504489], [-122.54199459, 37.89504493], [-122.54199453, 37.89505394], [-122.5420059, 37.89505399], [-122.54200562, 37.89509905], [-122.54202837, 37.89509914], [-122.54202832, 37.89510815], [-122.54203969, 37.8951082], [-122.54203963, 37.89511721], [-122.54206238, 37.8951173], [-122.54206232, 37.89512631], [-122.54208507, 37.8951264], [-122.54208501, 37.89513541], [-122.54209639, 37.89513546], [-122.54209633, 37.89514447], [-122.54210771, 37.89514451], [-122.54210759, 37.89516254], [-122.54211897, 37.89516258], [-122.54211874, 37.89519864], [-122.54213012, 37.89519868], [-122.54212984, 37.89524374], [-122.54215258, 37.89524383], [-122.54215253, 37.89525285], [-122.54217528, 37.89525293], [-122.54217522, 37.89526195], [-122.54218659, 37.89526199], [-122.54218654, 37.895271], [-122.54219791, 37.89527105], [-122.54219769, 37.8953071], [-122.54220906, 37.89530714], [-122.542209, 37.89531616], [-122.54222038, 37.8953162], [-122.54222015, 37.89535225], [-122.54220878, 37.89535221], [-122.54220873, 37.89536122], [-122.5422201, 37.89536126], [-122.54222004, 37.89537028], [-122.54220867, 37.89537023], [-122.54220856, 37.89538826], [-122.54221993, 37.8953883], [-122.5422196, 37.89544238], [-122.54223097, 37.89544242], [-122.54223091, 37.89545144], [-122.54221954, 37.89545139], [-122.54221943, 37.89546942], [-122.5422308, 37.89546946], [-122.54223075, 37.89547847], [-122.54224212, 37.89547852], [-122.54224206, 37.89548753], [-122.54225344, 37.89548758], [-122.54225338, 37.89549659], [-122.54227613, 37.89549668], [-122.54227607, 37.89550569], [-122.54229882, 37.89550578], [-122.54229876, 37.89551479], [-122.54227602, 37.8955147], [-122.54227596, 37.89552371], [-122.54226459, 37.89552367], [-122.54226453, 37.89553268], [-122.54227591, 37.89553273], [-122.54227585, 37.89554174], [-122.5422986, 37.89554183], [-122.54229854, 37.89555084], [-122.54230991, 37.89555089], [-122.54230986, 37.8955599], [-122.54229848, 37.89555985], [-122.54229843, 37.89556887], [-122.54228706, 37.89556882], [-122.54228717, 37.8955508], [-122.54225305, 37.89555066], [-122.5422531, 37.89554165], [-122.54223036, 37.89554156], [-122.5422303, 37.89555058], [-122.54224167, 37.89555062], [-122.54224156, 37.89556865], [-122.54225294, 37.89556869], [-122.54225288, 37.8955777], [-122.542287, 37.89557784], [-122.54228694, 37.89558685], [-122.54230969, 37.89558694], [-122.54230964, 37.89559595], [-122.54234376, 37.89559608], [-122.54234353, 37.89563213], [-122.54235491, 37.89563218], [-122.54235496, 37.89562316], [-122.54238908, 37.8956233], [-122.54238903, 37.89563231], [-122.54243452, 37.89563249], [-122.54243446, 37.8956415], [-122.54247996, 37.89564168], [-122.5424799, 37.89565069], [-122.54250265, 37.89565078], [-122.54250259, 37.89565979], [-122.54251397, 37.89565983], [-122.54251391, 37.89566885], [-122.54252528, 37.89566889], [-122.54252517, 37.89568692], [-122.5425138, 37.89568687], [-122.54251369, 37.8957049], [-122.54252506, 37.89570494], [-122.542525, 37.89571396], [-122.54255912, 37.89571409], [-122.54255907, 37.8957231], [-122.54260456, 37.89572328], [-122.54260451, 37.89573229], [-122.54263863, 37.89573242], [-122.54263857, 37.89574144], [-122.54264994, 37.89574148], [-122.54264983, 37.89575951], [-122.54266121, 37.89575955], [-122.54266104, 37.89578659], [-122.54264967, 37.89578654], [-122.54264916, 37.89586766], [-122.54267191, 37.89586775], [-122.5426718, 37.89588577], [-122.54268317, 37.89588582], [-122.54268312, 37.89589483], [-122.54269449, 37.89589487], [-122.54269443, 37.89590389], [-122.54271718, 37.89590398], [-122.54271724, 37.89589496], [-122.54272861, 37.89589501], [-122.54272856, 37.89590402], [-122.54273993, 37.89590406], [-122.54273982, 37.89592209], [-122.54275119, 37.89592213], [-122.54275113, 37.89593115], [-122.54277388, 37.89593123], [-122.54277383, 37.89594025], [-122.54280795, 37.89594038], [-122.54280789, 37.89594939], [-122.54283064, 37.89594948], [-122.54283058, 37.89595849], [-122.54287608, 37.89595867], [-122.54287613, 37.89594966], [-122.54291025, 37.89594979], [-122.5429102, 37.8959588], [-122.54294432, 37.89595894], [-122.54294426, 37.89596795], [-122.54297838, 37.89596808], [-122.54297833, 37.89597709], [-122.54304657, 37.89597736], [-122.54304651, 37.89598637], [-122.54306926, 37.89598646], [-122.54306915, 37.89600448], [-122.54305777, 37.89600444], [-122.54305766, 37.89602247], [-122.54306903, 37.89602251], [-122.54306898, 37.89603152], [-122.54309173, 37.89603161], [-122.54309167, 37.89604062], [-122.54312579, 37.89604076], [-122.54312573, 37.89604977], [-122.54314848, 37.89604986], [-122.54314831, 37.8960769], [-122.54311419, 37.89607676], [-122.54311414, 37.89608578], [-122.54312551, 37.89608582], [-122.54312546, 37.89609483], [-122.54313683, 37.89609488], [-122.54313677, 37.89610389], [-122.54322776, 37.89610424], [-122.54322771, 37.89611326], [-122.54323908, 37.8961133], [-122.54323902, 37.89612231], [-122.5432504, 37.89612236], [-122.54325029, 37.89614038], [-122.54327303, 37.89614047], [-122.54327281, 37.89617652], [-122.54326144, 37.89617648], [-122.54326121, 37.89621253], [-122.54324984, 37.89621248], [-122.54324978, 37.8962215], [-122.54323841, 37.89622145], [-122.54323847, 37.89621244], [-122.54322709, 37.8962124], [-122.54322715, 37.89620338], [-122.54323852, 37.89620343], [-122.54323869, 37.89617639], [-122.54322732, 37.89617635], [-122.54322743, 37.89615832], [-122.54319331, 37.89615819], [-122.5431932, 37.89617621], [-122.54318182, 37.89617617], [-122.54318177, 37.89618518], [-122.54317039, 37.89618514], [-122.54317023, 37.89621218], [-122.5431816, 37.89621222], [-122.54318143, 37.89623926], [-122.54317006, 37.89623921], [-122.54317, 37.89624823], [-122.54314726, 37.89624814], [-122.5431472, 37.89625715], [-122.54313583, 37.89625711], [-122.54313577, 37.89626612], [-122.54311302, 37.89626603], [-122.54311297, 37.89627504], [-122.54310159, 37.896275], [-122.54310154, 37.89628401], [-122.54311291, 37.89628406], [-122.5431128, 37.89630208], [-122.54303319, 37.89630177], [-122.54303313, 37.89631079], [-122.54298764, 37.89631061], [-122.54298758, 37.89631962], [-122.54296483, 37.89631953], [-122.54296489, 37.89631052], [-122.54294214, 37.89631043], [-122.5429422, 37.89630142], [-122.54291945, 37.89630133], [-122.54291951, 37.89629232], [-122.54290813, 37.89629228], [-122.54290802, 37.8963103], [-122.54289665, 37.89631026], [-122.54289659, 37.89631927], [-122.54288522, 37.89631923], [-122.54288516, 37.89632824], [-122.54283967, 37.89632806], [-122.54283961, 37.89633707], [-122.54281687, 37.89633699], [-122.54281681, 37.896346], [-122.54277132, 37.89634582], [-122.54277126, 37.89635483], [-122.54272577, 37.89635466], [-122.54272588, 37.89633663], [-122.54271451, 37.89633659], [-122.54271456, 37.89632758], [-122.54270319, 37.89632753], [-122.54270324, 37.89631852], [-122.54269187, 37.89631847], [-122.54269181, 37.89632749], [-122.54268044, 37.89632744], [-122.54268027, 37.89635448], [-122.5426689, 37.89635444], [-122.54266884, 37.89636345], [-122.5426461, 37.89636336], [-122.54264604, 37.89637237], [-122.54263467, 37.89637233], [-122.54263461, 37.89638134], [-122.54257774, 37.89638112], [-122.54257769, 37.89639013], [-122.54255494, 37.89639005], [-122.54255489, 37.89639906], [-122.54252077, 37.89639893], [-122.54252071, 37.89640794], [-122.54247522, 37.89640776], [-122.5424751, 37.89642579], [-122.54246373, 37.89642574], [-122.54246367, 37.89643476], [-122.54244093, 37.89643467], [-122.54244087, 37.89644368], [-122.5424295, 37.89644364], [-122.54242944, 37.89645265], [-122.54239532, 37.89645252], [-122.54239527, 37.89646153], [-122.54234977, 37.89646135], [-122.54234972, 37.89647037], [-122.54232697, 37.89647028], [-122.54232691, 37.89647929], [-122.54230417, 37.8964792], [-122.54230411, 37.89648821], [-122.54225862, 37.89648804], [-122.54225856, 37.89649705], [-122.54221307, 37.89649687], [-122.5422129, 37.89652391], [-122.54220153, 37.89652387], [-122.54220147, 37.89653288], [-122.54217872, 37.89653279], [-122.54217867, 37.8965418], [-122.54215592, 37.89654172], [-122.54215598, 37.8965327], [-122.54212185, 37.89653257], [-122.54212191, 37.89652356], [-122.54211054, 37.89652351], [-122.54211059, 37.8965145], [-122.54209922, 37.89651446], [-122.54209927, 37.89650544], [-122.5420879, 37.8965054], [-122.54208796, 37.89649639], [-122.54206521, 37.8964963], [-122.54206527, 37.89648729], [-122.54204252, 37.8964872], [-122.54204257, 37.89647818], [-122.54200845, 37.89647805], [-122.54200851, 37.89646904], [-122.54198576, 37.89646895], [-122.54198582, 37.89645994], [-122.54196307, 37.89645985], [-122.54196313, 37.89645084], [-122.54192901, 37.8964507], [-122.54192906, 37.89644169], [-122.5418722, 37.89644147], [-122.54187225, 37.89643246], [-122.54182676, 37.89643228], [-122.54182681, 37.89642327], [-122.54173582, 37.89642291], [-122.54173577, 37.89643192], [-122.54171302, 37.89643184], [-122.54171297, 37.89644085], [-122.54164472, 37.89644058], [-122.54164478, 37.89643157], [-122.54159929, 37.89643139], [-122.54159934, 37.89642238], [-122.5415766, 37.89642229], [-122.54157665, 37.89641328], [-122.54153116, 37.8964131], [-122.54153121, 37.89640409], [-122.54151984, 37.89640405], [-122.5415199, 37.89639503], [-122.54149715, 37.89639494], [-122.5414972, 37.89638593], [-122.54146308, 37.8963858], [-122.54146314, 37.89637679], [-122.54145177, 37.89637674], [-122.54145171, 37.89638575], [-122.54140622, 37.89638558], [-122.54140616, 37.89639459], [-122.54134929, 37.89639437], [-122.54134918, 37.89641239], [-122.54133781, 37.89641235], [-122.5413377, 37.89643037], [-122.54132632, 37.89643033], [-122.54132627, 37.89643934], [-122.54130352, 37.89643925], [-122.54130346, 37.89644827], [-122.54117835, 37.89644778], [-122.5411783, 37.89645679], [-122.54115555, 37.8964567], [-122.5411555, 37.89646572], [-122.54114412, 37.89646567], [-122.54114407, 37.89647468], [-122.54110995, 37.89647455], [-122.54110989, 37.89648356], [-122.54105302, 37.89648334], [-122.54105297, 37.89649236], [-122.54104159, 37.89649231], [-122.54104154, 37.89650132], [-122.54093917, 37.89650092], [-122.54093912, 37.89650994], [-122.54082538, 37.89650949], [-122.54082533, 37.89651851], [-122.54081395, 37.89651846], [-122.5408139, 37.89652748], [-122.5407684, 37.8965273], [-122.54076835, 37.89653631], [-122.54071148, 37.89653609], [-122.54071142, 37.8965451], [-122.54068868, 37.89654501], [-122.54068862, 37.89655403], [-122.54066587, 37.89655394], [-122.54066582, 37.89656295], [-122.54065444, 37.8965629], [-122.54065439, 37.89657192], [-122.54064301, 37.89657187], [-122.54064296, 37.89658089], [-122.54063158, 37.89658084], [-122.54063153, 37.89658985], [-122.54062016, 37.89658981], [-122.5406201, 37.89659882], [-122.54058598, 37.89659869], [-122.54058592, 37.8966077], [-122.54057455, 37.89660766], [-122.54057449, 37.89661667], [-122.5404835, 37.89661632], [-122.54048345, 37.89662533], [-122.54047207, 37.89662528], [-122.54047202, 37.8966343], [-122.54044927, 37.89663421], [-122.54044922, 37.89664322], [-122.54040372, 37.89664304], [-122.54040367, 37.89665206], [-122.54039229, 37.89665201], [-122.54039218, 37.89667004], [-122.54038081, 37.89666999], [-122.54038069, 37.89668802], [-122.54036932, 37.89668797], [-122.54036926, 37.89669699], [-122.5402669, 37.89669659], [-122.54026685, 37.8967056], [-122.54025547, 37.89670556], [-122.54025553, 37.89669654], [-122.54021003, 37.89669636], [-122.54021009, 37.89668735], [-122.54019872, 37.89668731], [-122.54019866, 37.89669632], [-122.54018729, 37.89669628], [-122.54018723, 37.89670529], [-122.54017586, 37.89670524], [-122.5401758, 37.89671426], [-122.54016443, 37.89671421], [-122.54016426, 37.89674125], [-122.54015289, 37.89674121], [-122.54015277, 37.89675923], [-122.5401414, 37.89675919], [-122.54014134, 37.8967682], [-122.54012997, 37.89676816], [-122.54012991, 37.89677717], [-122.54008442, 37.89677699], [-122.54008448, 37.89676798], [-122.54005036, 37.89676784], [-122.54005041, 37.89675883], [-122.54002766, 37.89675874], [-122.54002772, 37.89674973], [-122.54001635, 37.89674969], [-122.5400164, 37.89674067], [-122.53998228, 37.89674054], [-122.53998234, 37.89673153], [-122.53995959, 37.89673144], [-122.53995965, 37.89672243], [-122.53992553, 37.89672229], [-122.53992558, 37.89671328], [-122.53990284, 37.89671319], [-122.53990278, 37.8967222], [-122.53988003, 37.89672211], [-122.53987998, 37.89673113], [-122.5398686, 37.89673108], [-122.53986855, 37.8967401], [-122.5398458, 37.89674001], [-122.53984586, 37.89673099], [-122.53982311, 37.8967309], [-122.53982305, 37.89673992], [-122.53980031, 37.89673983], [-122.53980025, 37.89674884], [-122.5397775, 37.89674875], [-122.53977756, 37.89673974], [-122.53974344, 37.89673961], [-122.53974349, 37.89673059], [-122.53968663, 37.89673037], [-122.53968668, 37.89672136], [-122.53965256, 37.89672122], [-122.53965262, 37.89671221], [-122.53960451, 37.89671202], [-122.5386663, 37.8963212], [-122.53864759, 37.89633478], [-122.5383822, 37.89652724], [-122.53816784, 37.89668269], [-122.53787433, 37.89689555], [-122.53772691, 37.89700246], [-122.53772246, 37.89699821], [-122.53767818, 37.89695595], [-122.53766968, 37.89694785], [-122.53766948, 37.89694766], [-122.53766775, 37.89694607], [-122.53765303, 37.8969326], [-122.53727013, 37.896582], [-122.53726126, 37.89657388], [-122.5371789, 37.89649564], [-122.53717757, 37.89649437], [-122.53717546, 37.89649237], [-122.53713007, 37.89644926], [-122.53712131, 37.89644095], [-122.53712027, 37.89643997], [-122.53689696, 37.89623399], [-122.53687447, 37.89621325], [-122.53686563, 37.8962051], [-122.53685528, 37.89619794], [-122.53673715, 37.89611617], [-122.53672685, 37.89610904], [-122.53636826, 37.8957943], [-122.53635948, 37.8957866], [-122.53635934, 37.89578644], [-122.53635739, 37.89578773], [-122.53632989, 37.89580579], [-122.53632565, 37.89580858], [-122.53632545, 37.89580872], [-122.53632521, 37.8958085], [-122.5363239, 37.89580727], [-122.5362439, 37.89573269], [-122.53623513, 37.89572452], [-122.53621953, 37.89571058], [-122.5362013, 37.8956943], [-122.53619158, 37.89568561], [-122.53612333, 37.89562465], [-122.53612242, 37.89562383], [-122.53611683, 37.89561884], [-122.53605253, 37.89556141], [-122.53601998, 37.89553207], [-122.53601993, 37.89553203], [-122.53601952, 37.89553166], [-122.53599735, 37.89551168], [-122.5359927, 37.89550748], [-122.53596857, 37.89548574], [-122.5359666, 37.89548397], [-122.53595959, 37.89547765], [-122.53593698, 37.89545757], [-122.53593686, 37.89545745], [-122.53593352, 37.89545449], [-122.53587917, 37.89540621], [-122.53587015, 37.89539819], [-122.53568905, 37.89525011], [-122.53568872, 37.89524996], [-122.53568858, 37.8952499], [-122.53568849, 37.89524985], [-122.53568777, 37.8952495], [-122.53568669, 37.89524899], [-122.53555912, 37.8951877], [-122.53554702, 37.89518189], [-122.53549229, 37.89515425], [-122.53548444, 37.89515028], [-122.5353838, 37.89509945], [-122.5353627, 37.89508879], [-122.53536098, 37.89508793], [-122.53535192, 37.89508335], [-122.53535178, 37.8950833], [-122.53534902, 37.89508377], [-122.53526946, 37.89509743], [-122.53525247, 37.89510035], [-122.53520259, 37.89510892], [-122.53510083, 37.89512639], [-122.53506236, 37.89513299], [-122.53483845, 37.89517145], [-122.53483842, 37.89517171], [-122.53482988, 37.89528796], [-122.5348298, 37.895289], [-122.53482978, 37.89528917], [-122.53482855, 37.89528851], [-122.53482614, 37.89528718], [-122.53481442, 37.89528074], [-122.53474177, 37.89524085], [-122.53459968, 37.89516282], [-122.53459969, 37.89516272], [-122.5345997, 37.89516263], [-122.53459982, 37.89516016], [-122.53460677, 37.89501744], [-122.53460678, 37.89501712], [-122.53460685, 37.89501573], [-122.53460884, 37.89498807], [-122.53460903, 37.89498542], [-122.53461461, 37.89490783], [-122.53467086, 37.89490805], [-122.5346708, 37.89491707]], [[-122.54010734, 37.89675004], [-122.54010739, 37.89674103], [-122.54009602, 37.89674098], [-122.54009607, 37.89673197], [-122.5401302, 37.8967321], [-122.54013025, 37.89672309], [-122.54014162, 37.89672314], [-122.54014185, 37.89668709], [-122.54013048, 37.89668704], [-122.54013053, 37.89667803], [-122.54011916, 37.89667798], [-122.54011921, 37.89666897], [-122.54005097, 37.8966687], [-122.54005092, 37.89667772], [-122.54002817, 37.89667763], [-122.54002811, 37.89668664], [-122.54001674, 37.8966866], [-122.54001668, 37.89669561], [-122.54000531, 37.89669556], [-122.5400052, 37.89671359], [-122.53999382, 37.89671355], [-122.53999377, 37.89672256], [-122.54002789, 37.89672269], [-122.54002783, 37.8967317], [-122.54007333, 37.89673188], [-122.54007327, 37.8967409], [-122.54008464, 37.89674094], [-122.54008453, 37.89675897], [-122.54009591, 37.89675901], [-122.54009585, 37.89676802], [-122.5401186, 37.89676811], [-122.54011871, 37.89675009], [-122.54010734, 37.89675004]], [[-122.54308018, 37.89605861], [-122.54308013, 37.89606762], [-122.54306876, 37.89606757], [-122.5430687, 37.89607659], [-122.54309145, 37.89607668], [-122.54309156, 37.89605865], [-122.54308018, 37.89605861]], [[-122.5422419, 37.89551457], [-122.54224184, 37.89552358], [-122.54225321, 37.89552363], [-122.54225327, 37.89551461], [-122.5422419, 37.89551457]]]}, "properties": {"id": 21, "elev_class": 1, "fill_color": "#c9e2b6", "elev_range_ft": "9-58 ft", "area_m2": 138800.4, "area_acres": 34.2983, "n_pixels": 139223, "elev_mean_ft": 33.8, "elev_min_ft": 9.3, "elev_max_ft": 58.1, "clipped_to_aoi": true}}, {"type": "Feature", "geometry": {"type": "Polygon", "coordinates": [[[-122.53298508, 37.89378114], [-122.53268995, 37.89392973], [-122.53268974, 37.89392984], [-122.53267639, 37.8939202], [-122.53267518, 37.89391933], [-122.53266007, 37.89390838], [-122.53266028, 37.89390827], [-122.5326605, 37.89390816], [-122.53295635, 37.89375757], [-122.53302885, 37.89372085], [-122.53302919, 37.89372085], [-122.53302919, 37.89372068], [-122.53303448, 37.893718], [-122.53304651, 37.89371191], [-122.53312202, 37.8937122], [-122.53298508, 37.89378114]]]}, "properties": {"id": 22, "elev_class": 1, "fill_color": "#c9e2b6", "elev_range_ft": "9-58 ft", "area_m2": 150.0, "area_acres": 0.0371, "n_pixels": 213, "elev_mean_ft": 31.7, "elev_min_ft": 9.9, "elev_max_ft": 58.0, "clipped_to_aoi": true}}, {"type": "Feature", "geometry": {"type": "Polygon", "coordinates": [[[-122.53302885, 37.89372085], [-122.53302919, 37.89372068], [-122.53302919, 37.89372085], [-122.53302885, 37.89372085]]]}, "properties": {"id": 23, "elev_class": 2, "fill_color": "#a8d18c", "elev_range_ft": "58-172 ft", "area_m2": 0.0, "area_acres": 0.0, "n_pixels": 1, "elev_mean_ft": 58.4, "elev_min_ft": 58.4, "elev_max_ft": 58.4, "clipped_to_aoi": true}}, {"type": "Feature", "geometry": {"type": "Polygon", "coordinates": [[[-122.55878005, 37.89918292], [-122.55877989, 37.89920996], [-122.55876852, 37.89920991], [-122.55876836, 37.89923695], [-122.55875698, 37.89923691], [-122.55875677, 37.89927296], [-122.55874539, 37.89927292], [-122.55874529, 37.89929094], [-122.55873391, 37.8992909], [-122.5587337, 37.89932695], [-122.55872232, 37.89932691], [-122.55872195, 37.89939], [-122.55871057, 37.89938996], [-122.55871041, 37.89941699], [-122.55869904, 37.89941695], [-122.55869893, 37.89943498], [-122.55868755, 37.89943493], [-122.5586868, 37.89956111], [-122.55869818, 37.89956116], [-122.55869807, 37.89957918], [-122.55870944, 37.89957922], [-122.55870933, 37.89959725], [-122.55872071, 37.89959729], [-122.5587206, 37.89961532], [-122.55873197, 37.89961536], [-122.55873187, 37.89963339], [-122.55874324, 37.89963343], [-122.55874313, 37.89965146], [-122.55875451, 37.8996515], [-122.55875445, 37.89966051], [-122.55876583, 37.89966055], [-122.55876577, 37.89966957], [-122.55877715, 37.89966961], [-122.55877704, 37.89968763], [-122.55878841, 37.89968768], [-122.55878836, 37.89969669], [-122.55879973, 37.89969673], [-122.55879968, 37.89970574], [-122.55881105, 37.89970579], [-122.558811, 37.8997148], [-122.55882238, 37.89971484], [-122.55882232, 37.89972386], [-122.5588337, 37.8997239], [-122.55883364, 37.89973291], [-122.55884502, 37.89973295], [-122.55884496, 37.89974197], [-122.55885634, 37.89974201], [-122.55885628, 37.89975102], [-122.55886766, 37.89975106], [-122.5588676, 37.89976008], [-122.55887898, 37.89976012], [-122.55887892, 37.89976913], [-122.5588903, 37.89976918], [-122.55889024, 37.89977819], [-122.55890162, 37.89977823], [-122.55890156, 37.89978724], [-122.55891294, 37.89978729], [-122.55891288, 37.8997963], [-122.55892426, 37.89979634], [-122.5589242, 37.89980535], [-122.55894695, 37.89980544], [-122.55894684, 37.89982347], [-122.55895822, 37.89982351], [-122.55895816, 37.89983252], [-122.55896954, 37.89983256], [-122.55896948, 37.89984158], [-122.55899223, 37.89984166], [-122.55899218, 37.89985067], [-122.55900355, 37.89985072], [-122.5590035, 37.89985973], [-122.55903762, 37.89985986], [-122.55903757, 37.89986887], [-122.55908306, 37.89986904], [-122.55908301, 37.89987805], [-122.55912851, 37.89987822], [-122.55912845, 37.89988724], [-122.55917395, 37.89988741], [-122.5591739, 37.89989642], [-122.55921939, 37.89989659], [-122.55921934, 37.8999056], [-122.55927621, 37.89990582], [-122.55927615, 37.89991483], [-122.5592989, 37.89991491], [-122.55929885, 37.89992393], [-122.55931022, 37.89992397], [-122.55931017, 37.89993298], [-122.55935567, 37.89993315], [-122.55935561, 37.89994217], [-122.55937836, 37.89994225], [-122.55937831, 37.89995126], [-122.55938968, 37.89995131], [-122.55938952, 37.89997834], [-122.55943502, 37.89997851], [-122.55943496, 37.89998753], [-122.55948046, 37.8999877], [-122.55948035, 37.90000572], [-122.55946898, 37.90000568], [-122.55946892, 37.90001469], [-122.55944618, 37.90001461], [-122.55944607, 37.90003263], [-122.55943469, 37.90003259], [-122.55943459, 37.90005062], [-122.55941184, 37.90005053], [-122.55941178, 37.90005954], [-122.55940041, 37.9000595], [-122.55940036, 37.90006851], [-122.55938898, 37.90006847], [-122.55938893, 37.90007748], [-122.55936618, 37.9000774], [-122.55936613, 37.90008641], [-122.55935475, 37.90008637], [-122.5593547, 37.90009538], [-122.55934332, 37.90009534], [-122.55934327, 37.90010435], [-122.5593319, 37.90010431], [-122.55933184, 37.90011332], [-122.55932047, 37.90011328], [-122.55932042, 37.90012229], [-122.55930904, 37.90012225], [-122.55930899, 37.90013126], [-122.55929761, 37.90013122], [-122.55929751, 37.90014925], [-122.55928613, 37.9001492], [-122.55928602, 37.90016723], [-122.55927465, 37.90016719], [-122.55927449, 37.90019423], [-122.55926311, 37.90019418], [-122.55926301, 37.90021221], [-122.55925163, 37.90021217], [-122.55925153, 37.90023019], [-122.55924015, 37.90023015], [-122.5592401, 37.90023916], [-122.55922872, 37.90023912], [-122.55922862, 37.90025714], [-122.55921724, 37.9002571], [-122.55921719, 37.90026611], [-122.55920581, 37.90026607], [-122.55920576, 37.90027508], [-122.55919439, 37.90027504], [-122.55919433, 37.90028405], [-122.55918296, 37.90028401], [-122.55918285, 37.90030204], [-122.55917148, 37.900302], [-122.55917142, 37.90031101], [-122.55916005, 37.90031097], [-122.55915999, 37.90031998], [-122.55914862, 37.90031994], [-122.55914857, 37.90032895], [-122.55912582, 37.90032886], [-122.55912576, 37.90033788], [-122.55911439, 37.90033783], [-122.55911428, 37.90035586], [-122.55910291, 37.90035582], [-122.55910286, 37.90036483], [-122.55909148, 37.90036479], [-122.55909143, 37.9003738], [-122.55908005, 37.90037376], [-122.55908, 37.90038277], [-122.55906863, 37.90038273], [-122.55906857, 37.90039174], [-122.5590572, 37.9003917], [-122.55905714, 37.90040071], [-122.55904577, 37.90040067], [-122.55904566, 37.90041869], [-122.55903429, 37.90041865], [-122.55903423, 37.90042766], [-122.55902286, 37.90042762], [-122.55902281, 37.90043663], [-122.55901143, 37.90043659], [-122.55901138, 37.9004456], [-122.559, 37.90044556], [-122.55899995, 37.90045457], [-122.55898858, 37.90045453], [-122.55898852, 37.90046354], [-122.55897715, 37.9004635], [-122.55897704, 37.90048153], [-122.55896567, 37.90048148], [-122.5589654, 37.90052655], [-122.55895402, 37.90052651], [-122.55895392, 37.90054453], [-122.55894254, 37.90054449], [-122.55894249, 37.9005535], [-122.55893111, 37.90055346], [-122.55893101, 37.90057148], [-122.55891963, 37.90057144], [-122.55891958, 37.90058045], [-122.5589082, 37.90058041], [-122.55890815, 37.90058942], [-122.55889678, 37.90058938], [-122.55889672, 37.90059839], [-122.55888535, 37.90059835], [-122.55888524, 37.90061638], [-122.55887387, 37.90061633], [-122.55887381, 37.90062535], [-122.55886244, 37.9006253], [-122.55886233, 37.90064333], [-122.55885096, 37.90064329], [-122.55885063, 37.90069736], [-122.55883926, 37.90069732], [-122.55883888, 37.90076041], [-122.55882751, 37.90076037], [-122.5588274, 37.90077839], [-122.55883877, 37.90077844], [-122.55883867, 37.90079646], [-122.55885004, 37.90079651], [-122.55884999, 37.90080552], [-122.55887274, 37.9008056], [-122.55887268, 37.90081462], [-122.55888406, 37.90081466], [-122.558884, 37.90082367], [-122.55889538, 37.90082371], [-122.55889532, 37.90083273], [-122.5589067, 37.90083277], [-122.55890654, 37.90085981], [-122.55889516, 37.90085977], [-122.55889462, 37.90094989], [-122.558906, 37.90094994], [-122.55890594, 37.90095895], [-122.55891732, 37.90095899], [-122.55891716, 37.90098603], [-122.55892853, 37.90098607], [-122.55892848, 37.90099508], [-122.55893985, 37.90099513], [-122.55893969, 37.90102217], [-122.55895106, 37.90102221], [-122.55895101, 37.90103122], [-122.55896239, 37.90103126], [-122.55896228, 37.90104929], [-122.55898503, 37.90104937], [-122.55898497, 37.90105839], [-122.55899635, 37.90105843], [-122.5589964, 37.90104942], [-122.55901915, 37.9010495], [-122.5590192, 37.90104049], [-122.55907607, 37.9010407], [-122.55907602, 37.90104972], [-122.55911014, 37.90104984], [-122.55911009, 37.90105886], [-122.55916696, 37.90105907], [-122.55916691, 37.90106808], [-122.55917828, 37.90106812], [-122.55917823, 37.90107714], [-122.5591896, 37.90107718], [-122.55918955, 37.90108619], [-122.55920092, 37.90108624], [-122.55920087, 37.90109525], [-122.55921224, 37.90109529], [-122.55921219, 37.9011043], [-122.55923494, 37.90110439], [-122.55923488, 37.9011134], [-122.55925763, 37.90111349], [-122.55925758, 37.9011225], [-122.55928033, 37.90112258], [-122.55928027, 37.9011316], [-122.55937127, 37.90113194], [-122.55937121, 37.90114095], [-122.55938259, 37.90114099], [-122.55938253, 37.90115001], [-122.55939391, 37.90115005], [-122.55939386, 37.90115906], [-122.55943935, 37.90115923], [-122.5594393, 37.90116824], [-122.55945067, 37.90116829], [-122.55945057, 37.90118631], [-122.55946194, 37.90118636], [-122.55946092, 37.9013576], [-122.55947229, 37.90135764], [-122.55947186, 37.90142974], [-122.55946049, 37.9014297], [-122.55946017, 37.90148378], [-122.55947154, 37.90148382], [-122.55947133, 37.90151987], [-122.5594827, 37.90151991], [-122.55948254, 37.90154695], [-122.55949391, 37.90154699], [-122.55949375, 37.90157403], [-122.55950513, 37.90157408], [-122.55950502, 37.9015921], [-122.55951639, 37.90159214], [-122.55951629, 37.90161017], [-122.55952766, 37.90161021], [-122.55952755, 37.90162824], [-122.55953893, 37.90162828], [-122.55953887, 37.90163729], [-122.55954224, 37.90163731], [-122.5587815, 37.9023168], [-122.55875146, 37.90234363], [-122.55875121, 37.90234385], [-122.55874648, 37.90234807], [-122.55865108, 37.9022808], [-122.55863264, 37.90226779], [-122.55850272, 37.90216178], [-122.55843681, 37.90219059], [-122.55840757, 37.90220326], [-122.55832456, 37.90223921], [-122.55830148, 37.9022492], [-122.55822376, 37.90224719], [-122.55795073, 37.90224011], [-122.55793848, 37.90223979], [-122.55762161, 37.90226434], [-122.55760823, 37.90226537], [-122.55749873, 37.90227387], [-122.5574258, 37.90230379], [-122.55741836, 37.90230684], [-122.5571334, 37.90241716], [-122.55712271, 37.90242131], [-122.55712255, 37.90242137], [-122.55709448, 37.9024392], [-122.55708409, 37.9024458], [-122.55693351, 37.90250264], [-122.55690362, 37.90251392], [-122.5568358, 37.90253953], [-122.55681021, 37.90254916], [-122.55680542, 37.90254962], [-122.55680469, 37.90254968], [-122.55666131, 37.90256318], [-122.55666046, 37.90256326], [-122.55666002, 37.9025633], [-122.55659339, 37.90256956], [-122.5565595, 37.90257275], [-122.55653404, 37.90257514], [-122.55633963, 37.90259341], [-122.55633615, 37.90259374], [-122.5563331, 37.90259402], [-122.55633278, 37.90259406], [-122.55633263, 37.90259391], [-122.5563325, 37.90259379], [-122.55625132, 37.90251861], [-122.55625124, 37.90251854], [-122.55624593, 37.90251362], [-122.556185, 37.90245718], [-122.55594913, 37.9022636], [-122.55594412, 37.90225949], [-122.55594385, 37.90225925], [-122.55593436, 37.90225832], [-122.55566567, 37.90223197], [-122.55566255, 37.90223166], [-122.5556551, 37.90223093], [-122.55565479, 37.9022309], [-122.55565442, 37.90223086], [-122.5556308, 37.90221024], [-122.55562905, 37.90220871], [-122.55560637, 37.9021889], [-122.55542491, 37.90203387], [-122.5554102, 37.90202128], [-122.55538228, 37.90199742], [-122.55531942, 37.90194359], [-122.55527451, 37.90190524], [-122.55527248, 37.90190351], [-122.55522221, 37.90186055], [-122.55508153, 37.90174271], [-122.5550752, 37.90173742], [-122.55499786, 37.90167261], [-122.55489273, 37.90158253], [-122.55488532, 37.90157617], [-122.5547843, 37.90148959], [-122.55474496, 37.90145638], [-122.55474392, 37.9014555], [-122.55470697, 37.90144248], [-122.55467623, 37.90143165], [-122.55454648, 37.90138594], [-122.5545445, 37.90138525], [-122.55453941, 37.90138342], [-122.55453928, 37.90138337], [-122.55453911, 37.90138329], [-122.55453899, 37.90138324], [-122.55449018, 37.90136596], [-122.5544904, 37.90132988], [-122.55450178, 37.90132992], [-122.55450188, 37.90131189], [-122.55452463, 37.90131198], [-122.55452469, 37.90130297], [-122.55453606, 37.90130301], [-122.55453612, 37.901294], [-122.55454749, 37.90129404], [-122.55454754, 37.90128503], [-122.55455892, 37.90128507], [-122.55455897, 37.90127606], [-122.55457035, 37.9012761], [-122.5545704, 37.90126709], [-122.55459315, 37.90126717], [-122.5545932, 37.90125816], [-122.55461595, 37.90125825], [-122.55461601, 37.90124924], [-122.55462738, 37.90124928], [-122.55462744, 37.90124027], [-122.55468431, 37.90124048], [-122.55468442, 37.90122246], [-122.55469579, 37.9012225], [-122.55469601, 37.90118645], [-122.55466188, 37.90118632], [-122.55466194, 37.90117731], [-122.55465056, 37.90117726], [-122.55465084, 37.9011322], [-122.55466221, 37.90113224], [-122.55466243, 37.90109619], [-122.5546738, 37.90109623], [-122.55467391, 37.90107821], [-122.55468528, 37.90107825], [-122.55468534, 37.90106924], [-122.55469671, 37.90106928], [-122.55469677, 37.90106027], [-122.55470814, 37.90106031], [-122.5547082, 37.9010513], [-122.55471957, 37.90105134], [-122.55471968, 37.90103332], [-122.55473105, 37.90103336], [-122.55473111, 37.90102435], [-122.55474248, 37.90102439], [-122.55474254, 37.90101538], [-122.55475391, 37.90101542], [-122.55475396, 37.90100641], [-122.55476534, 37.90100645], [-122.55476539, 37.90099744], [-122.55478814, 37.90099752], [-122.5547882, 37.90098851], [-122.55479957, 37.90098855], [-122.55479962, 37.90097954], [-122.55482237, 37.90097963], [-122.55482243, 37.90097061], [-122.5548338, 37.90097066], [-122.55483386, 37.90096164], [-122.55484523, 37.90096169], [-122.55484528, 37.90095267], [-122.55485666, 37.90095272], [-122.55485671, 37.9009437], [-122.55486809, 37.90094375], [-122.55486814, 37.90093473], [-122.55487952, 37.90093478], [-122.55487957, 37.90092577], [-122.55490232, 37.90092585], [-122.55490237, 37.90091684], [-122.55492512, 37.90091692], [-122.55492518, 37.90090791], [-122.55494792, 37.900908], [-122.55494798, 37.90089898], [-122.5549821, 37.90089911], [-122.55498205, 37.90090813], [-122.55499342, 37.90090817], [-122.55499348, 37.90089916], [-122.55503897, 37.90089933], [-122.55503903, 37.90089032], [-122.55507315, 37.90089044], [-122.55507309, 37.90089946], [-122.55514134, 37.90089972], [-122.55514139, 37.9008907], [-122.55516414, 37.90089079], [-122.5551642, 37.90088178], [-122.55517557, 37.90088182], [-122.55517563, 37.90087281], [-122.55522112, 37.90087298], [-122.55522107, 37.90088199], [-122.55525519, 37.90088212], [-122.55525514, 37.90089113], [-122.55527789, 37.90089122], [-122.55527783, 37.90090023], [-122.55531195, 37.90090036], [-122.55531179, 37.9009274], [-122.55533454, 37.90092748], [-122.55533449, 37.9009365], [-122.55535723, 37.90093658], [-122.55535718, 37.9009456], [-122.55536855, 37.90094564], [-122.5553685, 37.90095465], [-122.55535713, 37.90095461], [-122.55535696, 37.90098165], [-122.55537971, 37.90098173], [-122.55537966, 37.90099075], [-122.55541378, 37.90099087], [-122.55541373, 37.90099989], [-122.55544785, 37.90100002], [-122.55544779, 37.90100903], [-122.55547054, 37.90100912], [-122.55547049, 37.90101813], [-122.55550461, 37.90101826], [-122.55550456, 37.90102727], [-122.55553868, 37.9010274], [-122.55553863, 37.90103641], [-122.55557275, 37.90103654], [-122.55557269, 37.90104555], [-122.55559544, 37.90104564], [-122.55559539, 37.90105465], [-122.55561814, 37.90105474], [-122.55561808, 37.90106375], [-122.55564083, 37.90106384], [-122.55564078, 37.90107285], [-122.5556749, 37.90107298], [-122.55567485, 37.90108199], [-122.55570897, 37.90108212], [-122.55570891, 37.90109113], [-122.55574304, 37.90109126], [-122.55574298, 37.90110027], [-122.55576573, 37.90110036], [-122.55576568, 37.90110937], [-122.55578843, 37.90110946], [-122.55578837, 37.90111847], [-122.55581112, 37.90111856], [-122.55581107, 37.90112757], [-122.55582244, 37.90112761], [-122.55582239, 37.90113663], [-122.55585651, 37.90113675], [-122.55585645, 37.90114577], [-122.55586783, 37.90114581], [-122.55586777, 37.90115482], [-122.55589052, 37.90115491], [-122.55589047, 37.90116392], [-122.55590184, 37.90116396], [-122.55590174, 37.90118199], [-122.55591311, 37.90118203], [-122.55591306, 37.90119105], [-122.55592443, 37.90119109], [-122.55592438, 37.9012001], [-122.55593575, 37.90120014], [-122.5559357, 37.90120916], [-122.55594707, 37.9012092], [-122.55594702, 37.90121821], [-122.55595839, 37.90121826], [-122.55595834, 37.90122727], [-122.55596971, 37.90122731], [-122.55596966, 37.90123632], [-122.55598103, 37.90123637], [-122.55598098, 37.90124538], [-122.55599235, 37.90124542], [-122.5559923, 37.90125444], [-122.55600367, 37.90125448], [-122.55600356, 37.9012725], [-122.55601494, 37.90127255], [-122.55601483, 37.90129057], [-122.5560262, 37.90129061], [-122.55602609, 37.90130864], [-122.55603747, 37.90130868], [-122.55603736, 37.90132671], [-122.55604873, 37.90132675], [-122.55604857, 37.90135379], [-122.55605995, 37.90135383], [-122.55605978, 37.90138087], [-122.55607116, 37.90138091], [-122.55607094, 37.90141697], [-122.55608232, 37.90141701], [-122.55608226, 37.90142602], [-122.55609364, 37.90142606], [-122.55609358, 37.90143508], [-122.55610496, 37.90143512], [-122.5561049, 37.90144413], [-122.55611628, 37.90144418], [-122.55611622, 37.90145319], [-122.5561276, 37.90145323], [-122.55612754, 37.90146224], [-122.55613892, 37.90146229], [-122.55613886, 37.9014713], [-122.55615024, 37.90147134], [-122.55615018, 37.90148036], [-122.55616156, 37.9014804], [-122.5561615, 37.90148941], [-122.55617288, 37.90148945], [-122.55617282, 37.90149847], [-122.5561842, 37.90149851], [-122.55618414, 37.90150752], [-122.55619552, 37.90150757], [-122.55619546, 37.90151658], [-122.55620684, 37.90151662], [-122.55620678, 37.90152563], [-122.55621816, 37.90152568], [-122.5562181, 37.90153469], [-122.55622948, 37.90153473], [-122.55622942, 37.90154374], [-122.5562408, 37.90154379], [-122.55624074, 37.9015528], [-122.55626349, 37.90155289], [-122.55626344, 37.9015619], [-122.55628619, 37.90156198], [-122.55628613, 37.901571], [-122.55629751, 37.90157104], [-122.55629745, 37.90158005], [-122.5563202, 37.90158014], [-122.55632015, 37.90158915], [-122.5563429, 37.90158924], [-122.55634284, 37.90159825], [-122.55636559, 37.90159834], [-122.55636554, 37.90160735], [-122.55638829, 37.90160743], [-122.55638823, 37.90161645], [-122.55639961, 37.90161649], [-122.55639955, 37.9016255], [-122.5564223, 37.90162559], [-122.55642225, 37.9016346], [-122.55645637, 37.90163473], [-122.55645632, 37.90164374], [-122.55649044, 37.90164387], [-122.55649039, 37.90165288], [-122.55654726, 37.9016531], [-122.5565472, 37.90166211], [-122.55655858, 37.90166215], [-122.55655852, 37.90167117], [-122.5565699, 37.90167121], [-122.55656984, 37.90168022], [-122.55660397, 37.90168035], [-122.55660391, 37.90168936], [-122.55661529, 37.90168941], [-122.55661523, 37.90169842], [-122.55662661, 37.90169846], [-122.55662655, 37.90170748], [-122.55663793, 37.90170752], [-122.55663787, 37.90171653], [-122.55664925, 37.90171657], [-122.55664914, 37.9017346], [-122.55666051, 37.90173464], [-122.55666041, 37.90175267], [-122.55667178, 37.90175271], [-122.55667173, 37.90176172], [-122.5566831, 37.90176177], [-122.55668299, 37.90177979], [-122.55669437, 37.90177983], [-122.55669431, 37.90178885], [-122.55670569, 37.90178889], [-122.55670563, 37.9017979], [-122.55671701, 37.90179795], [-122.55671695, 37.90180696], [-122.55672833, 37.901807], [-122.55672822, 37.90182503], [-122.55673959, 37.90182507], [-122.55673954, 37.90183408], [-122.55675091, 37.90183413], [-122.55675086, 37.90184314], [-122.55676223, 37.90184318], [-122.55676218, 37.90185219], [-122.55677355, 37.90185224], [-122.5567735, 37.90186125], [-122.55678488, 37.90186129], [-122.55678477, 37.90187932], [-122.55679614, 37.90187936], [-122.55679603, 37.90189739], [-122.55680741, 37.90189743], [-122.5568073, 37.90191545], [-122.5568528, 37.90191563], [-122.55685285, 37.90190661], [-122.55686423, 37.90190666], [-122.55686444, 37.9018706], [-122.55687582, 37.90187065], [-122.55687592, 37.90185262], [-122.5568873, 37.90185266], [-122.55688741, 37.90183464], [-122.55689878, 37.90183468], [-122.55689889, 37.90181666], [-122.55691026, 37.9018167], [-122.55691032, 37.90180769], [-122.55692169, 37.90180773], [-122.55692175, 37.90179872], [-122.55693312, 37.90179876], [-122.55693317, 37.90178975], [-122.55694455, 37.90178979], [-122.55694471, 37.90176275], [-122.55695609, 37.90176279], [-122.55695625, 37.90173576], [-122.55696762, 37.9017358], [-122.55696768, 37.90172679], [-122.55697905, 37.90172683], [-122.55697916, 37.9017088], [-122.55699053, 37.90170885], [-122.55699059, 37.90169983], [-122.55700196, 37.90169988], [-122.55700207, 37.90168185], [-122.55701344, 37.90168189], [-122.5570135, 37.90167288], [-122.55702487, 37.90167292], [-122.55702493, 37.90166391], [-122.5570363, 37.90166395], [-122.55703635, 37.90165494], [-122.55704773, 37.90165498], [-122.55704778, 37.90164597], [-122.55705916, 37.90164601], [-122.55705921, 37.901637], [-122.55707059, 37.90163704], [-122.55707064, 37.90162803], [-122.55708201, 37.90162807], [-122.55708207, 37.90161906], [-122.55709344, 37.9016191], [-122.5570935, 37.90161009], [-122.55710487, 37.90161013], [-122.55710492, 37.90160112], [-122.55712767, 37.90160121], [-122.55712773, 37.90159219], [-122.5571391, 37.90159224], [-122.55713916, 37.90158322], [-122.55715053, 37.90158327], [-122.55715058, 37.90157425], [-122.55716196, 37.9015743], [-122.55716201, 37.90156528], [-122.55718476, 37.90156537], [-122.55718481, 37.90155636], [-122.55719619, 37.9015564], [-122.55719624, 37.90154739], [-122.55720762, 37.90154743], [-122.55720767, 37.90153842], [-122.55723042, 37.9015385], [-122.55723053, 37.90152048], [-122.5572419, 37.90152052], [-122.55724196, 37.90151151], [-122.55725333, 37.90151155], [-122.55725338, 37.90150254], [-122.55726476, 37.90150258], [-122.55726481, 37.90149357], [-122.55727619, 37.90149361], [-122.55727635, 37.90146657], [-122.55728772, 37.90146661], [-122.55728789, 37.90143957], [-122.55729926, 37.90143962], [-122.55729958, 37.90138554], [-122.55731096, 37.90138558], [-122.55731117, 37.90134953], [-122.5572998, 37.90134949], [-122.55730007, 37.90130443], [-122.5572887, 37.90130438], [-122.55728945, 37.9011782], [-122.55730083, 37.90117825], [-122.55730104, 37.9011422], [-122.55731242, 37.90114224], [-122.55731269, 37.90109717], [-122.55732406, 37.90109722], [-122.55732411, 37.9010882], [-122.55733549, 37.90108825], [-122.55733554, 37.90107923], [-122.55734692, 37.90107928], [-122.55734697, 37.90107026], [-122.55735834, 37.90107031], [-122.55735851, 37.90104327], [-122.55736988, 37.90104331], [-122.55737031, 37.90097121], [-122.55738169, 37.90097125], [-122.55738174, 37.90096224], [-122.55739312, 37.90096228], [-122.55739317, 37.90095327], [-122.55740454, 37.90095331], [-122.55740465, 37.90093529], [-122.55741603, 37.90093533], [-122.55741608, 37.90092632], [-122.55742745, 37.90092636], [-122.55742751, 37.90091735], [-122.55743888, 37.90091739], [-122.55743894, 37.90090838], [-122.55745031, 37.90090842], [-122.55745042, 37.90089039], [-122.55746179, 37.90089044], [-122.55746185, 37.90088142], [-122.55747322, 37.90088147], [-122.55747333, 37.90086344], [-122.5574847, 37.90086348], [-122.55748492, 37.90082743], [-122.55749629, 37.90082748], [-122.5574964, 37.90080945], [-122.55750778, 37.90080949], [-122.55750788, 37.90079147], [-122.55751926, 37.90079151], [-122.55751942, 37.90076447], [-122.55753079, 37.90076451], [-122.55753085, 37.9007555], [-122.55754222, 37.90075554], [-122.55754233, 37.90073752], [-122.5575537, 37.90073756], [-122.55755381, 37.90071954], [-122.55756519, 37.90071958], [-122.55756529, 37.90070155], [-122.55757667, 37.9007016], [-122.55757678, 37.90068357], [-122.55758815, 37.90068361], [-122.55758837, 37.90064756], [-122.55759974, 37.9006476], [-122.55759985, 37.90062958], [-122.55761122, 37.90062962], [-122.55761138, 37.90060258], [-122.55762276, 37.90060263], [-122.55762287, 37.9005846], [-122.55763424, 37.90058464], [-122.55763456, 37.90053057], [-122.55762319, 37.90053052], [-122.55762341, 37.90049447], [-122.55761203, 37.90049443], [-122.55761209, 37.90048542], [-122.55760071, 37.90048537], [-122.55760082, 37.90046735], [-122.55758945, 37.90046731], [-122.5575895, 37.90045829], [-122.55757812, 37.90045825], [-122.55757829, 37.90043121], [-122.55756691, 37.90043117], [-122.55756713, 37.90039512], [-122.55755575, 37.90039508], [-122.55755581, 37.90038606], [-122.55754443, 37.90038602], [-122.55754454, 37.90036799], [-122.55753317, 37.90036795], [-122.55753322, 37.90035894], [-122.55752185, 37.9003589], [-122.55752217, 37.90030482], [-122.55753355, 37.90030486], [-122.5575336, 37.90029585], [-122.55754497, 37.90029589], [-122.55754524, 37.90025083], [-122.55753387, 37.90025079], [-122.55753392, 37.90024177], [-122.55752255, 37.90024173], [-122.5575226, 37.90023272], [-122.55751123, 37.90023267], [-122.55751128, 37.90022366], [-122.55748853, 37.90022358], [-122.55748848, 37.90023259], [-122.55743161, 37.90023238], [-122.55743166, 37.90022336], [-122.55737479, 37.90022315], [-122.55737485, 37.90021414], [-122.55736347, 37.90021409], [-122.55736363, 37.90018705], [-122.55737501, 37.9001871], [-122.55737506, 37.90017808], [-122.55738644, 37.90017813], [-122.55738649, 37.90016911], [-122.55740924, 37.9001692], [-122.55740951, 37.90012414], [-122.55739814, 37.90012409], [-122.55739824, 37.90010607], [-122.55738687, 37.90010603], [-122.55738698, 37.900088], [-122.5573756, 37.90008796], [-122.55737566, 37.90007894], [-122.55736428, 37.9000789], [-122.55736439, 37.90006088], [-122.55735302, 37.90006083], [-122.55735307, 37.90005182], [-122.5573417, 37.90005178], [-122.5573418, 37.90003375], [-122.55731906, 37.90003367], [-122.55731911, 37.90002465], [-122.55727361, 37.90002448], [-122.55727367, 37.90001547], [-122.55726229, 37.90001543], [-122.55726235, 37.90000641], [-122.5572396, 37.90000633], [-122.55723965, 37.89999732], [-122.55722828, 37.89999727], [-122.55722833, 37.89998826], [-122.55721696, 37.89998822], [-122.55721701, 37.8999792], [-122.55720564, 37.89997916], [-122.55720569, 37.89997015], [-122.55718294, 37.89997006], [-122.557183, 37.89996105], [-122.55717162, 37.89996101], [-122.55717168, 37.899952], [-122.5571603, 37.89995195], [-122.55716041, 37.89993393], [-122.55714904, 37.89993388], [-122.55714909, 37.89992487], [-122.55713772, 37.89992483], [-122.55713788, 37.89989779], [-122.55712651, 37.89989775], [-122.55712661, 37.89987972], [-122.55711524, 37.89987968], [-122.55711546, 37.89984363], [-122.55712683, 37.89984367], [-122.55712694, 37.89982564], [-122.55711556, 37.8998256], [-122.55711567, 37.89980758], [-122.55712705, 37.89980762], [-122.5571271, 37.89979861], [-122.55713847, 37.89979865], [-122.55713853, 37.89978964], [-122.5571499, 37.89978968], [-122.55715001, 37.89977165], [-122.55716138, 37.8997717], [-122.55716149, 37.89975367], [-122.55717287, 37.89975371], [-122.55717292, 37.8997447], [-122.55718429, 37.89974474], [-122.5571844, 37.89972672], [-122.55719578, 37.89972676], [-122.55719588, 37.89970874], [-122.55720726, 37.89970878], [-122.55720737, 37.89969075], [-122.55723012, 37.89969084], [-122.55723017, 37.89968183], [-122.55725292, 37.89968191], [-122.55725297, 37.8996729], [-122.55729847, 37.89967307], [-122.55729852, 37.89966406], [-122.55733264, 37.89966418], [-122.5573327, 37.89965517], [-122.55741232, 37.89965547], [-122.55741237, 37.89964646], [-122.55742374, 37.8996465], [-122.5574238, 37.89963749], [-122.55743517, 37.89963753], [-122.55743523, 37.89962852], [-122.5574466, 37.89962856], [-122.55744665, 37.89961955], [-122.55745803, 37.89961959], [-122.55745808, 37.89961058], [-122.55746946, 37.89961062], [-122.55746956, 37.8995926], [-122.55748094, 37.89959264], [-122.55748105, 37.89957461], [-122.55749242, 37.89957466], [-122.55749253, 37.89955663], [-122.5575039, 37.89955667], [-122.55750396, 37.89954766], [-122.55751533, 37.8995477], [-122.55751538, 37.89953869], [-122.55752676, 37.89953873], [-122.55752681, 37.89952972], [-122.55753819, 37.89952976], [-122.55753835, 37.89950272], [-122.55752697, 37.89950268], [-122.55752708, 37.89948466], [-122.55754983, 37.89948474], [-122.55754988, 37.89947573], [-122.55756126, 37.89947577], [-122.55756137, 37.89945775], [-122.55757274, 37.89945779], [-122.55757285, 37.89943976], [-122.55758422, 37.89943981], [-122.55758428, 37.89943079], [-122.55759565, 37.89943084], [-122.5575957, 37.89942182], [-122.55761845, 37.89942191], [-122.55761851, 37.8994129], [-122.55764125, 37.89941298], [-122.55764131, 37.89940397], [-122.55765268, 37.89940401], [-122.55765274, 37.899395], [-122.55766411, 37.89939504], [-122.55766416, 37.89938603], [-122.55767554, 37.89938607], [-122.55767559, 37.89937706], [-122.55768697, 37.8993771], [-122.55768702, 37.89936809], [-122.55769839, 37.89936813], [-122.55769845, 37.89935912], [-122.55770982, 37.89935916], [-122.55770993, 37.89934114], [-122.5577213, 37.89934118], [-122.55772152, 37.89930513], [-122.55771014, 37.89930508], [-122.55771025, 37.89928706], [-122.55769888, 37.89928702], [-122.5576992, 37.89923294], [-122.55771058, 37.89923298], [-122.55771085, 37.89918792], [-122.55772222, 37.89918796], [-122.55772227, 37.89917895], [-122.55773365, 37.89917899], [-122.55773381, 37.89915195], [-122.55774518, 37.899152], [-122.55774551, 37.89909792], [-122.55775688, 37.89909796], [-122.55775699, 37.89907994], [-122.55774561, 37.89907989], [-122.55774578, 37.89905285], [-122.55775715, 37.8990529], [-122.5577572, 37.89904388], [-122.55776858, 37.89904393], [-122.55776869, 37.8990259], [-122.55775731, 37.89902586], [-122.55775742, 37.89900783], [-122.55774605, 37.89900779], [-122.55774621, 37.89898075], [-122.55773483, 37.89898071], [-122.55773489, 37.8989717], [-122.55772351, 37.89897165], [-122.55772362, 37.89895363], [-122.55771225, 37.89895359], [-122.5577123, 37.89894457], [-122.55770093, 37.89894453], [-122.55770098, 37.89893552], [-122.55768961, 37.89893547], [-122.55768966, 37.89892646], [-122.55767829, 37.89892642], [-122.55767834, 37.89891741], [-122.55766697, 37.89891736], [-122.55766702, 37.89890835], [-122.55765565, 37.89890831], [-122.5576557, 37.8988993], [-122.55764433, 37.89889925], [-122.55764438, 37.89889024], [-122.55763301, 37.8988902], [-122.55763306, 37.89888118], [-122.55761031, 37.8988811], [-122.55761037, 37.89887209], [-122.55757625, 37.89887196], [-122.55757641, 37.89884492], [-122.55758778, 37.89884496], [-122.55758794, 37.89881792], [-122.55757657, 37.89881788], [-122.55757695, 37.89875479], [-122.55758832, 37.89875483], [-122.55758854, 37.89871878], [-122.55759991, 37.89871883], [-122.55760013, 37.89868277], [-122.55758875, 37.89868273], [-122.55758891, 37.89865569], [-122.55757754, 37.89865565], [-122.5575776, 37.89864664], [-122.55756622, 37.8986466], [-122.55756628, 37.89863758], [-122.55753215, 37.89863745], [-122.55753221, 37.89862844], [-122.55748671, 37.89862827], [-122.55748677, 37.89861926], [-122.55747539, 37.89861922], [-122.55747534, 37.89862823], [-122.55744122, 37.8986281], [-122.55744116, 37.89863711], [-122.55741841, 37.89863703], [-122.55741836, 37.89864604], [-122.55739561, 37.89864595], [-122.55739556, 37.89865497], [-122.55737281, 37.89865488], [-122.55737276, 37.89866389], [-122.55733864, 37.89866377], [-122.55733858, 37.89867278], [-122.55731583, 37.89867269], [-122.55731578, 37.89868171], [-122.55730441, 37.89868166], [-122.55730435, 37.89869068], [-122.55729298, 37.89869063], [-122.55729292, 37.89869965], [-122.55728155, 37.8986996], [-122.5572815, 37.89870862], [-122.55727012, 37.89870857], [-122.55727007, 37.89871759], [-122.55724732, 37.8987175], [-122.55724727, 37.89872651], [-122.55704254, 37.89872574], [-122.55704248, 37.89873476], [-122.55688325, 37.89873416], [-122.5568833, 37.89872514], [-122.55684918, 37.89872502], [-122.55684923, 37.898716], [-122.55682649, 37.89871592], [-122.55682654, 37.8987069], [-122.55680379, 37.89870682], [-122.55680385, 37.89869781], [-122.5567811, 37.89869772], [-122.55678115, 37.89868871], [-122.5567584, 37.89868862], [-122.55675846, 37.89867961], [-122.55674708, 37.89867957], [-122.55674714, 37.89867055], [-122.55673576, 37.89867051], [-122.55673582, 37.8986615], [-122.55667895, 37.89866128], [-122.556679, 37.89865227], [-122.55664488, 37.89865214], [-122.55664494, 37.89864313], [-122.55663356, 37.89864309], [-122.55663362, 37.89863407], [-122.55661087, 37.89863399], [-122.55661098, 37.89861596], [-122.5565996, 37.89861592], [-122.55660014, 37.89852579], [-122.55661152, 37.89852583], [-122.55661173, 37.89848978], [-122.55662311, 37.89848983], [-122.55662349, 37.89842674], [-122.55663486, 37.89842678], [-122.55663535, 37.89834566], [-122.55664672, 37.89834571], [-122.55664699, 37.89830064], [-122.55665836, 37.89830069], [-122.55665863, 37.89825562], [-122.55667001, 37.89825566], [-122.55667055, 37.89816554], [-122.55668192, 37.89816558], [-122.55668203, 37.89814755], [-122.5566934, 37.8981476], [-122.55669357, 37.89812056], [-122.55670494, 37.8981206], [-122.55670505, 37.89810258], [-122.55671642, 37.89810262], [-122.55671653, 37.89808459], [-122.55670516, 37.89808455], [-122.55670526, 37.89806652], [-122.55671664, 37.89806657], [-122.55671675, 37.89804854], [-122.55670537, 37.8980485], [-122.55670548, 37.89803047], [-122.55669411, 37.89803043], [-122.55669416, 37.89802142], [-122.55668279, 37.89802138], [-122.55668295, 37.89799434], [-122.55667158, 37.89799429], [-122.55667168, 37.89797627], [-122.55666031, 37.89797623], [-122.55666053, 37.89794017], [-122.55664915, 37.89794013], [-122.55664926, 37.89792211], [-122.55663789, 37.89792206], [-122.556638, 37.89790404], [-122.55662662, 37.89790399], [-122.55662668, 37.89789498], [-122.5566153, 37.89789494], [-122.55661536, 37.89788593], [-122.55660398, 37.89788588], [-122.55660404, 37.89787687], [-122.55659266, 37.89787683], [-122.55659272, 37.89786782], [-122.55658134, 37.89786777], [-122.55658145, 37.89784975], [-122.55657008, 37.8978497], [-122.55657024, 37.89782267], [-122.55655887, 37.89782262], [-122.55655897, 37.8978046], [-122.5565476, 37.89780455], [-122.55654771, 37.89778653], [-122.55653633, 37.89778649], [-122.5565365, 37.89775945], [-122.55652512, 37.8977594], [-122.55652528, 37.89773237], [-122.55651391, 37.89773232], [-122.55651413, 37.89769627], [-122.55650275, 37.89769623], [-122.55650329, 37.8976061], [-122.55649192, 37.89760606], [-122.55649197, 37.89759705], [-122.55650335, 37.89759709], [-122.55650356, 37.89756104], [-122.55649219, 37.89756099], [-122.55649225, 37.89755198], [-122.5564695, 37.8975519], [-122.55646955, 37.89754288], [-122.55645818, 37.89754284], [-122.55645823, 37.89753383], [-122.55644686, 37.89753379], [-122.55644691, 37.89752477], [-122.55643554, 37.89752473], [-122.55643559, 37.89751572], [-122.55641285, 37.89751563], [-122.5564129, 37.89750662], [-122.55640153, 37.89750658], [-122.55640158, 37.89749756], [-122.55639021, 37.89749752], [-122.55639026, 37.89748851], [-122.55637889, 37.89748846], [-122.55637894, 37.89747945], [-122.55636757, 37.89747941], [-122.55636762, 37.8974704], [-122.55635625, 37.89747035], [-122.5563563, 37.89746134], [-122.55634493, 37.8974613], [-122.55634498, 37.89745228], [-122.55632223, 37.8974522], [-122.55632229, 37.89744319], [-122.55631092, 37.89744314], [-122.55631097, 37.89743413], [-122.55628822, 37.89743404], [-122.55628828, 37.89742503], [-122.55626553, 37.89742495], [-122.55626558, 37.89741593], [-122.55623146, 37.8974158], [-122.55623152, 37.89740679], [-122.55620877, 37.89740671], [-122.55620882, 37.89739769], [-122.5561747, 37.89739756], [-122.55617476, 37.89738855], [-122.55616338, 37.89738851], [-122.55616344, 37.8973795], [-122.55614069, 37.89737941], [-122.55614074, 37.8973704], [-122.55601563, 37.89736993], [-122.55601569, 37.89736091], [-122.55598156, 37.89736078], [-122.55598151, 37.8973698], [-122.55593602, 37.89736963], [-122.55593596, 37.89737864], [-122.55590184, 37.89737851], [-122.55590179, 37.89738752], [-122.55586767, 37.89738739], [-122.55586761, 37.89739641], [-122.55583349, 37.89739628], [-122.55583344, 37.89740529], [-122.55581069, 37.8974052], [-122.55581063, 37.89741422], [-122.55578789, 37.89741413], [-122.55578783, 37.89742314], [-122.55574234, 37.89742297], [-122.55574228, 37.89743199], [-122.55570816, 37.89743186], [-122.55570811, 37.89744087], [-122.55567399, 37.89744074], [-122.55567393, 37.89744975], [-122.55563981, 37.89744962], [-122.55563976, 37.89745864], [-122.55559426, 37.89745847], [-122.55559421, 37.89746748], [-122.55557146, 37.89746739], [-122.55557141, 37.8974764], [-122.55554866, 37.89747632], [-122.55554861, 37.89748533], [-122.55553723, 37.89748529], [-122.55553712, 37.89750331], [-122.55552575, 37.89750327], [-122.5555257, 37.89751228], [-122.55551432, 37.89751224], [-122.55551421, 37.89753027], [-122.55550284, 37.89753022], [-122.55550279, 37.89753924], [-122.55549141, 37.89753919], [-122.5554913, 37.89755722], [-122.55547993, 37.89755718], [-122.55547988, 37.89756619], [-122.5554685, 37.89756615], [-122.55546845, 37.89757516], [-122.5554457, 37.89757507], [-122.55544565, 37.89758409], [-122.55543427, 37.89758404], [-122.55543422, 37.89759306], [-122.5554001, 37.89759293], [-122.55540004, 37.89760194], [-122.5553773, 37.89760185], [-122.55537724, 37.89761087], [-122.55534312, 37.89761074], [-122.55534307, 37.89761975], [-122.55530894, 37.89761962], [-122.55530889, 37.89762863], [-122.55517241, 37.89762812], [-122.55517246, 37.89761911], [-122.55514971, 37.89761902], [-122.55514977, 37.89761001], [-122.55513839, 37.89760996], [-122.5551385, 37.89759194], [-122.55512713, 37.8975919], [-122.55512724, 37.89757387], [-122.55511586, 37.89757383], [-122.55511662, 37.89744765], [-122.555128, 37.89744769], [-122.55512816, 37.89742065], [-122.55513953, 37.8974207], [-122.55513969, 37.89739366], [-122.55512832, 37.89739361], [-122.5551287, 37.89733052], [-122.55511733, 37.89733048], [-122.55511749, 37.89730344], [-122.55510612, 37.8973034], [-122.55510617, 37.89729439], [-122.5550948, 37.89729434], [-122.55509485, 37.89728533], [-122.55508348, 37.89728529], [-122.55508353, 37.89727628], [-122.55507216, 37.89727623], [-122.55507221, 37.89726722], [-122.55503809, 37.89726709], [-122.55503815, 37.89725808], [-122.55498128, 37.89725786], [-122.55498133, 37.89724885], [-122.55494721, 37.89724872], [-122.55494726, 37.89723971], [-122.55492452, 37.89723962], [-122.55492457, 37.89723061], [-122.55490182, 37.89723052], [-122.55490188, 37.89722151], [-122.5548905, 37.89722147], [-122.55489056, 37.89721246], [-122.55486781, 37.89721237], [-122.55486787, 37.89720336], [-122.55484512, 37.89720327], [-122.55484517, 37.89719426], [-122.55482243, 37.89719417], [-122.55482248, 37.89718516], [-122.55479973, 37.89718507], [-122.55479979, 37.89717606], [-122.55478841, 37.89717602], [-122.55478847, 37.897167], [-122.55476572, 37.89716692], [-122.55476577, 37.89715791], [-122.55474303, 37.89715782], [-122.55474308, 37.89714881], [-122.55470896, 37.89714868], [-122.55470901, 37.89713967], [-122.55468627, 37.89713958], [-122.55468632, 37.89713057], [-122.55462945, 37.89713035], [-122.55462951, 37.89712134], [-122.55460676, 37.89712125], [-122.55460681, 37.89711224], [-122.55458407, 37.89711215], [-122.55458412, 37.89710314], [-122.55456137, 37.89710305], [-122.55456143, 37.89709404], [-122.55455006, 37.897094], [-122.55455011, 37.89708499], [-122.55452736, 37.8970849], [-122.55452742, 37.89707589], [-122.55450467, 37.8970758], [-122.55450478, 37.89705778], [-122.5544934, 37.89705773], [-122.55449351, 37.89703971], [-122.55448214, 37.89703966], [-122.55448225, 37.89702164], [-122.55447087, 37.8970216], [-122.55447098, 37.89700357], [-122.55445961, 37.89700353], [-122.55445972, 37.8969855], [-122.55444834, 37.89698546], [-122.55444856, 37.89694941], [-122.55443719, 37.89694936], [-122.55443762, 37.89687726], [-122.55442625, 37.89687722], [-122.5544263, 37.89686821], [-122.55441493, 37.89686816], [-122.55441504, 37.89685014], [-122.55440366, 37.89685009], [-122.55440372, 37.89684108], [-122.55439235, 37.89684104], [-122.55439245, 37.89682301], [-122.55438108, 37.89682297], [-122.55438113, 37.89681396], [-122.55436976, 37.89681391], [-122.55436982, 37.8968049], [-122.55435844, 37.89680486], [-122.55435855, 37.89678683], [-122.55434718, 37.89678679], [-122.55434723, 37.89677778], [-122.55432448, 37.89677769], [-122.55432454, 37.89676868], [-122.55431316, 37.89676863], [-122.55431327, 37.89675061], [-122.5543019, 37.89675057], [-122.55430195, 37.89674155], [-122.55429058, 37.89674151], [-122.55429074, 37.89671447], [-122.55427937, 37.89671443], [-122.55427942, 37.89670542], [-122.5542908, 37.89670546], [-122.55429102, 37.89666941], [-122.55430239, 37.89666945], [-122.55430304, 37.8965613], [-122.55431441, 37.89656134], [-122.55431463, 37.89652529], [-122.55432601, 37.89652533], [-122.55432617, 37.89649829], [-122.55433754, 37.89649834], [-122.55433787, 37.89644426], [-122.55434924, 37.8964443], [-122.5543493, 37.89643529], [-122.55437204, 37.89643538], [-122.5543721, 37.89642636], [-122.55438347, 37.89642641], [-122.55438358, 37.89640838], [-122.55439495, 37.89640842], [-122.55439506, 37.8963904], [-122.55440644, 37.89639044], [-122.55440649, 37.89638143], [-122.55441786, 37.89638147], [-122.55441797, 37.89636345], [-122.55442935, 37.89636349], [-122.5544294, 37.89635448], [-122.55444077, 37.89635452], [-122.55444088, 37.89633649], [-122.55445226, 37.89633654], [-122.55445231, 37.89632752], [-122.55446368, 37.89632757], [-122.55446374, 37.89631855], [-122.55447511, 37.8963186], [-122.55447517, 37.89630959], [-122.55448654, 37.89630963], [-122.55448665, 37.8962916], [-122.55447527, 37.89629156], [-122.55447538, 37.89627353], [-122.55446401, 37.89627349], [-122.55446412, 37.89625547], [-122.55445274, 37.89625542], [-122.5544528, 37.89624641], [-122.55444143, 37.89624637], [-122.55444148, 37.89623735], [-122.55443011, 37.89623731], [-122.55443021, 37.89621928], [-122.55441884, 37.89621924], [-122.5544189, 37.89621023], [-122.55440752, 37.89621019], [-122.55440758, 37.89620117], [-122.5543962, 37.89620113], [-122.55439631, 37.8961831], [-122.55438494, 37.89618306], [-122.55438499, 37.89617405], [-122.55437362, 37.89617401], [-122.55437367, 37.89616499], [-122.5543623, 37.89616495], [-122.55436235, 37.89615594], [-122.55435098, 37.89615589], [-122.55435104, 37.89614688], [-122.55433966, 37.89614684], [-122.55433972, 37.89613783], [-122.55432834, 37.89613778], [-122.55432845, 37.89611976], [-122.55431708, 37.89611971], [-122.55431713, 37.8961107], [-122.55430576, 37.89611066], [-122.55430581, 37.89610165], [-122.55429444, 37.8961016], [-122.55429449, 37.89609259], [-122.55428312, 37.89609255], [-122.55428317, 37.89608353], [-122.5542718, 37.89608349], [-122.55427202, 37.89604744], [-122.55426064, 37.8960474], [-122.55426086, 37.89601134], [-122.55424949, 37.8960113], [-122.55424954, 37.89600229], [-122.55423817, 37.89600225], [-122.55423839, 37.89596619], [-122.55424976, 37.89596624], [-122.55425036, 37.8958671], [-122.55426173, 37.89586714], [-122.55426189, 37.8958401], [-122.55427327, 37.89584015], [-122.55427338, 37.89582212], [-122.55428475, 37.89582216], [-122.55428486, 37.89580414], [-122.55429623, 37.89580418], [-122.55429634, 37.89578615], [-122.55430771, 37.8957862], [-122.55430777, 37.89577718], [-122.55431914, 37.89577723], [-122.55431925, 37.8957592], [-122.55433062, 37.89575925], [-122.55433068, 37.89575023], [-122.55434205, 37.89575028], [-122.55434216, 37.89573225], [-122.55435353, 37.89573229], [-122.55435359, 37.89572328], [-122.55436496, 37.89572332], [-122.55436502, 37.89571431], [-122.55437639, 37.89571435], [-122.55437644, 37.89570534], [-122.55438782, 37.89570538], [-122.55438787, 37.89569637], [-122.55439925, 37.89569641], [-122.5543993, 37.8956874], [-122.55441067, 37.89568744], [-122.55441073, 37.89567843], [-122.5544221, 37.89567847], [-122.55442221, 37.89566045], [-122.55443358, 37.89566049], [-122.55443375, 37.89563345], [-122.55442237, 37.89563341], [-122.55442232, 37.89564242], [-122.55441095, 37.89564238], [-122.55441089, 37.89565139], [-122.55439952, 37.89565135], [-122.55439946, 37.89566036], [-122.55438809, 37.89566032], [-122.55438804, 37.89566933], [-122.55436529, 37.89566925], [-122.55436523, 37.89567826], [-122.55434249, 37.89567817], [-122.55434243, 37.89568719], [-122.55429694, 37.89568701], [-122.55429688, 37.89569603], [-122.55426276, 37.8956959], [-122.55426271, 37.89570491], [-122.55423996, 37.89570482], [-122.55423991, 37.89571384], [-122.55420579, 37.89571371], [-122.55420573, 37.89572272], [-122.55417161, 37.89572259], [-122.55417156, 37.8957316], [-122.55397821, 37.89573087], [-122.55397827, 37.89572186], [-122.55393277, 37.89572169], [-122.55393283, 37.89571267], [-122.55392145, 37.89571263], [-122.55392151, 37.89570362], [-122.55389876, 37.89570353], [-122.55389881, 37.89569452], [-122.55387607, 37.89569443], [-122.55387612, 37.89568542], [-122.55386475, 37.89568538], [-122.5538648, 37.89567636], [-122.55385343, 37.89567632], [-122.55385348, 37.89566731], [-122.55384211, 37.89566726], [-122.55384217, 37.89565825], [-122.55383079, 37.89565821], [-122.55383085, 37.8956492], [-122.55381947, 37.89564915], [-122.55381958, 37.89563113], [-122.55380821, 37.89563108], [-122.55380832, 37.89561306], [-122.55379694, 37.89561302], [-122.553797, 37.895604], [-122.55378562, 37.89560396], [-122.55378573, 37.89558593], [-122.55377436, 37.89558589], [-122.55377441, 37.89557688], [-122.55376304, 37.89557684], [-122.5537632, 37.8955498], [-122.55375183, 37.89554975], [-122.55375199, 37.89552272], [-122.55374062, 37.89552267], [-122.55374073, 37.89550465], [-122.55372936, 37.8955046], [-122.55372957, 37.89546855], [-122.5537182, 37.89546851], [-122.55371864, 37.89539641], [-122.55370726, 37.89539636], [-122.55370786, 37.89529722], [-122.55369649, 37.89529718], [-122.55369709, 37.89519804], [-122.55368571, 37.895198], [-122.55368577, 37.89518898], [-122.55366302, 37.8951889], [-122.55366307, 37.89517988], [-122.5536517, 37.89517984], [-122.55365176, 37.89517083], [-122.55364038, 37.89517079], [-122.55364044, 37.89516177], [-122.55362906, 37.89516173], [-122.55362934, 37.89511667], [-122.55360659, 37.89511658], [-122.55360653, 37.89512559], [-122.55359516, 37.89512555], [-122.55359511, 37.89513456], [-122.55358373, 37.89513452], [-122.55358368, 37.89514353], [-122.55357231, 37.89514349], [-122.55357225, 37.8951525], [-122.55356088, 37.89515246], [-122.55356082, 37.89516147], [-122.55354945, 37.89516143], [-122.5535494, 37.89517044], [-122.55353802, 37.8951704], [-122.55353797, 37.89517941], [-122.55352659, 37.89517937], [-122.55352654, 37.89518838], [-122.55351517, 37.89518834], [-122.55351511, 37.89519735], [-122.55350374, 37.89519731], [-122.55350368, 37.89520632], [-122.55349231, 37.89520628], [-122.55349226, 37.89521529], [-122.55348088, 37.89521525], [-122.55348083, 37.89522426], [-122.55345808, 37.89522417], [-122.55345803, 37.89523318], [-122.55344665, 37.89523314], [-122.5534466, 37.89524215], [-122.55343523, 37.89524211], [-122.55343517, 37.89525112], [-122.5534238, 37.89525108], [-122.55342374, 37.89526009], [-122.55341237, 37.89526005], [-122.55341232, 37.89526906], [-122.55340094, 37.89526902], [-122.55340089, 37.89527803], [-122.55337814, 37.89527795], [-122.55337809, 37.89528696], [-122.55336671, 37.89528692], [-122.55336666, 37.89529593], [-122.55335529, 37.89529589], [-122.55335523, 37.8953049], [-122.55334386, 37.89530486], [-122.5533438, 37.89531387], [-122.55330968, 37.89531374], [-122.55330963, 37.89532275], [-122.55327551, 37.89532262], [-122.55327545, 37.89533163], [-122.55315035, 37.89533116], [-122.5531504, 37.89532215], [-122.55305942, 37.8953218], [-122.55305947, 37.89531279], [-122.55303672, 37.8953127], [-122.55303678, 37.89530369], [-122.55299128, 37.89530352], [-122.55299134, 37.8952945], [-122.55295722, 37.89529437], [-122.55295727, 37.89528536], [-122.55290041, 37.89528515], [-122.55290046, 37.89527613], [-122.55285497, 37.89527596], [-122.55285502, 37.89526695], [-122.55283227, 37.89526686], [-122.55283233, 37.89525785], [-122.55280958, 37.89525776], [-122.55280964, 37.89524875], [-122.55279826, 37.89524871], [-122.55279832, 37.89523969], [-122.55278694, 37.89523965], [-122.552787, 37.89523064], [-122.55277563, 37.89523059], [-122.55277606, 37.89515849], [-122.55276469, 37.89515845], [-122.5527648, 37.89514042], [-122.55275342, 37.89514038], [-122.55275348, 37.89513137], [-122.55274211, 37.89513132], [-122.55274216, 37.89512231], [-122.55270804, 37.89512218], [-122.55270799, 37.89513119], [-122.55265112, 37.89513098], [-122.55265117, 37.89512197], [-122.55256019, 37.89512162], [-122.55256013, 37.89513063], [-122.55243503, 37.89513016], [-122.55243508, 37.89512114], [-122.55241233, 37.89512106], [-122.55241239, 37.89511204], [-122.55240101, 37.895112], [-122.55240107, 37.89510299], [-122.55237832, 37.8951029], [-122.55237838, 37.89509389], [-122.552367, 37.89509385], [-122.55236706, 37.89508483], [-122.55234431, 37.89508475], [-122.55234437, 37.89507573], [-122.55233299, 37.89507569], [-122.55233305, 37.89506668], [-122.55232167, 37.89506663], [-122.55232173, 37.89505762], [-122.55231036, 37.89505758], [-122.55231041, 37.89504857], [-122.55228766, 37.89504848], [-122.55228772, 37.89503947], [-122.55224222, 37.89503929], [-122.55224217, 37.89504831], [-122.55221942, 37.89504822], [-122.55221937, 37.89505723], [-122.55219662, 37.89505715], [-122.55219657, 37.89506616], [-122.55218519, 37.89506612], [-122.55218514, 37.89507513], [-122.55216239, 37.89507504], [-122.55216234, 37.89508405], [-122.55213959, 37.89508397], [-122.55213954, 37.89509298], [-122.55212816, 37.89509294], [-122.55212811, 37.89510195], [-122.55211674, 37.89510191], [-122.55211668, 37.89511092], [-122.55210531, 37.89511088], [-122.55210525, 37.89511989], [-122.55208251, 37.8951198], [-122.55208245, 37.89512882], [-122.55207108, 37.89512877], [-122.55207097, 37.8951468], [-122.55204822, 37.89514671], [-122.55204817, 37.89515572], [-122.55203679, 37.89515568], [-122.55203669, 37.89517371], [-122.55202531, 37.89517366], [-122.55202526, 37.89518268], [-122.55200251, 37.89518259], [-122.55200246, 37.8951916], [-122.55197971, 37.89519152], [-122.55197965, 37.89520053], [-122.55194553, 37.8952004], [-122.55194548, 37.89520941], [-122.55191136, 37.89520928], [-122.55191131, 37.89521829], [-122.55187719, 37.89521816], [-122.55187713, 37.89522718], [-122.55179752, 37.89522687], [-122.55179757, 37.89521786], [-122.55177483, 37.89521777], [-122.55177488, 37.89520876], [-122.55174076, 37.89520863], [-122.55174081, 37.89519962], [-122.55172944, 37.89519958], [-122.5517295, 37.89519056], [-122.55170675, 37.89519048], [-122.5517068, 37.89518146], [-122.55169543, 37.89518142], [-122.55169549, 37.89517241], [-122.55168411, 37.89517236], [-122.55168417, 37.89516335], [-122.55166142, 37.89516326], [-122.55166147, 37.89515425], [-122.5516501, 37.89515421], [-122.55165026, 37.89512717], [-122.55163889, 37.89512713], [-122.55163895, 37.89511811], [-122.55162757, 37.89511807], [-122.55162774, 37.89509103], [-122.55161636, 37.89509099], [-122.55161686, 37.89500987], [-122.55160548, 37.89500983], [-122.5516057, 37.89497378], [-122.55161707, 37.89497382], [-122.55161746, 37.89491073], [-122.55162883, 37.89491078], [-122.55162888, 37.89490176], [-122.55164026, 37.89490181], [-122.55164042, 37.89487477], [-122.55162905, 37.89487473], [-122.5516291, 37.89486571], [-122.55161773, 37.89486567], [-122.55161779, 37.89485666], [-122.55160641, 37.89485661], [-122.55160652, 37.89483859], [-122.55161789, 37.89483863], [-122.551618, 37.89482061], [-122.55160663, 37.89482056], [-122.55160679, 37.89479352], [-122.55159542, 37.89479348], [-122.55159559, 37.89476644], [-122.55158421, 37.8947664], [-122.55158432, 37.89474837], [-122.55157295, 37.89474833], [-122.55157306, 37.8947303], [-122.55156168, 37.89473026], [-122.55156174, 37.89472125], [-122.55155037, 37.8947212], [-122.55155053, 37.89469417], [-122.55153916, 37.89469412], [-122.55153927, 37.8946761], [-122.55152789, 37.89467605], [-122.551528, 37.89465803], [-122.55151663, 37.89465799], [-122.55151674, 37.89463996], [-122.55150536, 37.89463992], [-122.55150547, 37.89462189], [-122.5514941, 37.89462185], [-122.55149432, 37.8945858], [-122.55148295, 37.89458575], [-122.55148393, 37.89442352], [-122.55147256, 37.89442348], [-122.55147267, 37.89440545], [-122.55146129, 37.89440541], [-122.5514614, 37.89438739], [-122.55145003, 37.89438734], [-122.55145025, 37.89435129], [-122.55146162, 37.89435133], [-122.55146189, 37.89430627], [-122.55147327, 37.89430631], [-122.55147338, 37.89428829], [-122.55148475, 37.89428833], [-122.55148486, 37.89427031], [-122.55149623, 37.89427035], [-122.5514964, 37.89424331], [-122.55150777, 37.89424335], [-122.55150788, 37.89422533], [-122.55151925, 37.89422537], [-122.55151936, 37.89420735], [-122.55153074, 37.89420739], [-122.55153084, 37.89418936], [-122.55154222, 37.89418941], [-122.55154233, 37.89417138], [-122.5515537, 37.89417143], [-122.55155376, 37.89416241], [-122.55156513, 37.89416246], [-122.55156518, 37.89415344], [-122.55157656, 37.89415349], [-122.55157661, 37.89414447], [-122.55158798, 37.89414452], [-122.55158809, 37.89412649], [-122.55159947, 37.89412653], [-122.55159952, 37.89411752], [-122.5515654, 37.89411739], [-122.55156535, 37.8941264], [-122.5515426, 37.89412632], [-122.55154255, 37.89413533], [-122.5515198, 37.89413524], [-122.55151975, 37.89414426], [-122.551497, 37.89414417], [-122.55149694, 37.89415318], [-122.5514742, 37.8941531], [-122.55147414, 37.89416211], [-122.5514514, 37.89416202], [-122.55145134, 37.89417104], [-122.5514286, 37.89417095], [-122.55142854, 37.89417996], [-122.55140579, 37.89417987], [-122.55140574, 37.89418889], [-122.5513375, 37.89418863], [-122.55133756, 37.89417961], [-122.55129206, 37.89417944], [-122.55129212, 37.89417043], [-122.551258, 37.8941703], [-122.55125805, 37.89416129], [-122.55123531, 37.8941612], [-122.55123536, 37.89415219], [-122.55118987, 37.89415201], [-122.55118992, 37.894143], [-122.55117855, 37.89414296], [-122.5511786, 37.89413394], [-122.55116723, 37.8941339], [-122.55116729, 37.89412489], [-122.55115591, 37.89412484], [-122.55115597, 37.89411583], [-122.55114459, 37.89411579], [-122.55114465, 37.89410677], [-122.55113328, 37.89410673], [-122.55113333, 37.89409772], [-122.55112196, 37.89409768], [-122.55112201, 37.89408866], [-122.55111064, 37.89408862], [-122.55111075, 37.89407059], [-122.55109937, 37.89407055], [-122.5510997, 37.89401647], [-122.55108833, 37.89401643], [-122.55108866, 37.89396235], [-122.55107729, 37.89396231], [-122.55107789, 37.89386317], [-122.55108926, 37.89386321], [-122.55109019, 37.89371], [-122.55107882, 37.89370995], [-122.55107915, 37.89365588], [-122.55106777, 37.89365583], [-122.55106816, 37.89359274], [-122.55105678, 37.8935927], [-122.55105749, 37.89347553], [-122.55104612, 37.89347549], [-122.55104618, 37.89346648], [-122.5510348, 37.89346643], [-122.55103486, 37.89345742], [-122.55100074, 37.89345729], [-122.55100079, 37.89344828], [-122.55098942, 37.89344823], [-122.55098948, 37.89343922], [-122.55095536, 37.89343909], [-122.55095541, 37.89343008], [-122.55088717, 37.89342982], [-122.55088723, 37.89342081], [-122.55087585, 37.89342076], [-122.55087591, 37.89341175], [-122.55085316, 37.89341166], [-122.55085322, 37.89340265], [-122.55084184, 37.89340261], [-122.5508419, 37.89339359], [-122.55083053, 37.89339355], [-122.55083058, 37.89338454], [-122.55081921, 37.89338449], [-122.55081926, 37.89337548], [-122.55080789, 37.89337544], [-122.55080794, 37.89336643], [-122.55079657, 37.89336638], [-122.55079663, 37.89335737], [-122.55077388, 37.89335728], [-122.55077393, 37.89334827], [-122.55075119, 37.89334818], [-122.55075124, 37.89333917], [-122.5507285, 37.89333908], [-122.55072855, 37.89333007], [-122.55069443, 37.89332994], [-122.55069447, 37.89332304], [-122.55106208, 37.89339297], [-122.55106272, 37.89339572], [-122.55120706, 37.89402126], [-122.55129463, 37.89406066], [-122.55129628, 37.89406064], [-122.55170313, 37.89405585], [-122.55170528, 37.89405583], [-122.55170658, 37.89405581], [-122.55170451, 37.89406111], [-122.55158556, 37.89436618], [-122.5515838, 37.89437071], [-122.551582, 37.89437532], [-122.55166152, 37.89460668], [-122.55181786, 37.89473493], [-122.55182397, 37.89473434], [-122.55225834, 37.89469233], [-122.55257069, 37.89474642], [-122.55289808, 37.89463099], [-122.55290984, 37.89463657], [-122.55328059, 37.89481276], [-122.55328178, 37.89481223], [-122.55409044, 37.89445527], [-122.55409205, 37.89446545], [-122.55414018, 37.8947704], [-122.55415279, 37.89477259], [-122.5549396, 37.89490952], [-122.55517616, 37.89499109], [-122.55539308, 37.89497835], [-122.55539307, 37.89497913], [-122.55543856, 37.8949793], [-122.55543859, 37.89497568], [-122.55579068, 37.89495499], [-122.55579199, 37.89495491], [-122.55579987, 37.89495445], [-122.55579393, 37.89496068], [-122.55529726, 37.89548229], [-122.55529528, 37.89548437], [-122.55528954, 37.8954904], [-122.55566165, 37.89570974], [-122.55566164, 37.8957102], [-122.55566243, 37.8957102], [-122.55567298, 37.89571642], [-122.55567296, 37.89571925], [-122.55567781, 37.89571927], [-122.55570698, 37.89573647], [-122.55570697, 37.89573741], [-122.55570859, 37.89573742], [-122.55609232, 37.89596361], [-122.55609232, 37.89596419], [-122.55609331, 37.89596419], [-122.55610365, 37.89597029], [-122.55610364, 37.89597324], [-122.5561087, 37.89597326], [-122.55611499, 37.89597697], [-122.55611496, 37.8959823], [-122.55612408, 37.89598233], [-122.55613766, 37.89599033], [-122.55613765, 37.8959914], [-122.55613947, 37.8959914], [-122.55614899, 37.89599701], [-122.55614897, 37.89600045], [-122.55615486, 37.89600048], [-122.55616032, 37.8960037], [-122.55616023, 37.89601852], [-122.55617161, 37.89601856], [-122.55617155, 37.89602758], [-122.5561943, 37.89602766], [-122.55619425, 37.89603668], [-122.55620562, 37.89603672], [-122.55620557, 37.89604573], [-122.55621694, 37.89604577], [-122.55621689, 37.89605479], [-122.55622826, 37.89605483], [-122.5562282, 37.89606384], [-122.55623958, 37.89606389], [-122.55623952, 37.8960729], [-122.5562509, 37.89607294], [-122.55625084, 37.89608195], [-122.55627359, 37.89608204], [-122.55627354, 37.89609105], [-122.55628491, 37.8960911], [-122.55628486, 37.89610011], [-122.55629623, 37.89610015], [-122.55629617, 37.89610916], [-122.55630755, 37.89610921], [-122.55630749, 37.89611822], [-122.55633024, 37.89611831], [-122.55633019, 37.89612732], [-122.5563703, 37.89612747], [-122.5563936, 37.8961412], [-122.55639424, 37.89614158], [-122.55639435, 37.89614165], [-122.55639602, 37.89614004], [-122.55639775, 37.89613837], [-122.55639869, 37.89613747], [-122.55640485, 37.8961315], [-122.55641126, 37.89612539], [-122.55642775, 37.89610966], [-122.55643266, 37.89610968], [-122.5564326, 37.89611869], [-122.55645535, 37.89611878], [-122.5564553, 37.89612779], [-122.55650079, 37.89612796], [-122.55650074, 37.89613697], [-122.55652348, 37.89613706], [-122.55652343, 37.89614607], [-122.55655755, 37.8961462], [-122.55655749, 37.89615521], [-122.55662574, 37.89615547], [-122.55662568, 37.89616448], [-122.55668255, 37.8961647], [-122.5566825, 37.89617371], [-122.55673936, 37.89617393], [-122.55673931, 37.89618294], [-122.55677343, 37.89618307], [-122.55677338, 37.89619208], [-122.55681887, 37.89619225], [-122.55681882, 37.89620126], [-122.55686431, 37.89620143], [-122.55686426, 37.89621045], [-122.556887, 37.89621053], [-122.55688695, 37.89621955], [-122.55692107, 37.89621967], [-122.55692102, 37.89622869], [-122.55694376, 37.89622877], [-122.55694371, 37.89623779], [-122.55697783, 37.89623791], [-122.55697777, 37.89624693], [-122.55698915, 37.89624697], [-122.55698909, 37.89625598], [-122.55697772, 37.89625594], [-122.55697767, 37.89626495], [-122.55696629, 37.89626491], [-122.55696618, 37.89628293], [-122.55695481, 37.89628289], [-122.55695465, 37.89630993], [-122.55696602, 37.89630997], [-122.55696597, 37.89631899], [-122.55700009, 37.89631911], [-122.55700004, 37.89632813], [-122.55704553, 37.8963283], [-122.55704548, 37.89633731], [-122.5570796, 37.89633744], [-122.55707954, 37.89634645], [-122.55711366, 37.89634658], [-122.55711361, 37.89635559], [-122.55712498, 37.89635564], [-122.55712493, 37.89636465], [-122.5571363, 37.89636469], [-122.55713625, 37.8963737], [-122.55714762, 37.89637375], [-122.55714757, 37.89638276], [-122.55715894, 37.8963828], [-122.55715889, 37.89639182], [-122.55717026, 37.89639186], [-122.55717015, 37.89640988], [-122.55718153, 37.89640993], [-122.55718147, 37.89641894], [-122.55719285, 37.89641898], [-122.55719274, 37.89643701], [-122.55720411, 37.89643705], [-122.557204, 37.89645508], [-122.55721538, 37.89645512], [-122.55721532, 37.89646413], [-122.5572267, 37.89646418], [-122.55722648, 37.89650023], [-122.55723785, 37.89650027], [-122.55723764, 37.89653632], [-122.55724901, 37.89653636], [-122.55724863, 37.89659945], [-122.55726001, 37.8965995], [-122.5572599, 37.89661752], [-122.55724853, 37.89661748], [-122.55724847, 37.89662649], [-122.5572371, 37.89662645], [-122.55723704, 37.89663546], [-122.55722567, 37.89663542], [-122.55722556, 37.89665344], [-122.55723694, 37.89665349], [-122.55723688, 37.8966625], [-122.55724826, 37.89666254], [-122.5572482, 37.89667155], [-122.55725958, 37.8966716], [-122.55725952, 37.89668061], [-122.55727089, 37.89668065], [-122.55727084, 37.89668967], [-122.55728221, 37.89668971], [-122.55728216, 37.89669872], [-122.55729353, 37.89669876], [-122.55729348, 37.89670778], [-122.55731623, 37.89670786], [-122.55731617, 37.89671688], [-122.55732755, 37.89671692], [-122.55732749, 37.89672593], [-122.55733887, 37.89672597], [-122.55733881, 37.89673499], [-122.55736156, 37.89673507], [-122.55736151, 37.89674408], [-122.55737288, 37.89674413], [-122.55737283, 37.89675314], [-122.5573842, 37.89675318], [-122.55738415, 37.8967622], [-122.55739552, 37.89676224], [-122.55739546, 37.89677125], [-122.55740684, 37.89677129], [-122.55740678, 37.89678031], [-122.55741816, 37.89678035], [-122.5574181, 37.89678936], [-122.55742948, 37.89678941], [-122.55742942, 37.89679842], [-122.5574408, 37.89679846], [-122.55744074, 37.89680747], [-122.55746349, 37.89680756], [-122.55746344, 37.89681657], [-122.55749756, 37.8968167], [-122.5574975, 37.89682571], [-122.55752025, 37.8968258], [-122.55752014, 37.89684382], [-122.55753152, 37.89684387], [-122.55753146, 37.89685288], [-122.55754284, 37.89685292], [-122.55754278, 37.89686194], [-122.55755416, 37.89686198], [-122.5575541, 37.89687099], [-122.55756548, 37.89687103], [-122.55756537, 37.89688906], [-122.55757674, 37.8968891], [-122.55757669, 37.89689811], [-122.55759943, 37.8968982], [-122.55759938, 37.89690721], [-122.55762213, 37.8969073], [-122.55762218, 37.89689829], [-122.55764493, 37.89689837], [-122.55764482, 37.8969164], [-122.55765619, 37.89691644], [-122.55765603, 37.89694348], [-122.55766741, 37.89694352], [-122.5576673, 37.89696155], [-122.55767867, 37.89696159], [-122.55767846, 37.89699764], [-122.55768983, 37.89699768], [-122.55768951, 37.89705176], [-122.55767813, 37.89705172], [-122.55767792, 37.89708777], [-122.55766654, 37.89708773], [-122.55766633, 37.89712378], [-122.55765495, 37.89712373], [-122.5576549, 37.89713275], [-122.55764353, 37.8971327], [-122.55764342, 37.89715073], [-122.55763204, 37.89715069], [-122.55763199, 37.8971597], [-122.55762062, 37.89715966], [-122.55762035, 37.89720472], [-122.55760897, 37.89720468], [-122.55760887, 37.8972227], [-122.55759749, 37.89722266], [-122.55759733, 37.8972497], [-122.55758596, 37.89724966], [-122.55758585, 37.89726768], [-122.55757448, 37.89726764], [-122.55757431, 37.89729468], [-122.55756294, 37.89729463], [-122.55756289, 37.89730365], [-122.55752876, 37.89730352], [-122.55752866, 37.89732154], [-122.55751728, 37.8973215], [-122.55751718, 37.89733953], [-122.5575058, 37.89733948], [-122.55750575, 37.8973485], [-122.55751712, 37.89734854], [-122.55751707, 37.89735755], [-122.55750569, 37.89735751], [-122.55750521, 37.89743863], [-122.55749383, 37.89743858], [-122.55749378, 37.8974476], [-122.55750515, 37.89744764], [-122.55750483, 37.89750171], [-122.5575162, 37.89750176], [-122.5575161, 37.89751978], [-122.55752747, 37.89751983], [-122.55752731, 37.89754686], [-122.55753868, 37.89754691], [-122.55753852, 37.89757395], [-122.55754989, 37.89757399], [-122.55754979, 37.89759201], [-122.55756116, 37.89759206], [-122.55756111, 37.89760107], [-122.55757248, 37.89760111], [-122.55757243, 37.89761012], [-122.55759517, 37.89761021], [-122.55759512, 37.89761922], [-122.55760649, 37.89761927], [-122.55760638, 37.89763729], [-122.55761776, 37.89763733], [-122.55761765, 37.89765536], [-122.55762902, 37.8976554], [-122.55762897, 37.89766442], [-122.55764034, 37.89766446], [-122.55764029, 37.89767347], [-122.55765166, 37.89767351], [-122.55765156, 37.89769154], [-122.55766293, 37.89769158], [-122.55766282, 37.89770961], [-122.5576742, 37.89770965], [-122.55767414, 37.89771866], [-122.55768552, 37.89771871], [-122.55768546, 37.89772772], [-122.55769684, 37.89772776], [-122.55769678, 37.89773677], [-122.55770816, 37.89773682], [-122.5577081, 37.89774583], [-122.55771947, 37.89774587], [-122.55771942, 37.89775489], [-122.55773079, 37.89775493], [-122.55773074, 37.89776394], [-122.55771937, 37.8977639], [-122.55771921, 37.89779094], [-122.55773058, 37.89779098], [-122.55773047, 37.897809], [-122.55774184, 37.89780905], [-122.55774174, 37.89782707], [-122.55775311, 37.89782712], [-122.557753, 37.89784514], [-122.55777575, 37.89784523], [-122.5577757, 37.89785424], [-122.55778707, 37.89785428], [-122.55778702, 37.8978633], [-122.55782114, 37.89786342], [-122.55782108, 37.89787244], [-122.55783246, 37.89787248], [-122.5578324, 37.89788149], [-122.55785515, 37.89788158], [-122.5578551, 37.89789059], [-122.55786647, 37.89789063], [-122.55786636, 37.89790866], [-122.55787774, 37.8979087], [-122.55787768, 37.89791771], [-122.55788906, 37.89791776], [-122.557889, 37.89792677], [-122.5579345, 37.89792694], [-122.55793439, 37.89794497], [-122.55794576, 37.89794501], [-122.55794566, 37.89796303], [-122.55797978, 37.89796316], [-122.55797972, 37.89797217], [-122.5579911, 37.89797222], [-122.55799104, 37.89798123], [-122.55800242, 37.89798127], [-122.55800231, 37.8979993], [-122.55802506, 37.89799938], [-122.558025, 37.8980084], [-122.55804775, 37.89800848], [-122.5580477, 37.89801749], [-122.55807044, 37.89801758], [-122.55807039, 37.89802659], [-122.55815001, 37.89802689], [-122.55814995, 37.8980359], [-122.55816133, 37.89803595], [-122.55816127, 37.89804496], [-122.55817265, 37.898045], [-122.55817259, 37.89805402], [-122.55818397, 37.89805406], [-122.55818391, 37.89806307], [-122.55821803, 37.8980632], [-122.55821809, 37.89805419], [-122.55827496, 37.8980544], [-122.55827501, 37.89804539], [-122.55830913, 37.89804552], [-122.55830919, 37.8980365], [-122.55834331, 37.89803663], [-122.55834336, 37.89802762], [-122.55840023, 37.89802783], [-122.55840028, 37.89801882], [-122.55842303, 37.8980189], [-122.55842298, 37.89802792], [-122.55844573, 37.898028], [-122.55844567, 37.89803701], [-122.55845705, 37.89803706], [-122.55845694, 37.89805508], [-122.55846557, 37.89805512], [-122.55846293, 37.89805939], [-122.55846139, 37.89806187], [-122.55846073, 37.89806294], [-122.55845732, 37.89806845], [-122.558411, 37.89814333], [-122.55839288, 37.89817013], [-122.55835844, 37.89822107], [-122.55835542, 37.89823749], [-122.55830813, 37.89849463], [-122.55848616, 37.89865429], [-122.55844285, 37.89884699], [-122.55844019, 37.89885189], [-122.5584032, 37.89892006], [-122.55845121, 37.89898419], [-122.55847129, 37.89904457], [-122.55847304, 37.89904986], [-122.55849174, 37.89910638], [-122.55842067, 37.89924814], [-122.55839802, 37.89928574], [-122.55872807, 37.8991824], [-122.55879149, 37.89917261], [-122.55879143, 37.89918296], [-122.55878005, 37.89918292]]]}, "properties": {"id": 24, "elev_class": 5, "fill_color": "#dfc389", "elev_range_ft": "444-578 ft", "area_m2": 166648.5, "area_acres": 41.1797, "n_pixels": 167627, "elev_mean_ft": 508.5, "elev_min_ft": 444.3, "elev_max_ft": 578.5, "clipped_to_aoi": true}}, {"type": "Feature", "geometry": {"type": "Polygon", "coordinates": [[[-122.55061493, 37.89331161], [-122.55052395, 37.89331126], [-122.550524, 37.89330225], [-122.55044439, 37.89330195], [-122.55044444, 37.89329293], [-122.55041033, 37.8932928], [-122.55041038, 37.89328379], [-122.55038763, 37.8932837], [-122.55038769, 37.89327469], [-122.55036494, 37.8932746], [-122.550365, 37.89326559], [-122.55035362, 37.89326555], [-122.55035367, 37.89325821], [-122.55068315, 37.89332088], [-122.55061488, 37.89332062], [-122.55061493, 37.89331161]]]}, "properties": {"id": 25, "elev_class": 5, "fill_color": "#dfc389", "elev_range_ft": "444-578 ft", "area_m2": 43.8, "area_acres": 0.0108, "n_pixels": 62, "elev_mean_ft": 446.0, "elev_min_ft": 444.5, "elev_max_ft": 448.2, "clipped_to_aoi": true}}, {"type": "Feature", "geometry": {"type": "Polygon", "coordinates": [[[-122.55033095, 37.89325389], [-122.55034469, 37.8932565], [-122.55033093, 37.89325645], [-122.55033095, 37.89325389]]]}, "properties": {"id": 26, "elev_class": 5, "fill_color": "#dfc389", "elev_range_ft": "444-578 ft", "area_m2": 0.2, "area_acres": 0.0, "n_pixels": 2, "elev_mean_ft": 444.8, "elev_min_ft": 444.4, "elev_max_ft": 445.2, "clipped_to_aoi": true}}, {"type": "Feature", "geometry": {"type": "Polygon", "coordinates": [[[-122.550263, 37.89320657], [-122.5502657, 37.89321113], [-122.55026297, 37.89321112], [-122.550263, 37.89320657]]]}, "properties": {"id": 27, "elev_class": 5, "fill_color": "#dfc389", "elev_range_ft": "444-578 ft", "area_m2": 0.1, "area_acres": 0.0, "n_pixels": 1, "elev_mean_ft": 444.5, "elev_min_ft": 444.5, "elev_max_ft": 444.5, "clipped_to_aoi": true}}, {"type": "Feature", "geometry": {"type": "Polygon", "coordinates": [[[-122.55025174, 37.89318756], [-122.550255, 37.89319307], [-122.55025171, 37.89319305], [-122.55025174, 37.89318756]]]}, "properties": {"id": 28, "elev_class": 5, "fill_color": "#dfc389", "elev_range_ft": "444-578 ft", "area_m2": 0.1, "area_acres": 0.0, "n_pixels": 1, "elev_mean_ft": 445.1, "elev_min_ft": 445.1, "elev_max_ft": 445.1, "clipped_to_aoi": true}}, {"type": "Feature", "geometry": {"type": "Polygon", "coordinates": [[[-122.55024048, 37.89316854], [-122.55024965, 37.89318403], [-122.55024039, 37.893184], [-122.55024048, 37.89316854]]]}, "properties": {"id": 29, "elev_class": 5, "fill_color": "#dfc389", "elev_range_ft": "444-578 ft", "area_m2": 0.7, "area_acres": 0.0002, "n_pixels": 2, "elev_mean_ft": 445.3, "elev_min_ft": 444.5, "elev_max_ft": 446.1, "clipped_to_aoi": true}}, {"type": "Feature", "geometry": {"type": "Polygon", "coordinates": [[[-122.55022922, 37.89314953], [-122.55023896, 37.89316597], [-122.55022912, 37.89316593], [-122.55022922, 37.89314953]]]}, "properties": {"id": 30, "elev_class": 5, "fill_color": "#dfc389", "elev_range_ft": "444-578 ft", "area_m2": 0.8, "area_acres": 0.0002, "n_pixels": 2, "elev_mean_ft": 445.5, "elev_min_ft": 445.1, "elev_max_ft": 445.9, "clipped_to_aoi": true}}, {"type": "Feature", "geometry": {"type": "Polygon", "coordinates": [[[-122.55021797, 37.89313051], [-122.55022826, 37.8931479], [-122.55021786, 37.89314786], [-122.55021797, 37.89313051]]]}, "properties": {"id": 31, "elev_class": 5, "fill_color": "#dfc389", "elev_range_ft": "444-578 ft", "area_m2": 0.9, "area_acres": 0.0002, "n_pixels": 2, "elev_mean_ft": 444.9, "elev_min_ft": 444.7, "elev_max_ft": 445.1, "clipped_to_aoi": true}}, {"type": "Feature", "geometry": {"type": "Polygon", "coordinates": [[[-122.53982651, 37.89253086], [-122.53982656, 37.89252185], [-122.53983794, 37.8925219], [-122.53983799, 37.89251288], [-122.53984937, 37.89251293], [-122.53984942, 37.89250392], [-122.5398608, 37.89250396], [-122.53986085, 37.89249495], [-122.5398836, 37.89249504], [-122.53988343, 37.89252207], [-122.53987206, 37.89252203], [-122.539872, 37.89253104], [-122.53982651, 37.89253086]]]}, "properties": {"id": 32, "elev_class": 3, "fill_color": "#cfe0a0", "elev_range_ft": "172-306 ft", "area_m2": 13.0, "area_acres": 0.0032, "n_pixels": 13, "elev_mean_ft": 172.0, "elev_min_ft": 171.9, "elev_max_ft": 172.1, "clipped_to_aoi": false}}, {"type": "Feature", "geometry": {"type": "Polygon", "coordinates": [[[-122.54007924, 37.89212627], [-122.54007935, 37.89210824], [-122.54009072, 37.89210829], [-122.54009083, 37.89209026], [-122.54010221, 37.89209031], [-122.54010215, 37.89209932], [-122.5401249, 37.89209941], [-122.54012478, 37.89211743], [-122.54011341, 37.89211739], [-122.54011335, 37.8921264], [-122.54007924, 37.89212627]]]}, "properties": {"id": 33, "elev_class": 3, "fill_color": "#cfe0a0", "elev_range_ft": "172-306 ft", "area_m2": 11.0, "area_acres": 0.0027, "n_pixels": 11, "elev_mean_ft": 172.4, "elev_min_ft": 171.9, "elev_max_ft": 173.3, "clipped_to_aoi": false}}, {"type": "Feature", "geometry": {"type": "Polygon", "coordinates": [[[-122.53371004, 37.8921643], [-122.53370993, 37.89218233], [-122.53369855, 37.89218228], [-122.5336985, 37.89219129], [-122.53368712, 37.89219125], [-122.53368695, 37.89221829], [-122.53367558, 37.89221824], [-122.53367547, 37.89223627], [-122.53366409, 37.89223622], [-122.53366404, 37.89224524], [-122.53365266, 37.89224519], [-122.53365261, 37.8922542], [-122.53362986, 37.89225411], [-122.5336298, 37.89226313], [-122.53361843, 37.89226308], [-122.53361826, 37.89229012], [-122.53360689, 37.89229007], [-122.53360672, 37.89231711], [-122.53359534, 37.89231707], [-122.53359523, 37.89233509], [-122.5336066, 37.89233514], [-122.53360655, 37.89234415], [-122.53361792, 37.8923442], [-122.53361786, 37.89235321], [-122.53364061, 37.8923533], [-122.53364055, 37.89236231], [-122.53365192, 37.89236236], [-122.53365175, 37.8923894], [-122.53364038, 37.89238935], [-122.53363993, 37.89246145], [-122.53362855, 37.89246141], [-122.5336285, 37.89247042], [-122.53361712, 37.89247037], [-122.53361707, 37.89247939], [-122.53362844, 37.89247943], [-122.53362838, 37.89248845], [-122.53363976, 37.89248849], [-122.5336397, 37.8924975], [-122.53365107, 37.89249755], [-122.53365096, 37.89251557], [-122.53363958, 37.89251553], [-122.53363953, 37.89252454], [-122.53362815, 37.8925245], [-122.53362804, 37.89254252], [-122.53361667, 37.89254248], [-122.53361616, 37.89262359], [-122.53360478, 37.89262355], [-122.53360467, 37.89264157], [-122.53361604, 37.89264162], [-122.53361599, 37.89265063], [-122.53360461, 37.89265059], [-122.53360439, 37.89268664], [-122.53361576, 37.89268668], [-122.53361553, 37.89272273], [-122.53359279, 37.89272264], [-122.53359273, 37.89273165], [-122.5336041, 37.8927317], [-122.53360404, 37.89274071], [-122.53361542, 37.89274076], [-122.5336153, 37.89275878], [-122.53362668, 37.89275883], [-122.53362656, 37.89277685], [-122.53363794, 37.8927769], [-122.53363788, 37.89278591], [-122.53364925, 37.89278596], [-122.5336492, 37.89279497], [-122.53366057, 37.89279501], [-122.53366051, 37.89280403], [-122.53367188, 37.89280407], [-122.53367183, 37.89281309], [-122.5336832, 37.89281313], [-122.53368286, 37.89286721], [-122.53367149, 37.89286716], [-122.53367143, 37.89287617], [-122.53366006, 37.89287613], [-122.53366, 37.89288514], [-122.53367137, 37.89288519], [-122.53367132, 37.8928942], [-122.53369406, 37.89289429], [-122.533694, 37.8929033], [-122.53375087, 37.89290353], [-122.53375081, 37.89291254], [-122.53377356, 37.89291263], [-122.5337735, 37.89292164], [-122.53386449, 37.892922], [-122.53386443, 37.89293102], [-122.53398953, 37.89293151], [-122.53398959, 37.8929225], [-122.53404645, 37.89292272], [-122.53404651, 37.89291371], [-122.53405788, 37.89291376], [-122.53405794, 37.89290474], [-122.53406931, 37.89290479], [-122.53406937, 37.89289578], [-122.53409212, 37.89289587], [-122.53409206, 37.89290488], [-122.5341148, 37.89290497], [-122.53411475, 37.89291398], [-122.53417161, 37.89291421], [-122.53417167, 37.89290519], [-122.53422853, 37.89290542], [-122.53422848, 37.89291443], [-122.53423985, 37.89291448], [-122.53423991, 37.89290546], [-122.53425128, 37.89290551], [-122.53425122, 37.89291452], [-122.5342626, 37.89291457], [-122.53426254, 37.89292358], [-122.53425117, 37.89292353], [-122.53425111, 37.89293255], [-122.53426248, 37.89293259], [-122.53426237, 37.89295062], [-122.53427374, 37.89295066], [-122.53427369, 37.89295968], [-122.53428506, 37.89295972], [-122.534285, 37.89296873], [-122.53431912, 37.89296887], [-122.53431906, 37.89297788], [-122.53434181, 37.89297797], [-122.53434175, 37.89298698], [-122.53435313, 37.89298703], [-122.53435307, 37.89299604], [-122.53436444, 37.89299609], [-122.53436433, 37.89301411], [-122.53438707, 37.8930142], [-122.53438702, 37.89302322], [-122.53439839, 37.89302326], [-122.53439833, 37.89303227], [-122.53440971, 37.89303232], [-122.53440965, 37.89304133], [-122.53442102, 37.89304138], [-122.53442097, 37.89305039], [-122.53443234, 37.89305043], [-122.53443228, 37.89305945], [-122.53444366, 37.89305949], [-122.53444343, 37.89309554], [-122.5344548, 37.89309559], [-122.53445452, 37.89314065], [-122.53446589, 37.8931407], [-122.53446544, 37.8932128], [-122.53447681, 37.89321284], [-122.53447675, 37.89322186], [-122.53446538, 37.89322181], [-122.53446527, 37.89323984], [-122.53447664, 37.89323988], [-122.53447653, 37.89325791], [-122.53453339, 37.89325813], [-122.53453282, 37.89334826], [-122.5345442, 37.8933483], [-122.53454391, 37.89339337], [-122.53455529, 37.89339341], [-122.53455506, 37.89342946], [-122.53456643, 37.89342951], [-122.53456632, 37.89344753], [-122.53457769, 37.89344758], [-122.53457758, 37.89346561], [-122.53458895, 37.89346565], [-122.53458884, 37.89348368], [-122.53460021, 37.89348372], [-122.5346001, 37.89350175], [-122.53461147, 37.89350179], [-122.53461141, 37.8935108], [-122.53462279, 37.89351085], [-122.53462284, 37.89350184], [-122.53463422, 37.89350188], [-122.53463416, 37.89351089], [-122.53467965, 37.89351107], [-122.5346796, 37.89352009], [-122.53472509, 37.89352027], [-122.53472503, 37.89352928], [-122.53477052, 37.89352946], [-122.53477047, 37.89353847], [-122.53483871, 37.89353874], [-122.53483865, 37.89354775], [-122.53487277, 37.89354789], [-122.53487282, 37.89353888], [-122.5348842, 37.89353892], [-122.53488414, 37.89354793], [-122.53496375, 37.89354825], [-122.53496381, 37.89353924], [-122.53506617, 37.89353964], [-122.53506622, 37.89353063], [-122.53511172, 37.89353081], [-122.53511166, 37.89353982], [-122.5351799, 37.89354009], [-122.53517995, 37.89353108], [-122.53524819, 37.89353135], [-122.53524825, 37.89352233], [-122.535271, 37.89352242], [-122.53527105, 37.89351341], [-122.53535066, 37.89351372], [-122.53535061, 37.89352274], [-122.53536198, 37.89352278], [-122.53536192, 37.89353179], [-122.5353733, 37.89353184], [-122.53537324, 37.89354085], [-122.53538461, 37.8935409], [-122.53538456, 37.89354991], [-122.53539593, 37.89354995], [-122.53539582, 37.89356798], [-122.53540719, 37.89356803], [-122.53540713, 37.89357704], [-122.53545262, 37.89357722], [-122.53545268, 37.8935682], [-122.5354868, 37.89356834], [-122.53548686, 37.89355933], [-122.53553235, 37.89355951], [-122.53553241, 37.89355049], [-122.53556653, 37.89355063], [-122.53556658, 37.89354162], [-122.5356007, 37.89354175], [-122.53560076, 37.89353274], [-122.53561213, 37.89353278], [-122.53561219, 37.89352377], [-122.53563493, 37.89352386], [-122.53563488, 37.89353287], [-122.53572586, 37.89353323], [-122.53572592, 37.89352422], [-122.53577141, 37.8935244], [-122.53577147, 37.89351538], [-122.53580559, 37.89351552], [-122.53580564, 37.89350651], [-122.53582839, 37.8935066], [-122.53582845, 37.89349758], [-122.53585119, 37.89349767], [-122.53585125, 37.89348866], [-122.53586262, 37.89348871], [-122.53586268, 37.89347969], [-122.53588542, 37.89347978], [-122.53588548, 37.89347077], [-122.53589685, 37.89347081], [-122.53589697, 37.89345279], [-122.53590834, 37.89345283], [-122.5359084, 37.89344382], [-122.53591977, 37.89344387], [-122.53591994, 37.89341683], [-122.53593131, 37.89341687], [-122.53593143, 37.89339885], [-122.5359428, 37.89339889], [-122.53594297, 37.89337185], [-122.53595434, 37.8933719], [-122.53595457, 37.89333585], [-122.53596594, 37.89333589], [-122.53596634, 37.8932728], [-122.53597771, 37.89327285], [-122.53597799, 37.89322778], [-122.53598937, 37.89322783], [-122.53598954, 37.89320079], [-122.53600091, 37.89320083], [-122.53600136, 37.89312873], [-122.53601273, 37.89312878], [-122.53601279, 37.89311976], [-122.53602416, 37.89311981], [-122.53602422, 37.8931108], [-122.53603559, 37.89311084], [-122.53603565, 37.89310183], [-122.53604702, 37.89310187], [-122.53604708, 37.89309286], [-122.53606982, 37.89309295], [-122.53606988, 37.89308394], [-122.53609263, 37.89308403], [-122.53609268, 37.89307501], [-122.53611543, 37.8930751], [-122.53611549, 37.89306609], [-122.53618372, 37.89306636], [-122.53618378, 37.89305735], [-122.53627477, 37.89305771], [-122.53627471, 37.89306672], [-122.5363202, 37.8930669], [-122.53632014, 37.89307591], [-122.53636564, 37.89307609], [-122.53636558, 37.8930851], [-122.53638833, 37.89308519], [-122.53638827, 37.8930942], [-122.5363769, 37.89309416], [-122.53637673, 37.8931212], [-122.5363881, 37.89312124], [-122.53638804, 37.89313026], [-122.53639942, 37.8931303], [-122.53639936, 37.89313931], [-122.53642211, 37.8931394], [-122.53642205, 37.89314842], [-122.53644479, 37.89314851], [-122.53644485, 37.89313949], [-122.5364676, 37.89313958], [-122.53646771, 37.89312156], [-122.53647908, 37.8931216], [-122.53647914, 37.89311259], [-122.53646777, 37.89311254], [-122.53646788, 37.89309452], [-122.536502, 37.89309465], [-122.53650206, 37.89308564], [-122.53661579, 37.89308609], [-122.53661584, 37.89307708], [-122.5367182, 37.89307748], [-122.53671814, 37.89308649], [-122.53674089, 37.89308658], [-122.53674095, 37.89307757], [-122.53676369, 37.89307766], [-122.53676363, 37.89308667], [-122.53690011, 37.89308721], [-122.53689988, 37.89312326], [-122.53688851, 37.89312321], [-122.53688846, 37.89313223], [-122.53687708, 37.89313218], [-122.53687703, 37.89314119], [-122.5368884, 37.89314124], [-122.53688834, 37.89315025], [-122.53691109, 37.89315034], [-122.53691103, 37.89315935], [-122.53692241, 37.8931594], [-122.53692235, 37.89316841], [-122.53693372, 37.89316846], [-122.53693367, 37.89317747], [-122.53696778, 37.8931776], [-122.53696773, 37.89318662], [-122.53708146, 37.89318706], [-122.53708151, 37.89317805], [-122.53710426, 37.89317814], [-122.53710432, 37.89316913], [-122.53711569, 37.89316917], [-122.53711575, 37.89316016], [-122.53712712, 37.8931602], [-122.53712723, 37.89314218], [-122.53713861, 37.89314222], [-122.53713866, 37.89313321], [-122.53715003, 37.89313325], [-122.53715015, 37.89311523], [-122.53716152, 37.89311527], [-122.53716163, 37.89309725], [-122.53717301, 37.89309729], [-122.53717306, 37.89308828], [-122.53718444, 37.89308832], [-122.53718455, 37.8930703], [-122.53719592, 37.89307034], [-122.53719609, 37.89304331], [-122.53720746, 37.89304335], [-122.5372078, 37.89298927], [-122.53721918, 37.89298932], [-122.5372194, 37.89295327], [-122.53723077, 37.89295331], [-122.537231, 37.89291726], [-122.53724237, 37.89291731], [-122.5372426, 37.89288125], [-122.53725397, 37.8928813], [-122.53725414, 37.89285426], [-122.53726551, 37.89285431], [-122.5372658, 37.89280924], [-122.53727717, 37.89280929], [-122.53727745, 37.89276422], [-122.53728882, 37.89276427], [-122.53728894, 37.89274624], [-122.53732306, 37.89274638], [-122.53732311, 37.89273736], [-122.53733448, 37.89273741], [-122.53733454, 37.8927284], [-122.53734591, 37.89272844], [-122.53734603, 37.89271041], [-122.53740289, 37.89271064], [-122.53740284, 37.89271965], [-122.53741421, 37.8927197], [-122.53741415, 37.89272871], [-122.53742552, 37.89272875], [-122.53742547, 37.89273777], [-122.53743684, 37.89273781], [-122.53743673, 37.89275584], [-122.5374481, 37.89275588], [-122.53744799, 37.89277391], [-122.53745936, 37.89277395], [-122.53745925, 37.89279198], [-122.53747062, 37.89279202], [-122.53747045, 37.89281906], [-122.53748183, 37.8928191], [-122.53748166, 37.89284614], [-122.53749303, 37.89284619], [-122.53749292, 37.89286421], [-122.53750429, 37.89286426], [-122.53750418, 37.89288228], [-122.53751555, 37.89288233], [-122.53751544, 37.89290035], [-122.53752681, 37.8929004], [-122.53752675, 37.89290941], [-122.53753813, 37.89290946], [-122.53753807, 37.89291847], [-122.53754944, 37.89291851], [-122.53754933, 37.89293654], [-122.5375607, 37.89293658], [-122.53756065, 37.8929456], [-122.53757202, 37.89294564], [-122.53757196, 37.89295465], [-122.53758334, 37.8929547], [-122.53758328, 37.89296371], [-122.53760603, 37.8929638], [-122.53760597, 37.89297281], [-122.53761734, 37.89297286], [-122.53761729, 37.89298187], [-122.53762866, 37.89298191], [-122.5376286, 37.89299093], [-122.53765135, 37.89299102], [-122.53765129, 37.89300003], [-122.53766267, 37.89300007], [-122.53766261, 37.89300909], [-122.53767398, 37.89300913], [-122.53767393, 37.89301814], [-122.5376853, 37.89301819], [-122.53768524, 37.8930272], [-122.53769662, 37.89302725], [-122.53769656, 37.89303626], [-122.53771931, 37.89303635], [-122.53771925, 37.89304536], [-122.53773062, 37.89304541], [-122.53773057, 37.89305442], [-122.53774194, 37.89305446], [-122.53774183, 37.89307249], [-122.5377532, 37.89307253], [-122.53775314, 37.89308155], [-122.53776452, 37.89308159], [-122.5377644, 37.89309962], [-122.53777578, 37.89309966], [-122.53777572, 37.89310867], [-122.53778709, 37.89310872], [-122.53778704, 37.89311773], [-122.53779841, 37.89311778], [-122.53779835, 37.89312679], [-122.53780973, 37.89312683], [-122.53780967, 37.89313585], [-122.53782104, 37.89313589], [-122.53782099, 37.8931449], [-122.53783236, 37.89314495], [-122.5378323, 37.89315396], [-122.53784368, 37.89315401], [-122.53784356, 37.89317203], [-122.53785494, 37.89317208], [-122.53785488, 37.89318109], [-122.53791174, 37.89318131], [-122.5379118, 37.8931723], [-122.53798004, 37.89317257], [-122.5379801, 37.89316355], [-122.53800284, 37.89316364], [-122.5380029, 37.89315463], [-122.53808251, 37.89315494], [-122.53808262, 37.89313692], [-122.53809399, 37.89313696], [-122.53809416, 37.89310992], [-122.53810554, 37.89310997], [-122.53810604, 37.89302885], [-122.53811742, 37.8930289], [-122.53811759, 37.89300186], [-122.53812896, 37.8930019], [-122.53812907, 37.89298388], [-122.53814044, 37.89298392], [-122.53814056, 37.8929659], [-122.5381633, 37.89296599], [-122.53816336, 37.89295697], [-122.53817473, 37.89295702], [-122.53817484, 37.89293899], [-122.53818622, 37.89293904], [-122.53818633, 37.89292101], [-122.5381977, 37.89292106], [-122.53819782, 37.89290303], [-122.53820919, 37.89290308], [-122.5382093, 37.89288505], [-122.53822067, 37.8928851], [-122.53822084, 37.89285806], [-122.53823222, 37.8928581], [-122.53823238, 37.89283106], [-122.53824376, 37.89283111], [-122.53824398, 37.89279506], [-122.53825536, 37.8927951], [-122.53825547, 37.89277708], [-122.53826684, 37.89277712], [-122.5382669, 37.89276811], [-122.53827827, 37.89276815], [-122.53827833, 37.89275914], [-122.5382897, 37.89275918], [-122.53828976, 37.89275017], [-122.5383125, 37.89275026], [-122.53831256, 37.89274125], [-122.53834668, 37.89274138], [-122.53834673, 37.89273237], [-122.53835811, 37.89273241], [-122.53835816, 37.8927234], [-122.53836954, 37.89272345], [-122.53836959, 37.89271443], [-122.53838097, 37.89271448], [-122.53838091, 37.89272349], [-122.53839228, 37.89272353], [-122.53839223, 37.89273255], [-122.5384036, 37.89273259], [-122.53840354, 37.89274161], [-122.53841492, 37.89274165], [-122.53841486, 37.89275066], [-122.53842623, 37.89275071], [-122.53842618, 37.89275972], [-122.53844892, 37.89275981], [-122.53844881, 37.89277783], [-122.53846018, 37.89277788], [-122.53846013, 37.89278689], [-122.5384715, 37.89278694], [-122.53847144, 37.89279595], [-122.53848282, 37.89279599], [-122.5384827, 37.89281402], [-122.53849408, 37.89281406], [-122.53849396, 37.89283209], [-122.53850534, 37.89283213], [-122.53850528, 37.89284115], [-122.53851665, 37.89284119], [-122.5385166, 37.8928502], [-122.53853934, 37.89285029], [-122.53853923, 37.89286832], [-122.5385506, 37.89286836], [-122.53855055, 37.89287738], [-122.53856192, 37.89287742], [-122.53856181, 37.89289545], [-122.53857318, 37.89289549], [-122.53857312, 37.8929045], [-122.5385845, 37.89290455], [-122.53858438, 37.89292257], [-122.53859576, 37.89292262], [-122.53859564, 37.89294064], [-122.53860702, 37.89294069], [-122.53860696, 37.8929497], [-122.53861833, 37.89294975], [-122.53861822, 37.89296777], [-122.5386296, 37.89296782], [-122.53862954, 37.89297683], [-122.53864091, 37.89297687], [-122.53864086, 37.89298589], [-122.53865223, 37.89298593], [-122.53865217, 37.89299494], [-122.53866355, 37.89299499], [-122.53866349, 37.893004], [-122.53868624, 37.89300409], [-122.53868618, 37.8930131], [-122.53869755, 37.89301315], [-122.5386975, 37.89302216], [-122.53872024, 37.89302225], [-122.53872019, 37.89303126], [-122.53874293, 37.89303135], [-122.53874288, 37.89304036], [-122.53876562, 37.89304045], [-122.53876556, 37.89304947], [-122.53877694, 37.89304951], [-122.53877699, 37.8930405], [-122.53881111, 37.89304063], [-122.53881117, 37.89303162], [-122.53889078, 37.89303193], [-122.53889084, 37.89302292], [-122.5389477, 37.89302314], [-122.53894776, 37.89301413], [-122.53898188, 37.89301426], [-122.53898193, 37.89300525], [-122.53901605, 37.89300538], [-122.53901611, 37.89299637], [-122.53903885, 37.89299646], [-122.53903891, 37.89298745], [-122.53905028, 37.89298749], [-122.53905034, 37.89297848], [-122.53907309, 37.89297857], [-122.53907314, 37.89296955], [-122.53908451, 37.8929696], [-122.53908457, 37.89296059], [-122.53910732, 37.89296067], [-122.53910737, 37.89295166], [-122.53913012, 37.89295175], [-122.53913018, 37.89294274], [-122.53915292, 37.89294283], [-122.53915298, 37.89293381], [-122.53917572, 37.8929339], [-122.53917578, 37.89292489], [-122.5392099, 37.89292502], [-122.53920995, 37.89291601], [-122.53924407, 37.89291614], [-122.53924413, 37.89290713], [-122.53932374, 37.89290744], [-122.5393238, 37.89289843], [-122.53933517, 37.89289848], [-122.53933523, 37.89288946], [-122.5393466, 37.89288951], [-122.53934671, 37.89287148], [-122.53935808, 37.89287153], [-122.53935814, 37.89286251], [-122.53938089, 37.8928626], [-122.53938094, 37.89285359], [-122.53939232, 37.89285363], [-122.53939237, 37.89284462], [-122.53941512, 37.89284471], [-122.53941517, 37.8928357], [-122.53942655, 37.89283574], [-122.5394266, 37.89282673], [-122.53943798, 37.89282677], [-122.53943803, 37.89281776], [-122.53946078, 37.89281785], [-122.53946083, 37.89280884], [-122.53947221, 37.89280888], [-122.53947226, 37.89279987], [-122.53949501, 37.89279996], [-122.53949507, 37.89279095], [-122.53950644, 37.89279099], [-122.53950649, 37.89278198], [-122.53952924, 37.89278207], [-122.5395293, 37.89277305], [-122.53955204, 37.89277314], [-122.5395521, 37.89276413], [-122.53957484, 37.89276422], [-122.5395749, 37.89275521], [-122.53958627, 37.89275525], [-122.53958633, 37.89274624], [-122.5395977, 37.89274628], [-122.53959798, 37.89270122], [-122.53960936, 37.89270126], [-122.53960941, 37.89269225], [-122.53962079, 37.89269229], [-122.53962084, 37.89268328], [-122.53964359, 37.89268337], [-122.53964364, 37.89267436], [-122.53966639, 37.89267445], [-122.53966645, 37.89266543], [-122.53967782, 37.89266548], [-122.53967787, 37.89265647], [-122.53970062, 37.89265655], [-122.53970068, 37.89264754], [-122.53971205, 37.89264759], [-122.53971211, 37.89263857], [-122.53973485, 37.89263866], [-122.53973491, 37.89262965], [-122.53974628, 37.89262969], [-122.53974634, 37.89262068], [-122.53975771, 37.89262073], [-122.53975816, 37.89254862], [-122.53976953, 37.89254867], [-122.53976959, 37.89253966], [-122.53979233, 37.89253974], [-122.53979239, 37.89253073], [-122.53980376, 37.89253078], [-122.53980382, 37.89252176], [-122.53981519, 37.89252181], [-122.53981525, 37.89251279], [-122.53982662, 37.89251284], [-122.53982668, 37.89250383], [-122.53983805, 37.89250387], [-122.53983811, 37.89249486], [-122.53984948, 37.8924949], [-122.53984953, 37.89248589], [-122.53986091, 37.89248593], [-122.53986096, 37.89247692], [-122.53987234, 37.89247697], [-122.5398725, 37.89244993], [-122.53986113, 37.89244988], [-122.5398613, 37.89242284], [-122.53984993, 37.8924228], [-122.5398501, 37.89239576], [-122.53986147, 37.89239581], [-122.53986169, 37.89235976], [-122.53985032, 37.89235971], [-122.53985043, 37.89234169], [-122.5398618, 37.89234173], [-122.53986209, 37.89229667], [-122.53987346, 37.89229671], [-122.53987357, 37.89227868], [-122.5398622, 37.89227864], [-122.53986225, 37.89226963], [-122.53987363, 37.89226967], [-122.53987385, 37.89223362], [-122.53988522, 37.89223367], [-122.53988534, 37.89221564], [-122.53989671, 37.89221568], [-122.53989682, 37.89219766], [-122.53990819, 37.8921977], [-122.53990831, 37.89217968], [-122.53991968, 37.89217972], [-122.5399199, 37.89214367], [-122.53990853, 37.89214363], [-122.53990864, 37.8921256], [-122.53992002, 37.89212565], [-122.53992013, 37.89210762], [-122.5399315, 37.89210766], [-122.53993167, 37.89208063], [-122.53994304, 37.89208067], [-122.5399431, 37.89207166], [-122.53995447, 37.8920717], [-122.53995453, 37.89206269], [-122.54000002, 37.89206287], [-122.54000007, 37.89205385], [-122.54003419, 37.89205399], [-122.54003425, 37.89204497], [-122.54006837, 37.89204511], [-122.54006842, 37.8920361], [-122.54011391, 37.89203627], [-122.54011386, 37.89204529], [-122.54012523, 37.89204533], [-122.54012506, 37.89207237], [-122.54013644, 37.89207241], [-122.54013632, 37.89209044], [-122.54015907, 37.89209053], [-122.54015901, 37.89209954], [-122.54025, 37.8920999], [-122.54025005, 37.89209088], [-122.54026143, 37.89209093], [-122.54026131, 37.89210895], [-122.54027269, 37.892109], [-122.54027263, 37.89211801], [-122.540284, 37.89211805], [-122.54028389, 37.89213608], [-122.54029526, 37.89213612], [-122.54029515, 37.89215415], [-122.54030652, 37.89215419], [-122.54030647, 37.89216321], [-122.54032921, 37.8921633], [-122.54032916, 37.89217231], [-122.54034053, 37.89217235], [-122.54034048, 37.89218137], [-122.54035185, 37.89218141], [-122.54035179, 37.89219042], [-122.54037454, 37.89219051], [-122.54037448, 37.89219952], [-122.5404086, 37.89219966], [-122.54040854, 37.89220867], [-122.54054502, 37.8922092], [-122.54054507, 37.89220019], [-122.54059057, 37.89220037], [-122.54059062, 37.89219136], [-122.54062474, 37.89219149], [-122.5406248, 37.89218248], [-122.54064754, 37.89218256], [-122.5406476, 37.89217355], [-122.54065897, 37.8921736], [-122.54065903, 37.89216458], [-122.5406704, 37.89216463], [-122.54067046, 37.89215562], [-122.5406932, 37.8921557], [-122.54069326, 37.89214669], [-122.54070463, 37.89214674], [-122.54070469, 37.89213772], [-122.54071606, 37.89213777], [-122.54071612, 37.89212875], [-122.54072749, 37.8921288], [-122.5407276, 37.89211077], [-122.54073897, 37.89211082], [-122.54073903, 37.8921018], [-122.5407504, 37.89210185], [-122.54075051, 37.89208382], [-122.54076189, 37.89208387], [-122.540762, 37.89206584], [-122.54077337, 37.89206589], [-122.54077343, 37.89205687], [-122.5407848, 37.89205692], [-122.54078502, 37.89202087], [-122.5407964, 37.89202091], [-122.54079651, 37.89200289], [-122.54080788, 37.89200293], [-122.54080794, 37.89199392], [-122.54083068, 37.89199401], [-122.54083074, 37.89198499], [-122.54084211, 37.89198504], [-122.54084206, 37.89199405], [-122.54085343, 37.89199409], [-122.54085337, 37.89200311], [-122.54086475, 37.89200315], [-122.54086469, 37.89201216], [-122.54088744, 37.89201225], [-122.54088738, 37.89202127], [-122.54089875, 37.89202131], [-122.5408987, 37.89203032], [-122.54091007, 37.89203037], [-122.54091001, 37.89203938], [-122.54092139, 37.89203943], [-122.54092133, 37.89204844], [-122.5409327, 37.89204848], [-122.54093259, 37.89206651], [-122.54094396, 37.89206655], [-122.54094374, 37.8921026], [-122.54095511, 37.89210265], [-122.54095483, 37.89214771], [-122.54096621, 37.89214776], [-122.54096604, 37.89217479], [-122.54097741, 37.89217484], [-122.54097724, 37.89220188], [-122.54098862, 37.89220192], [-122.54098834, 37.89224698], [-122.54099971, 37.89224703], [-122.54099937, 37.89230111], [-122.54101075, 37.89230115], [-122.54101058, 37.89232819], [-122.54102195, 37.89232823], [-122.54102184, 37.89234626], [-122.54103321, 37.8923463], [-122.5410331, 37.89236433], [-122.54104447, 37.89236437], [-122.54104436, 37.8923824], [-122.54105574, 37.89238244], [-122.54105562, 37.89240047], [-122.541067, 37.89240051], [-122.54106694, 37.89240953], [-122.54107831, 37.89240957], [-122.54107826, 37.89241858], [-122.54108963, 37.89241863], [-122.54108957, 37.89242764], [-122.54110095, 37.89242768], [-122.54110089, 37.8924367], [-122.54111226, 37.89243674], [-122.54111221, 37.89244575], [-122.54112358, 37.8924458], [-122.54112352, 37.89245481], [-122.54119176, 37.89245508], [-122.54119182, 37.89244606], [-122.54122594, 37.8924462], [-122.54122599, 37.89243718], [-122.54126011, 37.89243732], [-122.54126006, 37.89244633], [-122.5412828, 37.89244642], [-122.54128275, 37.89245543], [-122.54132824, 37.89245561], [-122.54132829, 37.8924466], [-122.54135104, 37.89244668], [-122.5413511, 37.89243767], [-122.54137384, 37.89243776], [-122.5413739, 37.89242875], [-122.54138527, 37.89242879], [-122.54138533, 37.89241978], [-122.5413967, 37.89241982], [-122.54139675, 37.89241081], [-122.54140813, 37.89241085], [-122.54140818, 37.89240184], [-122.54143093, 37.89240193], [-122.54143098, 37.89239292], [-122.54144236, 37.89239296], [-122.54144241, 37.89238395], [-122.54145379, 37.89238399], [-122.54145384, 37.89237498], [-122.54147659, 37.89237507], [-122.54147664, 37.89236606], [-122.54148802, 37.8923661], [-122.54148807, 37.89235709], [-122.54149945, 37.89235713], [-122.5414995, 37.89234812], [-122.54152225, 37.89234821], [-122.5415223, 37.8923392], [-122.54153368, 37.89233924], [-122.54153373, 37.89233023], [-122.54154511, 37.89233027], [-122.54154516, 37.89232126], [-122.54155653, 37.8923213], [-122.54155659, 37.89231229], [-122.54156796, 37.89231233], [-122.54156802, 37.89230332], [-122.54157939, 37.89230337], [-122.54157945, 37.89229435], [-122.54159082, 37.8922944], [-122.54159088, 37.89228538], [-122.54162499, 37.89228552], [-122.54162494, 37.89229453], [-122.54163631, 37.89229457], [-122.54163626, 37.89230359], [-122.54162488, 37.89230354], [-122.54162449, 37.89236663], [-122.54163586, 37.89236668], [-122.54163564, 37.89240273], [-122.54164701, 37.89240277], [-122.54164679, 37.89243882], [-122.54165816, 37.89243887], [-122.541658, 37.89246591], [-122.54166937, 37.89246595], [-122.54166926, 37.89248398], [-122.54168063, 37.89248402], [-122.54168052, 37.89250205], [-122.54169189, 37.89250209], [-122.54169172, 37.89252913], [-122.5417031, 37.89252917], [-122.54170287, 37.89256522], [-122.54171425, 37.89256527], [-122.54171419, 37.89257428], [-122.54170282, 37.89257424], [-122.54170276, 37.89258325], [-122.54171413, 37.89258329], [-122.54171397, 37.89261033], [-122.54172534, 37.89261038], [-122.54172512, 37.89264643], [-122.54171374, 37.89264638], [-122.54171363, 37.89266441], [-122.54170226, 37.89266436], [-122.5417022, 37.89267338], [-122.54169083, 37.89267333], [-122.54169077, 37.89268235], [-122.5416794, 37.8926823], [-122.54167934, 37.89269131], [-122.54166797, 37.89269127], [-122.54166786, 37.8927093], [-122.54165649, 37.89270925], [-122.54165643, 37.89271826], [-122.54169055, 37.8927184], [-122.54169049, 37.89272741], [-122.54170187, 37.89272745], [-122.54170181, 37.89273647], [-122.54169044, 37.89273642], [-122.54169033, 37.89275445], [-122.54167895, 37.8927544], [-122.54167845, 37.89283552], [-122.54166708, 37.89283547], [-122.54166685, 37.89287153], [-122.54167823, 37.89287157], [-122.54167812, 37.8928896], [-122.54168949, 37.89288964], [-122.54168938, 37.89290766], [-122.541678, 37.89290762], [-122.54167789, 37.89292565], [-122.54166652, 37.8929256], [-122.54166646, 37.89293461], [-122.54165509, 37.89293457], [-122.54165498, 37.8929526], [-122.54164361, 37.89295255], [-122.54164355, 37.89296156], [-122.54163218, 37.89296152], [-122.54163206, 37.89297955], [-122.54162069, 37.8929795], [-122.54162064, 37.89298851], [-122.54160926, 37.89298847], [-122.5416091, 37.89301551], [-122.5415636, 37.89301533], [-122.54156349, 37.89303336], [-122.54157486, 37.8930334], [-122.54157481, 37.89304241], [-122.54158618, 37.89304246], [-122.54158607, 37.89306048], [-122.54159744, 37.89306053], [-122.54159739, 37.89306954], [-122.54160876, 37.89306958], [-122.5416087, 37.8930786], [-122.54162008, 37.89307864], [-122.54162002, 37.89308765], [-122.54165414, 37.89308779], [-122.54165397, 37.89311483], [-122.5416426, 37.89311478], [-122.54164249, 37.89313281], [-122.54163111, 37.89313276], [-122.54163106, 37.89314178], [-122.54161969, 37.89314173], [-122.54161957, 37.89315976], [-122.5416082, 37.89315971], [-122.54160809, 37.89317774], [-122.54159672, 37.89317769], [-122.54159666, 37.89318671], [-122.54158529, 37.89318666], [-122.54158518, 37.89320469], [-122.5415738, 37.89320464], [-122.54157375, 37.89321366], [-122.54156237, 37.89321361], [-122.54156226, 37.89323164], [-122.54155089, 37.89323159], [-122.54155078, 37.89324962], [-122.54152803, 37.89324953], [-122.54152792, 37.89326756], [-122.54151655, 37.89326751], [-122.54151649, 37.89327652], [-122.54152786, 37.89327657], [-122.54152742, 37.89334867], [-122.54153879, 37.89334872], [-122.54153868, 37.89336674], [-122.54155005, 37.89336679], [-122.54154999, 37.8933758], [-122.54156137, 37.89337584], [-122.54156131, 37.89338485], [-122.54157268, 37.8933849], [-122.54157263, 37.89339391], [-122.54160675, 37.89339404], [-122.54160669, 37.89340306], [-122.54162944, 37.89340315], [-122.54162938, 37.89341216], [-122.54164076, 37.8934122], [-122.5416407, 37.89342122], [-122.54165207, 37.89342126], [-122.54165202, 37.89343027], [-122.54166339, 37.89343032], [-122.54166333, 37.89343933], [-122.54168608, 37.89343942], [-122.54168602, 37.89344843], [-122.5416974, 37.89344848], [-122.54169734, 37.89345749], [-122.54172009, 37.89345758], [-122.54171998, 37.8934756], [-122.54174272, 37.89347569], [-122.54174267, 37.8934847], [-122.54178816, 37.89348488], [-122.5417881, 37.89349389], [-122.54187909, 37.89349425], [-122.54187903, 37.89350326], [-122.54192452, 37.89350344], [-122.54192447, 37.89351245], [-122.54196996, 37.89351263], [-122.5419699, 37.89352164], [-122.54199265, 37.89352173], [-122.54199259, 37.89353074], [-122.54202671, 37.89353087], [-122.54202666, 37.89353989], [-122.54206078, 37.89354002], [-122.54206072, 37.89354903], [-122.54210621, 37.89354921], [-122.54210616, 37.89355822], [-122.54214028, 37.89355836], [-122.54214022, 37.89356737], [-122.54216297, 37.89356746], [-122.54216291, 37.89357647], [-122.54217428, 37.89357651], [-122.54217423, 37.89358553], [-122.5421856, 37.89358557], [-122.54218555, 37.89359458], [-122.54219692, 37.89359463], [-122.54219681, 37.89361265], [-122.54220818, 37.8936127], [-122.54220812, 37.89362171], [-122.5422195, 37.89362175], [-122.54221933, 37.89364879], [-122.5422307, 37.89364884], [-122.54223048, 37.89368489], [-122.54224185, 37.89368493], [-122.54224135, 37.89376605], [-122.54225272, 37.89376609], [-122.54225261, 37.89378412], [-122.54226399, 37.89378416], [-122.54226376, 37.89382021], [-122.54225239, 37.89382017], [-122.54225217, 37.89385622], [-122.54226354, 37.89385626], [-122.54226348, 37.89386528], [-122.54227486, 37.89386532], [-122.5422748, 37.89387433], [-122.54228617, 37.89387438], [-122.54228612, 37.89388339], [-122.54230886, 37.89388348], [-122.54230881, 37.89389249], [-122.54232018, 37.89389254], [-122.54232013, 37.89390155], [-122.5423315, 37.89390159], [-122.54233144, 37.89391061], [-122.54234282, 37.89391065], [-122.54234276, 37.89391966], [-122.54235413, 37.89391971], [-122.54235408, 37.89392872], [-122.54236545, 37.89392876], [-122.5423654, 37.89393778], [-122.54237677, 37.89393782], [-122.54237671, 37.89394683], [-122.54238809, 37.89394688], [-122.54238803, 37.89395589], [-122.54241078, 37.89395598], [-122.54241066, 37.893974], [-122.54242204, 37.89397405], [-122.54242176, 37.89401911], [-122.54243313, 37.89401916], [-122.54243308, 37.89402817], [-122.54244445, 37.89402821], [-122.54244439, 37.89403723], [-122.54245577, 37.89403727], [-122.54245571, 37.89404628], [-122.54246708, 37.89404633], [-122.54246703, 37.89405534], [-122.5424784, 37.89405538], [-122.54247835, 37.8940644], [-122.54248972, 37.89406444], [-122.54248966, 37.89407345], [-122.54251241, 37.89407354], [-122.54251235, 37.89408256], [-122.5425351, 37.89408264], [-122.54253504, 37.89409166], [-122.54256916, 37.89409179], [-122.54256911, 37.8941008], [-122.54263735, 37.89410107], [-122.54263729, 37.89411008], [-122.54268278, 37.89411026], [-122.54268273, 37.89411927], [-122.54272822, 37.89411945], [-122.54272817, 37.89412846], [-122.54275091, 37.89412855], [-122.54275086, 37.89413756], [-122.54280772, 37.89413778], [-122.54280783, 37.89411976], [-122.54281921, 37.8941198], [-122.54281926, 37.89411079], [-122.54283064, 37.89411083], [-122.54283069, 37.89410182], [-122.54286481, 37.89410195], [-122.54286487, 37.89409294], [-122.54287624, 37.89409298], [-122.5428763, 37.89408397], [-122.54288767, 37.89408401], [-122.54288772, 37.894075], [-122.54294459, 37.89407522], [-122.54294453, 37.89408423], [-122.54297865, 37.89408437], [-122.54297871, 37.89407535], [-122.5430242, 37.89407553], [-122.54302415, 37.89408454], [-122.54306964, 37.89408472], [-122.54306958, 37.89409373], [-122.54309233, 37.89409382], [-122.54309227, 37.89410283], [-122.54311502, 37.89410292], [-122.54311496, 37.89411193], [-122.54314908, 37.89411207], [-122.54314914, 37.89410305], [-122.54316051, 37.8941031], [-122.54316057, 37.89409409], [-122.54317194, 37.89409413], [-122.54317205, 37.8940761], [-122.54316068, 37.89407606], [-122.54316079, 37.89405803], [-122.54318354, 37.89405812], [-122.54318359, 37.89404911], [-122.54322909, 37.89404929], [-122.54322914, 37.89404027], [-122.54329738, 37.89404054], [-122.54329744, 37.89403153], [-122.54334293, 37.8940317], [-122.54334298, 37.89402269], [-122.54335436, 37.89402273], [-122.54335441, 37.89401372], [-122.54336579, 37.89401377], [-122.5433659, 37.89399574], [-122.54337727, 37.89399578], [-122.54337738, 37.89397776], [-122.54338876, 37.8939778], [-122.54338887, 37.89395978], [-122.54340024, 37.89395982], [-122.54340035, 37.8939418], [-122.54341172, 37.89394184], [-122.54341184, 37.89392381], [-122.54342321, 37.89392386], [-122.54342332, 37.89390583], [-122.54343469, 37.89390588], [-122.54343492, 37.89386983], [-122.54344629, 37.89386987], [-122.54344635, 37.89386086], [-122.54345772, 37.8938609], [-122.543458, 37.89381584], [-122.54346937, 37.89381588], [-122.54346982, 37.89374378], [-122.54348119, 37.89374382], [-122.54348124, 37.89373481], [-122.54349262, 37.89373485], [-122.54349273, 37.89371683], [-122.5435041, 37.89371687], [-122.54350421, 37.89369885], [-122.54351559, 37.89369889], [-122.54351564, 37.89368988], [-122.54352701, 37.89368992], [-122.54352707, 37.89368091], [-122.54354982, 37.893681], [-122.54354987, 37.89367199], [-122.54356125, 37.89367203], [-122.5435613, 37.89366302], [-122.54358405, 37.8936631], [-122.5435841, 37.89365409], [-122.54370921, 37.89365458], [-122.54370915, 37.89366359], [-122.54376602, 37.89366381], [-122.54376607, 37.8936548], [-122.54381156, 37.89365497], [-122.54381162, 37.89364596], [-122.54383437, 37.89364605], [-122.54383442, 37.89363704], [-122.54385717, 37.89363712], [-122.54385722, 37.89362811], [-122.54387997, 37.8936282], [-122.54388003, 37.89361919], [-122.54391415, 37.89361932], [-122.5439142, 37.89361031], [-122.54397107, 37.89361053], [-122.54397112, 37.89360151], [-122.54405073, 37.89360182], [-122.54405079, 37.89359281], [-122.54407354, 37.8935929], [-122.54407359, 37.89358389], [-122.54409634, 37.89358397], [-122.54409639, 37.89357496], [-122.54410777, 37.893575], [-122.54410782, 37.89356599], [-122.54411919, 37.89356604], [-122.54411981, 37.8934669], [-122.54410843, 37.89346685], [-122.5441086, 37.89343981], [-122.54409723, 37.89343977], [-122.54409739, 37.89341273], [-122.54408602, 37.89341269], [-122.54408613, 37.89339466], [-122.54407476, 37.89339462], [-122.54407481, 37.8933856], [-122.54406344, 37.89338556], [-122.54406355, 37.89336753], [-122.54405218, 37.89336749], [-122.54405229, 37.89334946], [-122.54404092, 37.89334942], [-122.54404103, 37.8933314], [-122.54402965, 37.89333135], [-122.54402977, 37.89331333], [-122.54401839, 37.89331328], [-122.54401845, 37.89330427], [-122.54400708, 37.89330422], [-122.54400719, 37.8932862], [-122.54399581, 37.89328616], [-122.54399598, 37.89325912], [-122.54400735, 37.89325916], [-122.54400746, 37.89324114], [-122.54401884, 37.89324118], [-122.54401895, 37.89322315], [-122.54403032, 37.8932232], [-122.54403043, 37.89320517], [-122.54404181, 37.89320522], [-122.54404192, 37.89318719], [-122.54405329, 37.89318723], [-122.54405335, 37.89317822], [-122.54406472, 37.89317827], [-122.54406477, 37.89316925], [-122.54407615, 37.8931693], [-122.5440762, 37.89316028], [-122.54408758, 37.89316033], [-122.54408763, 37.89315132], [-122.544099, 37.89315136], [-122.54409906, 37.89314235], [-122.54411043, 37.89314239], [-122.54411049, 37.89313338], [-122.54412186, 37.89313342], [-122.54412192, 37.89312441], [-122.54413329, 37.89312445], [-122.54413335, 37.89311544], [-122.54415609, 37.89311553], [-122.54415615, 37.89310652], [-122.54416752, 37.89310656], [-122.54416758, 37.89309755], [-122.54417895, 37.89309759], [-122.54417901, 37.89308858], [-122.54419038, 37.89308862], [-122.54419049, 37.8930706], [-122.54421324, 37.89307069], [-122.54421329, 37.89306167], [-122.54422466, 37.89306172], [-122.54422472, 37.8930527], [-122.54423609, 37.89305275], [-122.54423615, 37.89304374], [-122.54429301, 37.89304396], [-122.54429296, 37.89305297], [-122.54432708, 37.8930531], [-122.54432702, 37.89306211], [-122.54436114, 37.89306224], [-122.54436108, 37.89307126], [-122.54438383, 37.89307135], [-122.54438377, 37.89308036], [-122.54440652, 37.89308045], [-122.54440647, 37.89308946], [-122.54442921, 37.89308955], [-122.54442916, 37.89309856], [-122.5444519, 37.89309865], [-122.54445185, 37.89310766], [-122.54449734, 37.89310784], [-122.54449739, 37.89309882], [-122.54454289, 37.893099], [-122.54454294, 37.89308999], [-122.54456569, 37.89309008], [-122.54456574, 37.89308106], [-122.54459986, 37.89308119], [-122.54459992, 37.89307218], [-122.54462266, 37.89307227], [-122.54462255, 37.8930903], [-122.54463393, 37.89309034], [-122.54463387, 37.89309935], [-122.54464524, 37.8930994], [-122.54464519, 37.89310841], [-122.54465656, 37.89310845], [-122.54465662, 37.89309944], [-122.54467936, 37.89309953], [-122.54467942, 37.89309052], [-122.54469079, 37.89309056], [-122.54469085, 37.89308155], [-122.54470222, 37.89308159], [-122.54470239, 37.89305455], [-122.54469101, 37.89305451], [-122.54469107, 37.8930455], [-122.5446797, 37.89304545], [-122.54467986, 37.89301841], [-122.54469123, 37.89301846], [-122.54469129, 37.89300944], [-122.54470266, 37.89300949], [-122.54470272, 37.89300048], [-122.54471409, 37.89300052], [-122.54471415, 37.89299151], [-122.54472552, 37.89299155], [-122.54472558, 37.89298254], [-122.54473695, 37.89298258], [-122.544737, 37.89297357], [-122.54474838, 37.89297361], [-122.54474849, 37.89295559], [-122.54475986, 37.89295563], [-122.54475997, 37.89293761], [-122.54477135, 37.89293765], [-122.54477146, 37.89291962], [-122.54478283, 37.89291967], [-122.54478294, 37.89290164], [-122.54479431, 37.89290169], [-122.54479442, 37.89288366], [-122.5448058, 37.89288371], [-122.54480596, 37.89285667], [-122.54481734, 37.89285671], [-122.54481745, 37.89283869], [-122.54482882, 37.89283873], [-122.54482899, 37.89281169], [-122.54484036, 37.89281174], [-122.54484058, 37.89277568], [-122.54485196, 37.89277573], [-122.54485257, 37.89267659], [-122.54484119, 37.89267654], [-122.54484153, 37.89262247], [-122.54483015, 37.89262242], [-122.54483032, 37.89259538], [-122.54481895, 37.89259534], [-122.544819, 37.89258633], [-122.54480763, 37.89258628], [-122.5448078, 37.89255925], [-122.54479642, 37.8925592], [-122.5447967, 37.89251414], [-122.54478533, 37.89251409], [-122.54478538, 37.89250508], [-122.54479676, 37.89250512], [-122.54479698, 37.89246907], [-122.5447856, 37.89246903], [-122.54478572, 37.892451], [-122.54477434, 37.89245096], [-122.54477445, 37.89243293], [-122.54476308, 37.89243289], [-122.54476314, 37.89242388], [-122.54475176, 37.89242383], [-122.54475193, 37.8923968], [-122.54474056, 37.89239675], [-122.54474067, 37.89237873], [-122.54472929, 37.89237868], [-122.54472941, 37.89236066], [-122.54471803, 37.89236061], [-122.5447182, 37.89233357], [-122.54472957, 37.89233362], [-122.54472963, 37.89232461], [-122.544741, 37.89232465], [-122.54474106, 37.89231564], [-122.54475243, 37.89231568], [-122.54475248, 37.89230667], [-122.54476386, 37.89230671], [-122.54476391, 37.8922977], [-122.54475254, 37.89229765], [-122.54475265, 37.89227963], [-122.54474128, 37.89227959], [-122.54474139, 37.89226156], [-122.54473002, 37.89226152], [-122.54473013, 37.89224349], [-122.5447415, 37.89224353], [-122.54474156, 37.89223452], [-122.54475293, 37.89223457], [-122.54475298, 37.89222555], [-122.54477573, 37.89222564], [-122.54477579, 37.89221663], [-122.54479853, 37.89221672], [-122.54479859, 37.8922077], [-122.54483271, 37.89220783], [-122.54483276, 37.89219882], [-122.54485551, 37.89219891], [-122.54485556, 37.8921899], [-122.54486693, 37.89218994], [-122.54486699, 37.89218093], [-122.54487836, 37.89218097], [-122.54487842, 37.89217196], [-122.54490116, 37.89217205], [-122.54490122, 37.89216303], [-122.54491259, 37.89216308], [-122.54491265, 37.89215407], [-122.54493539, 37.89215415], [-122.54493545, 37.89214514], [-122.54494682, 37.89214518], [-122.54494688, 37.89213617], [-122.54495825, 37.89213622], [-122.54495831, 37.8921272], [-122.54496968, 37.89212725], [-122.54496973, 37.89211823], [-122.54498111, 37.89211828], [-122.54498116, 37.89210927], [-122.54503803, 37.89210949], [-122.54503797, 37.8921185], [-122.54504934, 37.89211854], [-122.54504929, 37.89212756], [-122.54507203, 37.89212764], [-122.54507198, 37.89213666], [-122.54508335, 37.8921367], [-122.54508324, 37.89215473], [-122.54509461, 37.89215477], [-122.54509456, 37.89216378], [-122.54510593, 37.89216383], [-122.54510588, 37.89217284], [-122.54511725, 37.89217288], [-122.54511697, 37.89221795], [-122.5451056, 37.8922179], [-122.54510554, 37.89222692], [-122.54509417, 37.89222687], [-122.54509395, 37.89226292], [-122.54510532, 37.89226297], [-122.5451051, 37.89229902], [-122.54511647, 37.89229906], [-122.54511636, 37.89231709], [-122.54512773, 37.89231713], [-122.54512762, 37.89233516], [-122.545139, 37.8923352], [-122.54513894, 37.89234421], [-122.54517306, 37.89234435], [-122.54517295, 37.89236237], [-122.54518432, 37.89236241], [-122.54518421, 37.89238044], [-122.54519558, 37.89238048], [-122.54519547, 37.89239851], [-122.54520685, 37.89239855], [-122.54520674, 37.89241658], [-122.54521811, 37.89241662], [-122.54521794, 37.89244366], [-122.54522931, 37.89244371], [-122.5452292, 37.89246173], [-122.54524058, 37.89246178], [-122.54524052, 37.89247079], [-122.54525189, 37.89247083], [-122.54525178, 37.89248886], [-122.54526316, 37.8924889], [-122.5452631, 37.89249791], [-122.54528585, 37.892498], [-122.54528579, 37.89250701], [-122.54529716, 37.89250706], [-122.54529711, 37.89251607], [-122.54530848, 37.89251612], [-122.54530843, 37.89252513], [-122.5453198, 37.89252517], [-122.54531974, 37.89253418], [-122.54533112, 37.89253423], [-122.54533101, 37.89255225], [-122.54534238, 37.8925523], [-122.54534232, 37.89256131], [-122.54536507, 37.8925614], [-122.54536501, 37.89257041], [-122.54537639, 37.89257046], [-122.54537633, 37.89257947], [-122.54539908, 37.89257956], [-122.54539902, 37.89258857], [-122.54542177, 37.89258866], [-122.54542171, 37.89259767], [-122.54544446, 37.89259776], [-122.5454444, 37.89260677], [-122.54554676, 37.89260717], [-122.54554681, 37.89259815], [-122.54556956, 37.89259824], [-122.54556962, 37.89258923], [-122.54559236, 37.89258932], [-122.54559242, 37.8925803], [-122.54560379, 37.89258035], [-122.54560385, 37.89257133], [-122.54562659, 37.89257142], [-122.54562665, 37.89256241], [-122.54563802, 37.89256245], [-122.54563807, 37.89255344], [-122.54564945, 37.89255348], [-122.5456495, 37.89254447], [-122.54566088, 37.89254451], [-122.54566093, 37.8925355], [-122.54568368, 37.89253559], [-122.54568373, 37.89252658], [-122.54570648, 37.89252666], [-122.54570653, 37.89251765], [-122.54571791, 37.8925177], [-122.54571796, 37.89250868], [-122.54572934, 37.89250873], [-122.54572939, 37.89249971], [-122.54574076, 37.89249976], [-122.54574082, 37.89249075], [-122.54575219, 37.89249079], [-122.54575225, 37.89248178], [-122.54576362, 37.89248182], [-122.54576373, 37.89246379], [-122.5457751, 37.89246384], [-122.54577516, 37.89245483], [-122.54578653, 37.89245487], [-122.54578659, 37.89244586], [-122.54579796, 37.8924459], [-122.54579802, 37.89243689], [-122.54580939, 37.89243693], [-122.54580944, 37.89242792], [-122.54582082, 37.89242796], [-122.54582087, 37.89241895], [-122.54583225, 37.89241899], [-122.54583236, 37.89240097], [-122.54584373, 37.89240101], [-122.54584378, 37.892392], [-122.54585516, 37.89239204], [-122.54585521, 37.89238303], [-122.54586659, 37.89238307], [-122.54586664, 37.89237406], [-122.54587801, 37.89237411], [-122.54587812, 37.89235608], [-122.5458895, 37.89235612], [-122.54588961, 37.8923381], [-122.54590098, 37.89233814], [-122.54590104, 37.89232913], [-122.54591241, 37.89232917], [-122.54591246, 37.89232016], [-122.54590109, 37.89232012], [-122.5459012, 37.89230209], [-122.54591258, 37.89230214], [-122.54591263, 37.89229312], [-122.545924, 37.89229317], [-122.54592406, 37.89228415], [-122.54593543, 37.8922842], [-122.54593549, 37.89227518], [-122.54594686, 37.89227523], [-122.54594692, 37.89226622], [-122.54595829, 37.89226626], [-122.5459584, 37.89224823], [-122.54596977, 37.89224828], [-122.54596983, 37.89223927], [-122.5459812, 37.89223931], [-122.54598126, 37.8922303], [-122.54599263, 37.89223034], [-122.54599268, 37.89222133], [-122.54601543, 37.89222142], [-122.54601549, 37.8922124], [-122.54602686, 37.89221245], [-122.54602691, 37.89220343], [-122.54603829, 37.89220348], [-122.54603834, 37.89219446], [-122.54606109, 37.89219455], [-122.54606114, 37.89218554], [-122.54607252, 37.89218558], [-122.54607257, 37.89217657], [-122.54609532, 37.89217666], [-122.54609537, 37.89216765], [-122.54611812, 37.89216773], [-122.54611817, 37.89215872], [-122.54612955, 37.89215876], [-122.5461296, 37.89214975], [-122.54615235, 37.89214984], [-122.5461524, 37.89214083], [-122.54616378, 37.89214087], [-122.54616389, 37.89212284], [-122.54617526, 37.89212289], [-122.54617537, 37.89210486], [-122.54619812, 37.89210495], [-122.54619817, 37.89209594], [-122.54622092, 37.89209603], [-122.54622097, 37.89208701], [-122.54625509, 37.89208714], [-122.54625515, 37.89207813], [-122.54627789, 37.89207822], [-122.54627784, 37.89208723], [-122.54631195, 37.89208736], [-122.54631201, 37.89207835], [-122.54633476, 37.89207844], [-122.54633481, 37.89206943], [-122.54636893, 37.89206956], [-122.54636898, 37.89206054], [-122.5464031, 37.89206068], [-122.54640316, 37.89205166], [-122.54641453, 37.89205171], [-122.54641448, 37.89206072], [-122.54643722, 37.89206081], [-122.54643728, 37.89205179], [-122.54646002, 37.89205188], [-122.54646008, 37.89204287], [-122.54650557, 37.89204304], [-122.54650562, 37.89203403], [-122.546517, 37.89203408], [-122.54651694, 37.89204309], [-122.54655106, 37.89204322], [-122.54655101, 37.89205223], [-122.54656238, 37.89205228], [-122.54656232, 37.89206129], [-122.5465737, 37.89206133], [-122.54657359, 37.89207936], [-122.54658496, 37.8920794], [-122.54658468, 37.89212447], [-122.54657331, 37.89212442], [-122.54657325, 37.89213344], [-122.54656188, 37.89213339], [-122.54656183, 37.8921424], [-122.54655045, 37.89214236], [-122.5465504, 37.89215137], [-122.54653902, 37.89215133], [-122.54653886, 37.89217837], [-122.54652749, 37.89217832], [-122.54652738, 37.89219635], [-122.546516, 37.89219631], [-122.54651589, 37.89221433], [-122.54650452, 37.89221429], [-122.54650446, 37.8922233], [-122.54649309, 37.89222326], [-122.54649298, 37.89224128], [-122.54648161, 37.89224124], [-122.54648155, 37.89225025], [-122.54647018, 37.89225021], [-122.54647007, 37.89226823], [-122.5464587, 37.89226819], [-122.54645864, 37.8922772], [-122.54644727, 37.89227716], [-122.54644721, 37.89228617], [-122.54643584, 37.89228613], [-122.54643578, 37.89229514], [-122.54642441, 37.8922951], [-122.54642436, 37.89230411], [-122.54641298, 37.89230406], [-122.54641293, 37.89231308], [-122.54640155, 37.89231303], [-122.5464015, 37.89232205], [-122.54639013, 37.892322], [-122.54639002, 37.89234003], [-122.54637864, 37.89233998], [-122.54637859, 37.892349], [-122.54636721, 37.89234895], [-122.54636716, 37.89235797], [-122.54635579, 37.89235792], [-122.54635573, 37.89236693], [-122.54634436, 37.89236689], [-122.5463443, 37.8923759], [-122.54633293, 37.89237586], [-122.54633287, 37.89238487], [-122.5463215, 37.89238483], [-122.54632139, 37.89240285], [-122.54631002, 37.89240281], [-122.54630996, 37.89241182], [-122.54629859, 37.89241178], [-122.54629842, 37.89243882], [-122.54628705, 37.89243877], [-122.54628694, 37.8924568], [-122.54627557, 37.89245676], [-122.54627551, 37.89246577], [-122.54626414, 37.89246572], [-122.54626403, 37.89248375], [-122.54625266, 37.89248371], [-122.54625249, 37.89251074], [-122.54624112, 37.8925107], [-122.54624101, 37.89252873], [-122.54622963, 37.89252868], [-122.54622952, 37.89254671], [-122.54621815, 37.89254666], [-122.54621804, 37.89256469], [-122.54620667, 37.89256465], [-122.54620656, 37.89258267], [-122.54619518, 37.89258263], [-122.54619457, 37.89268177], [-122.5461832, 37.89268172], [-122.54618259, 37.89278087], [-122.54617122, 37.89278082], [-122.54617089, 37.8928349], [-122.54615951, 37.89283485], [-122.54615935, 37.89286189], [-122.54614798, 37.89286185], [-122.54614781, 37.89288889], [-122.54613644, 37.89288884], [-122.54613627, 37.89291588], [-122.5461249, 37.89291584], [-122.54612479, 37.89293386], [-122.54611341, 37.89293382], [-122.5461133, 37.89295185], [-122.54610193, 37.8929518], [-122.54610188, 37.89296081], [-122.5460905, 37.89296077], [-122.54609039, 37.8929788], [-122.54607902, 37.89297875], [-122.54607896, 37.89298776], [-122.54606759, 37.89298772], [-122.54606753, 37.89299673], [-122.54605616, 37.89299669], [-122.54605605, 37.89301472], [-122.54604468, 37.89301467], [-122.54604457, 37.8930327], [-122.54603319, 37.89303265], [-122.54603308, 37.89305068], [-122.54602171, 37.89305063], [-122.5460216, 37.89306866], [-122.54601023, 37.89306862], [-122.54600995, 37.89311368], [-122.54605544, 37.89311386], [-122.54605522, 37.89314991], [-122.54604385, 37.89314986], [-122.54604352, 37.89320394], [-122.54603214, 37.8932039], [-122.54603209, 37.89321291], [-122.54604346, 37.89321295], [-122.54604318, 37.89325802], [-122.54605456, 37.89325806], [-122.54605439, 37.8932851], [-122.54606576, 37.89328514], [-122.54606565, 37.89330317], [-122.54607703, 37.89330321], [-122.54607692, 37.89332124], [-122.54608829, 37.89332128], [-122.54608818, 37.89333931], [-122.54609955, 37.89333935], [-122.5460995, 37.89334836], [-122.54611087, 37.89334841], [-122.5461107, 37.89337545], [-122.54612208, 37.89337549], [-122.54612197, 37.89339352], [-122.54613334, 37.89339356], [-122.54613323, 37.89341158], [-122.5461446, 37.89341163], [-122.54614449, 37.89342965], [-122.54615586, 37.8934297], [-122.54615575, 37.89344772], [-122.54616713, 37.89344777], [-122.54616707, 37.89345678], [-122.54617844, 37.89345682], [-122.54617839, 37.89346584], [-122.54618976, 37.89346588], [-122.54618971, 37.89347489], [-122.54620108, 37.89347494], [-122.54620102, 37.89348395], [-122.5462124, 37.89348399], [-122.54621234, 37.89349301], [-122.54622371, 37.89349305], [-122.54622366, 37.89350206], [-122.54623503, 37.89350211], [-122.54623492, 37.89352013], [-122.54624629, 37.89352018], [-122.54624624, 37.89352919], [-122.54625761, 37.89352923], [-122.54625756, 37.89353825], [-122.54626893, 37.89353829], [-122.54626887, 37.8935473], [-122.54628025, 37.89354735], [-122.54628019, 37.89355636], [-122.54630294, 37.89355645], [-122.54630288, 37.89356546], [-122.54631426, 37.8935655], [-122.5463142, 37.89357452], [-122.54632557, 37.89357456], [-122.54632552, 37.89358357], [-122.54633689, 37.89358362], [-122.54633684, 37.89359263], [-122.54634821, 37.89359267], [-122.54634815, 37.89360169], [-122.5463709, 37.89360177], [-122.54637085, 37.89361079], [-122.54639359, 37.89361087], [-122.54639354, 37.89361989], [-122.54640491, 37.89361993], [-122.54640485, 37.89362894], [-122.54641623, 37.89362899], [-122.54641617, 37.893638], [-122.54643892, 37.89363809], [-122.54643886, 37.8936471], [-122.54645024, 37.89364714], [-122.54645018, 37.89365616], [-122.54646155, 37.8936562], [-122.5464615, 37.89366521], [-122.54648424, 37.8936653], [-122.54648419, 37.89367431], [-122.54649556, 37.89367436], [-122.54649551, 37.89368337], [-122.54650688, 37.89368341], [-122.54650682, 37.89369243], [-122.54652957, 37.89369251], [-122.54652952, 37.89370153], [-122.54655226, 37.89370162], [-122.54655221, 37.89371063], [-122.54657495, 37.89371072], [-122.5465749, 37.89371973], [-122.54662039, 37.8937199], [-122.54662033, 37.89372892], [-122.54663171, 37.89372896], [-122.54663165, 37.89373797], [-122.54664303, 37.89373802], [-122.54664297, 37.89374703], [-122.54667709, 37.89374716], [-122.54667703, 37.89375617], [-122.5467339, 37.89375639], [-122.54673384, 37.89376541], [-122.54675659, 37.89376549], [-122.54675654, 37.89377451], [-122.54677928, 37.89377459], [-122.54677923, 37.89378361], [-122.5467906, 37.89378365], [-122.54679066, 37.89377464], [-122.54680203, 37.89377468], [-122.54680197, 37.89378369], [-122.54682472, 37.89378378], [-122.54682466, 37.89379279], [-122.54684741, 37.89379288], [-122.54684736, 37.89380189], [-122.54685873, 37.89380194], [-122.54685867, 37.89381095], [-122.54688142, 37.89381104], [-122.54688131, 37.89382906], [-122.54689268, 37.89382911], [-122.54689263, 37.89383812], [-122.546904, 37.89383816], [-122.54690394, 37.89384718], [-122.54693806, 37.89384731], [-122.54693801, 37.89385632], [-122.54696076, 37.89385641], [-122.5469607, 37.89386542], [-122.54698345, 37.89386551], [-122.54698339, 37.89387452], [-122.54700614, 37.89387461], [-122.54700608, 37.89388362], [-122.54701746, 37.89388367], [-122.5470174, 37.89389268], [-122.54705152, 37.89389281], [-122.54705146, 37.89390182], [-122.54708558, 37.89390195], [-122.54708553, 37.89391097], [-122.54710827, 37.89391105], [-122.54710822, 37.89392007], [-122.54714234, 37.8939202], [-122.54714228, 37.89392921], [-122.5471764, 37.89392934], [-122.54717635, 37.89393836], [-122.54719909, 37.89393844], [-122.54719904, 37.89394746], [-122.5472559, 37.89394767], [-122.54725585, 37.89395669], [-122.54734683, 37.89395704], [-122.54734678, 37.89396605], [-122.5473809, 37.89396618], [-122.54738084, 37.89397519], [-122.54739222, 37.89397524], [-122.54739216, 37.89398425], [-122.54742628, 37.89398438], [-122.54742623, 37.89399339], [-122.54744897, 37.89399348], [-122.54744892, 37.89400249], [-122.54747166, 37.89400258], [-122.54747161, 37.89401159], [-122.54748298, 37.89401164], [-122.54748293, 37.89402065], [-122.54751705, 37.89402078], [-122.54751699, 37.8940298], [-122.54753974, 37.89402988], [-122.54753968, 37.8940389], [-122.5475738, 37.89403903], [-122.54757375, 37.89404804], [-122.54761924, 37.89404821], [-122.54761929, 37.8940392], [-122.54764204, 37.89403929], [-122.54764199, 37.8940483], [-122.54766473, 37.89404839], [-122.54766468, 37.8940574], [-122.54767605, 37.89405745], [-122.54767599, 37.89406646], [-122.54772149, 37.89406663], [-122.54772143, 37.89407565], [-122.54776692, 37.89407582], [-122.54776687, 37.89408483], [-122.54781236, 37.89408501], [-122.54781231, 37.89409402], [-122.54792604, 37.89409446], [-122.54792598, 37.89410347], [-122.54797148, 37.89410365], [-122.54797142, 37.89411266], [-122.54801691, 37.89411283], [-122.54801686, 37.89412185], [-122.54803961, 37.89412193], [-122.54803955, 37.89413095], [-122.5480623, 37.89413103], [-122.54806224, 37.89414005], [-122.54809636, 37.89414018], [-122.54809631, 37.89414919], [-122.54810768, 37.89414923], [-122.54810762, 37.89415825], [-122.548119, 37.89415829], [-122.54811889, 37.89417632], [-122.54813026, 37.89417636], [-122.54813021, 37.89418537], [-122.54815295, 37.89418546], [-122.5481529, 37.89419447], [-122.54816427, 37.89419452], [-122.54816421, 37.89420353], [-122.54817559, 37.89420357], [-122.54817553, 37.89421258], [-122.54819828, 37.89421267], [-122.54819822, 37.89422168], [-122.5482096, 37.89422173], [-122.54820954, 37.89423074], [-122.54822092, 37.89423078], [-122.54822086, 37.8942398], [-122.54825498, 37.89423993], [-122.54825492, 37.89424894], [-122.54827767, 37.89424903], [-122.54827762, 37.89425804], [-122.54830036, 37.89425813], [-122.54830031, 37.89426714], [-122.54833443, 37.89426727], [-122.54833437, 37.89427629], [-122.54836849, 37.89427642], [-122.54836844, 37.89428543], [-122.54841393, 37.8942856], [-122.54841387, 37.89429462], [-122.54843662, 37.8942947], [-122.54843657, 37.89430372], [-122.54847069, 37.89430385], [-122.54847063, 37.89431286], [-122.54849338, 37.89431295], [-122.54849332, 37.89432196], [-122.54850469, 37.894322], [-122.54850464, 37.89433102], [-122.54851601, 37.89433106], [-122.54851596, 37.89434007], [-122.5485387, 37.89434016], [-122.54853865, 37.89434917], [-122.54855002, 37.89434922], [-122.54854997, 37.89435823], [-122.54857271, 37.89435832], [-122.54857266, 37.89436733], [-122.54859541, 37.89436742], [-122.54859535, 37.89437643], [-122.54862947, 37.89437656], [-122.54862941, 37.89438557], [-122.54864079, 37.89438562], [-122.54864073, 37.89439463], [-122.54862936, 37.89439459], [-122.5486293, 37.8944036], [-122.54860656, 37.89440351], [-122.5486065, 37.89441252], [-122.54853826, 37.89441226], [-122.54853832, 37.89440325], [-122.54836772, 37.8944026], [-122.54836767, 37.89441161], [-122.5483108, 37.89441139], [-122.54831074, 37.8944204], [-122.548288, 37.89442032], [-122.54828794, 37.89442933], [-122.54812872, 37.89442872], [-122.54812877, 37.8944197], [-122.54806053, 37.89441944], [-122.54806059, 37.89441043], [-122.54793548, 37.89440995], [-122.54793554, 37.89440094], [-122.54789005, 37.89440076], [-122.54788999, 37.89440977], [-122.547799, 37.89440942], [-122.54779895, 37.89441844], [-122.5477762, 37.89441835], [-122.54777615, 37.89442736], [-122.54773065, 37.89442719], [-122.5477306, 37.8944362], [-122.54770785, 37.89443611], [-122.5477078, 37.89444513], [-122.54767368, 37.894445], [-122.54767362, 37.89445401], [-122.54765088, 37.89445392], [-122.54765082, 37.89446293], [-122.5476167, 37.8944628], [-122.54761665, 37.89447182], [-122.5475939, 37.89447173], [-122.54759384, 37.89448074], [-122.5475711, 37.89448065], [-122.54757104, 37.89448967], [-122.54755967, 37.89448962], [-122.54755961, 37.89449863], [-122.54753687, 37.89449855], [-122.54753681, 37.89450756], [-122.54750269, 37.89450743], [-122.54750264, 37.89451644], [-122.54746852, 37.89451631], [-122.54746846, 37.89452532], [-122.54740022, 37.89452506], [-122.54740017, 37.89453407], [-122.54733193, 37.89453381], [-122.54733215, 37.89449776], [-122.54707057, 37.89449675], [-122.54707051, 37.89450577], [-122.54693403, 37.89450524], [-122.54693409, 37.89449623], [-122.54683173, 37.89449583], [-122.54683178, 37.89448682], [-122.54675217, 37.89448652], [-122.54675223, 37.8944775], [-122.54670673, 37.89447733], [-122.54670679, 37.89446831], [-122.54666129, 37.89446814], [-122.54666135, 37.89445913], [-122.54658174, 37.89445882], [-122.54658179, 37.89444981], [-122.54657042, 37.89444976], [-122.54657047, 37.89444075], [-122.5465591, 37.89444071], [-122.54655921, 37.89442268], [-122.54657059, 37.89442273], [-122.54657064, 37.89441371], [-122.54655927, 37.89441367], [-122.54655938, 37.89439564], [-122.546548, 37.8943956], [-122.54654806, 37.89438659], [-122.54653669, 37.89438654], [-122.54653663, 37.89439556], [-122.54650251, 37.89439542], [-122.54650246, 37.89440444], [-122.54647971, 37.89440435], [-122.54647966, 37.89441336], [-122.54646828, 37.89441332], [-122.54646817, 37.89443134], [-122.5464568, 37.8944313], [-122.54645674, 37.89444031], [-122.546434, 37.89444023], [-122.54643394, 37.89444924], [-122.54641119, 37.89444915], [-122.54641114, 37.89445816], [-122.54637702, 37.89445803], [-122.54637696, 37.89446704], [-122.54635422, 37.89446696], [-122.54635416, 37.89447597], [-122.54634279, 37.89447593], [-122.54634273, 37.89448494], [-122.54630861, 37.89448481], [-122.54630856, 37.89449382], [-122.5462062, 37.89449343], [-122.54620614, 37.89450244], [-122.54616065, 37.89450226], [-122.5461606, 37.89451128], [-122.54610373, 37.89451106], [-122.54610367, 37.89452007], [-122.54604681, 37.89451985], [-122.54604675, 37.89452886], [-122.54603538, 37.89452882], [-122.54603532, 37.89453783], [-122.54602395, 37.89453779], [-122.54602384, 37.89455581], [-122.54601247, 37.89455577], [-122.54601241, 37.89456478], [-122.54600104, 37.89456474], [-122.54600087, 37.89459178], [-122.5459895, 37.89459173], [-122.54598939, 37.89460976], [-122.54597802, 37.89460971], [-122.5459779, 37.89462774], [-122.54596653, 37.8946277], [-122.5459662, 37.89468177], [-122.54595483, 37.89468173], [-122.54595466, 37.89470877], [-122.54594329, 37.89470872], [-122.54594312, 37.89473576], [-122.54593175, 37.89473572], [-122.54593158, 37.89476276], [-122.54592021, 37.89476271], [-122.54592015, 37.89477172], [-122.54590878, 37.89477168], [-122.54590872, 37.89478069], [-122.54589735, 37.89478065], [-122.5458973, 37.89478966], [-122.54590867, 37.89478971], [-122.5459085, 37.89481674], [-122.54589713, 37.8948167], [-122.54589707, 37.89482571], [-122.5458857, 37.89482567], [-122.54588565, 37.89483468], [-122.54587427, 37.89483464], [-122.54587422, 37.89484365], [-122.54586284, 37.89484361], [-122.54586273, 37.89486163], [-122.54585136, 37.89486159], [-122.5458513, 37.8948706], [-122.54582856, 37.89487051], [-122.5458285, 37.89487953], [-122.54581713, 37.89487948], [-122.54581707, 37.8948885], [-122.5458057, 37.89488845], [-122.54580559, 37.89490648], [-122.54579422, 37.89490643], [-122.54579416, 37.89491545], [-122.54577141, 37.89491536], [-122.54577136, 37.89492437], [-122.54574861, 37.89492428], [-122.54574817, 37.89499639], [-122.54575954, 37.89499643], [-122.54575949, 37.89500544], [-122.54574811, 37.8950054], [-122.54574806, 37.89501441], [-122.54573668, 37.89501437], [-122.54573663, 37.89502338], [-122.54572526, 37.89502334], [-122.54572515, 37.89504136], [-122.54571377, 37.89504132], [-122.54571372, 37.89505033], [-122.54570234, 37.89505029], [-122.54570223, 37.89506831], [-122.54569086, 37.89506827], [-122.5456908, 37.89507728], [-122.54570218, 37.89507733], [-122.54570207, 37.89509535], [-122.54571344, 37.89509539], [-122.54571327, 37.89512243], [-122.54572465, 37.89512248], [-122.54572459, 37.89513149], [-122.54573596, 37.89513153], [-122.54573591, 37.89514055], [-122.54575866, 37.89514063], [-122.5457586, 37.89514965], [-122.54576997, 37.89514969], [-122.54576992, 37.8951587], [-122.54578129, 37.89515875], [-122.54578124, 37.89516776], [-122.54580398, 37.89516785], [-122.54580393, 37.89517686], [-122.54582667, 37.89517695], [-122.54582662, 37.89518596], [-122.54589486, 37.89518622], [-122.54589491, 37.89517721], [-122.54596315, 37.89517748], [-122.54596304, 37.8951955], [-122.54597442, 37.89519554], [-122.54597436, 37.89520456], [-122.54598574, 37.8952046], [-122.54598568, 37.89521361], [-122.54599705, 37.89521366], [-122.545997, 37.89522267], [-122.54604249, 37.89522285], [-122.54604244, 37.89523186], [-122.54607656, 37.89523199], [-122.5460765, 37.895241], [-122.54609925, 37.89524109], [-122.54609919, 37.8952501], [-122.54612194, 37.89525019], [-122.54612188, 37.8952592], [-122.54614463, 37.89525929], [-122.54614457, 37.8952683], [-122.54615595, 37.89526835], [-122.54615589, 37.89527736], [-122.54616727, 37.89527741], [-122.54616721, 37.89528642], [-122.54618996, 37.89528651], [-122.5461899, 37.89529552], [-122.54621265, 37.89529561], [-122.54621259, 37.89530462], [-122.54622397, 37.89530466], [-122.54622391, 37.89531368], [-122.54623528, 37.89531372], [-122.54623523, 37.89532273], [-122.5462466, 37.89532278], [-122.54624655, 37.89533179], [-122.54625792, 37.89533183], [-122.54625787, 37.89534085], [-122.54628061, 37.89534093], [-122.54628056, 37.89534995], [-122.5463033, 37.89535003], [-122.54630325, 37.89535905], [-122.54631462, 37.89535909], [-122.54631468, 37.89535008], [-122.54637154, 37.8953503], [-122.54637149, 37.89535931], [-122.54641698, 37.89535948], [-122.54641693, 37.8953685], [-122.54646242, 37.89536867], [-122.54646236, 37.89537769], [-122.54648511, 37.89537777], [-122.54648506, 37.89538679], [-122.5465078, 37.89538687], [-122.54650775, 37.89539589], [-122.54651912, 37.89539593], [-122.54651907, 37.89540494], [-122.54654181, 37.89540503], [-122.54654176, 37.89541404], [-122.5465645, 37.89541413], [-122.54656445, 37.89542314], [-122.54657582, 37.89542319], [-122.54657577, 37.8954322], [-122.54659851, 37.89543229], [-122.54659846, 37.8954413], [-122.54660983, 37.89544134], [-122.54660978, 37.89545036], [-122.54662115, 37.8954504], [-122.54662109, 37.89545941], [-122.54663247, 37.89545946], [-122.54663241, 37.89546847], [-122.54664379, 37.89546851], [-122.54664373, 37.89547753], [-122.5466551, 37.89547757], [-122.54665505, 37.89548658], [-122.54666642, 37.89548663], [-122.54666637, 37.89549564], [-122.54667774, 37.89549568], [-122.54667769, 37.8955047], [-122.54668906, 37.89550474], [-122.546689, 37.89551375], [-122.54671175, 37.89551384], [-122.54671169, 37.89552285], [-122.54672307, 37.8955229], [-122.54672296, 37.89554092], [-122.54673433, 37.89554097], [-122.54673422, 37.89555899], [-122.54674559, 37.89555904], [-122.54674548, 37.89557706], [-122.54675686, 37.89557711], [-122.54675653, 37.89563118], [-122.5467679, 37.89563123], [-122.54676773, 37.89565826], [-122.54677911, 37.89565831], [-122.54677905, 37.89566732], [-122.54679042, 37.89566736], [-122.54679031, 37.89568539], [-122.54680169, 37.89568543], [-122.54680152, 37.89571247], [-122.5468129, 37.89571252], [-122.54681273, 37.89573955], [-122.5468241, 37.8957396], [-122.54682399, 37.89575762], [-122.54683537, 37.89575767], [-122.54683526, 37.89577569], [-122.54684663, 37.89577574], [-122.54684652, 37.89579376], [-122.54685789, 37.89579381], [-122.54685784, 37.89580282], [-122.54686921, 37.89580286], [-122.54686915, 37.89581188], [-122.54688053, 37.89581192], [-122.54688047, 37.89582093], [-122.54689185, 37.89582098], [-122.54689174, 37.895839], [-122.54690311, 37.89583905], [-122.54690305, 37.89584806], [-122.54693717, 37.89584819], [-122.54693712, 37.8958572], [-122.54695987, 37.89585729], [-122.54695981, 37.8958663], [-122.54699393, 37.89586643], [-122.54699388, 37.89587545], [-122.54703937, 37.89587562], [-122.54703931, 37.89588463], [-122.54707343, 37.89588477], [-122.54707338, 37.89589378], [-122.54714162, 37.89589404], [-122.54714156, 37.89590305], [-122.54720981, 37.89590332], [-122.54720975, 37.89591233], [-122.54725524, 37.8959125], [-122.5472553, 37.89590349], [-122.54727805, 37.89590358], [-122.5472781, 37.89589457], [-122.54730085, 37.89589465], [-122.5473009, 37.89588564], [-122.54732365, 37.89588573], [-122.54732371, 37.89587672], [-122.54734645, 37.8958768], [-122.54734651, 37.89586779], [-122.54736925, 37.89586788], [-122.54736931, 37.89585886], [-122.54739206, 37.89585895], [-122.54739211, 37.89584994], [-122.54742623, 37.89585007], [-122.54742629, 37.89584106], [-122.54744903, 37.89584115], [-122.54744909, 37.89583213], [-122.54747184, 37.89583222], [-122.54747189, 37.89582321], [-122.54749464, 37.89582329], [-122.54749469, 37.89581428], [-122.54750607, 37.89581433], [-122.54750612, 37.89580531], [-122.54752887, 37.8958054], [-122.54752892, 37.89579639], [-122.54755167, 37.89579648], [-122.54755173, 37.89578746], [-122.54757447, 37.89578755], [-122.54757453, 37.89577854], [-122.5475859, 37.89577858], [-122.54758596, 37.89576957], [-122.5476087, 37.89576966], [-122.54760876, 37.89576064], [-122.54762013, 37.89576069], [-122.54762019, 37.89575167], [-122.54765431, 37.8957518], [-122.54765436, 37.89574279], [-122.54769986, 37.89574297], [-122.54769958, 37.89578803], [-122.54771095, 37.89578807], [-122.54771073, 37.89582413], [-122.54772211, 37.89582417], [-122.5477215, 37.89592331], [-122.54773287, 37.89592335], [-122.54773227, 37.89602249], [-122.54774364, 37.89602254], [-122.54774342, 37.89605859], [-122.54775479, 37.89605863], [-122.54775474, 37.89606765], [-122.54776611, 37.89606769], [-122.547766, 37.89608571], [-122.54777738, 37.89608576], [-122.54777732, 37.89609477], [-122.54778869, 37.89609481], [-122.54778864, 37.89610383], [-122.54780001, 37.89610387], [-122.54779996, 37.89611288], [-122.54781133, 37.89611293], [-122.54781128, 37.89612194], [-122.54782265, 37.89612198], [-122.54782259, 37.896131], [-122.54783397, 37.89613104], [-122.54783391, 37.89614005], [-122.54784529, 37.8961401], [-122.54784523, 37.89614911], [-122.54794759, 37.8961495], [-122.54794754, 37.89615852], [-122.54798166, 37.89615865], [-122.5479816, 37.89616766], [-122.5480271, 37.89616783], [-122.54802704, 37.89617685], [-122.54806116, 37.89617698], [-122.54806122, 37.89616797], [-122.54809534, 37.8961681], [-122.54809539, 37.89615908], [-122.54812951, 37.89615921], [-122.54812957, 37.8961502], [-122.54816369, 37.89615033], [-122.54816374, 37.89614132], [-122.54818649, 37.89614141], [-122.54818655, 37.89613239], [-122.54820929, 37.89613248], [-122.54820935, 37.89612347], [-122.54823209, 37.89612356], [-122.54823215, 37.89611454], [-122.54824352, 37.89611459], [-122.54824358, 37.89610557], [-122.5482777, 37.89610571], [-122.54827775, 37.89609669], [-122.54828913, 37.89609674], [-122.54828918, 37.89608772], [-122.54831193, 37.89608781], [-122.54831198, 37.8960788], [-122.5483461, 37.89607893], [-122.54834616, 37.89606992], [-122.54835753, 37.89606996], [-122.54835764, 37.89605193], [-122.54838039, 37.89605202], [-122.54838045, 37.89604301], [-122.54841457, 37.89604314], [-122.54841462, 37.89603413], [-122.54844874, 37.89603426], [-122.5484488, 37.89602524], [-122.54849429, 37.89602542], [-122.54849435, 37.89601641], [-122.54850572, 37.89601645], [-122.54850577, 37.89600744], [-122.54856264, 37.89600766], [-122.54856259, 37.89601667], [-122.54857396, 37.89601671], [-122.54857368, 37.89606178], [-122.54858506, 37.89606182], [-122.54858484, 37.89609787], [-122.54859621, 37.89609791], [-122.54859605, 37.89612495], [-122.54860742, 37.896125], [-122.5486072, 37.89616105], [-122.54861857, 37.89616109], [-122.5486183, 37.89620615], [-122.54862967, 37.8962062], [-122.54862956, 37.89622422], [-122.54864093, 37.89622427], [-122.54864088, 37.89623328], [-122.54865225, 37.89623332], [-122.5486522, 37.89624234], [-122.54866357, 37.89624238], [-122.54866352, 37.89625139], [-122.54867489, 37.89625144], [-122.54867478, 37.89626946], [-122.54868615, 37.89626951], [-122.5486861, 37.89627852], [-122.54869747, 37.89627856], [-122.54869742, 37.89628757], [-122.54870879, 37.89628762], [-122.54870874, 37.89629663], [-122.54872011, 37.89629667], [-122.54871994, 37.89632371], [-122.54873132, 37.89632376], [-122.54873115, 37.8963508], [-122.54874253, 37.89635084], [-122.54874242, 37.89636886], [-122.54875379, 37.89636891], [-122.54875373, 37.89637792], [-122.54876511, 37.89637796], [-122.54876505, 37.89638698], [-122.5487878, 37.89638706], [-122.54878774, 37.89639608], [-122.54879912, 37.89639612], [-122.54879895, 37.89642316], [-122.54878758, 37.89642312], [-122.54878747, 37.89644114], [-122.5487761, 37.8964411], [-122.54877604, 37.89645011], [-122.54878741, 37.89645015], [-122.5487873, 37.89646818], [-122.54879868, 37.89646822], [-122.54879857, 37.89648625], [-122.54878719, 37.8964862], [-122.54878703, 37.89651324], [-122.54880978, 37.89651333], [-122.5488095, 37.89655839], [-122.54879813, 37.89655835], [-122.54879796, 37.89658539], [-122.54878659, 37.89658535], [-122.54878648, 37.89660337], [-122.54877511, 37.89660333], [-122.54877472, 37.89666642], [-122.54878609, 37.89666646], [-122.54878604, 37.89667547], [-122.54879741, 37.89667552], [-122.54879736, 37.89668453], [-122.54880873, 37.89668457], [-122.54880868, 37.89669359], [-122.54882005, 37.89669363], [-122.54882, 37.89670264], [-122.54883137, 37.89670269], [-122.54883131, 37.8967117], [-122.54884269, 37.89671174], [-122.54884263, 37.89672076], [-122.54886538, 37.89672084], [-122.54886532, 37.89672986], [-122.54891082, 37.89673003], [-122.54891087, 37.89672102], [-122.54893362, 37.8967211], [-122.54893368, 37.89671209], [-122.54895642, 37.89671218], [-122.54895637, 37.89672119], [-122.54899049, 37.89672132], [-122.54899043, 37.89673033], [-122.54905868, 37.8967306], [-122.54905862, 37.89673961], [-122.54906999, 37.89673965], [-122.54906994, 37.89674867], [-122.54908131, 37.89674871], [-122.5490812, 37.89676673], [-122.54909258, 37.89676678], [-122.54909252, 37.89677579], [-122.54910389, 37.89677583], [-122.54910384, 37.89678485], [-122.54912659, 37.89678493], [-122.54912653, 37.89679395], [-122.54913791, 37.89679399], [-122.54913785, 37.896803], [-122.54914922, 37.89680305], [-122.54914917, 37.89681206], [-122.54916054, 37.8968121], [-122.54916049, 37.89682112], [-122.54917186, 37.89682116], [-122.54917175, 37.89683918], [-122.54916038, 37.89683914], [-122.54915977, 37.89693828], [-122.54917115, 37.89693833], [-122.54917109, 37.89694734], [-122.54918247, 37.89694738], [-122.54918241, 37.89695639], [-122.54919378, 37.89695644], [-122.54919373, 37.89696545], [-122.54922785, 37.89696558], [-122.5492278, 37.89697459], [-122.54927329, 37.89697477], [-122.54927323, 37.89698378], [-122.54928461, 37.89698382], [-122.54928444, 37.89701086], [-122.54930719, 37.89701095], [-122.54930714, 37.89701996], [-122.54932988, 37.89702005], [-122.54932983, 37.89702906], [-122.54939807, 37.89702932], [-122.54939801, 37.89703834], [-122.54945488, 37.89703855], [-122.54945494, 37.89702954], [-122.54951181, 37.89702976], [-122.54951186, 37.89702075], [-122.54953461, 37.89702083], [-122.54953466, 37.89701182], [-122.54956878, 37.89701195], [-122.54956884, 37.89700294], [-122.54959159, 37.89700303], [-122.54959164, 37.89699401], [-122.54961439, 37.8969941], [-122.54961444, 37.89698509], [-122.54963719, 37.89698517], [-122.54963725, 37.89697616], [-122.54972823, 37.89697651], [-122.54972818, 37.89698552], [-122.54975093, 37.89698561], [-122.54975087, 37.89699462], [-122.54971675, 37.89699449], [-122.5497167, 37.8970035], [-122.54970532, 37.89700346], [-122.54970527, 37.89701247], [-122.54971664, 37.89701252], [-122.54971653, 37.89703054], [-122.5497279, 37.89703059], [-122.54972785, 37.8970396], [-122.54973922, 37.89703964], [-122.54973917, 37.89704866], [-122.54975054, 37.8970487], [-122.54975049, 37.89705771], [-122.54976186, 37.89705776], [-122.54976181, 37.89706677], [-122.54977318, 37.89706681], [-122.54977312, 37.89707582], [-122.54979587, 37.89707591], [-122.54979582, 37.89708492], [-122.54981856, 37.89708501], [-122.54981851, 37.89709402], [-122.54984126, 37.89709411], [-122.5498412, 37.89710312], [-122.54986395, 37.89710321], [-122.54986389, 37.89711222], [-122.54988664, 37.89711231], [-122.54988659, 37.89712132], [-122.54989796, 37.89712137], [-122.54989791, 37.89713038], [-122.54992065, 37.89713047], [-122.5499206, 37.89713948], [-122.54995472, 37.89713961], [-122.54995466, 37.89714862], [-122.55001153, 37.89714884], [-122.55001148, 37.89715785], [-122.55010247, 37.8971582], [-122.55010252, 37.89714919], [-122.55017076, 37.89714945], [-122.55017071, 37.89715846], [-122.5502617, 37.89715881], [-122.55026164, 37.89716782], [-122.55034126, 37.89716813], [-122.5503412, 37.89717714], [-122.55037532, 37.89717727], [-122.55037527, 37.89718628], [-122.55043214, 37.8971865], [-122.55043208, 37.89719551], [-122.55048895, 37.89719573], [-122.55048901, 37.89718672], [-122.55052313, 37.89718685], [-122.55052307, 37.89719586], [-122.55055719, 37.89719599], [-122.55055714, 37.897205], [-122.55059126, 37.89720513], [-122.55059121, 37.89721415], [-122.55061395, 37.89721423], [-122.5506139, 37.89722325], [-122.55062527, 37.89722329], [-122.55062522, 37.8972323], [-122.55063659, 37.89723234], [-122.55063654, 37.89724136], [-122.55064791, 37.8972414], [-122.55064785, 37.89725041], [-122.5506706, 37.8972505], [-122.55067055, 37.89725951], [-122.55069329, 37.8972596], [-122.55069324, 37.89726861], [-122.55070461, 37.89726866], [-122.55070456, 37.89727767], [-122.55071593, 37.89727771], [-122.55071588, 37.89728673], [-122.55072725, 37.89728677], [-122.5507272, 37.89729578], [-122.55077269, 37.89729596], [-122.55077275, 37.89728694], [-122.55079549, 37.89728703], [-122.55079555, 37.89727802], [-122.55081829, 37.8972781], [-122.55081835, 37.89726909], [-122.55082972, 37.89726913], [-122.55082978, 37.89726012], [-122.55084115, 37.89726016], [-122.55084121, 37.89725115], [-122.55085258, 37.8972512], [-122.55085263, 37.89724218], [-122.55086401, 37.89724223], [-122.55086406, 37.89723321], [-122.55087544, 37.89723326], [-122.55087549, 37.89722424], [-122.55088687, 37.89722429], [-122.55088692, 37.89721527], [-122.55089829, 37.89721532], [-122.55089835, 37.8972063], [-122.55090972, 37.89720635], [-122.55090978, 37.89719734], [-122.55093252, 37.89719742], [-122.55093258, 37.89718841], [-122.55094395, 37.89718845], [-122.55094401, 37.89717944], [-122.55100088, 37.89717966], [-122.55100082, 37.89718867], [-122.55104632, 37.89718884], [-122.55104621, 37.89720687], [-122.55105758, 37.89720691], [-122.55105742, 37.89723395], [-122.55106879, 37.89723399], [-122.55106868, 37.89725202], [-122.55108005, 37.89725206], [-122.55108, 37.89726108], [-122.55109137, 37.89726112], [-122.55109132, 37.89727013], [-122.55110269, 37.89727018], [-122.55110264, 37.89727919], [-122.55111401, 37.89727923], [-122.55111396, 37.89728824], [-122.55112533, 37.89728829], [-122.55112527, 37.8972973], [-122.55113665, 37.89729734], [-122.55113659, 37.89730636], [-122.55114797, 37.8973064], [-122.55114791, 37.89731541], [-122.55117066, 37.8973155], [-122.5511706, 37.89732451], [-122.55119335, 37.8973246], [-122.5511933, 37.89733361], [-122.55121604, 37.8973337], [-122.55121599, 37.89734271], [-122.55122736, 37.89734275], [-122.55122731, 37.89735177], [-122.55123868, 37.89735181], [-122.55123863, 37.89736082], [-122.55125, 37.89736087], [-122.55124973, 37.89740593], [-122.55123835, 37.89740589], [-122.5512383, 37.8974149], [-122.55122693, 37.89741486], [-122.55122687, 37.89742387], [-122.55120412, 37.89742378], [-122.55120407, 37.8974328], [-122.55118132, 37.89743271], [-122.55118127, 37.89744172], [-122.55114715, 37.89744159], [-122.55114709, 37.8974506], [-122.55112434, 37.89745052], [-122.55112429, 37.89745953], [-122.55111292, 37.89745949], [-122.55111286, 37.8974685], [-122.55110149, 37.89746846], [-122.55110143, 37.89747747], [-122.55109006, 37.89747743], [-122.55108973, 37.8975315], [-122.55107836, 37.89753146], [-122.55107825, 37.89754948], [-122.55106687, 37.89754944], [-122.55106682, 37.89755845], [-122.55105544, 37.89755841], [-122.55105534, 37.89757644], [-122.55104396, 37.89757639], [-122.55104391, 37.89758541], [-122.55103253, 37.89758536], [-122.55103242, 37.89760339], [-122.55102105, 37.89760334], [-122.55102094, 37.89762137], [-122.55100957, 37.89762133], [-122.55100951, 37.89763034], [-122.55099814, 37.8976303], [-122.55099808, 37.89763931], [-122.55098671, 37.89763927], [-122.55098649, 37.89767532], [-122.55097512, 37.89767527], [-122.55097468, 37.89774738], [-122.55096331, 37.89774733], [-122.5509632, 37.89776536], [-122.55095182, 37.89776531], [-122.55095177, 37.89777433], [-122.55094039, 37.89777428], [-122.55094017, 37.89781033], [-122.55095155, 37.89781038], [-122.55095138, 37.89783742], [-122.55096276, 37.89783746], [-122.5509627, 37.89784647], [-122.55097408, 37.89784652], [-122.55097391, 37.89787355], [-122.55098529, 37.8978736], [-122.55098512, 37.89790064], [-122.5509965, 37.89790068], [-122.55099644, 37.89790969], [-122.55100781, 37.89790974], [-122.55100765, 37.89793677], [-122.5510304, 37.89793686], [-122.55103034, 37.89794587], [-122.55104172, 37.89794592], [-122.55104166, 37.89795493], [-122.55105304, 37.89795497], [-122.55105298, 37.89796399], [-122.55107573, 37.89796407], [-122.55107567, 37.89797309], [-122.55108705, 37.89797313], [-122.55108699, 37.89798214], [-122.55109837, 37.89798218], [-122.55109831, 37.8979912], [-122.55110969, 37.89799124], [-122.55110963, 37.89800025], [-122.55112101, 37.8980003], [-122.55112095, 37.89800931], [-122.55113232, 37.89800935], [-122.55113227, 37.89801837], [-122.55114364, 37.89801841], [-122.55114359, 37.89802742], [-122.55121183, 37.89802768], [-122.55121178, 37.8980367], [-122.55123452, 37.89803678], [-122.55123447, 37.89804579], [-122.55124584, 37.89804584], [-122.55124579, 37.89805485], [-122.55125716, 37.89805489], [-122.55125711, 37.89806391], [-122.55127986, 37.89806399], [-122.5512798, 37.89807301], [-122.55130255, 37.89807309], [-122.55130249, 37.89808211], [-122.55131387, 37.89808215], [-122.55131381, 37.89809116], [-122.55133656, 37.89809125], [-122.55133645, 37.89810927], [-122.55134782, 37.89810932], [-122.55134771, 37.89812734], [-122.55137046, 37.89812743], [-122.55137035, 37.89814546], [-122.55138173, 37.8981455], [-122.55138145, 37.89819056], [-122.55137008, 37.89819052], [-122.55136997, 37.89820854], [-122.55138134, 37.89820859], [-122.55138129, 37.8982176], [-122.55142678, 37.89821777], [-122.55142673, 37.89822679], [-122.55147223, 37.89822696], [-122.55147228, 37.89821795], [-122.55154052, 37.89821821], [-122.55154058, 37.8982092], [-122.5515747, 37.89820933], [-122.55157464, 37.89821834], [-122.55159739, 37.89821842], [-122.55159745, 37.89820941], [-122.55162019, 37.8982095], [-122.55162014, 37.89821851], [-122.55165426, 37.89821864], [-122.55165432, 37.89820963], [-122.55166569, 37.89820967], [-122.55166563, 37.89821868], [-122.55171113, 37.89821886], [-122.55171108, 37.89822787], [-122.55172245, 37.89822791], [-122.55172239, 37.89823693], [-122.55173377, 37.89823697], [-122.55173371, 37.89824598], [-122.55174509, 37.89824603], [-122.55174503, 37.89825504], [-122.55176778, 37.89825513], [-122.55176773, 37.89826414], [-122.55180185, 37.89826427], [-122.55180179, 37.89827328], [-122.55187004, 37.89827354], [-122.55187009, 37.89826453], [-122.55196108, 37.89826487], [-122.55196114, 37.89825586], [-122.55198388, 37.89825595], [-122.55198394, 37.89824694], [-122.55204081, 37.89824715], [-122.55204075, 37.89825616], [-122.55207487, 37.89825629], [-122.55207471, 37.89828333], [-122.55208608, 37.89828338], [-122.55208603, 37.89829239], [-122.5520974, 37.89829243], [-122.55209735, 37.89830144], [-122.55214284, 37.89830162], [-122.55214279, 37.89831063], [-122.55219966, 37.89831085], [-122.5521996, 37.89831986], [-122.55222235, 37.89831995], [-122.5522223, 37.89832896], [-122.55227917, 37.89832918], [-122.55227922, 37.89832016], [-122.55238158, 37.89832055], [-122.55238153, 37.89832956], [-122.55250664, 37.89833004], [-122.55250659, 37.89833905], [-122.55254071, 37.89833918], [-122.55254065, 37.8983482], [-122.5525634, 37.89834828], [-122.55256335, 37.8983573], [-122.55257472, 37.89835734], [-122.55257467, 37.89836635], [-122.55258604, 37.89836639], [-122.55258593, 37.89838442], [-122.55260868, 37.89838451], [-122.55260863, 37.89839352], [-122.55262, 37.89839356], [-122.55261994, 37.89840258], [-122.55263132, 37.89840262], [-122.55263126, 37.89841163], [-122.55265401, 37.89841172], [-122.55265396, 37.89842073], [-122.5526767, 37.89842082], [-122.55267665, 37.89842983], [-122.5526994, 37.89842992], [-122.55269934, 37.89843893], [-122.55277896, 37.89843923], [-122.55277901, 37.89843022], [-122.55280176, 37.8984303], [-122.55280182, 37.89842129], [-122.55282456, 37.89842138], [-122.55282462, 37.89841237], [-122.55290424, 37.89841267], [-122.55290418, 37.89842168], [-122.5529383, 37.89842181], [-122.55293825, 37.89843082], [-122.55297237, 37.89843095], [-122.55297232, 37.89843997], [-122.55300644, 37.8984401], [-122.55300638, 37.89844911], [-122.5530405, 37.89844924], [-122.55304045, 37.89845825], [-122.5530632, 37.89845834], [-122.55306314, 37.89846735], [-122.55307452, 37.89846739], [-122.55307446, 37.89847641], [-122.55308584, 37.89847645], [-122.55308578, 37.89848546], [-122.55309716, 37.8984855], [-122.5530971, 37.89849452], [-122.55313122, 37.89849465], [-122.55313117, 37.89850366], [-122.55316529, 37.89850379], [-122.55316524, 37.8985128], [-122.55321073, 37.89851297], [-122.55321068, 37.89852199], [-122.55330167, 37.89852233], [-122.55330172, 37.89851332], [-122.5533131, 37.89851336], [-122.55331304, 37.89852238], [-122.55335854, 37.89852255], [-122.55335848, 37.89853156], [-122.55338123, 37.89853165], [-122.55338118, 37.89854066], [-122.55340392, 37.89854075], [-122.55340398, 37.89853173], [-122.55348359, 37.89853204], [-122.55348354, 37.89854105], [-122.55349491, 37.89854109], [-122.55349486, 37.89855011], [-122.55351761, 37.89855019], [-122.55351766, 37.89854118], [-122.55364277, 37.89854165], [-122.55364272, 37.89855067], [-122.55369959, 37.89855088], [-122.55369953, 37.89855989], [-122.55372228, 37.89855998], [-122.55372223, 37.89856899], [-122.55375635, 37.89856912], [-122.5537563, 37.89857814], [-122.55377904, 37.89857822], [-122.55377899, 37.89858723], [-122.55380174, 37.89858732], [-122.55380168, 37.89859633], [-122.55381306, 37.89859638], [-122.553813, 37.89860539], [-122.55384712, 37.89860552], [-122.55384707, 37.89861453], [-122.55385844, 37.89861457], [-122.55385839, 37.89862359], [-122.55388114, 37.89862367], [-122.55388108, 37.89863269], [-122.55389246, 37.89863273], [-122.5538924, 37.89864174], [-122.55390377, 37.89864179], [-122.55390372, 37.8986508], [-122.55391509, 37.89865084], [-122.55391493, 37.89867788], [-122.5539263, 37.89867792], [-122.5539262, 37.89869595], [-122.55393757, 37.89869599], [-122.55393735, 37.89873204], [-122.55394873, 37.89873209], [-122.55394862, 37.89875011], [-122.5539145, 37.89874998], [-122.55391455, 37.89874097], [-122.55390318, 37.89874093], [-122.55390323, 37.89873191], [-122.55389186, 37.89873187], [-122.55389197, 37.89871384], [-122.55388059, 37.8987138], [-122.5538807, 37.89869578], [-122.55386933, 37.89869573], [-122.55386938, 37.89868672], [-122.55385801, 37.89868668], [-122.55385806, 37.89867766], [-122.55384669, 37.89867762], [-122.55384674, 37.89866861], [-122.55375575, 37.89866826], [-122.55375581, 37.89865925], [-122.55374443, 37.89865921], [-122.55374449, 37.89865019], [-122.55372174, 37.89865011], [-122.55372179, 37.8986411], [-122.55371042, 37.89864105], [-122.55371047, 37.89863204], [-122.55368773, 37.89863195], [-122.55368778, 37.89862294], [-122.55365366, 37.89862281], [-122.5536536, 37.89863182], [-122.55364223, 37.89863178], [-122.55364218, 37.89864079], [-122.5536308, 37.89864075], [-122.55363075, 37.89864976], [-122.55361937, 37.89864972], [-122.55361932, 37.89865873], [-122.55360794, 37.89865869], [-122.55360789, 37.8986677], [-122.55359652, 37.89866766], [-122.55359646, 37.89867667], [-122.55358509, 37.89867663], [-122.55358503, 37.89868564], [-122.55357366, 37.8986856], [-122.55357361, 37.89869461], [-122.55356223, 37.89869457], [-122.55356218, 37.89870358], [-122.5535508, 37.89870354], [-122.55355064, 37.89873058], [-122.55353927, 37.89873053], [-122.55353921, 37.89873955], [-122.55355059, 37.89873959], [-122.55355042, 37.89876663], [-122.55353905, 37.89876658], [-122.55353888, 37.89879362], [-122.55352751, 37.89879358], [-122.5535274, 37.89881161], [-122.55351603, 37.89881156], [-122.55351597, 37.89882057], [-122.5535046, 37.89882053], [-122.55350438, 37.89885658], [-122.55349301, 37.89885654], [-122.5534929, 37.89887457], [-122.55348153, 37.89887452], [-122.55348147, 37.89888353], [-122.5534701, 37.89888349], [-122.55347004, 37.8988925], [-122.55345867, 37.89889246], [-122.55345861, 37.89890147], [-122.55344724, 37.89890143], [-122.55344719, 37.89891044], [-122.55343581, 37.8989104], [-122.55343576, 37.89891941], [-122.55342438, 37.89891937], [-122.55342433, 37.89892838], [-122.55340158, 37.8989283], [-122.55340153, 37.89893731], [-122.55339015, 37.89893727], [-122.5533901, 37.89894628], [-122.55333323, 37.89894606], [-122.55333328, 37.89893705], [-122.55323092, 37.89893666], [-122.55323097, 37.89892765], [-122.5532196, 37.89892761], [-122.55321954, 37.89893662], [-122.55311718, 37.89893623], [-122.55311723, 37.89892722], [-122.55308311, 37.89892709], [-122.55308306, 37.8989361], [-122.55296932, 37.89893567], [-122.55296926, 37.89894468], [-122.55291239, 37.89894447], [-122.55291234, 37.89895348], [-122.55288959, 37.89895339], [-122.55288954, 37.8989624], [-122.55286679, 37.89896232], [-122.55286673, 37.89897133], [-122.55284399, 37.89897124], [-122.55284393, 37.89898026], [-122.55282118, 37.89898017], [-122.55282113, 37.89898918], [-122.55277563, 37.89898901], [-122.55277569, 37.89898], [-122.55276431, 37.89897995], [-122.55276437, 37.89897094], [-122.55271887, 37.89897077], [-122.55271882, 37.89897978], [-122.55260508, 37.89897935], [-122.55260502, 37.89898836], [-122.55259365, 37.89898832], [-122.5525936, 37.89899733], [-122.5525481, 37.89899716], [-122.55254805, 37.89900617], [-122.55249118, 37.89900596], [-122.55249112, 37.89901497], [-122.55247975, 37.89901493], [-122.55247969, 37.89902394], [-122.55246832, 37.89902389], [-122.55246826, 37.89903291], [-122.55245689, 37.89903286], [-122.55245684, 37.89904188], [-122.55244546, 37.89904183], [-122.55244541, 37.89905085], [-122.55243403, 37.8990508], [-122.55243398, 37.89905982], [-122.5524226, 37.89905977], [-122.55242255, 37.89906879], [-122.55241118, 37.89906874], [-122.55241112, 37.89907776], [-122.55239975, 37.89907771], [-122.55239969, 37.89908672], [-122.55237695, 37.89908664], [-122.55237684, 37.89910466], [-122.55236546, 37.89910462], [-122.55236535, 37.89912265], [-122.55235398, 37.8991226], [-122.55235392, 37.89913162], [-122.5523198, 37.89913149], [-122.55231975, 37.8991405], [-122.55233112, 37.89914054], [-122.55233107, 37.89914955], [-122.55229695, 37.89914942], [-122.552297, 37.89914041], [-122.55224013, 37.8991402], [-122.55224008, 37.89914921], [-122.55218321, 37.89914899], [-122.55218331, 37.89913097], [-122.55217194, 37.89913092], [-122.55217216, 37.89909487], [-122.55216079, 37.89909483], [-122.55216084, 37.89908582], [-122.55214947, 37.89908577], [-122.55214958, 37.89906775], [-122.5521382, 37.8990677], [-122.55213837, 37.89904067], [-122.55212699, 37.89904062], [-122.55212705, 37.89903161], [-122.55211567, 37.89903157], [-122.55211584, 37.89900453], [-122.55210446, 37.89900448], [-122.55210452, 37.89899547], [-122.55209314, 37.89899543], [-122.5520932, 37.89898642], [-122.55208182, 37.89898637], [-122.55208188, 37.89897736], [-122.5520705, 37.89897732], [-122.55207056, 37.8989683], [-122.55205918, 37.89896826], [-122.55205924, 37.89895925], [-122.55204787, 37.8989592], [-122.55204792, 37.89895019], [-122.55203655, 37.89895015], [-122.5520366, 37.89894114], [-122.55201385, 37.89894105], [-122.55201391, 37.89893204], [-122.55199116, 37.89893195], [-122.55199121, 37.89892294], [-122.55197984, 37.89892289], [-122.55197989, 37.89891388], [-122.55179791, 37.89891319], [-122.55179786, 37.8989222], [-122.55175236, 37.89892203], [-122.55175231, 37.89893104], [-122.55172956, 37.89893095], [-122.5517295, 37.89893997], [-122.55169538, 37.89893984], [-122.55169533, 37.89894885], [-122.55166121, 37.89894872], [-122.55166115, 37.89895773], [-122.5516384, 37.89895765], [-122.55163835, 37.89896666], [-122.55154736, 37.89896631], [-122.55154741, 37.8989573], [-122.55151329, 37.89895717], [-122.55151324, 37.89896618], [-122.55147911, 37.89896605], [-122.55147917, 37.89895704], [-122.55146779, 37.898957], [-122.55146785, 37.89894798], [-122.55134274, 37.89894751], [-122.55134268, 37.89895652], [-122.55125169, 37.89895617], [-122.55125174, 37.89894716], [-122.55120625, 37.89894699], [-122.5512063, 37.89893797], [-122.55116081, 37.8989378], [-122.55116075, 37.89894681], [-122.55114938, 37.89894677], [-122.55114932, 37.89895578], [-122.55113795, 37.89895574], [-122.5511379, 37.89896475], [-122.55101278, 37.89896427], [-122.55101284, 37.89895526], [-122.55100146, 37.89895522], [-122.55100152, 37.8989462], [-122.55089915, 37.89894581], [-122.55089921, 37.8989368], [-122.55084234, 37.89893658], [-122.55084239, 37.89892757], [-122.5507969, 37.8989274], [-122.55079695, 37.89891839], [-122.55076283, 37.89891826], [-122.55076289, 37.89890924], [-122.55072876, 37.89890911], [-122.55072882, 37.8989001], [-122.55070607, 37.89890001], [-122.55070613, 37.898891], [-122.55061513, 37.89889065], [-122.55061519, 37.89888164], [-122.55055832, 37.89888142], [-122.55055837, 37.89887241], [-122.55052425, 37.89887228], [-122.55052431, 37.89886327], [-122.55049019, 37.89886314], [-122.55049024, 37.89885412], [-122.55045612, 37.89885399], [-122.55045617, 37.89884498], [-122.55043343, 37.89884489], [-122.55043348, 37.89883588], [-122.55039936, 37.89883575], [-122.55039941, 37.89882674], [-122.55036529, 37.89882661], [-122.55036535, 37.89881759], [-122.5503426, 37.89881751], [-122.55034265, 37.8988085], [-122.55033128, 37.89880845], [-122.55033133, 37.89879944], [-122.55029721, 37.89879931], [-122.55029727, 37.8987903], [-122.5502404, 37.89879008], [-122.55024045, 37.89878107], [-122.55018358, 37.89878085], [-122.55018364, 37.89877184], [-122.55012677, 37.89877162], [-122.55012682, 37.89876261], [-122.55001308, 37.89876217], [-122.55001314, 37.89875316], [-122.54995627, 37.89875294], [-122.54995621, 37.89876195], [-122.54994484, 37.89876191], [-122.54994479, 37.89877092], [-122.54992204, 37.89877084], [-122.54992198, 37.89877985], [-122.54991061, 37.8987798], [-122.54991055, 37.89878882], [-122.54989918, 37.89878877], [-122.54989913, 37.89879779], [-122.54988775, 37.89879774], [-122.5498877, 37.89880676], [-122.5498422, 37.89880658], [-122.54984226, 37.89879757], [-122.54983088, 37.89879753], [-122.54983094, 37.89878851], [-122.54981956, 37.89878847], [-122.54981973, 37.89876143], [-122.54980835, 37.89876139], [-122.54980863, 37.89871632], [-122.54979725, 37.89871628], [-122.54979742, 37.89868924], [-122.54978605, 37.8986892], [-122.5497861, 37.89868019], [-122.54977473, 37.89868014], [-122.54977478, 37.89867113], [-122.54976341, 37.89867109], [-122.54976346, 37.89866207], [-122.54971797, 37.8986619], [-122.54971808, 37.89864387], [-122.5497067, 37.89864383], [-122.54970687, 37.89861679], [-122.54969549, 37.89861675], [-122.54969566, 37.89858971], [-122.54968428, 37.89858967], [-122.5496845, 37.89855362], [-122.54967313, 37.89855357], [-122.5496733, 37.89852653], [-122.54966192, 37.89852649], [-122.54966203, 37.89850846], [-122.54965066, 37.89850842], [-122.54965077, 37.8984904], [-122.54963939, 37.89849035], [-122.5496395, 37.89847233], [-122.54962813, 37.89847228], [-122.54962824, 37.89845426], [-122.54961687, 37.89845421], [-122.54961698, 37.89843619], [-122.5496056, 37.89843614], [-122.54960566, 37.89842713], [-122.54959428, 37.89842709], [-122.54959439, 37.89840906], [-122.54958302, 37.89840902], [-122.54958307, 37.89840001], [-122.5495717, 37.89839996], [-122.54957175, 37.89839095], [-122.54956038, 37.89839091], [-122.54956044, 37.89838189], [-122.54954906, 37.89838185], [-122.54954912, 37.89837284], [-122.54953774, 37.89837279], [-122.5495378, 37.89836378], [-122.54952642, 37.89836374], [-122.54952648, 37.89835473], [-122.5495151, 37.89835468], [-122.54951516, 37.89834567], [-122.54950379, 37.89834563], [-122.54950384, 37.89833661], [-122.54949247, 37.89833657], [-122.54949252, 37.89832756], [-122.54948115, 37.89832751], [-122.54948126, 37.89830949], [-122.54945851, 37.8983094], [-122.54945857, 37.89830039], [-122.54944719, 37.89830034], [-122.54944725, 37.89829133], [-122.5494245, 37.89829124], [-122.54942455, 37.89828223], [-122.54941318, 37.89828219], [-122.54941323, 37.89827317], [-122.54939049, 37.89827309], [-122.54939054, 37.89826407], [-122.54937917, 37.89826403], [-122.54937922, 37.89825502], [-122.54936785, 37.89825497], [-122.5493679, 37.89824596], [-122.54935653, 37.89824592], [-122.54935659, 37.89823691], [-122.54933384, 37.89823682], [-122.54933389, 37.89822781], [-122.54932252, 37.89822776], [-122.54932257, 37.89821875], [-122.54928845, 37.89821862], [-122.54928851, 37.89820961], [-122.54926576, 37.89820952], [-122.54926581, 37.89820051], [-122.54923169, 37.89820038], [-122.54923175, 37.89819136], [-122.54919763, 37.89819123], [-122.54919757, 37.89820025], [-122.5491862, 37.8982002], [-122.54918614, 37.89820921], [-122.54919752, 37.89820926], [-122.54919741, 37.89822728], [-122.54920878, 37.89822733], [-122.54920873, 37.89823634], [-122.5492201, 37.89823638], [-122.54921999, 37.89825441], [-122.54923136, 37.89825445], [-122.54923131, 37.89826347], [-122.54920856, 37.89826338], [-122.54920862, 37.89825437], [-122.54918587, 37.89825428], [-122.54918592, 37.89824527], [-122.54916318, 37.89824518], [-122.54916323, 37.89823617], [-122.54912911, 37.89823603], [-122.54912916, 37.89822702], [-122.54910642, 37.89822693], [-122.54910647, 37.89821792], [-122.54908372, 37.89821783], [-122.54908378, 37.89820882], [-122.54904966, 37.89820869], [-122.54904971, 37.89819968], [-122.54901559, 37.89819955], [-122.54901565, 37.89819054], [-122.54898152, 37.8981904], [-122.54898158, 37.89818139], [-122.54894746, 37.89818126], [-122.54894751, 37.89817225], [-122.54891339, 37.89817212], [-122.54891345, 37.8981631], [-122.54885658, 37.89816289], [-122.54885663, 37.89815387], [-122.54867465, 37.89815318], [-122.5486746, 37.89816219], [-122.5486291, 37.89816201], [-122.54862905, 37.89817103], [-122.5486063, 37.89817094], [-122.54860624, 37.89817995], [-122.54857212, 37.89817982], [-122.54857207, 37.89818883], [-122.54854932, 37.89818875], [-122.54854926, 37.89819776], [-122.54853789, 37.89819772], [-122.54853784, 37.89820673], [-122.54851509, 37.89820664], [-122.54851503, 37.89821566], [-122.54849229, 37.89821557], [-122.54849218, 37.89823359], [-122.5484808, 37.89823355], [-122.54848075, 37.89824256], [-122.54846937, 37.89824252], [-122.54846932, 37.89825153], [-122.5484352, 37.8982514], [-122.54843514, 37.89826041], [-122.54841239, 37.89826033], [-122.54841234, 37.89826934], [-122.54838959, 37.89826925], [-122.54838954, 37.89827826], [-122.54837816, 37.89827822], [-122.54837811, 37.89828723], [-122.54836673, 37.89828719], [-122.54836668, 37.8982962], [-122.54834393, 37.89829612], [-122.54834388, 37.89830513], [-122.5483325, 37.89830508], [-122.54833245, 37.8983141], [-122.5483097, 37.89831401], [-122.54830964, 37.89832302], [-122.54829827, 37.89832298], [-122.54829821, 37.89833199], [-122.54827547, 37.8983319], [-122.54827541, 37.89834092], [-122.54826404, 37.89834087], [-122.54826398, 37.89834989], [-122.54825261, 37.89834984], [-122.54825255, 37.89835886], [-122.54824118, 37.89835881], [-122.54824113, 37.89836782], [-122.54822975, 37.89836778], [-122.5482297, 37.89837679], [-122.54821832, 37.89837675], [-122.54821827, 37.89838576], [-122.54819552, 37.89838568], [-122.54819535, 37.89841271], [-122.54816123, 37.89841258], [-122.54816118, 37.8984216], [-122.5481498, 37.89842155], [-122.54814975, 37.89843057], [-122.54811563, 37.89843043], [-122.54811557, 37.89843945], [-122.54809282, 37.89843936], [-122.54809277, 37.89844837], [-122.54807002, 37.89844828], [-122.54806997, 37.8984573], [-122.54804722, 37.89845721], [-122.54804716, 37.89846622], [-122.54803579, 37.89846618], [-122.54803573, 37.89847519], [-122.54802436, 37.89847515], [-122.54802431, 37.89848416], [-122.54801293, 37.89848412], [-122.54801288, 37.89849313], [-122.5480015, 37.89849309], [-122.54800145, 37.8985021], [-122.54799007, 37.89850206], [-122.54799002, 37.89851107], [-122.54797865, 37.89851103], [-122.54797859, 37.89852004], [-122.54796722, 37.89851999], [-122.54796716, 37.89852901], [-122.54795579, 37.89852896], [-122.54795568, 37.89854699], [-122.5479443, 37.89854695], [-122.54794419, 37.89856497], [-122.54793282, 37.89856493], [-122.54793271, 37.89858295], [-122.54792133, 37.89858291], [-122.54792128, 37.89859192], [-122.54790991, 37.89859188], [-122.54790985, 37.89860089], [-122.54789848, 37.89860085], [-122.54789842, 37.89860986], [-122.54788705, 37.89860982], [-122.54788694, 37.89862784], [-122.54787556, 37.8986278], [-122.54787551, 37.89863681], [-122.54786413, 37.89863677], [-122.54786408, 37.89864578], [-122.54785271, 37.89864574], [-122.54785276, 37.89863672], [-122.54783001, 37.89863664], [-122.54783007, 37.89862762], [-122.54781869, 37.89862758], [-122.5478188, 37.89860955], [-122.54780743, 37.89860951], [-122.54780754, 37.89859148], [-122.54779617, 37.89859144], [-122.54779622, 37.89858243], [-122.54778485, 37.89858238], [-122.5477849, 37.89857337], [-122.54777353, 37.89857333], [-122.54777358, 37.89856432], [-122.54776221, 37.89856427], [-122.54776249, 37.89851921], [-122.54777386, 37.89851925], [-122.54777425, 37.89845616], [-122.54776287, 37.89845612], [-122.54776304, 37.89842908], [-122.54775166, 37.89842904], [-122.54775233, 37.89832088], [-122.54774095, 37.89832084], [-122.5477415, 37.89823071], [-122.54773013, 37.89823067], [-122.54773024, 37.89821264], [-122.54771887, 37.8982126], [-122.54771909, 37.89817655], [-122.54770771, 37.8981765], [-122.54770788, 37.89814947], [-122.54769651, 37.89814942], [-122.54769656, 37.89814041], [-122.54768519, 37.89814037], [-122.5476853, 37.89812234], [-122.54767392, 37.8981223], [-122.54767398, 37.89811328], [-122.5476626, 37.89811324], [-122.54766271, 37.89809521], [-122.54765134, 37.89809517], [-122.5476514, 37.89808616], [-122.54764002, 37.89808611], [-122.54764008, 37.8980771], [-122.54761733, 37.89807701], [-122.54761738, 37.898068], [-122.54760601, 37.89806796], [-122.54760607, 37.89805894], [-122.54759469, 37.8980589], [-122.54759475, 37.89804989], [-122.54758337, 37.89804984], [-122.54758343, 37.89804083], [-122.54756068, 37.89804074], [-122.54756074, 37.89803173], [-122.54754936, 37.89803169], [-122.54754942, 37.89802267], [-122.54753804, 37.89802263], [-122.5475381, 37.89801362], [-122.54751535, 37.89801353], [-122.54751541, 37.89800452], [-122.54750403, 37.89800447], [-122.54750409, 37.89799546], [-122.54748134, 37.89799537], [-122.5474814, 37.89798636], [-122.54745865, 37.89798627], [-122.5474587, 37.89797726], [-122.54743596, 37.89797717], [-122.54743601, 37.89796816], [-122.54740189, 37.89796803], [-122.54740195, 37.89795902], [-122.5473792, 37.89795893], [-122.54737925, 37.89794992], [-122.54736788, 37.89794987], [-122.54736793, 37.89794086], [-122.54733381, 37.89794073], [-122.54733387, 37.89793172], [-122.54729975, 37.89793158], [-122.5472998, 37.89792257], [-122.54726568, 37.89792244], [-122.54726574, 37.89791343], [-122.54723161, 37.8979133], [-122.54723167, 37.89790428], [-122.54718617, 37.89790411], [-122.54718623, 37.8978951], [-122.54715211, 37.89789496], [-122.54715216, 37.89788595], [-122.54700431, 37.89788538], [-122.54700425, 37.8978944], [-122.5469815, 37.89789431], [-122.54698145, 37.89790332], [-122.5469587, 37.89790323], [-122.54695864, 37.89791225], [-122.5469359, 37.89791216], [-122.54693584, 37.89792117], [-122.54691309, 37.89792108], [-122.54691304, 37.8979301], [-122.54690167, 37.89793005], [-122.54690161, 37.89793907], [-122.54686749, 37.89793893], [-122.54686743, 37.89794795], [-122.54684469, 37.89794786], [-122.54684458, 37.89796589], [-122.5468332, 37.89796584], [-122.54683315, 37.89797485], [-122.5468104, 37.89797477], [-122.54681034, 37.89798378], [-122.54679897, 37.89798374], [-122.54679891, 37.89799275], [-122.54675342, 37.89799257], [-122.54675336, 37.89800159], [-122.54673062, 37.8980015], [-122.54673056, 37.89801051], [-122.54668507, 37.89801034], [-122.54668512, 37.89800132], [-122.54667375, 37.89800128], [-122.5466738, 37.89799227], [-122.54662831, 37.89799209], [-122.54662836, 37.89798308], [-122.54659424, 37.89798295], [-122.5465943, 37.89797393], [-122.54657155, 37.89797385], [-122.5465716, 37.89796483], [-122.54654886, 37.89796475], [-122.54654891, 37.89795573], [-122.54651479, 37.8979556], [-122.54651485, 37.89794659], [-122.5464921, 37.8979465], [-122.54649215, 37.89793749], [-122.54644666, 37.89793731], [-122.54644671, 37.8979283], [-122.54635572, 37.89792795], [-122.54635578, 37.89791894], [-122.54627616, 37.89791863], [-122.54627611, 37.89792764], [-122.54620787, 37.89792738], [-122.54620781, 37.89793639], [-122.54616232, 37.89793622], [-122.54616226, 37.89794523], [-122.54613951, 37.89794514], [-122.54613946, 37.89795416], [-122.54610534, 37.89795402], [-122.54610528, 37.89796304], [-122.54608253, 37.89796295], [-122.54608248, 37.89797196], [-122.5460711, 37.89797192], [-122.54607105, 37.89798093], [-122.5460483, 37.89798084], [-122.54604825, 37.89798986], [-122.54603687, 37.89798981], [-122.54603682, 37.89799882], [-122.54602544, 37.89799878], [-122.54602539, 37.89800779], [-122.54600264, 37.89800771], [-122.54600258, 37.89801672], [-122.54599121, 37.89801667], [-122.54599115, 37.89802569], [-122.54597978, 37.89802564], [-122.54597973, 37.89803466], [-122.54596835, 37.89803461], [-122.5459683, 37.89804363], [-122.54595692, 37.89804358], [-122.54595687, 37.89805259], [-122.54594549, 37.89805255], [-122.54594544, 37.89806156], [-122.54592269, 37.89806148], [-122.54592264, 37.89807049], [-122.54591126, 37.89807044], [-122.5459111, 37.89809748], [-122.54589972, 37.89809744], [-122.54589956, 37.89812448], [-122.54588818, 37.89812443], [-122.54588807, 37.89814246], [-122.5458767, 37.89814241], [-122.54587664, 37.89815143], [-122.54586527, 37.89815138], [-122.54586494, 37.89820546], [-122.54585356, 37.89820542], [-122.54585334, 37.89824147], [-122.54584197, 37.89824142], [-122.54584186, 37.89825945], [-122.54585323, 37.89825949], [-122.54585317, 37.89826851], [-122.5458418, 37.89826846], [-122.54584175, 37.89827747], [-122.54585312, 37.89827752], [-122.54585301, 37.89829554], [-122.54586438, 37.89829559], [-122.54586394, 37.89836769], [-122.54585257, 37.89836765], [-122.5458524, 37.89839468], [-122.54586377, 37.89839473], [-122.5458635, 37.89843979], [-122.54585212, 37.89843975], [-122.54585207, 37.89844876], [-122.54584069, 37.89844872], [-122.54584064, 37.89845773], [-122.54585201, 37.89845777], [-122.54585196, 37.89846679], [-122.54586333, 37.89846683], [-122.54586327, 37.89847584], [-122.54587465, 37.89847589], [-122.54587448, 37.89850293], [-122.54588586, 37.89850297], [-122.54588497, 37.89864717], [-122.5458736, 37.89864713], [-122.54587332, 37.89869219], [-122.54588469, 37.89869224], [-122.54588414, 37.89878237], [-122.54589551, 37.89878241], [-122.54589529, 37.89881846], [-122.54590667, 37.8988185], [-122.54590656, 37.89883653], [-122.54591793, 37.89883657], [-122.54591782, 37.8988546], [-122.54592919, 37.89885464], [-122.54592892, 37.89889971], [-122.5458493, 37.8988994], [-122.54584924, 37.89890841], [-122.54580375, 37.89890824], [-122.5458038, 37.89889922], [-122.54575831, 37.89889905], [-122.54575836, 37.89889004], [-122.54573561, 37.89888995], [-122.54573567, 37.89888094], [-122.54570155, 37.8988808], [-122.5457016, 37.89887179], [-122.54564473, 37.89887157], [-122.54564479, 37.89886256], [-122.5455083, 37.89886203], [-122.54550825, 37.89887104], [-122.54547413, 37.89887091], [-122.54547407, 37.89887993], [-122.54545132, 37.89887984], [-122.54545127, 37.89888885], [-122.54543989, 37.89888881], [-122.54543984, 37.89889782], [-122.54541709, 37.89889773], [-122.54541703, 37.89890674], [-122.54539429, 37.89890666], [-122.54539423, 37.89891567], [-122.54536011, 37.89891554], [-122.54536005, 37.89892455], [-122.54534868, 37.89892451], [-122.54534873, 37.89891549], [-122.54533736, 37.89891545], [-122.54533747, 37.89889742], [-122.5453261, 37.89889738], [-122.54532632, 37.89886133], [-122.54531495, 37.89886129], [-122.545315, 37.89885227], [-122.54530363, 37.89885223], [-122.54530374, 37.8988342], [-122.54529236, 37.89883416], [-122.54529242, 37.89882515], [-122.54528105, 37.8988251], [-122.54528116, 37.89880708], [-122.54526978, 37.89880703], [-122.54526984, 37.89879802], [-122.54525846, 37.89879798], [-122.54525852, 37.89878896], [-122.54523577, 37.89878888], [-122.54523583, 37.89877986], [-122.54522445, 37.89877982], [-122.54522451, 37.89877081], [-122.54521314, 37.89877076], [-122.54521319, 37.89876175], [-122.54520182, 37.89876171], [-122.54520187, 37.89875269], [-122.5451905, 37.89875265], [-122.54519055, 37.89874364], [-122.54517918, 37.89874359], [-122.54517924, 37.89873458], [-122.54516786, 37.89873454], [-122.54516792, 37.89872552], [-122.54515654, 37.89872548], [-122.5451566, 37.89871647], [-122.54514522, 37.89871642], [-122.54514528, 37.89870741], [-122.54513391, 37.89870736], [-122.54513402, 37.89868934], [-122.54512264, 37.8986893], [-122.5451227, 37.89868028], [-122.54511132, 37.89868024], [-122.54511144, 37.89866221], [-122.54510006, 37.89866217], [-122.54510017, 37.89864414], [-122.5450888, 37.8986441], [-122.54508885, 37.89863509], [-122.54507748, 37.89863504], [-122.54507754, 37.89862603], [-122.54506616, 37.89862599], [-122.54506627, 37.89860796], [-122.5450549, 37.89860792], [-122.54505495, 37.8985989], [-122.54504358, 37.89859886], [-122.54504369, 37.89858083], [-122.54503232, 37.89858079], [-122.54503237, 37.89857178], [-122.545021, 37.89857173], [-122.54502106, 37.89856272], [-122.54500968, 37.89856268], [-122.54500979, 37.89854465], [-122.54499842, 37.89854461], [-122.54499853, 37.89852658], [-122.54498716, 37.89852654], [-122.54498727, 37.89850851], [-122.54497589, 37.89850847], [-122.54497595, 37.89849946], [-122.54496457, 37.89849941], [-122.54496469, 37.89848139], [-122.54495331, 37.89848134], [-122.54495337, 37.89847233], [-122.54494199, 37.89847229], [-122.54494205, 37.89846327], [-122.54493067, 37.89846323], [-122.54493073, 37.89845422], [-122.54491936, 37.89845417], [-122.54491947, 37.89843615], [-122.54490809, 37.8984361], [-122.54490815, 37.89842709], [-122.54489678, 37.89842705], [-122.54489683, 37.89841803], [-122.54488546, 37.89841799], [-122.54488551, 37.89840898], [-122.54487414, 37.89840893], [-122.54487419, 37.89839992], [-122.54486282, 37.89839988], [-122.54486288, 37.89839086], [-122.54484013, 37.89839077], [-122.54484018, 37.89838176], [-122.54482881, 37.89838172], [-122.54482892, 37.89836369], [-122.54481755, 37.89836365], [-122.5448176, 37.89835464], [-122.54479485, 37.89835455], [-122.54479497, 37.89833652], [-122.54478359, 37.89833648], [-122.54478365, 37.89832747], [-122.54477227, 37.89832742], [-122.54477233, 37.89831841], [-122.54474958, 37.89831832], [-122.54474964, 37.89830931], [-122.54473826, 37.89830926], [-122.54473832, 37.89830025], [-122.54471557, 37.89830016], [-122.54471563, 37.89829115], [-122.54470425, 37.89829111], [-122.54470431, 37.89828209], [-122.54468156, 37.89828201], [-122.54468162, 37.89827299], [-122.54467024, 37.89827295], [-122.5446703, 37.89826394], [-122.54464755, 37.89826385], [-122.54464761, 37.89825484], [-122.54463623, 37.89825479], [-122.54463629, 37.89824578], [-122.54462491, 37.89824573], [-122.54462502, 37.89822771], [-122.54461365, 37.89822767], [-122.54461371, 37.89821865], [-122.54460233, 37.89821861], [-122.54460239, 37.8982096], [-122.54459101, 37.89820955], [-122.54459113, 37.89819153], [-122.54457975, 37.89819148], [-122.54457986, 37.89817346], [-122.54456849, 37.89817341], [-122.54456854, 37.8981644], [-122.54455717, 37.89816436], [-122.54455723, 37.89815534], [-122.54454585, 37.8981553], [-122.54454591, 37.89814629], [-122.54453453, 37.89814624], [-122.54453459, 37.89813723], [-122.54452322, 37.89813719], [-122.54452327, 37.89812817], [-122.5445119, 37.89812813], [-122.54451195, 37.89811912], [-122.54450058, 37.89811907], [-122.54450063, 37.89811006], [-122.54448926, 37.89811002], [-122.54448932, 37.898101], [-122.54446657, 37.89810091], [-122.54446662, 37.8980919], [-122.54445525, 37.89809186], [-122.54445531, 37.89808284], [-122.54444393, 37.8980828], [-122.54444399, 37.89807379], [-122.54443261, 37.89807374], [-122.54443267, 37.89806473], [-122.5444213, 37.89806469], [-122.54442135, 37.89805567], [-122.54440998, 37.89805563], [-122.54441003, 37.89804662], [-122.54439866, 37.89804657], [-122.54439872, 37.89803756], [-122.54438734, 37.89803752], [-122.5443874, 37.8980285], [-122.54437602, 37.89802846], [-122.54437608, 37.89801945], [-122.54435333, 37.89801936], [-122.54435339, 37.89801035], [-122.54434201, 37.8980103], [-122.54434207, 37.89800129], [-122.54433069, 37.89800125], [-122.54433075, 37.89799223], [-122.54431938, 37.89799219], [-122.54431943, 37.89798318], [-122.54430806, 37.89798313], [-122.54430811, 37.89797412], [-122.54429674, 37.89797408], [-122.5442968, 37.89796506], [-122.54427405, 37.89796497], [-122.5442741, 37.89795596], [-122.54423998, 37.89795583], [-122.54423993, 37.89796484], [-122.54422855, 37.8979648], [-122.54422844, 37.89798282], [-122.54420569, 37.89798274], [-122.54420564, 37.89799175], [-122.54419427, 37.8979917], [-122.54419421, 37.89800072], [-122.54417146, 37.89800063], [-122.54417141, 37.89800964], [-122.54412591, 37.89800947], [-122.54412608, 37.89798243], [-122.5441147, 37.89798238], [-122.54411476, 37.89797337], [-122.54403514, 37.89797306], [-122.54403509, 37.89798207], [-122.54401234, 37.89798199], [-122.54401228, 37.897991], [-122.54400091, 37.89799096], [-122.54400074, 37.89801799], [-122.54398937, 37.89801795], [-122.54398915, 37.898054], [-122.54397777, 37.89805396], [-122.54397772, 37.89806297], [-122.54396634, 37.89806293], [-122.54396629, 37.89807194], [-122.54395492, 37.89807189], [-122.54395486, 37.89808091], [-122.54394349, 37.89808086], [-122.54394343, 37.89808988], [-122.54393206, 37.89808983], [-122.543932, 37.89809884], [-122.54392063, 37.8980988], [-122.54392057, 37.89810781], [-122.5439092, 37.89810777], [-122.54390914, 37.89811678], [-122.54388639, 37.89811669], [-122.54388634, 37.89812571], [-122.54387497, 37.89812566], [-122.54387491, 37.89813467], [-122.54385216, 37.89813459], [-122.54385205, 37.89815261], [-122.54384068, 37.89815257], [-122.54384062, 37.89816158], [-122.54382925, 37.89816154], [-122.54382919, 37.89817055], [-122.54381782, 37.89817051], [-122.54381776, 37.89817952], [-122.54380639, 37.89817947], [-122.54380633, 37.89818849], [-122.54379496, 37.89818844], [-122.5437949, 37.89819746], [-122.54378353, 37.89819741], [-122.54378347, 37.89820642], [-122.54376073, 37.89820634], [-122.54376067, 37.89821535], [-122.5437493, 37.89821531], [-122.54374924, 37.89822432], [-122.54373787, 37.89822427], [-122.54373781, 37.89823329], [-122.54372644, 37.89823324], [-122.54372638, 37.89824226], [-122.54371501, 37.89824221], [-122.54371495, 37.89825122], [-122.54370358, 37.89825118], [-122.54370352, 37.89826019], [-122.54368078, 37.8982601], [-122.54368072, 37.89826912], [-122.54365797, 37.89826903], [-122.54365792, 37.89827804], [-122.54364654, 37.898278], [-122.54364649, 37.89828701], [-122.54362374, 37.89828692], [-122.54362363, 37.89830495], [-122.54361226, 37.8983049], [-122.5436122, 37.89831392], [-122.54354396, 37.89831365], [-122.5435439, 37.89832266], [-122.54353253, 37.89832262], [-122.54353247, 37.89833163], [-122.54350972, 37.89833154], [-122.54350967, 37.89834056], [-122.54349829, 37.89834051], [-122.54349807, 37.89837656], [-122.5434867, 37.89837652], [-122.54348659, 37.89839455], [-122.54347521, 37.8983945], [-122.54347488, 37.89844858], [-122.5434635, 37.89844853], [-122.54346339, 37.89846656], [-122.54345202, 37.89846652], [-122.54345191, 37.89848454], [-122.54344053, 37.8984845], [-122.54344042, 37.89850252], [-122.54342905, 37.89850248], [-122.54342902, 37.89850796], [-122.54340476, 37.89850369], [-122.54335658, 37.8984952], [-122.54334277, 37.89849277], [-122.54337843, 37.89836366], [-122.54322149, 37.89847141], [-122.54245409, 37.89833624], [-122.5424558, 37.89833265], [-122.54263766, 37.89795038], [-122.54266986, 37.89753925], [-122.54252335, 37.89716586], [-122.54239703, 37.89702641], [-122.54225688, 37.8968717], [-122.54225419, 37.89686873], [-122.54225294, 37.89686836], [-122.54203095, 37.89680459], [-122.54190624, 37.89676876], [-122.54185397, 37.89675374], [-122.54025275, 37.89698205], [-122.53960451, 37.89671202], [-122.53965262, 37.89671221], [-122.53965256, 37.89672122], [-122.53968668, 37.89672136], [-122.53968663, 37.89673037], [-122.53974349, 37.89673059], [-122.53974344, 37.89673961], [-122.53977756, 37.89673974], [-122.5397775, 37.89674875], [-122.53980025, 37.89674884], [-122.53980031, 37.89673983], [-122.53982305, 37.89673992], [-122.53982311, 37.8967309], [-122.53984586, 37.89673099], [-122.5398458, 37.89674001], [-122.53986855, 37.8967401], [-122.5398686, 37.89673108], [-122.53987998, 37.89673113], [-122.53988003, 37.89672211], [-122.53990278, 37.8967222], [-122.53990284, 37.89671319], [-122.53992558, 37.89671328], [-122.53992553, 37.89672229], [-122.53995965, 37.89672243], [-122.53995959, 37.89673144], [-122.53998234, 37.89673153], [-122.53998228, 37.89674054], [-122.5400164, 37.89674067], [-122.54001635, 37.89674969], [-122.54002772, 37.89674973], [-122.54002766, 37.89675874], [-122.54005041, 37.89675883], [-122.54005036, 37.89676784], [-122.54008448, 37.89676798], [-122.54008442, 37.89677699], [-122.54012991, 37.89677717], [-122.54012997, 37.89676816], [-122.54014134, 37.8967682], [-122.5401414, 37.89675919], [-122.54015277, 37.89675923], [-122.54015289, 37.89674121], [-122.54016426, 37.89674125], [-122.54016443, 37.89671421], [-122.5401758, 37.89671426], [-122.54017586, 37.89670524], [-122.54018723, 37.89670529], [-122.54018729, 37.89669628], [-122.54019866, 37.89669632], [-122.54019872, 37.89668731], [-122.54021009, 37.89668735], [-122.54021003, 37.89669636], [-122.54025553, 37.89669654], [-122.54025547, 37.89670556], [-122.54026685, 37.8967056], [-122.5402669, 37.89669659], [-122.54036926, 37.89669699], [-122.54036932, 37.89668797], [-122.54038069, 37.89668802], [-122.54038081, 37.89666999], [-122.54039218, 37.89667004], [-122.54039229, 37.89665201], [-122.54040367, 37.89665206], [-122.54040372, 37.89664304], [-122.54044922, 37.89664322], [-122.54044927, 37.89663421], [-122.54047202, 37.8966343], [-122.54047207, 37.89662528], [-122.54048345, 37.89662533], [-122.5404835, 37.89661632], [-122.54057449, 37.89661667], [-122.54057455, 37.89660766], [-122.54058592, 37.8966077], [-122.54058598, 37.89659869], [-122.5406201, 37.89659882], [-122.54062016, 37.89658981], [-122.54063153, 37.89658985], [-122.54063158, 37.89658084], [-122.54064296, 37.89658089], [-122.54064301, 37.89657187], [-122.54065439, 37.89657192], [-122.54065444, 37.8965629], [-122.54066582, 37.89656295], [-122.54066587, 37.89655394], [-122.54068862, 37.89655403], [-122.54068868, 37.89654501], [-122.54071142, 37.8965451], [-122.54071148, 37.89653609], [-122.54076835, 37.89653631], [-122.5407684, 37.8965273], [-122.5408139, 37.89652748], [-122.54081395, 37.89651846], [-122.54082533, 37.89651851], [-122.54082538, 37.89650949], [-122.54093912, 37.89650994], [-122.54093917, 37.89650092], [-122.54104154, 37.89650132], [-122.54104159, 37.89649231], [-122.54105297, 37.89649236], [-122.54105302, 37.89648334], [-122.54110989, 37.89648356], [-122.54110995, 37.89647455], [-122.54114407, 37.89647468], [-122.54114412, 37.89646567], [-122.5411555, 37.89646572], [-122.54115555, 37.8964567], [-122.5411783, 37.89645679], [-122.54117835, 37.89644778], [-122.54130346, 37.89644827], [-122.54130352, 37.89643925], [-122.54132627, 37.89643934], [-122.54132632, 37.89643033], [-122.5413377, 37.89643037], [-122.54133781, 37.89641235], [-122.54134918, 37.89641239], [-122.54134929, 37.89639437], [-122.54140616, 37.89639459], [-122.54140622, 37.89638558], [-122.54145171, 37.89638575], [-122.54145177, 37.89637674], [-122.54146314, 37.89637679], [-122.54146308, 37.8963858], [-122.5414972, 37.89638593], [-122.54149715, 37.89639494], [-122.5415199, 37.89639503], [-122.54151984, 37.89640405], [-122.54153121, 37.89640409], [-122.54153116, 37.8964131], [-122.54157665, 37.89641328], [-122.5415766, 37.89642229], [-122.54159934, 37.89642238], [-122.54159929, 37.89643139], [-122.54164478, 37.89643157], [-122.54164472, 37.89644058], [-122.54171297, 37.89644085], [-122.54171302, 37.89643184], [-122.54173577, 37.89643192], [-122.54173582, 37.89642291], [-122.54182681, 37.89642327], [-122.54182676, 37.89643228], [-122.54187225, 37.89643246], [-122.5418722, 37.89644147], [-122.54192906, 37.89644169], [-122.54192901, 37.8964507], [-122.54196313, 37.89645084], [-122.54196307, 37.89645985], [-122.54198582, 37.89645994], [-122.54198576, 37.89646895], [-122.54200851, 37.89646904], [-122.54200845, 37.89647805], [-122.54204257, 37.89647818], [-122.54204252, 37.8964872], [-122.54206527, 37.89648729], [-122.54206521, 37.8964963], [-122.54208796, 37.89649639], [-122.5420879, 37.8965054], [-122.54209927, 37.89650544], [-122.54209922, 37.89651446], [-122.54211059, 37.8965145], [-122.54211054, 37.89652351], [-122.54212191, 37.89652356], [-122.54212185, 37.89653257], [-122.54215598, 37.8965327], [-122.54215592, 37.89654172], [-122.54217867, 37.8965418], [-122.54217872, 37.89653279], [-122.54220147, 37.89653288], [-122.54220153, 37.89652387], [-122.5422129, 37.89652391], [-122.54221307, 37.89649687], [-122.54225856, 37.89649705], [-122.54225862, 37.89648804], [-122.54230411, 37.89648821], [-122.54230417, 37.8964792], [-122.54232691, 37.89647929], [-122.54232697, 37.89647028], [-122.54234972, 37.89647037], [-122.54234977, 37.89646135], [-122.54239527, 37.89646153], [-122.54239532, 37.89645252], [-122.54242944, 37.89645265], [-122.5424295, 37.89644364], [-122.54244087, 37.89644368], [-122.54244093, 37.89643467], [-122.54246367, 37.89643476], [-122.54246373, 37.89642574], [-122.5424751, 37.89642579], [-122.54247522, 37.89640776], [-122.54252071, 37.89640794], [-122.54252077, 37.89639893], [-122.54255489, 37.89639906], [-122.54255494, 37.89639005], [-122.54257769, 37.89639013], [-122.54257774, 37.89638112], [-122.54263461, 37.89638134], [-122.54263467, 37.89637233], [-122.54264604, 37.89637237], [-122.5426461, 37.89636336], [-122.54266884, 37.89636345], [-122.5426689, 37.89635444], [-122.54268027, 37.89635448], [-122.54268044, 37.89632744], [-122.54269181, 37.89632749], [-122.54269187, 37.89631847], [-122.54270324, 37.89631852], [-122.54270319, 37.89632753], [-122.54271456, 37.89632758], [-122.54271451, 37.89633659], [-122.54272588, 37.89633663], [-122.54272577, 37.89635466], [-122.54277126, 37.89635483], [-122.54277132, 37.89634582], [-122.54281681, 37.896346], [-122.54281687, 37.89633699], [-122.54283961, 37.89633707], [-122.54283967, 37.89632806], [-122.54288516, 37.89632824], [-122.54288522, 37.89631923], [-122.54289659, 37.89631927], [-122.54289665, 37.89631026], [-122.54290802, 37.8963103], [-122.54290813, 37.89629228], [-122.54291951, 37.89629232], [-122.54291945, 37.89630133], [-122.5429422, 37.89630142], [-122.54294214, 37.89631043], [-122.54296489, 37.89631052], [-122.54296483, 37.89631953], [-122.54298758, 37.89631962], [-122.54298764, 37.89631061], [-122.54303313, 37.89631079], [-122.54303319, 37.89630177], [-122.5431128, 37.89630208], [-122.54311291, 37.89628406], [-122.54310154, 37.89628401], [-122.54310159, 37.896275], [-122.54311297, 37.89627504], [-122.54311302, 37.89626603], [-122.54313577, 37.89626612], [-122.54313583, 37.89625711], [-122.5431472, 37.89625715], [-122.54314726, 37.89624814], [-122.54317, 37.89624823], [-122.54317006, 37.89623921], [-122.54318143, 37.89623926], [-122.5431816, 37.89621222], [-122.54317023, 37.89621218], [-122.54317039, 37.89618514], [-122.54318177, 37.89618518], [-122.54318182, 37.89617617], [-122.5431932, 37.89617621], [-122.54319331, 37.89615819], [-122.54322743, 37.89615832], [-122.54322732, 37.89617635], [-122.54323869, 37.89617639], [-122.54323852, 37.89620343], [-122.54322715, 37.89620338], [-122.54322709, 37.8962124], [-122.54323847, 37.89621244], [-122.54323841, 37.89622145], [-122.54324978, 37.8962215], [-122.54324984, 37.89621248], [-122.54326121, 37.89621253], [-122.54326144, 37.89617648], [-122.54327281, 37.89617652], [-122.54327303, 37.89614047], [-122.54325029, 37.89614038], [-122.5432504, 37.89612236], [-122.54323902, 37.89612231], [-122.54323908, 37.8961133], [-122.54322771, 37.89611326], [-122.54322776, 37.89610424], [-122.54313677, 37.89610389], [-122.54313683, 37.89609488], [-122.54312546, 37.89609483], [-122.54312551, 37.89608582], [-122.54311414, 37.89608578], [-122.54311419, 37.89607676], [-122.54314831, 37.8960769], [-122.54314848, 37.89604986], [-122.54312573, 37.89604977], [-122.54312579, 37.89604076], [-122.54309167, 37.89604062], [-122.54309173, 37.89603161], [-122.54306898, 37.89603152], [-122.54306903, 37.89602251], [-122.54305766, 37.89602247], [-122.54305777, 37.89600444], [-122.54306915, 37.89600448], [-122.54306926, 37.89598646], [-122.54304651, 37.89598637], [-122.54304657, 37.89597736], [-122.54297833, 37.89597709], [-122.54297838, 37.89596808], [-122.54294426, 37.89596795], [-122.54294432, 37.89595894], [-122.5429102, 37.8959588], [-122.54291025, 37.89594979], [-122.54287613, 37.89594966], [-122.54287608, 37.89595867], [-122.54283058, 37.89595849], [-122.54283064, 37.89594948], [-122.54280789, 37.89594939], [-122.54280795, 37.89594038], [-122.54277383, 37.89594025], [-122.54277388, 37.89593123], [-122.54275113, 37.89593115], [-122.54275119, 37.89592213], [-122.54273982, 37.89592209], [-122.54273993, 37.89590406], [-122.54272856, 37.89590402], [-122.54272861, 37.89589501], [-122.54271724, 37.89589496], [-122.54271718, 37.89590398], [-122.54269443, 37.89590389], [-122.54269449, 37.89589487], [-122.54268312, 37.89589483], [-122.54268317, 37.89588582], [-122.5426718, 37.89588577], [-122.54267191, 37.89586775], [-122.54264916, 37.89586766], [-122.54264967, 37.89578654], [-122.54266104, 37.89578659], [-122.54266121, 37.89575955], [-122.54264983, 37.89575951], [-122.54264994, 37.89574148], [-122.54263857, 37.89574144], [-122.54263863, 37.89573242], [-122.54260451, 37.89573229], [-122.54260456, 37.89572328], [-122.54255907, 37.8957231], [-122.54255912, 37.89571409], [-122.542525, 37.89571396], [-122.54252506, 37.89570494], [-122.54251369, 37.8957049], [-122.5425138, 37.89568687], [-122.54252517, 37.89568692], [-122.54252528, 37.89566889], [-122.54251391, 37.89566885], [-122.54251397, 37.89565983], [-122.54250259, 37.89565979], [-122.54250265, 37.89565078], [-122.5424799, 37.89565069], [-122.54247996, 37.89564168], [-122.54243446, 37.8956415], [-122.54243452, 37.89563249], [-122.54238903, 37.89563231], [-122.54238908, 37.8956233], [-122.54235496, 37.89562316], [-122.54235491, 37.89563218], [-122.54234353, 37.89563213], [-122.54234376, 37.89559608], [-122.54230964, 37.89559595], [-122.54230969, 37.89558694], [-122.54228694, 37.89558685], [-122.542287, 37.89557784], [-122.54225288, 37.8955777], [-122.54225294, 37.89556869], [-122.54224156, 37.89556865], [-122.54224167, 37.89555062], [-122.5422303, 37.89555058], [-122.54223036, 37.89554156], [-122.5422531, 37.89554165], [-122.54225305, 37.89555066], [-122.54228717, 37.8955508], [-122.54228706, 37.89556882], [-122.54229843, 37.89556887], [-122.54229848, 37.89555985], [-122.54230986, 37.8955599], [-122.54230991, 37.89555089], [-122.54229854, 37.89555084], [-122.5422986, 37.89554183], [-122.54227585, 37.89554174], [-122.54227591, 37.89553273], [-122.54226453, 37.89553268], [-122.54226459, 37.89552367], [-122.54227596, 37.89552371], [-122.54227602, 37.8955147], [-122.54229876, 37.89551479], [-122.54229882, 37.89550578], [-122.54227607, 37.89550569], [-122.54227613, 37.89549668], [-122.54225338, 37.89549659], [-122.54225344, 37.89548758], [-122.54224206, 37.89548753], [-122.54224212, 37.89547852], [-122.54223075, 37.89547847], [-122.5422308, 37.89546946], [-122.54221943, 37.89546942], [-122.54221954, 37.89545139], [-122.54223091, 37.89545144], [-122.54223097, 37.89544242], [-122.5422196, 37.89544238], [-122.54221993, 37.8953883], [-122.54220856, 37.89538826], [-122.54220867, 37.89537023], [-122.54222004, 37.89537028], [-122.5422201, 37.89536126], [-122.54220873, 37.89536122], [-122.54220878, 37.89535221], [-122.54222015, 37.89535225], [-122.54222038, 37.8953162], [-122.542209, 37.89531616], [-122.54220906, 37.89530714], [-122.54219769, 37.8953071], [-122.54219791, 37.89527105], [-122.54218654, 37.895271], [-122.54218659, 37.89526199], [-122.54217522, 37.89526195], [-122.54217528, 37.89525293], [-122.54215253, 37.89525285], [-122.54215258, 37.89524383], [-122.54212984, 37.89524374], [-122.54213012, 37.89519868], [-122.54211874, 37.89519864], [-122.54211897, 37.89516258], [-122.54210759, 37.89516254], [-122.54210771, 37.89514451], [-122.54209633, 37.89514447], [-122.54209639, 37.89513546], [-122.54208501, 37.89513541], [-122.54208507, 37.8951264], [-122.54206232, 37.89512631], [-122.54206238, 37.8951173], [-122.54203963, 37.89511721], [-122.54203969, 37.8951082], [-122.54202832, 37.89510815], [-122.54202837, 37.89509914], [-122.54200562, 37.89509905], [-122.5420059, 37.89505399], [-122.54199453, 37.89505394], [-122.54199459, 37.89504493], [-122.54198321, 37.89504489], [-122.54198316, 37.8950539], [-122.54191492, 37.89505363], [-122.54191497, 37.89504462], [-122.5419036, 37.89504458], [-122.54190366, 37.89503557], [-122.54186954, 37.89503543], [-122.54186959, 37.89502642], [-122.54185822, 37.89502638], [-122.54185827, 37.89501736], [-122.5418469, 37.89501732], [-122.54184696, 37.89500831], [-122.54181284, 37.89500817], [-122.54181289, 37.89499916], [-122.54179015, 37.89499907], [-122.5417902, 37.89499006], [-122.54175608, 37.89498993], [-122.54175614, 37.89498091], [-122.54171064, 37.89498074], [-122.5417107, 37.89497172], [-122.54167658, 37.89497159], [-122.54167664, 37.89496258], [-122.54164252, 37.89496244], [-122.54164257, 37.89495343], [-122.54161983, 37.89495334], [-122.54161988, 37.89494433], [-122.54158576, 37.8949442], [-122.54158582, 37.89493518], [-122.5415517, 37.89493505], [-122.54155175, 37.89492604], [-122.54151763, 37.89492591], [-122.54151769, 37.89491689], [-122.54149494, 37.8949168], [-122.541495, 37.89490779], [-122.54147225, 37.8949077], [-122.54147231, 37.89489869], [-122.54146094, 37.89489865], [-122.54146105, 37.89488062], [-122.54144967, 37.89488058], [-122.54144973, 37.89487156], [-122.54143836, 37.89487152], [-122.54143841, 37.89486251], [-122.54142704, 37.89486246], [-122.54142709, 37.89485345], [-122.54141572, 37.89485341], [-122.54141578, 37.89484439], [-122.5414044, 37.89484435], [-122.54140446, 37.89483534], [-122.54139309, 37.89483529], [-122.54139314, 37.89482628], [-122.54138177, 37.89482623], [-122.54138194, 37.8947992], [-122.54137056, 37.89479915], [-122.54137062, 37.89479014], [-122.54135925, 37.89479009], [-122.5413593, 37.89478108], [-122.54134793, 37.89478104], [-122.54134799, 37.89477202], [-122.54133661, 37.89477198], [-122.54133667, 37.89476297], [-122.54132529, 37.89476292], [-122.54132535, 37.89475391], [-122.54131398, 37.89475387], [-122.54131409, 37.89473584], [-122.54130272, 37.8947358], [-122.54130283, 37.89471777], [-122.54128008, 37.89471768], [-122.54128014, 37.89470867], [-122.54126876, 37.89470862], [-122.54126882, 37.89469961], [-122.54124607, 37.89469952], [-122.54124613, 37.89469051], [-122.54123476, 37.89469047], [-122.54123487, 37.89467244], [-122.54121212, 37.89467235], [-122.54121229, 37.89464531], [-122.54120092, 37.89464527], [-122.54120097, 37.89463626], [-122.5411896, 37.89463621], [-122.54118971, 37.89461819], [-122.54117834, 37.89461814], [-122.54117839, 37.89460913], [-122.54116702, 37.89460909], [-122.54116708, 37.89460007], [-122.5411557, 37.89460003], [-122.54115581, 37.894582], [-122.54114444, 37.89458196], [-122.5411445, 37.89457295], [-122.54112175, 37.89457286], [-122.54112181, 37.89456384], [-122.54111043, 37.8945638], [-122.54111049, 37.89455479], [-122.54108774, 37.8945547], [-122.5410878, 37.89454569], [-122.54106505, 37.8945456], [-122.54106511, 37.89453658], [-122.54100824, 37.89453636], [-122.5410083, 37.89452735], [-122.54099692, 37.89452731], [-122.54099698, 37.89451829], [-122.54098561, 37.89451825], [-122.54098566, 37.89450924], [-122.54097429, 37.89450919], [-122.54097451, 37.89447314], [-122.54096314, 37.8944731], [-122.54096325, 37.89445507], [-122.54094051, 37.89445498], [-122.54094056, 37.89444597], [-122.54091782, 37.89444588], [-122.54091787, 37.89443687], [-122.54088375, 37.89443673], [-122.54088386, 37.89441871], [-122.54087249, 37.89441866], [-122.54087255, 37.89440965], [-122.54086117, 37.89440961], [-122.54086123, 37.89440059], [-122.54084986, 37.89440055], [-122.54084991, 37.89439154], [-122.54083854, 37.89439149], [-122.5408386, 37.89438248], [-122.54082722, 37.89438244], [-122.54082728, 37.89437342], [-122.5408159, 37.89437338], [-122.54081596, 37.89436437], [-122.54080459, 37.89436432], [-122.5408047, 37.8943463], [-122.54079333, 37.89434625], [-122.54079338, 37.89433724], [-122.54078201, 37.89433719], [-122.54078212, 37.89431917], [-122.54077075, 37.89431912], [-122.5407708, 37.89431011], [-122.54074806, 37.89431002], [-122.54074817, 37.894292], [-122.5407368, 37.89429195], [-122.54073691, 37.89427393], [-122.54072554, 37.89427388], [-122.54072565, 37.89425586], [-122.54071427, 37.89425581], [-122.54071439, 37.89423779], [-122.54070301, 37.89423774], [-122.54070312, 37.89421972], [-122.54068038, 37.89421963], [-122.54068043, 37.89421062], [-122.54066906, 37.89421057], [-122.54066912, 37.89420156], [-122.54065774, 37.89420151], [-122.5406578, 37.8941925], [-122.54063505, 37.89419241], [-122.54063511, 37.8941834], [-122.54062374, 37.89418336], [-122.5406239, 37.89415632], [-122.54061253, 37.89415627], [-122.54061259, 37.89414726], [-122.54060121, 37.89414722], [-122.54060127, 37.8941382], [-122.5405899, 37.89413816], [-122.54058995, 37.89412915], [-122.54056721, 37.89412906], [-122.54056726, 37.89412004], [-122.54055589, 37.89412], [-122.54055595, 37.89411099], [-122.54054457, 37.89411094], [-122.5405448, 37.89407489], [-122.54053342, 37.89407485], [-122.54053354, 37.89405682], [-122.54054491, 37.89405687], [-122.54054502, 37.89403884], [-122.54053365, 37.8940388], [-122.54053387, 37.89400275], [-122.5405225, 37.8940027], [-122.54052255, 37.89399369], [-122.54051118, 37.89399364], [-122.54051124, 37.89398463], [-122.54049986, 37.89398459], [-122.54049992, 37.89397557], [-122.54048855, 37.89397553], [-122.5404886, 37.89396652], [-122.54047723, 37.89396647], [-122.54047734, 37.89394845], [-122.54046597, 37.8939484], [-122.54046602, 37.89393939], [-122.54045465, 37.89393935], [-122.54045471, 37.89393033], [-122.54043196, 37.89393024], [-122.54043202, 37.89392123], [-122.54042064, 37.89392119], [-122.54042059, 37.8939302], [-122.54038647, 37.89393007], [-122.54038641, 37.89393908], [-122.54037504, 37.89393903], [-122.54037498, 37.89394805], [-122.54036361, 37.893948], [-122.54036333, 37.89399307], [-122.54032921, 37.89399293], [-122.54032927, 37.89398392], [-122.5402724, 37.8939837], [-122.54027246, 37.89397469], [-122.54023834, 37.89397455], [-122.54023828, 37.89398357], [-122.54018142, 37.89398334], [-122.54018136, 37.89399236], [-122.54014724, 37.89399222], [-122.54014718, 37.89400124], [-122.53999933, 37.89400066], [-122.53999939, 37.89399165], [-122.53998802, 37.8939916], [-122.53998807, 37.89398259], [-122.5399767, 37.89398254], [-122.53997681, 37.89396452], [-122.53998818, 37.89396456], [-122.5399883, 37.89394654], [-122.5399428, 37.89394636], [-122.53994275, 37.89395537], [-122.53989726, 37.89395519], [-122.5398972, 37.89396421], [-122.53986308, 37.89396407], [-122.53986302, 37.89397309], [-122.53981753, 37.89397291], [-122.53981748, 37.89398192], [-122.53977198, 37.89398174], [-122.53977193, 37.89399076], [-122.53972643, 37.89399058], [-122.53972638, 37.89399959], [-122.53965814, 37.89399932], [-122.53965808, 37.89400834], [-122.53960122, 37.89400811], [-122.53960116, 37.89401713], [-122.53936232, 37.89401619], [-122.53936238, 37.89400718], [-122.53923728, 37.89400669], [-122.53923733, 37.89399768], [-122.53922596, 37.89399763], [-122.53922602, 37.89398862], [-122.53907816, 37.89398804], [-122.53907811, 37.89399705], [-122.53903262, 37.89399688], [-122.53903256, 37.89400589], [-122.53899844, 37.89400576], [-122.53899838, 37.89401477], [-122.53898701, 37.89401472], [-122.53898695, 37.89402374], [-122.53896421, 37.89402365], [-122.53896415, 37.89403266], [-122.53894141, 37.89403257], [-122.53894135, 37.89404158], [-122.53892998, 37.89404154], [-122.53892992, 37.89405055], [-122.53891855, 37.89405051], [-122.53891849, 37.89405952], [-122.53889574, 37.89405943], [-122.5388958, 37.89405042], [-122.53887305, 37.89405033], [-122.53887311, 37.89404132], [-122.53886174, 37.89404127], [-122.53886179, 37.89403226], [-122.5388163, 37.89403208], [-122.53881624, 37.89404109], [-122.53880487, 37.89404105], [-122.53880459, 37.89408611], [-122.53879322, 37.89408607], [-122.5387931, 37.89410409], [-122.53878173, 37.89410405], [-122.53878168, 37.89411306], [-122.53874756, 37.89411293], [-122.5387475, 37.89412194], [-122.53872475, 37.89412185], [-122.5387247, 37.89413086], [-122.53870195, 37.89413078], [-122.53870189, 37.89413979], [-122.53869052, 37.89413974], [-122.53869024, 37.89418481], [-122.53870161, 37.89418485], [-122.53870144, 37.89421189], [-122.53869007, 37.89421185], [-122.53868996, 37.89422987], [-122.53867859, 37.89422983], [-122.53867847, 37.89424785], [-122.5386671, 37.89424781], [-122.53866704, 37.89425682], [-122.53865567, 37.89425678], [-122.53865561, 37.89426579], [-122.53864424, 37.89426574], [-122.53864419, 37.89427476], [-122.53862144, 37.89427467], [-122.53862138, 37.89428368], [-122.53859864, 37.89428359], [-122.53859858, 37.8942926], [-122.53857583, 37.89429252], [-122.53857578, 37.89430153], [-122.5385644, 37.89430148], [-122.53856435, 37.8943105], [-122.5385416, 37.89431041], [-122.53854155, 37.89431942], [-122.53846193, 37.89431911], [-122.53846188, 37.89432812], [-122.53843913, 37.89432803], [-122.53843907, 37.89433704], [-122.5384277, 37.894337], [-122.53842764, 37.89434601], [-122.5384049, 37.89434592], [-122.53840484, 37.89435494], [-122.53837072, 37.8943548], [-122.53837067, 37.89436381], [-122.53829105, 37.8943635], [-122.538291, 37.89437252], [-122.53825688, 37.89437238], [-122.53825693, 37.89436337], [-122.53824556, 37.89436332], [-122.5382455, 37.89437234], [-122.53814315, 37.89437194], [-122.5381432, 37.89436292], [-122.53812046, 37.89436283], [-122.53812051, 37.89435382], [-122.53790442, 37.89435297], [-122.53790448, 37.89434396], [-122.53788173, 37.89434387], [-122.53788179, 37.89433486], [-122.53781355, 37.89433459], [-122.53781349, 37.8943436], [-122.53780212, 37.89434356], [-122.53780217, 37.89433454], [-122.53777943, 37.89433446], [-122.53777948, 37.89432544], [-122.53774537, 37.89432531], [-122.53774542, 37.8943163], [-122.53772268, 37.89431621], [-122.53772273, 37.89430719], [-122.53771136, 37.89430715], [-122.53771141, 37.89429814], [-122.53770004, 37.89429809], [-122.5377001, 37.89428908], [-122.53764323, 37.89428886], [-122.53764329, 37.89427984], [-122.53763191, 37.8942798], [-122.53763197, 37.89427079], [-122.5376206, 37.89427074], [-122.53762071, 37.89425272], [-122.53760934, 37.89425267], [-122.53760939, 37.89424366], [-122.53759802, 37.89424361], [-122.53759813, 37.89422559], [-122.53758676, 37.89422554], [-122.53758682, 37.89421653], [-122.53757544, 37.89421649], [-122.5375755, 37.89420747], [-122.53756413, 37.89420743], [-122.53756424, 37.8941894], [-122.53755287, 37.89418936], [-122.53755292, 37.89418035], [-122.53754155, 37.8941803], [-122.53754161, 37.89417129], [-122.53753023, 37.89417124], [-122.53753029, 37.89416223], [-122.53751892, 37.89416219], [-122.53751897, 37.89415317], [-122.5375076, 37.89415313], [-122.53750766, 37.89414412], [-122.53749628, 37.89414407], [-122.53749634, 37.89413506], [-122.53746222, 37.89413492], [-122.53746228, 37.89412591], [-122.53743953, 37.89412582], [-122.53743959, 37.89411681], [-122.53740547, 37.89411667], [-122.53740541, 37.89412569], [-122.53737129, 37.89412555], [-122.53737118, 37.89414358], [-122.5373598, 37.89414353], [-122.53735986, 37.89413452], [-122.53734849, 37.89413448], [-122.53734854, 37.89412546], [-122.53733717, 37.89412542], [-122.53733723, 37.89411641], [-122.53732585, 37.89411636], [-122.53732591, 37.89410735], [-122.53728042, 37.89410717], [-122.53728047, 37.89409816], [-122.5372691, 37.89409811], [-122.53726916, 37.8940891], [-122.53725778, 37.89408906], [-122.53725784, 37.89408004], [-122.53723509, 37.89407995], [-122.53723515, 37.89407094], [-122.53722378, 37.8940709], [-122.53722383, 37.89406188], [-122.53721246, 37.89406184], [-122.53721252, 37.89405283], [-122.5371784, 37.89405269], [-122.53717834, 37.8940617], [-122.53713285, 37.89406153], [-122.53713279, 37.89407054], [-122.53712142, 37.89407049], [-122.53712136, 37.89407951], [-122.53709862, 37.89407942], [-122.53709856, 37.89408843], [-122.53708719, 37.89408838], [-122.53708713, 37.8940974], [-122.53706438, 37.89409731], [-122.53706433, 37.89410632], [-122.53703021, 37.89410619], [-122.53703026, 37.89409717], [-122.53701889, 37.89409713], [-122.53701895, 37.89408812], [-122.53700758, 37.89408807], [-122.53700763, 37.89407906], [-122.53699626, 37.89407901], [-122.53699631, 37.89407], [-122.5369622, 37.89406987], [-122.53696214, 37.89407888], [-122.53695077, 37.89407883], [-122.53695071, 37.89408785], [-122.53691659, 37.89408771], [-122.53691653, 37.89409673], [-122.53687104, 37.89409655], [-122.53687098, 37.89410556], [-122.53684824, 37.89410547], [-122.53684818, 37.89411448], [-122.53679132, 37.89411426], [-122.53679126, 37.89412327], [-122.53676851, 37.89412318], [-122.5367684, 37.89414121], [-122.53675703, 37.89414116], [-122.53675697, 37.89415018], [-122.53673422, 37.89415009], [-122.53673417, 37.8941591], [-122.53672279, 37.89415905], [-122.53672274, 37.89416807], [-122.53671136, 37.89416802], [-122.53671125, 37.89418605], [-122.53669988, 37.894186], [-122.53669982, 37.89419502], [-122.53668845, 37.89419497], [-122.53668839, 37.89420398], [-122.53667702, 37.89420394], [-122.53667696, 37.89421295], [-122.53666559, 37.89421291], [-122.53666553, 37.89422192], [-122.53665416, 37.89422188], [-122.5366541, 37.89423089], [-122.53664273, 37.89423084], [-122.53664267, 37.89423986], [-122.5366313, 37.89423981], [-122.53663119, 37.89425784], [-122.53661981, 37.89425779], [-122.5366197, 37.89427582], [-122.53663107, 37.89427586], [-122.53663062, 37.89434796], [-122.53661925, 37.89434792], [-122.53661908, 37.89437496], [-122.53663045, 37.894375], [-122.53663, 37.89444711], [-122.53661863, 37.89444706], [-122.5366184, 37.89448311], [-122.53659566, 37.89448302], [-122.5365956, 37.89449203], [-122.53658423, 37.89449199], [-122.53658417, 37.894501], [-122.5365728, 37.89450096], [-122.53657268, 37.89451898], [-122.53658406, 37.89451903], [-122.53658372, 37.8945731], [-122.53656097, 37.89457302], [-122.53656091, 37.89458203], [-122.53654954, 37.89458198], [-122.53654948, 37.894591], [-122.53653811, 37.89459095], [-122.536538, 37.89460898], [-122.53652663, 37.89460893], [-122.53652657, 37.89461794], [-122.53650382, 37.89461786], [-122.53650377, 37.89462687], [-122.53649239, 37.89462682], [-122.53649234, 37.89463584], [-122.53648096, 37.89463579], [-122.53648091, 37.8946448], [-122.53645816, 37.89464471], [-122.5364581, 37.89465373], [-122.53644673, 37.89465368], [-122.53644662, 37.89467171], [-122.53643524, 37.89467166], [-122.53643519, 37.89468068], [-122.53642381, 37.89468063], [-122.5364237, 37.89469866], [-122.53641233, 37.89469861], [-122.53641204, 37.89474368], [-122.53640067, 37.89474363], [-122.53640062, 37.89475264], [-122.53638924, 37.8947526], [-122.53638919, 37.89476161], [-122.53636644, 37.89476152], [-122.53636638, 37.89477053], [-122.53635501, 37.89477049], [-122.53635495, 37.8947795], [-122.53632083, 37.89477937], [-122.53632078, 37.89478838], [-122.5363094, 37.89478834], [-122.53630935, 37.89479735], [-122.5362866, 37.89479726], [-122.53628654, 37.89480627], [-122.53627517, 37.89480623], [-122.53627489, 37.89485129], [-122.53626351, 37.89485125], [-122.5362634, 37.89486927], [-122.53625203, 37.89486923], [-122.53625191, 37.89488725], [-122.53624054, 37.89488721], [-122.53624048, 37.89489622], [-122.53622911, 37.89489618], [-122.53622905, 37.89490519], [-122.53620631, 37.8949051], [-122.53620625, 37.89491411], [-122.53619488, 37.89491407], [-122.53619482, 37.89492308], [-122.53617208, 37.89492299], [-122.53617202, 37.894932], [-122.53614927, 37.89493191], [-122.53614922, 37.89494093], [-122.53612647, 37.89494084], [-122.53612641, 37.89494985], [-122.53611504, 37.8949498], [-122.53611498, 37.89495882], [-122.53609224, 37.89495873], [-122.53609218, 37.89496774], [-122.53606943, 37.89496765], [-122.53606938, 37.89497666], [-122.53604663, 37.89497657], [-122.53604657, 37.89498559], [-122.53601245, 37.89498545], [-122.5360124, 37.89499446], [-122.53594416, 37.8949942], [-122.5359441, 37.89500321], [-122.53583037, 37.89500276], [-122.53583042, 37.89499375], [-122.5357963, 37.89499361], [-122.53579636, 37.8949846], [-122.53577361, 37.89498451], [-122.53577367, 37.8949755], [-122.53572818, 37.89497532], [-122.53572823, 37.89496631], [-122.53571686, 37.89496626], [-122.53571692, 37.89495725], [-122.53569417, 37.89495716], [-122.53569423, 37.89494815], [-122.53568285, 37.8949481], [-122.53568291, 37.89493909], [-122.53567154, 37.89493904], [-122.53567159, 37.89493003], [-122.53566022, 37.89492999], [-122.53566028, 37.89492097], [-122.5356489, 37.89492093], [-122.53564902, 37.8949029], [-122.53563764, 37.89490286], [-122.53563776, 37.89488483], [-122.53562638, 37.89488479], [-122.5356265, 37.89486676], [-122.53561512, 37.89486672], [-122.53561524, 37.89484869], [-122.53560386, 37.89484865], [-122.53560392, 37.89483963], [-122.53559255, 37.89483959], [-122.5355926, 37.89483058], [-122.53558123, 37.89483053], [-122.53558134, 37.89481251], [-122.53556997, 37.89481246], [-122.53557008, 37.89479443], [-122.53555871, 37.89479439], [-122.53555882, 37.89477636], [-122.53554745, 37.89477632], [-122.53554756, 37.89475829], [-122.53553619, 37.89475825], [-122.53553625, 37.89474924], [-122.53552487, 37.89474919], [-122.53552493, 37.89474018], [-122.53551356, 37.89474013], [-122.53551367, 37.89472211], [-122.5355023, 37.89472206], [-122.53550235, 37.89471305], [-122.53549098, 37.89471301], [-122.53549104, 37.89470399], [-122.53547966, 37.89470395], [-122.53547972, 37.89469494], [-122.53546835, 37.89469489], [-122.5354684, 37.89468588], [-122.53545703, 37.89468583], [-122.53545709, 37.89467682], [-122.53544571, 37.89467678], [-122.53544577, 37.89466776], [-122.5354344, 37.89466772], [-122.53543445, 37.8946587], [-122.53542308, 37.89465866], [-122.53542314, 37.89464965], [-122.53536627, 37.89464942], [-122.53536633, 37.89464041], [-122.53534358, 37.89464032], [-122.5353437, 37.89462229], [-122.53532095, 37.8946222], [-122.53532101, 37.89461319], [-122.53528689, 37.89461306], [-122.53528683, 37.89462207], [-122.53526408, 37.89462198], [-122.53526403, 37.89463099], [-122.53525265, 37.89463095], [-122.5352526, 37.89463996], [-122.53524122, 37.89463992], [-122.53524117, 37.89464893], [-122.53522979, 37.89464888], [-122.53522974, 37.8946579], [-122.53521836, 37.89465785], [-122.53521831, 37.89466686], [-122.53520693, 37.89466682], [-122.53520682, 37.89468485], [-122.53519545, 37.8946848], [-122.53519539, 37.89469381], [-122.53518402, 37.89469377], [-122.5351839, 37.89471179], [-122.53517253, 37.89471175], [-122.53517242, 37.89472977], [-122.53516104, 37.89472973], [-122.53516099, 37.89473874], [-122.53514961, 37.8947387], [-122.5351495, 37.89475672], [-122.53513813, 37.89475668], [-122.53513807, 37.89476569], [-122.5351267, 37.89476565], [-122.53512658, 37.89478367], [-122.53511521, 37.89478363], [-122.53511515, 37.89479264], [-122.53510378, 37.89479259], [-122.53510372, 37.89480161], [-122.53509235, 37.89480156], [-122.53509229, 37.89481057], [-122.53508092, 37.89481053], [-122.53508086, 37.89481954], [-122.53506949, 37.8948195], [-122.53506943, 37.89482851], [-122.53504669, 37.89482842], [-122.53504663, 37.89483743], [-122.53503526, 37.89483739], [-122.5350352, 37.8948464], [-122.53501245, 37.89484631], [-122.5350124, 37.89485532], [-122.53498965, 37.89485523], [-122.53498959, 37.89486425], [-122.53496685, 37.89486416], [-122.53496679, 37.89487317], [-122.53494404, 37.89487308], [-122.53494399, 37.89488209], [-122.53492124, 37.894882], [-122.53492118, 37.89489102], [-122.53488706, 37.89489088], [-122.53488701, 37.89489989], [-122.53485289, 37.89489976], [-122.53485283, 37.89490877], [-122.53483008, 37.89490868], [-122.53483003, 37.89491769], [-122.53479591, 37.89491756], [-122.53479585, 37.89492657], [-122.53470487, 37.89492621], [-122.53470492, 37.8949172], [-122.5346708, 37.89491707], [-122.53467086, 37.89490805], [-122.53461461, 37.89490783], [-122.53461735, 37.89486968], [-122.53462271, 37.89479512], [-122.53462297, 37.89479136], [-122.53462299, 37.89479114], [-122.53462302, 37.89479082], [-122.53462082, 37.89479005], [-122.53461641, 37.89478851], [-122.5346099, 37.89478624], [-122.53459828, 37.89478219], [-122.53441007, 37.89471648], [-122.53440551, 37.89471489], [-122.53440105, 37.89471333], [-122.53439342, 37.89471067], [-122.53439244, 37.89470977], [-122.53438564, 37.89470355], [-122.53429189, 37.89461771], [-122.53429178, 37.8946176], [-122.5342939, 37.89461277], [-122.53431601, 37.89456237], [-122.53439354, 37.89438568], [-122.53441042, 37.89434721], [-122.53442056, 37.89432348], [-122.53442067, 37.89432323], [-122.53442011, 37.89432284], [-122.53429632, 37.8942347], [-122.53422717, 37.89416155], [-122.53416755, 37.8940796], [-122.53416691, 37.89407499], [-122.53416667, 37.89407023], [-122.53416667, 37.89407014], [-122.53416665, 37.8940699], [-122.53416674, 37.89406733], [-122.53416683, 37.89406476], [-122.53416746, 37.8940596], [-122.534168, 37.89405702], [-122.53416853, 37.89405446], [-122.53417003, 37.89404939], [-122.53417195, 37.89404441], [-122.53417311, 37.89404199], [-122.53417428, 37.89403957], [-122.53417705, 37.89403488], [-122.53417932, 37.8940323], [-122.53418159, 37.89402971], [-122.53418673, 37.89402465], [-122.53419244, 37.89401974], [-122.53419745, 37.89401562], [-122.53420142, 37.89401252], [-122.53420162, 37.89401237], [-122.53419903, 37.89401027], [-122.53419664, 37.89400834], [-122.53418614, 37.89399983], [-122.53417641, 37.89399194], [-122.53417222, 37.89399541], [-122.53391925, 37.89420482], [-122.53388001, 37.89423867], [-122.5338775, 37.89424083], [-122.53386693, 37.89423355], [-122.53374451, 37.89414927], [-122.53371989, 37.89413124], [-122.53368648, 37.89410678], [-122.53367615, 37.89409922], [-122.5336064, 37.89404884], [-122.53346741, 37.89394846], [-122.53321903, 37.89376907], [-122.53314233, 37.89371368], [-122.53313278, 37.89370679], [-122.53312202, 37.8937122], [-122.53304651, 37.89371191], [-122.5331012, 37.89368421], [-122.53310136, 37.89368413], [-122.53316288, 37.89365297], [-122.53323989, 37.89361397], [-122.53324395, 37.89361191], [-122.53341923, 37.89352314], [-122.53341949, 37.89352301], [-122.53319648, 37.8933632], [-122.53319124, 37.89335944], [-122.53319097, 37.89335925], [-122.53325759, 37.89332561], [-122.53326114, 37.89332381], [-122.53331476, 37.89329673], [-122.53331492, 37.89329666], [-122.53323154, 37.89317684], [-122.53322452, 37.89316674], [-122.53321921, 37.89315911], [-122.53321904, 37.89315887], [-122.53321892, 37.8931587], [-122.53321869, 37.89315836], [-122.5332184, 37.89315794], [-122.53321831, 37.89315799], [-122.53320713, 37.89316391], [-122.53315831, 37.89318975], [-122.53315507, 37.89319146], [-122.53314907, 37.89319464], [-122.53313388, 37.89317682], [-122.53311527, 37.89315499], [-122.53310818, 37.89314667], [-122.53308842, 37.89312349], [-122.53308831, 37.89312336], [-122.5330882, 37.89312323], [-122.53307241, 37.89310471], [-122.53307185, 37.89310405], [-122.53307129, 37.8931034], [-122.53300496, 37.89302558], [-122.53293805, 37.89294709], [-122.53292093, 37.892927], [-122.53282048, 37.89280916], [-122.53275027, 37.8927268], [-122.53274915, 37.89272549], [-122.53274927, 37.89272539], [-122.53280737, 37.89267533], [-122.53281443, 37.89266925], [-122.53294036, 37.89256082], [-122.53295254, 37.89255032], [-122.53295439, 37.89254873], [-122.53315046, 37.89254786], [-122.53315148, 37.8925494], [-122.53315537, 37.89255529], [-122.53327058, 37.89272972], [-122.53336619, 37.89287447], [-122.5333723, 37.89286905], [-122.5333736, 37.8928679], [-122.53337371, 37.8928678], [-122.53341784, 37.89282862], [-122.53348501, 37.89276899], [-122.53348576, 37.89275713], [-122.53348957, 37.89269702], [-122.53349007, 37.8926851], [-122.53349091, 37.89266518], [-122.53349883, 37.89247748], [-122.53350073, 37.89245856], [-122.53351499, 37.89231618], [-122.53366018, 37.89218819], [-122.5337216, 37.89213449], [-122.53372141, 37.89216435], [-122.53371004, 37.8921643]], [[-122.54229871, 37.8955238], [-122.54232145, 37.89552389], [-122.54232151, 37.89551488], [-122.54229876, 37.89551479], [-122.54229871, 37.8955238]], [[-122.54504563, 37.89641773], [-122.54504574, 37.8963997], [-122.54505712, 37.89639974], [-122.54505745, 37.89634567], [-122.54506882, 37.89634571], [-122.54506888, 37.8963367], [-122.545103, 37.89633683], [-122.54510305, 37.89632782], [-122.54513718, 37.89632795], [-122.54513723, 37.89631894], [-122.5451941, 37.89631916], [-122.54519415, 37.89631014], [-122.54520553, 37.89631019], [-122.54520558, 37.89630117], [-122.54522833, 37.89630126], [-122.54522839, 37.89629225], [-122.54526251, 37.89629238], [-122.54526245, 37.89630139], [-122.54530794, 37.89630157], [-122.54530789, 37.89631058], [-122.54533064, 37.89631067], [-122.54533058, 37.89631968], [-122.54534195, 37.89631973], [-122.5453419, 37.89632874], [-122.54535327, 37.89632878], [-122.54535316, 37.89634681], [-122.54536453, 37.89634685], [-122.54536448, 37.89635587], [-122.54537585, 37.89635591], [-122.5453758, 37.89636492], [-122.54542129, 37.8963651], [-122.54542124, 37.89637411], [-122.54544398, 37.8963742], [-122.54544404, 37.89636519], [-122.54546679, 37.89636527], [-122.54546684, 37.89635626], [-122.5453986, 37.896356], [-122.54539866, 37.89634699], [-122.54538728, 37.89634694], [-122.54538734, 37.89633793], [-122.54537596, 37.89633788], [-122.54537607, 37.89631986], [-122.5453647, 37.89631982], [-122.54536481, 37.89630179], [-122.54534206, 37.8963017], [-122.54534212, 37.89629269], [-122.54531937, 37.8962926], [-122.54531943, 37.89628359], [-122.54527393, 37.89628341], [-122.54527399, 37.8962744], [-122.54512613, 37.89627383], [-122.54512608, 37.89628284], [-122.54509196, 37.89628271], [-122.5450919, 37.89629172], [-122.54506916, 37.89629163], [-122.5450691, 37.89630065], [-122.54504635, 37.89630056], [-122.5450463, 37.89630957], [-122.5450008, 37.8963094], [-122.54500086, 37.89630038], [-122.54497811, 37.8963003], [-122.54497817, 37.89629128], [-122.54496679, 37.89629124], [-122.54496685, 37.89628223], [-122.54495548, 37.89628218], [-122.54495553, 37.89627317], [-122.54494416, 37.89627313], [-122.54494421, 37.89626411], [-122.54493284, 37.89626407], [-122.5449329, 37.89625506], [-122.54491015, 37.89625497], [-122.5449102, 37.89624595], [-122.54488746, 37.89624587], [-122.54488751, 37.89623685], [-122.54479652, 37.8962365], [-122.54479658, 37.89622749], [-122.54477383, 37.8962274], [-122.54477389, 37.89621839], [-122.54475114, 37.8962183], [-122.5447512, 37.89620929], [-122.54463746, 37.89620885], [-122.54463752, 37.89619984], [-122.54462614, 37.89619979], [-122.54462631, 37.89617275], [-122.54461494, 37.89617271], [-122.54461499, 37.8961637], [-122.54459225, 37.89616361], [-122.5445923, 37.8961546], [-122.54456955, 37.89615451], [-122.54456961, 37.89614549], [-122.54455824, 37.89614545], [-122.54455829, 37.89613644], [-122.54454692, 37.89613639], [-122.54454697, 37.89612738], [-122.54447873, 37.89612712], [-122.54447879, 37.8961181], [-122.54439917, 37.8961178], [-122.54439923, 37.89610878], [-122.54430824, 37.89610843], [-122.5443083, 37.89609942], [-122.5442628, 37.89609924], [-122.54426286, 37.89609023], [-122.54425149, 37.89609019], [-122.54425143, 37.8960992], [-122.54421731, 37.89609907], [-122.54421725, 37.89610808], [-122.54417176, 37.8961079], [-122.54417182, 37.89609889], [-122.54405808, 37.89609845], [-122.54405803, 37.89610746], [-122.54402391, 37.89610733], [-122.54402424, 37.89605325], [-122.54404699, 37.89605334], [-122.54404704, 37.89604433], [-122.54406979, 37.89604442], [-122.54406984, 37.8960354], [-122.54408122, 37.89603545], [-122.54408127, 37.89602644], [-122.54409265, 37.89602648], [-122.54409276, 37.89600845], [-122.54410413, 37.8960085], [-122.54410419, 37.89599949], [-122.54411556, 37.89599953], [-122.54411567, 37.8959815], [-122.5441043, 37.89598146], [-122.54410446, 37.89595442], [-122.54409309, 37.89595438], [-122.54409315, 37.89594536], [-122.54408177, 37.89594532], [-122.54408188, 37.89592729], [-122.54407051, 37.89592725], [-122.54407084, 37.89587317], [-122.54405947, 37.89587313], [-122.54405953, 37.89586412], [-122.5440709, 37.89586416], [-122.54407107, 37.89583712], [-122.54408244, 37.89583717], [-122.54408255, 37.89581914], [-122.54407118, 37.8958191], [-122.54407123, 37.89581008], [-122.54408261, 37.89581013], [-122.54408294, 37.89575605], [-122.54409431, 37.8957561], [-122.54409476, 37.89568399], [-122.54410613, 37.89568404], [-122.54410619, 37.89567503], [-122.54411756, 37.89567507], [-122.54411778, 37.89563902], [-122.54412916, 37.89563906], [-122.54412938, 37.89560301], [-122.54411801, 37.89560297], [-122.54411806, 37.89559395], [-122.54410669, 37.89559391], [-122.54410663, 37.89560292], [-122.54409526, 37.89560288], [-122.54409515, 37.8956209], [-122.54408377, 37.89562086], [-122.54408372, 37.89562987], [-122.54407235, 37.89562983], [-122.54407218, 37.89565687], [-122.54406081, 37.89565682], [-122.54406075, 37.89566584], [-122.54404938, 37.89566579], [-122.54404932, 37.89567481], [-122.54403795, 37.89567476], [-122.54403789, 37.89568377], [-122.54402652, 37.89568373], [-122.54402635, 37.89571077], [-122.54401498, 37.89571072], [-122.5440147, 37.89575579], [-122.54400333, 37.89575574], [-122.54400305, 37.89580081], [-122.54399168, 37.89580076], [-122.54399156, 37.89581879], [-122.54398019, 37.89581875], [-122.54397908, 37.895999], [-122.54395633, 37.89599891], [-122.54395628, 37.89600793], [-122.5439449, 37.89600788], [-122.54394485, 37.89601689], [-122.54393347, 37.89601685], [-122.54393342, 37.89602586], [-122.54392204, 37.89602582], [-122.54392188, 37.89605286], [-122.5439105, 37.89605281], [-122.54391, 37.89613393], [-122.54389863, 37.89613388], [-122.54389857, 37.8961429], [-122.54384171, 37.89614268], [-122.54384165, 37.89615169], [-122.54383028, 37.89615164], [-122.54383033, 37.89614263], [-122.54380759, 37.89614254], [-122.54380764, 37.89613353], [-122.54375077, 37.89613331], [-122.54375083, 37.8961243], [-122.54372808, 37.89612421], [-122.54372814, 37.8961152], [-122.54371677, 37.89611515], [-122.54371682, 37.89610614], [-122.54370545, 37.8961061], [-122.5437055, 37.89609708], [-122.54368276, 37.896097], [-122.54368281, 37.89608798], [-122.54366007, 37.89608789], [-122.54366012, 37.89607888], [-122.543626, 37.89607875], [-122.54362606, 37.89606974], [-122.54361468, 37.89606969], [-122.54361463, 37.8960787], [-122.54358051, 37.89607857], [-122.54358045, 37.89608759], [-122.5435577, 37.8960875], [-122.54355765, 37.89609651], [-122.5435349, 37.89609642], [-122.54353485, 37.89610543], [-122.5435121, 37.89610535], [-122.54351215, 37.89609633], [-122.54342117, 37.89609598], [-122.54342111, 37.89610499], [-122.54340974, 37.89610495], [-122.54340957, 37.89613199], [-122.5433982, 37.89613194], [-122.54339786, 37.89618602], [-122.54340924, 37.89618606], [-122.54340918, 37.89619508], [-122.54343193, 37.89619517], [-122.54343187, 37.89620418], [-122.54345462, 37.89620427], [-122.54345456, 37.89621328], [-122.54347731, 37.89621337], [-122.54347725, 37.89622238], [-122.54352275, 37.89622256], [-122.54352269, 37.89623157], [-122.54357956, 37.89623179], [-122.5435795, 37.8962408], [-122.54365912, 37.89624111], [-122.54365906, 37.89625012], [-122.54367044, 37.89625017], [-122.54367038, 37.89625918], [-122.54371588, 37.89625936], [-122.54371582, 37.89626837], [-122.54376131, 37.89626855], [-122.54376126, 37.89627756], [-122.54393186, 37.89627822], [-122.54393181, 37.89628723], [-122.54396593, 37.89628737], [-122.54396598, 37.89627835], [-122.54398873, 37.89627844], [-122.54398878, 37.89626943], [-122.54400016, 37.89626947], [-122.54400021, 37.89626046], [-122.54401159, 37.8962605], [-122.54401175, 37.89623346], [-122.54402313, 37.89623351], [-122.54402318, 37.8962245], [-122.54403456, 37.89622454], [-122.54403461, 37.89621553], [-122.54408011, 37.8962157], [-122.54408016, 37.89620669], [-122.54412566, 37.89620687], [-122.5441256, 37.89621588], [-122.54427345, 37.89621645], [-122.54427351, 37.89620744], [-122.54429626, 37.89620753], [-122.5442962, 37.89621654], [-122.54433032, 37.89621667], [-122.54433027, 37.89622569], [-122.54436439, 37.89622582], [-122.54436433, 37.89623483], [-122.54443257, 37.89623509], [-122.54443263, 37.89622608], [-122.54447812, 37.89622626], [-122.54447818, 37.89621724], [-122.54452367, 37.89621742], [-122.54452362, 37.89622643], [-122.54453499, 37.89622648], [-122.54453493, 37.89623549], [-122.54454631, 37.89623553], [-122.54454625, 37.89624455], [-122.54455763, 37.89624459], [-122.54455757, 37.8962536], [-122.54456894, 37.89625365], [-122.54456889, 37.89626266], [-122.54458026, 37.8962627], [-122.54458021, 37.89627172], [-122.54460295, 37.89627181], [-122.5446029, 37.89628082], [-122.54462564, 37.89628091], [-122.54462559, 37.89628992], [-122.54465971, 37.89629005], [-122.54465977, 37.89628104], [-122.54470526, 37.89628121], [-122.5447052, 37.89629023], [-122.54472795, 37.89629032], [-122.5447279, 37.89629933], [-122.54475064, 37.89629942], [-122.54475059, 37.89630843], [-122.54477333, 37.89630852], [-122.54477328, 37.89631753], [-122.54478465, 37.89631757], [-122.5447846, 37.89632659], [-122.54479597, 37.89632663], [-122.54479591, 37.89633564], [-122.54486416, 37.89633591], [-122.5448641, 37.89634492], [-122.54492097, 37.89634514], [-122.54492086, 37.89636316], [-122.54493223, 37.89636321], [-122.54493201, 37.89639926], [-122.54494338, 37.8963993], [-122.54494333, 37.89640832], [-122.5449547, 37.89640836], [-122.54495464, 37.89641737], [-122.54496602, 37.89641742], [-122.54496596, 37.89642643], [-122.5450342, 37.89642669], [-122.54503426, 37.89641768], [-122.54504563, 37.89641773]], [[-122.53739516, 37.89394539], [-122.53739522, 37.89393637], [-122.53738385, 37.89393633], [-122.53738396, 37.8939183], [-122.53737259, 37.89391826], [-122.53737253, 37.89392727], [-122.53734979, 37.89392718], [-122.53734967, 37.89394521], [-122.53736105, 37.89394525], [-122.53736099, 37.89395427], [-122.53738374, 37.89395436], [-122.53738379, 37.89394534], [-122.53739516, 37.89394539]], [[-122.53988343, 37.89252207], [-122.5398836, 37.89249504], [-122.53986085, 37.89249495], [-122.5398608, 37.89250396], [-122.53984942, 37.89250392], [-122.53984937, 37.89251293], [-122.53983799, 37.89251288], [-122.53983794, 37.8925219], [-122.53982656, 37.89252185], [-122.53982651, 37.89253086], [-122.539872, 37.89253104], [-122.53987206, 37.89252203], [-122.53988343, 37.89252207]], [[-122.54012478, 37.89211743], [-122.5401249, 37.89209941], [-122.54010215, 37.89209932], [-122.54010221, 37.89209031], [-122.54009083, 37.89209026], [-122.54009072, 37.89210829], [-122.54007935, 37.89210824], [-122.54007924, 37.89212627], [-122.54011335, 37.8921264], [-122.54011341, 37.89211739], [-122.54012478, 37.89211743]]]}, "properties": {"id": 34, "elev_class": 2, "fill_color": "#a8d18c", "elev_range_ft": "58-172 ft", "area_m2": 443696.0, "area_acres": 109.6397, "n_pixels": 444429, "elev_mean_ft": 118.0, "elev_min_ft": 58.1, "elev_max_ft": 171.9, "clipped_to_aoi": true}}, {"type": "Feature", "geometry": {"type": "Polygon", "coordinates": [[[-122.53428107, 37.89178802], [-122.5342809, 37.89181505], [-122.53426952, 37.89181501], [-122.53426941, 37.89183304], [-122.53425804, 37.89183299], [-122.53425798, 37.891842], [-122.53424661, 37.89184196], [-122.53424655, 37.89185097], [-122.53422381, 37.89185088], [-122.53422375, 37.89185989], [-122.53421238, 37.89185985], [-122.53421232, 37.89186886], [-122.53420095, 37.89186882], [-122.53420089, 37.89187783], [-122.53418952, 37.89187778], [-122.53418946, 37.8918868], [-122.53417809, 37.89188675], [-122.53417803, 37.89189576], [-122.53416666, 37.89189572], [-122.5341666, 37.89190473], [-122.53415523, 37.89190469], [-122.53415528, 37.89189567], [-122.53410979, 37.89189549], [-122.53410974, 37.89190451], [-122.53406425, 37.89190433], [-122.53406419, 37.89191334], [-122.53403007, 37.8919132], [-122.53403001, 37.89192222], [-122.53401713, 37.89192217], [-122.53401776, 37.89190705], [-122.53415663, 37.89182548], [-122.53422691, 37.89178412], [-122.53426985, 37.89176251], [-122.53426969, 37.89178797], [-122.53428107, 37.89178802]]]}, "properties": {"id": 35, "elev_class": 2, "fill_color": "#a8d18c", "elev_range_ft": "58-172 ft", "area_m2": 137.1, "area_acres": 0.0339, "n_pixels": 156, "elev_mean_ft": 170.5, "elev_min_ft": 168.6, "elev_max_ft": 171.9, "clipped_to_aoi": true}}, {"type": "Feature", "geometry": {"type": "Polygon", "coordinates": [[[-122.53425877, 37.89171659], [-122.53425788, 37.89171582], [-122.53425878, 37.89171582], [-122.53425877, 37.89171659]]]}, "properties": {"id": 36, "elev_class": 2, "fill_color": "#a8d18c", "elev_range_ft": "58-172 ft", "area_m2": 0.0, "area_acres": 0.0, "n_pixels": 1, "elev_mean_ft": 171.9, "elev_min_ft": 171.9, "elev_max_ft": 171.9, "clipped_to_aoi": true}}, {"type": "Feature", "geometry": {"type": "Polygon", "coordinates": [[[-122.53424746, 37.89170683], [-122.53423689, 37.89169771], [-122.53424752, 37.89169775], [-122.53424746, 37.89170683]]]}, "properties": {"id": 37, "elev_class": 2, "fill_color": "#a8d18c", "elev_range_ft": "58-172 ft", "area_m2": 0.5, "area_acres": 0.0001, "n_pixels": 2, "elev_mean_ft": 171.3, "elev_min_ft": 171.0, "elev_max_ft": 171.6, "clipped_to_aoi": true}}, {"type": "Feature", "geometry": {"type": "Polygon", "coordinates": [[[-122.53411172, 37.89158906], [-122.53414584, 37.8915892], [-122.53414579, 37.89159821], [-122.53415716, 37.89159825], [-122.5341571, 37.89160727], [-122.53416847, 37.89160731], [-122.53416842, 37.89161632], [-122.53417979, 37.89161637], [-122.53417973, 37.89162538], [-122.53419111, 37.89162543], [-122.53419105, 37.89163444], [-122.53420242, 37.89163448], [-122.53420237, 37.8916435], [-122.53421374, 37.89164354], [-122.53421368, 37.89165255], [-122.53422505, 37.8916526], [-122.53422488, 37.89167964], [-122.53423626, 37.89167968], [-122.53423615, 37.89169707], [-122.5342133, 37.89167736], [-122.5341012, 37.89158077], [-122.53410107, 37.89158066], [-122.53410031, 37.89158001], [-122.53409987, 37.89157963], [-122.53409102, 37.89157095], [-122.53411184, 37.89157103], [-122.53411172, 37.89158906]]]}, "properties": {"id": 38, "elev_class": 2, "fill_color": "#a8d18c", "elev_range_ft": "58-172 ft", "area_m2": 30.0, "area_acres": 0.0074, "n_pixels": 44, "elev_mean_ft": 171.3, "elev_min_ft": 170.8, "elev_max_ft": 171.9, "clipped_to_aoi": true}}, {"type": "Feature", "geometry": {"type": "Polygon", "coordinates": [[[-122.5340891, 37.89156908], [-122.53408179, 37.8915619], [-122.53408915, 37.89156193], [-122.5340891, 37.89156908]]]}, "properties": {"id": 39, "elev_class": 2, "fill_color": "#a8d18c", "elev_range_ft": "58-172 ft", "area_m2": 0.3, "area_acres": 0.0001, "n_pixels": 1, "elev_mean_ft": 171.7, "elev_min_ft": 171.7, "elev_max_ft": 171.7, "clipped_to_aoi": true}}, {"type": "Feature", "geometry": {"type": "Polygon", "coordinates": [[[-122.5340778, 37.891558], [-122.53407256, 37.89155285], [-122.53407783, 37.89155287], [-122.5340778, 37.891558]]]}, "properties": {"id": 40, "elev_class": 2, "fill_color": "#a8d18c", "elev_range_ft": "58-172 ft", "area_m2": 0.1, "area_acres": 0.0, "n_pixels": 1, "elev_mean_ft": 171.7, "elev_min_ft": 171.7, "elev_max_ft": 171.7, "clipped_to_aoi": true}}, {"type": "Feature", "geometry": {"type": "Polygon", "coordinates": [[[-122.53559053, 37.88972921], [-122.53559059, 37.8897202], [-122.53561333, 37.88972029], [-122.53561328, 37.8897293], [-122.53559053, 37.88972921]]]}, "properties": {"id": 41, "elev_class": 3, "fill_color": "#cfe0a0", "elev_range_ft": "172-306 ft", "area_m2": 2.0, "area_acres": 0.0005, "n_pixels": 2, "elev_mean_ft": 306.1, "elev_min_ft": 306.1, "elev_max_ft": 306.1, "clipped_to_aoi": false}}, {"type": "Feature", "geometry": {"type": "Polygon", "coordinates": [[[-122.53638615, 37.88980445], [-122.5363861, 37.88981347], [-122.53635198, 37.88981333], [-122.53635192, 37.88982235], [-122.53629506, 37.88982212], [-122.536295, 37.88983113], [-122.53626089, 37.889831], [-122.53626094, 37.88982199], [-122.53619271, 37.88982172], [-122.53619265, 37.88983073], [-122.53606755, 37.88983024], [-122.53606761, 37.88982122], [-122.53604486, 37.88982114], [-122.53604492, 37.88981212], [-122.53602218, 37.88981203], [-122.53602223, 37.88980302], [-122.53601086, 37.88980298], [-122.53601092, 37.88979396], [-122.53598817, 37.88979387], [-122.53598823, 37.88978486], [-122.53595411, 37.88978473], [-122.53595434, 37.88974867], [-122.53590885, 37.8897485], [-122.5359089, 37.88973948], [-122.53589753, 37.88973944], [-122.53589759, 37.88973042], [-122.53588622, 37.88973038], [-122.53588627, 37.88972137], [-122.53586353, 37.88972128], [-122.53586347, 37.88973029], [-122.5358521, 37.88973025], [-122.53585215, 37.88972123], [-122.53584078, 37.88972119], [-122.53584084, 37.88971218], [-122.53580672, 37.88971204], [-122.53580678, 37.88970303], [-122.53578403, 37.88970294], [-122.53578398, 37.88971195], [-122.5357726, 37.88971191], [-122.53577255, 37.88972092], [-122.53573843, 37.88972078], [-122.53573849, 37.88971177], [-122.53572711, 37.88971173], [-122.53572717, 37.88970271], [-122.5357158, 37.88970267], [-122.53571585, 37.88969366], [-122.53570448, 37.88969361], [-122.53570454, 37.8896846], [-122.53568179, 37.88968451], [-122.53568185, 37.8896755], [-122.53565911, 37.88967541], [-122.53565928, 37.88964837], [-122.53563653, 37.88964828], [-122.53563647, 37.88965729], [-122.53560236, 37.88965716], [-122.5356023, 37.88966617], [-122.53557955, 37.88966608], [-122.53557961, 37.88965707], [-122.53555687, 37.88965698], [-122.53555681, 37.88966599], [-122.53554544, 37.88966594], [-122.53554538, 37.88967496], [-122.53553401, 37.88967491], [-122.53553395, 37.88968393], [-122.53552258, 37.88968388], [-122.53552252, 37.88969289], [-122.5355339, 37.88969294], [-122.53553384, 37.88970195], [-122.53554521, 37.889702], [-122.5355451, 37.88972002], [-122.53555647, 37.88972007], [-122.53555641, 37.88972908], [-122.53556779, 37.88972912], [-122.53556773, 37.88973814], [-122.53560185, 37.88973827], [-122.53560179, 37.88974728], [-122.53561316, 37.88974733], [-122.53561311, 37.88975634], [-122.53562448, 37.88975639], [-122.53562431, 37.88978343], [-122.53561294, 37.88978338], [-122.53561299, 37.88977437], [-122.53560162, 37.88977432], [-122.53560168, 37.88976531], [-122.53557893, 37.88976522], [-122.53557899, 37.88975621], [-122.53556762, 37.88975616], [-122.53556767, 37.88974715], [-122.53554493, 37.88974706], [-122.53554498, 37.88973805], [-122.53552224, 37.88973796], [-122.5355223, 37.88972894], [-122.53548818, 37.88972881], [-122.53548807, 37.88974684], [-122.53547669, 37.88974679], [-122.53547664, 37.8897558], [-122.53546526, 37.88975576], [-122.53546498, 37.88980082], [-122.53547635, 37.88980087], [-122.53547624, 37.88981889], [-122.53548761, 37.88981894], [-122.53548756, 37.88982795], [-122.53549893, 37.889828], [-122.53549887, 37.88983701], [-122.53551024, 37.88983705], [-122.53551007, 37.88986409], [-122.53552145, 37.88986414], [-122.53552133, 37.88988216], [-122.53553271, 37.88988221], [-122.53553265, 37.88989122], [-122.53554402, 37.88989126], [-122.53554385, 37.8899183], [-122.53555522, 37.88991835], [-122.53555517, 37.88992736], [-122.53556654, 37.88992741], [-122.53556648, 37.88993642], [-122.53558923, 37.88993651], [-122.53558917, 37.88994552], [-122.53560054, 37.88994557], [-122.53560049, 37.88995458], [-122.53561186, 37.88995462], [-122.53561175, 37.88997265], [-122.53562312, 37.88997269], [-122.53562306, 37.88998171], [-122.53563444, 37.88998175], [-122.53563427, 37.89000879], [-122.53564564, 37.89000883], [-122.53564553, 37.89002686], [-122.5356569, 37.8900269], [-122.53565678, 37.89004493], [-122.53566816, 37.89004497], [-122.53566799, 37.89007201], [-122.53565661, 37.89007197], [-122.53565656, 37.89008098], [-122.53564519, 37.89008094], [-122.53564513, 37.89008995], [-122.5356565, 37.89008999], [-122.53565639, 37.89010802], [-122.53566776, 37.89010806], [-122.53566765, 37.89012609], [-122.53567902, 37.89012613], [-122.53567851, 37.89020725], [-122.53566714, 37.8902072], [-122.53566703, 37.89022523], [-122.53565565, 37.89022519], [-122.5356556, 37.8902342], [-122.53564422, 37.89023415], [-122.53564405, 37.89026119], [-122.53560994, 37.89026106], [-122.53560988, 37.89027007], [-122.53559851, 37.89027003], [-122.53559845, 37.89027904], [-122.53560982, 37.89027908], [-122.53560977, 37.8902881], [-122.53562114, 37.89028814], [-122.53562023, 37.89043234], [-122.53563161, 37.89043239], [-122.5356311, 37.8905135], [-122.53564247, 37.89051355], [-122.53564241, 37.89052256], [-122.53565378, 37.89052261], [-122.53565367, 37.89054063], [-122.53566504, 37.89054068], [-122.53566482, 37.89057673], [-122.53565345, 37.89057668], [-122.53565339, 37.8905857], [-122.53564202, 37.89058565], [-122.5356419, 37.89060368], [-122.53563053, 37.89060363], [-122.53563042, 37.89062166], [-122.53561904, 37.89062161], [-122.53561893, 37.89063964], [-122.53560756, 37.89063959], [-122.53560722, 37.89069367], [-122.53561859, 37.89069372], [-122.53561848, 37.89071174], [-122.53562985, 37.89071179], [-122.53562979, 37.8907208], [-122.53564117, 37.89072084], [-122.53564111, 37.89072986], [-122.53565248, 37.8907299], [-122.53565243, 37.89073891], [-122.5356638, 37.89073896], [-122.53566374, 37.89074797], [-122.53567511, 37.89074802], [-122.53567506, 37.89075703], [-122.53568643, 37.89075707], [-122.53568637, 37.89076609], [-122.53569775, 37.89076613], [-122.53569769, 37.89077514], [-122.53570906, 37.89077519], [-122.53570901, 37.8907842], [-122.53572038, 37.89078425], [-122.53572032, 37.89079326], [-122.5357317, 37.8907933], [-122.53573164, 37.89080232], [-122.53575438, 37.89080241], [-122.53575433, 37.89081142], [-122.5357657, 37.89081146], [-122.53576564, 37.89082048], [-122.53577702, 37.89082052], [-122.53577696, 37.89082953], [-122.53578833, 37.89082958], [-122.53578828, 37.89083859], [-122.53579965, 37.89083864], [-122.53579959, 37.89084765], [-122.53582234, 37.89084774], [-122.53582228, 37.89085675], [-122.53583365, 37.8908568], [-122.5358336, 37.89086581], [-122.53584497, 37.89086585], [-122.53584491, 37.89087487], [-122.53585628, 37.89087491], [-122.53585623, 37.89088393], [-122.53587897, 37.89088401], [-122.53587892, 37.89089303], [-122.53589029, 37.89089307], [-122.53589023, 37.89090209], [-122.53590161, 37.89090213], [-122.53590155, 37.89091114], [-122.53592429, 37.89091123], [-122.53592424, 37.89092025], [-122.53593561, 37.89092029], [-122.53593555, 37.8909293], [-122.5359583, 37.89092939], [-122.53595824, 37.89093841], [-122.53596962, 37.89093845], [-122.53596956, 37.89094746], [-122.53598093, 37.89094751], [-122.53598088, 37.89095652], [-122.53599225, 37.89095657], [-122.53599219, 37.89096558], [-122.53600356, 37.89096562], [-122.53600351, 37.89097464], [-122.53602625, 37.89097473], [-122.5360262, 37.89098374], [-122.53603757, 37.89098378], [-122.53603751, 37.8909928], [-122.53606026, 37.89099289], [-122.5360602, 37.8910019], [-122.53607157, 37.89100194], [-122.53607152, 37.89101096], [-122.53609426, 37.89101105], [-122.53609421, 37.89102006], [-122.53610558, 37.8910201], [-122.53610552, 37.89102912], [-122.53612827, 37.89102921], [-122.53612821, 37.89103822], [-122.53613958, 37.89103826], [-122.53613953, 37.89104728], [-122.53616227, 37.89104737], [-122.53616222, 37.89105638], [-122.53617359, 37.89105642], [-122.53617353, 37.89106544], [-122.5361849, 37.89106548], [-122.53618485, 37.89107449], [-122.53619622, 37.89107454], [-122.53619616, 37.89108355], [-122.53621891, 37.89108364], [-122.53621885, 37.89109265], [-122.5362416, 37.89109274], [-122.53624154, 37.89110176], [-122.53626429, 37.89110185], [-122.53626423, 37.89111086], [-122.5362756, 37.8911109], [-122.53627555, 37.89111992], [-122.53629829, 37.89112001], [-122.53629824, 37.89112902], [-122.53630961, 37.89112906], [-122.53630955, 37.89113808], [-122.53632092, 37.89113812], [-122.53632087, 37.89114713], [-122.53636636, 37.89114731], [-122.5363663, 37.89115633], [-122.53635493, 37.89115628], [-122.53635482, 37.89117431], [-122.53636619, 37.89117435], [-122.53636613, 37.89118336], [-122.53637751, 37.89118341], [-122.53637745, 37.89119242], [-122.53641157, 37.89119256], [-122.53641162, 37.89118354], [-122.536423, 37.89118359], [-122.53642305, 37.89117457], [-122.53643443, 37.89117462], [-122.53643437, 37.89118363], [-122.53644574, 37.89118368], [-122.53644569, 37.89119269], [-122.53645706, 37.89119273], [-122.536457, 37.89120175], [-122.53646837, 37.89120179], [-122.53646832, 37.8912108], [-122.53647969, 37.89121085], [-122.53647963, 37.89121986], [-122.53650238, 37.89121995], [-122.53650232, 37.89122896], [-122.5365137, 37.89122901], [-122.53651364, 37.89123802], [-122.53652501, 37.89123807], [-122.53652496, 37.89124708], [-122.53653633, 37.89124712], [-122.53653627, 37.89125614], [-122.53654764, 37.89125618], [-122.53654753, 37.89127421], [-122.5365589, 37.89127425], [-122.53655885, 37.89128327], [-122.53657022, 37.89128331], [-122.53657016, 37.89129232], [-122.53658154, 37.89129237], [-122.53658131, 37.89132842], [-122.53659268, 37.89132846], [-122.53659263, 37.89133748], [-122.53662675, 37.89133761], [-122.53662652, 37.89137366], [-122.53661515, 37.89137362], [-122.53661509, 37.89138263], [-122.53660372, 37.89138258], [-122.53660366, 37.8913916], [-122.53661503, 37.89139164], [-122.53661481, 37.89142769], [-122.53662618, 37.89142774], [-122.53662601, 37.89145478], [-122.53663738, 37.89145482], [-122.53663733, 37.89146383], [-122.5366487, 37.89146388], [-122.53664864, 37.89147289], [-122.53666002, 37.89147294], [-122.53665996, 37.89148195], [-122.53668271, 37.89148204], [-122.53668259, 37.89150006], [-122.53670534, 37.89150015], [-122.53670517, 37.89152719], [-122.53672791, 37.89152728], [-122.53672786, 37.89153629], [-122.53677335, 37.89153647], [-122.5367734, 37.89152746], [-122.53678478, 37.89152751], [-122.53678483, 37.89151849], [-122.53679621, 37.89151854], [-122.53679626, 37.89150952], [-122.53680764, 37.89150957], [-122.53680769, 37.89150056], [-122.53685318, 37.89150074], [-122.53685324, 37.89149172], [-122.53687599, 37.89149181], [-122.53687604, 37.8914828], [-122.53688741, 37.89148284], [-122.53688747, 37.89147383], [-122.53689884, 37.89147388], [-122.53689901, 37.89144684], [-122.53691039, 37.89144688], [-122.53691044, 37.89143787], [-122.53693319, 37.89143796], [-122.53693324, 37.89142895], [-122.53696736, 37.89142908], [-122.53696742, 37.89142007], [-122.53701291, 37.89142025], [-122.53701297, 37.89141123], [-122.53718356, 37.8914119], [-122.5371835, 37.89142092], [-122.53724037, 37.89142114], [-122.53724031, 37.89143015], [-122.5372858, 37.89143033], [-122.53728574, 37.89143935], [-122.53734261, 37.89143957], [-122.53734255, 37.89144858], [-122.5373653, 37.89144867], [-122.53736524, 37.89145768], [-122.53738799, 37.89145777], [-122.53738793, 37.89146679], [-122.53741067, 37.89146688], [-122.53741062, 37.89147589], [-122.53742199, 37.89147593], [-122.53742193, 37.89148495], [-122.53744468, 37.89148504], [-122.53744462, 37.89149405], [-122.537456, 37.89149409], [-122.53745594, 37.89150311], [-122.53746731, 37.89150315], [-122.53746726, 37.89151216], [-122.53749, 37.89151225], [-122.53748995, 37.89152127], [-122.53750132, 37.89152131], [-122.53750126, 37.89153032], [-122.53751263, 37.89153037], [-122.53751258, 37.89153938], [-122.5375467, 37.89153951], [-122.53754664, 37.89154853], [-122.53759213, 37.89154871], [-122.53759207, 37.89155772], [-122.53762619, 37.89155785], [-122.53762614, 37.89156686], [-122.53764888, 37.89156695], [-122.53764883, 37.89157597], [-122.5376602, 37.89157601], [-122.53766014, 37.89158502], [-122.53768289, 37.89158511], [-122.53768283, 37.89159413], [-122.53770558, 37.89159422], [-122.53770552, 37.89160323], [-122.53771689, 37.89160327], [-122.53771684, 37.89161229], [-122.53772821, 37.89161233], [-122.53772815, 37.89162134], [-122.53773953, 37.89162139], [-122.53773947, 37.8916304], [-122.53775084, 37.89163045], [-122.53775079, 37.89163946], [-122.53776216, 37.8916395], [-122.5377621, 37.89164852], [-122.53777348, 37.89164856], [-122.53777342, 37.89165757], [-122.53778479, 37.89165762], [-122.53778474, 37.89166663], [-122.53779611, 37.89166668], [-122.53779605, 37.89167569], [-122.53780742, 37.89167573], [-122.53780737, 37.89168475], [-122.53787561, 37.89168501], [-122.53787566, 37.891676], [-122.53789841, 37.89167609], [-122.53789846, 37.89166708], [-122.53795533, 37.8916673], [-122.53795538, 37.89165829], [-122.5379895, 37.89165842], [-122.53798956, 37.89164941], [-122.53802368, 37.89164954], [-122.53802373, 37.89164053], [-122.53803511, 37.89164057], [-122.53803516, 37.89163156], [-122.53804653, 37.89163161], [-122.53804676, 37.89159556], [-122.53806951, 37.89159564], [-122.53806956, 37.89158663], [-122.53809231, 37.89158672], [-122.53809236, 37.89157771], [-122.53812648, 37.89157784], [-122.53812654, 37.89156883], [-122.53813791, 37.89156887], [-122.53813797, 37.89155986], [-122.53814934, 37.89155991], [-122.5381494, 37.89155089], [-122.53816077, 37.89155094], [-122.53816088, 37.89153291], [-122.53817225, 37.89153296], [-122.53817231, 37.89152394], [-122.53818368, 37.89152399], [-122.53818374, 37.89151498], [-122.53819511, 37.89151502], [-122.53819517, 37.89150601], [-122.53821791, 37.8915061], [-122.53821797, 37.89149708], [-122.53822934, 37.89149713], [-122.5382294, 37.89148812], [-122.53824077, 37.89148816], [-122.53824083, 37.89147915], [-122.5382522, 37.89147919], [-122.53825226, 37.89147018], [-122.538275, 37.89147027], [-122.53827506, 37.89146126], [-122.53830918, 37.89146139], [-122.53830923, 37.89145238], [-122.53833198, 37.89145247], [-122.53833204, 37.89144345], [-122.53836615, 37.89144359], [-122.53836621, 37.89143457], [-122.53838896, 37.89143466], [-122.5383889, 37.89144368], [-122.53843439, 37.89144386], [-122.53843433, 37.89145287], [-122.53844571, 37.89145291], [-122.53844565, 37.89146193], [-122.5384684, 37.89146201], [-122.53846834, 37.89147103], [-122.53847971, 37.89147107], [-122.53847966, 37.89148008], [-122.53849103, 37.89148013], [-122.53849097, 37.89148914], [-122.53850235, 37.89148919], [-122.53850229, 37.8914982], [-122.53851366, 37.89149824], [-122.53851361, 37.89150726], [-122.53852498, 37.8915073], [-122.53852492, 37.89151631], [-122.5385363, 37.89151636], [-122.53853624, 37.89152537], [-122.53854761, 37.89152542], [-122.53854756, 37.89153443], [-122.5385703, 37.89153452], [-122.53857025, 37.89154353], [-122.53858162, 37.89154358], [-122.53858156, 37.89155259], [-122.53859293, 37.89155263], [-122.53859288, 37.89156165], [-122.53860425, 37.89156169], [-122.5386042, 37.8915707], [-122.53861557, 37.89157075], [-122.53861551, 37.89157976], [-122.53863826, 37.89157985], [-122.5386382, 37.89158886], [-122.53867232, 37.891589], [-122.53867226, 37.89159801], [-122.53868364, 37.89159805], [-122.53868358, 37.89160707], [-122.53870633, 37.89160715], [-122.53870627, 37.89161617], [-122.53871764, 37.89161621], [-122.53871759, 37.89162523], [-122.53872896, 37.89162527], [-122.5387289, 37.89163428], [-122.53871753, 37.89163424], [-122.53871747, 37.89164325], [-122.53872885, 37.8916433], [-122.53872879, 37.89165231], [-122.53876291, 37.89165244], [-122.53876285, 37.89166145], [-122.53877422, 37.8916615], [-122.53877411, 37.89167952], [-122.53878548, 37.89167957], [-122.53878537, 37.89169759], [-122.53879674, 37.89169764], [-122.53879652, 37.89173369], [-122.53878515, 37.89173365], [-122.53878503, 37.89175167], [-122.53880778, 37.89175176], [-122.53880784, 37.89174275], [-122.53885333, 37.89174293], [-122.53885327, 37.89175194], [-122.53888739, 37.89175207], [-122.53888733, 37.89176108], [-122.5389442, 37.89176131], [-122.53894425, 37.89175229], [-122.53895563, 37.89175234], [-122.53895574, 37.89173431], [-122.53896711, 37.89173436], [-122.53896717, 37.89172535], [-122.5389558, 37.8917253], [-122.53895619, 37.89166221], [-122.53896756, 37.89166226], [-122.53896762, 37.89165324], [-122.53897899, 37.89165329], [-122.53897961, 37.89155415], [-122.53899098, 37.89155419], [-122.53899166, 37.89144604], [-122.53898028, 37.89144599], [-122.5389804, 37.89142797], [-122.53896902, 37.89142792], [-122.53896914, 37.8914099], [-122.53895776, 37.89140985], [-122.53895788, 37.89139183], [-122.53896925, 37.89139187], [-122.53896942, 37.89136483], [-122.53898079, 37.89136488], [-122.53898085, 37.89135587], [-122.53899222, 37.89135591], [-122.53899233, 37.89133789], [-122.5390037, 37.89133793], [-122.53900376, 37.89132892], [-122.53901513, 37.89132896], [-122.53901519, 37.89131995], [-122.53902656, 37.89131999], [-122.53902662, 37.89131098], [-122.53903799, 37.89131103], [-122.53903805, 37.89130201], [-122.53906079, 37.8913021], [-122.53906085, 37.89129309], [-122.53908359, 37.89129318], [-122.53908376, 37.89126614], [-122.53910651, 37.89126623], [-122.53910656, 37.89125722], [-122.53911794, 37.89125726], [-122.53911799, 37.89124825], [-122.53912937, 37.89124829], [-122.53912942, 37.89123928], [-122.53914079, 37.89123932], [-122.53914085, 37.89123031], [-122.5391636, 37.8912304], [-122.53916365, 37.89122139], [-122.5391864, 37.89122148], [-122.53918645, 37.89121246], [-122.53919783, 37.89121251], [-122.53919788, 37.8912035], [-122.53920926, 37.89120354], [-122.53920931, 37.89119453], [-122.53922068, 37.89119457], [-122.53922074, 37.89118556], [-122.53923211, 37.8911856], [-122.53923223, 37.89116758], [-122.5392436, 37.89116762], [-122.53924371, 37.8911496], [-122.53925508, 37.89114964], [-122.5392552, 37.89113162], [-122.53926657, 37.89113166], [-122.53926679, 37.89109561], [-122.53927817, 37.89109565], [-122.53927833, 37.89106862], [-122.53928971, 37.89106866], [-122.53928993, 37.89103261], [-122.5393013, 37.89103265], [-122.53930142, 37.89101463], [-122.53934691, 37.89101481], [-122.53934696, 37.89100579], [-122.53936971, 37.89100588], [-122.53936976, 37.89099687], [-122.53939251, 37.89099696], [-122.53939257, 37.89098795], [-122.53940394, 37.89098799], [-122.53940388, 37.890997], [-122.53948349, 37.89099731], [-122.53948355, 37.8909883], [-122.53951767, 37.89098843], [-122.53951772, 37.89097942], [-122.53954047, 37.89097951], [-122.53954052, 37.8909705], [-122.539677, 37.89097103], [-122.53967694, 37.89098004], [-122.53969968, 37.89098013], [-122.53969963, 37.89098915], [-122.539711, 37.89098919], [-122.53971095, 37.8909982], [-122.53973369, 37.89099829], [-122.53973363, 37.89100731], [-122.53974501, 37.89100735], [-122.53974495, 37.89101636], [-122.5397677, 37.89101645], [-122.53976764, 37.89102546], [-122.53977901, 37.89102551], [-122.53977896, 37.89103452], [-122.5398017, 37.89103461], [-122.53980165, 37.89104362], [-122.53981302, 37.89104367], [-122.53981296, 37.89105268], [-122.53982434, 37.89105273], [-122.53982428, 37.89106174], [-122.53984702, 37.89106183], [-122.53984697, 37.89107084], [-122.53985834, 37.89107088], [-122.53985829, 37.8910799], [-122.53988103, 37.89107999], [-122.53988097, 37.891089], [-122.53990372, 37.89108909], [-122.53990366, 37.8910981], [-122.53991504, 37.89109814], [-122.53991498, 37.89110716], [-122.53992635, 37.8911072], [-122.5399263, 37.89111621], [-122.53993767, 37.89111626], [-122.53993761, 37.89112527], [-122.53996036, 37.89112536], [-122.5399603, 37.89113437], [-122.53998305, 37.89113446], [-122.53998299, 37.89114348], [-122.53999437, 37.89114352], [-122.53999431, 37.89115253], [-122.54001705, 37.89115262], [-122.540017, 37.89116163], [-122.54002837, 37.89116168], [-122.54002832, 37.89117069], [-122.54006243, 37.89117082], [-122.54006238, 37.89117984], [-122.54013061, 37.8911801], [-122.54013056, 37.89118912], [-122.54014193, 37.89118916], [-122.54014199, 37.89118015], [-122.5402216, 37.89118046], [-122.54022165, 37.89117145], [-122.5402444, 37.89117154], [-122.54024445, 37.89116252], [-122.54027857, 37.89116266], [-122.54027851, 37.89117167], [-122.54030126, 37.89117176], [-122.54030132, 37.89116274], [-122.54033543, 37.89116288], [-122.54033549, 37.89115387], [-122.54035824, 37.89115395], [-122.54035829, 37.89114494], [-122.54038104, 37.89114503], [-122.54038109, 37.89113602], [-122.54040384, 37.89113611], [-122.54040389, 37.89112709], [-122.54041527, 37.89112714], [-122.54041532, 37.89111812], [-122.54043807, 37.89111821], [-122.54043818, 37.89110019], [-122.54044955, 37.89110023], [-122.54044961, 37.89109122], [-122.54046098, 37.89109126], [-122.54046104, 37.89108225], [-122.54047241, 37.8910823], [-122.54047247, 37.89107328], [-122.54049521, 37.89107337], [-122.54049532, 37.89105535], [-122.5405067, 37.89105539], [-122.54050675, 37.89104638], [-122.54051813, 37.89104642], [-122.54051824, 37.8910284], [-122.54052961, 37.89102844], [-122.54052972, 37.89101042], [-122.5405411, 37.89101046], [-122.54054126, 37.89098342], [-122.54055264, 37.89098347], [-122.5405528, 37.89095643], [-122.54056418, 37.89095647], [-122.54056429, 37.89093845], [-122.54057566, 37.89093849], [-122.54057577, 37.89092047], [-122.54058715, 37.89092051], [-122.54058726, 37.89090248], [-122.54059863, 37.89090253], [-122.54059874, 37.8908845], [-122.54061012, 37.89088455], [-122.54061017, 37.89087553], [-122.54062154, 37.89087558], [-122.5406216, 37.89086657], [-122.54063297, 37.89086661], [-122.54063303, 37.8908576], [-122.5406444, 37.89085764], [-122.54064446, 37.89084863], [-122.54065583, 37.89084867], [-122.54065589, 37.89083966], [-122.54066726, 37.89083971], [-122.54066732, 37.89083069], [-122.54067869, 37.89083074], [-122.54067874, 37.89082172], [-122.54069012, 37.89082177], [-122.54069017, 37.89081276], [-122.54070155, 37.8908128], [-122.5407016, 37.89080379], [-122.54071297, 37.89080383], [-122.54071303, 37.89079482], [-122.5407244, 37.89079486], [-122.54072446, 37.89078585], [-122.54073583, 37.89078589], [-122.54073589, 37.89077688], [-122.54074726, 37.89077693], [-122.54074732, 37.89076791], [-122.54075869, 37.89076796], [-122.54075874, 37.89075895], [-122.54077012, 37.89075899], [-122.54077017, 37.89074998], [-122.54078155, 37.89075002], [-122.5407816, 37.89074101], [-122.54079297, 37.89074105], [-122.54079303, 37.89073204], [-122.5408044, 37.89073208], [-122.54080446, 37.89072307], [-122.54081583, 37.89072312], [-122.54081589, 37.8907141], [-122.54082726, 37.89071415], [-122.54082732, 37.89070513], [-122.54083869, 37.89070518], [-122.54083874, 37.89069617], [-122.54086149, 37.89069626], [-122.54086155, 37.89068724], [-122.54091841, 37.89068746], [-122.54091835, 37.89069648], [-122.54095247, 37.89069661], [-122.54095242, 37.89070562], [-122.54097516, 37.89070571], [-122.5409751, 37.89071472], [-122.54098648, 37.89071477], [-122.54098642, 37.89072378], [-122.54099779, 37.89072383], [-122.54099774, 37.89073284], [-122.54100911, 37.89073288], [-122.541009, 37.89075091], [-122.54103174, 37.890751], [-122.54103169, 37.89076001], [-122.54104306, 37.89076005], [-122.541043, 37.89076907], [-122.54105438, 37.89076911], [-122.54105432, 37.89077812], [-122.54106569, 37.89077817], [-122.54106558, 37.89079619], [-122.54107695, 37.89079624], [-122.5410769, 37.89080525], [-122.54108827, 37.8908053], [-122.54108822, 37.89081431], [-122.54109959, 37.89081435], [-122.54109953, 37.89082337], [-122.5411109, 37.89082341], [-122.54111085, 37.89083242], [-122.54112222, 37.89083247], [-122.54112217, 37.89084148], [-122.54114491, 37.89084157], [-122.54114486, 37.89085058], [-122.54115623, 37.89085063], [-122.54115617, 37.89085964], [-122.54117892, 37.89085973], [-122.54117886, 37.89086874], [-122.54121298, 37.89086887], [-122.54121292, 37.89087789], [-122.54125841, 37.89087806], [-122.54125836, 37.89088708], [-122.54129248, 37.89088721], [-122.54129242, 37.89089622], [-122.54136066, 37.89089649], [-122.5413606, 37.8909055], [-122.54142884, 37.89090577], [-122.54142878, 37.89091478], [-122.54153113, 37.89091518], [-122.54153108, 37.89092419], [-122.54155382, 37.89092428], [-122.54155377, 37.89093329], [-122.54157651, 37.89093338], [-122.54157646, 37.89094239], [-122.54161058, 37.89094253], [-122.54161052, 37.89095154], [-122.54163327, 37.89095163], [-122.54163321, 37.89096064], [-122.54165595, 37.89096073], [-122.5416559, 37.89096974], [-122.54166727, 37.89096979], [-122.54166722, 37.8909788], [-122.54167859, 37.89097884], [-122.54167848, 37.89099687], [-122.54168985, 37.89099691], [-122.54168979, 37.89100592], [-122.54170117, 37.89100597], [-122.54170105, 37.89102399], [-122.54171243, 37.89102404], [-122.54171232, 37.89104206], [-122.54172369, 37.89104211], [-122.54172352, 37.89106915], [-122.54173489, 37.89106919], [-122.54173473, 37.89109623], [-122.5417461, 37.89109627], [-122.54174593, 37.89112331], [-122.5417573, 37.89112336], [-122.54175714, 37.89115039], [-122.54176851, 37.89115044], [-122.54176828, 37.89118649], [-122.54177966, 37.89118653], [-122.54177955, 37.89120456], [-122.54179092, 37.8912046], [-122.54179086, 37.89121362], [-122.54180224, 37.89121366], [-122.54180218, 37.89122267], [-122.54181355, 37.89122272], [-122.54181344, 37.89124074], [-122.54182481, 37.89124079], [-122.54182476, 37.8912498], [-122.54183613, 37.89124985], [-122.54183607, 37.89125886], [-122.54187019, 37.89125899], [-122.54187014, 37.891268], [-122.54188151, 37.89126805], [-122.54188145, 37.89127706], [-122.5419042, 37.89127715], [-122.54190414, 37.89128616], [-122.54191552, 37.89128621], [-122.54191546, 37.89129522], [-122.54192683, 37.89129526], [-122.54192678, 37.89130428], [-122.54194952, 37.89130436], [-122.54194947, 37.89131338], [-122.54196084, 37.89131342], [-122.54196078, 37.89132243], [-122.5419949, 37.89132257], [-122.54199485, 37.89133158], [-122.54202896, 37.89133171], [-122.54202891, 37.89134073], [-122.54206303, 37.89134086], [-122.54206297, 37.89134987], [-122.54210846, 37.89135005], [-122.54210841, 37.89135906], [-122.54229037, 37.89135977], [-122.54229043, 37.89135076], [-122.54232454, 37.89135089], [-122.5423246, 37.89134188], [-122.54234735, 37.89134196], [-122.5423474, 37.89133295], [-122.54238152, 37.89133308], [-122.54238158, 37.89132407], [-122.54241569, 37.8913242], [-122.54241575, 37.89131519], [-122.54243849, 37.89131528], [-122.54243855, 37.89130627], [-122.54252953, 37.89130662], [-122.54252948, 37.89131563], [-122.54254085, 37.89131568], [-122.54254079, 37.89132469], [-122.54255217, 37.89132473], [-122.54255211, 37.89133375], [-122.54256348, 37.89133379], [-122.54256343, 37.8913428], [-122.5425748, 37.89134285], [-122.54257474, 37.89135186], [-122.54259749, 37.89135195], [-122.54259743, 37.89136096], [-122.54260881, 37.89136101], [-122.54260875, 37.89137002], [-122.5426315, 37.89137011], [-122.54263144, 37.89137912], [-122.54264281, 37.89137916], [-122.54264276, 37.89138818], [-122.54265413, 37.89138822], [-122.54265407, 37.89139723], [-122.54266545, 37.89139728], [-122.54266539, 37.89140629], [-122.54267676, 37.89140634], [-122.54267665, 37.89142436], [-122.54268803, 37.8914244], [-122.54268791, 37.89144243], [-122.54269929, 37.89144247], [-122.54269923, 37.89145149], [-122.5427106, 37.89145153], [-122.54271055, 37.89146054], [-122.54272192, 37.89146059], [-122.54272148, 37.89153269], [-122.5427101, 37.89153265], [-122.54271005, 37.89154166], [-122.54269867, 37.89154162], [-122.54269851, 37.89156865], [-122.54268713, 37.89156861], [-122.54268658, 37.89165874], [-122.54269795, 37.89165878], [-122.54269773, 37.89169483], [-122.5427091, 37.89169488], [-122.54270893, 37.89172191], [-122.5427203, 37.89172196], [-122.54272014, 37.891749], [-122.54273151, 37.89174904], [-122.54273134, 37.89177608], [-122.54274272, 37.89177612], [-122.5427426, 37.89179415], [-122.54275398, 37.89179419], [-122.54275392, 37.89180321], [-122.54276529, 37.89180325], [-122.54276518, 37.89182128], [-122.54277656, 37.89182132], [-122.5427765, 37.89183033], [-122.54278787, 37.89183038], [-122.54278776, 37.8918484], [-122.54279913, 37.89184845], [-122.54279908, 37.89185746], [-122.54281045, 37.8918575], [-122.5428104, 37.89186652], [-122.54282177, 37.89186656], [-122.54282171, 37.89187557], [-122.54283308, 37.89187562], [-122.54283303, 37.89188463], [-122.5428444, 37.89188467], [-122.54284435, 37.89189369], [-122.54285572, 37.89189373], [-122.54285566, 37.89190274], [-122.54286704, 37.89190279], [-122.54286698, 37.8919118], [-122.54287835, 37.89191185], [-122.5428783, 37.89192086], [-122.54288967, 37.8919209], [-122.54288961, 37.89192992], [-122.54290099, 37.89192996], [-122.54290093, 37.89193897], [-122.5429123, 37.89193902], [-122.54291219, 37.89195704], [-122.54292357, 37.89195709], [-122.54292351, 37.8919661], [-122.54293488, 37.89196614], [-122.54293483, 37.89197516], [-122.5429462, 37.8919752], [-122.54294609, 37.89199323], [-122.54295746, 37.89199327], [-122.54295741, 37.89200228], [-122.54296878, 37.89200233], [-122.54296867, 37.89202035], [-122.54298004, 37.8920204], [-122.54297993, 37.89203842], [-122.5429913, 37.89203847], [-122.54299119, 37.89205649], [-122.54300256, 37.89205654], [-122.54300245, 37.89207456], [-122.54301382, 37.89207461], [-122.54301371, 37.89209263], [-122.54302509, 37.89209268], [-122.54302503, 37.89210169], [-122.5430364, 37.89210173], [-122.54303629, 37.89211976], [-122.54304766, 37.8921198], [-122.54304761, 37.89212881], [-122.54305898, 37.89212886], [-122.54305887, 37.89214688], [-122.54307024, 37.89214693], [-122.54307019, 37.89215594], [-122.54308156, 37.89215599], [-122.5430815, 37.892165], [-122.54309288, 37.89216504], [-122.54309282, 37.89217406], [-122.54310419, 37.8921741], [-122.54310408, 37.89219213], [-122.54311546, 37.89219217], [-122.5431154, 37.89220118], [-122.54313815, 37.89220127], [-122.54313809, 37.89221028], [-122.54317221, 37.89221042], [-122.54317215, 37.89221943], [-122.5431949, 37.89221952], [-122.54319484, 37.89222853], [-122.54333132, 37.89222906], [-122.54333126, 37.89223807], [-122.5433995, 37.89223834], [-122.54339944, 37.89224735], [-122.54341082, 37.89224739], [-122.54341087, 37.89223838], [-122.54344499, 37.89223851], [-122.54344494, 37.89224753], [-122.54347905, 37.89224766], [-122.54347911, 37.89223865], [-122.54351323, 37.89223878], [-122.54351328, 37.89222976], [-122.54353603, 37.89222985], [-122.54353609, 37.89222084], [-122.54355883, 37.89222093], [-122.54355889, 37.89221192], [-122.54357026, 37.89221196], [-122.54357032, 37.89220295], [-122.54358169, 37.89220299], [-122.54358174, 37.89219398], [-122.54359312, 37.89219402], [-122.54359317, 37.89218501], [-122.54360455, 37.89218505], [-122.5436046, 37.89217604], [-122.54361597, 37.89217608], [-122.54361609, 37.89215806], [-122.54362746, 37.8921581], [-122.54362757, 37.89214008], [-122.54363894, 37.89214012], [-122.54363905, 37.8921221], [-122.54365043, 37.89212214], [-122.54365059, 37.8920951], [-122.54366197, 37.89209515], [-122.54366241, 37.89202304], [-122.54365104, 37.892023], [-122.54365165, 37.89192386], [-122.54366302, 37.8919239], [-122.54366341, 37.89186081], [-122.54367479, 37.89186086], [-122.54367506, 37.89181579], [-122.54368644, 37.89181584], [-122.54368666, 37.89177979], [-122.54369803, 37.89177983], [-122.5436982, 37.89175279], [-122.54370957, 37.89175284], [-122.54370979, 37.89171679], [-122.54372117, 37.89171683], [-122.54372128, 37.8916988], [-122.54373265, 37.89169885], [-122.54373276, 37.89168082], [-122.54374413, 37.89168087], [-122.54374425, 37.89166284], [-122.54375562, 37.89166289], [-122.54375567, 37.89165387], [-122.54376705, 37.89165392], [-122.54376716, 37.89163589], [-122.54377853, 37.89163594], [-122.54377864, 37.89161791], [-122.54379002, 37.89161795], [-122.54379007, 37.89160894], [-122.54380144, 37.89160898], [-122.5438015, 37.89159997], [-122.54381287, 37.89160002], [-122.54381293, 37.891591], [-122.54383567, 37.89159109], [-122.54383573, 37.89158208], [-122.54385847, 37.89158217], [-122.54385853, 37.89157315], [-122.54394951, 37.89157351], [-122.54394946, 37.89158252], [-122.54398358, 37.89158265], [-122.54398352, 37.89159166], [-122.54400627, 37.89159175], [-122.54400621, 37.89160077], [-122.54404033, 37.8916009], [-122.54404027, 37.89160991], [-122.54407439, 37.89161004], [-122.54407434, 37.89161906], [-122.54410845, 37.89161919], [-122.5441084, 37.8916282], [-122.54415389, 37.89162838], [-122.54415383, 37.89163739], [-122.5442107, 37.89163761], [-122.54421075, 37.8916286], [-122.54427899, 37.89162886], [-122.54427905, 37.89161985], [-122.54432454, 37.89162002], [-122.54432459, 37.89161101], [-122.54433596, 37.89161106], [-122.54433602, 37.89160204], [-122.54435877, 37.89160213], [-122.54435882, 37.89159312], [-122.54437019, 37.89159316], [-122.54437031, 37.89157514], [-122.54438168, 37.89157518], [-122.54438179, 37.89155715], [-122.54439316, 37.8915572], [-122.54439333, 37.89153016], [-122.5444047, 37.8915302], [-122.54440515, 37.8914581], [-122.54439377, 37.89145806], [-122.54439405, 37.89141299], [-122.54438268, 37.89141295], [-122.54438284, 37.89138591], [-122.54437147, 37.89138587], [-122.54437169, 37.89134982], [-122.54436032, 37.89134977], [-122.54436054, 37.89131372], [-122.54434917, 37.89131368], [-122.54434939, 37.89127763], [-122.54433802, 37.89127758], [-122.54433813, 37.89125956], [-122.54432676, 37.89125951], [-122.54432709, 37.89120544], [-122.54431572, 37.89120539], [-122.544316, 37.89116033], [-122.54430462, 37.89116028], [-122.54430474, 37.89114226], [-122.54429336, 37.89114221], [-122.54429342, 37.8911332], [-122.54430479, 37.89113325], [-122.5443049, 37.89111522], [-122.54432765, 37.89111531], [-122.5443277, 37.8911063], [-122.54433908, 37.89110634], [-122.54433913, 37.89109733], [-122.54436188, 37.89109741], [-122.54436193, 37.8910884], [-122.54438468, 37.89108849], [-122.54438473, 37.89107948], [-122.54439611, 37.89107952], [-122.54439616, 37.89107051], [-122.54441891, 37.8910706], [-122.54441896, 37.89106158], [-122.54445308, 37.89106172], [-122.54445302, 37.89107073], [-122.54450989, 37.89107095], [-122.54450983, 37.89107996], [-122.54455532, 37.89108014], [-122.54455527, 37.89108915], [-122.54469174, 37.89108968], [-122.5446918, 37.89108067], [-122.54472591, 37.8910808], [-122.54472597, 37.89107178], [-122.54477146, 37.89107196], [-122.54477152, 37.89106295], [-122.54479426, 37.89106304], [-122.54479432, 37.89105402], [-122.54481706, 37.89105411], [-122.54481712, 37.8910451], [-122.54482849, 37.89104514], [-122.54482855, 37.89103613], [-122.54483992, 37.89103617], [-122.54483997, 37.89102716], [-122.54485135, 37.8910272], [-122.54485146, 37.89100918], [-122.54486283, 37.89100922], [-122.54486294, 37.8909912], [-122.54487431, 37.89099124], [-122.54487443, 37.89097322], [-122.54502227, 37.89097379], [-122.54502233, 37.89096477], [-122.5450337, 37.89096482], [-122.54503364, 37.89097383], [-122.54504502, 37.89097388], [-122.5450449, 37.8909919], [-122.54505628, 37.89099194], [-122.545056, 37.89103701], [-122.54506737, 37.89103705], [-122.54506715, 37.8910731], [-122.54507852, 37.89107315], [-122.5450783, 37.8911092], [-122.54508967, 37.89110924], [-122.54508951, 37.89113628], [-122.54510088, 37.89113632], [-122.54510071, 37.89116336], [-122.54511209, 37.89116341], [-122.54511192, 37.89119045], [-122.54512329, 37.89119049], [-122.54512313, 37.89121753], [-122.5451345, 37.89121757], [-122.54513444, 37.89122658], [-122.54514582, 37.89122663], [-122.54514565, 37.89125367], [-122.54515702, 37.89125371], [-122.54515697, 37.89126272], [-122.54516834, 37.89126277], [-122.54516829, 37.89127178], [-122.54517966, 37.89127182], [-122.5451796, 37.89128084], [-122.54519098, 37.89128088], [-122.54519086, 37.89129891], [-122.54520224, 37.89129895], [-122.54520218, 37.89130796], [-122.54521355, 37.89130801], [-122.54521344, 37.89132603], [-122.54522482, 37.89132608], [-122.54522476, 37.89133509], [-122.54523613, 37.89133513], [-122.54523608, 37.89134415], [-122.54524745, 37.89134419], [-122.5452474, 37.8913532], [-122.54525877, 37.89135325], [-122.54525871, 37.89136226], [-122.54527009, 37.8913623], [-122.54527003, 37.89137132], [-122.5452814, 37.89137136], [-122.54528135, 37.89138037], [-122.54529272, 37.89138042], [-122.54529267, 37.89138943], [-122.54530404, 37.89138947], [-122.54530398, 37.89139849], [-122.54531536, 37.89139853], [-122.5453153, 37.89140754], [-122.54532667, 37.89140759], [-122.54532662, 37.8914166], [-122.54533799, 37.89141664], [-122.54533793, 37.89142566], [-122.54534931, 37.8914257], [-122.54534925, 37.89143471], [-122.54536062, 37.89143476], [-122.54536057, 37.89144377], [-122.54537194, 37.89144381], [-122.54537189, 37.89145283], [-122.54538326, 37.89145287], [-122.5453832, 37.89146188], [-122.54539458, 37.89146193], [-122.54539452, 37.89147094], [-122.54540589, 37.89147098], [-122.54540584, 37.89148], [-122.54541721, 37.89148004], [-122.54541716, 37.89148905], [-122.54542853, 37.8914891], [-122.54542847, 37.89149811], [-122.54543985, 37.89149815], [-122.54543979, 37.89150717], [-122.54545116, 37.89150721], [-122.54545111, 37.89151622], [-122.54546248, 37.89151627], [-122.54546243, 37.89152528], [-122.5454738, 37.89152532], [-122.54547374, 37.89153434], [-122.54548512, 37.89153438], [-122.54548506, 37.89154339], [-122.54549643, 37.89154344], [-122.54549638, 37.89155245], [-122.54551912, 37.89155254], [-122.54551907, 37.89156155], [-122.54553044, 37.89156159], [-122.54553038, 37.89157061], [-122.54554176, 37.89157065], [-122.5455417, 37.89157966], [-122.54555308, 37.89157971], [-122.54555302, 37.89158872], [-122.54556439, 37.89158876], [-122.54556434, 37.89159778], [-122.54557571, 37.89159782], [-122.54557565, 37.89160683], [-122.54558703, 37.89160688], [-122.54558697, 37.89161589], [-122.54559834, 37.89161594], [-122.54559829, 37.89162495], [-122.54562103, 37.89162504], [-122.54562098, 37.89163405], [-122.54563235, 37.89163409], [-122.5456323, 37.89164311], [-122.54564367, 37.89164315], [-122.54564361, 37.89165216], [-122.54567773, 37.89165229], [-122.54567768, 37.89166131], [-122.54573454, 37.89166153], [-122.54573449, 37.89167054], [-122.54580272, 37.8916708], [-122.54580267, 37.89167981], [-122.54584816, 37.89167999], [-122.54584821, 37.89167098], [-122.5458937, 37.89167115], [-122.54589376, 37.89166214], [-122.54591651, 37.89166223], [-122.54591656, 37.89165321], [-122.54595068, 37.89165335], [-122.54595074, 37.89164433], [-122.54596211, 37.89164438], [-122.54596216, 37.89163536], [-122.54597354, 37.89163541], [-122.54597359, 37.8916264], [-122.54598496, 37.89162644], [-122.54598502, 37.89161743], [-122.54599639, 37.89161747], [-122.5459965, 37.89159945], [-122.54600788, 37.89159949], [-122.54600799, 37.89158146], [-122.54601936, 37.89158151], [-122.54601975, 37.89151842], [-122.54603112, 37.89151846], [-122.54603173, 37.89141932], [-122.5460431, 37.89141937], [-122.54604332, 37.89138331], [-122.5460547, 37.89138336], [-122.54605481, 37.89136533], [-122.54606618, 37.89136538], [-122.54606629, 37.89134735], [-122.54607766, 37.89134739], [-122.54607777, 37.89132937], [-122.54608915, 37.89132941], [-122.54608926, 37.89131139], [-122.54610063, 37.89131143], [-122.54610074, 37.89129341], [-122.54611211, 37.89129345], [-122.54611217, 37.89128444], [-122.54612354, 37.89128448], [-122.5461236, 37.89127547], [-122.54613497, 37.89127551], [-122.54613508, 37.89125749], [-122.54614645, 37.89125753], [-122.54614656, 37.8912395], [-122.54615794, 37.89123955], [-122.54615799, 37.89123054], [-122.54616936, 37.89123058], [-122.54616947, 37.89121255], [-122.54618085, 37.8912126], [-122.5461809, 37.89120358], [-122.54619227, 37.89120363], [-122.54619239, 37.8911856], [-122.54620376, 37.89118565], [-122.54620381, 37.89117663], [-122.54621519, 37.89117668], [-122.5462153, 37.89115865], [-122.54622667, 37.8911587], [-122.54622672, 37.89114968], [-122.5462381, 37.89114973], [-122.54623815, 37.89114071], [-122.54624953, 37.89114076], [-122.54624964, 37.89112273], [-122.54626101, 37.89112278], [-122.54626106, 37.89111376], [-122.54627244, 37.89111381], [-122.54627249, 37.89110479], [-122.54628386, 37.89110484], [-122.54628392, 37.89109583], [-122.54629529, 37.89109587], [-122.54629535, 37.89108686], [-122.54630672, 37.8910869], [-122.54630678, 37.89107789], [-122.54631815, 37.89107793], [-122.54631826, 37.89105991], [-122.54632963, 37.89105995], [-122.5463298, 37.89103291], [-122.54634117, 37.89103296], [-122.54634128, 37.89101493], [-122.54635265, 37.89101497], [-122.54635282, 37.89098794], [-122.54636419, 37.89098798], [-122.5463643, 37.89096995], [-122.54637568, 37.89097], [-122.5463759, 37.89093395], [-122.54638727, 37.89093399], [-122.54638744, 37.89090695], [-122.54639881, 37.890907], [-122.54639886, 37.89089798], [-122.54650122, 37.89089838], [-122.54650116, 37.89090739], [-122.54661489, 37.89090783], [-122.54661483, 37.89091684], [-122.54663758, 37.89091693], [-122.54663752, 37.89092594], [-122.54666027, 37.89092603], [-122.54666021, 37.89093504], [-122.54668296, 37.89093513], [-122.5466829, 37.89094414], [-122.54669428, 37.89094419], [-122.546694, 37.89098925], [-122.54670537, 37.89098929], [-122.54670526, 37.89100732], [-122.54671664, 37.89100736], [-122.54671636, 37.89105243], [-122.54672773, 37.89105247], [-122.54672735, 37.89111556], [-122.54671597, 37.89111552], [-122.54671592, 37.89112453], [-122.54672729, 37.89112457], [-122.54672723, 37.89113359], [-122.54673861, 37.89113363], [-122.54673855, 37.89114264], [-122.5467613, 37.89114273], [-122.54676124, 37.89115174], [-122.54677262, 37.89115179], [-122.54677256, 37.8911608], [-122.54678393, 37.89116084], [-122.54678388, 37.89116986], [-122.54680662, 37.89116994], [-122.54680657, 37.89117896], [-122.54682931, 37.89117904], [-122.54682926, 37.89118806], [-122.54688612, 37.89118828], [-122.54688618, 37.89117926], [-122.54690892, 37.89117935], [-122.54690898, 37.89117034], [-122.54692035, 37.89117038], [-122.54692041, 37.89116137], [-122.54693178, 37.89116141], [-122.54693183, 37.8911524], [-122.54694321, 37.89115244], [-122.54694326, 37.89114343], [-122.54695463, 37.89114347], [-122.54695469, 37.89113446], [-122.54696606, 37.8911345], [-122.54696612, 37.89112549], [-122.54698886, 37.89112558], [-122.54698892, 37.89111657], [-122.54700029, 37.89111661], [-122.54700035, 37.8911076], [-122.54701172, 37.89110764], [-122.54701177, 37.89109863], [-122.54702315, 37.89109867], [-122.5470232, 37.89108966], [-122.54703457, 37.8910897], [-122.54703463, 37.89108069], [-122.547046, 37.89108073], [-122.54704606, 37.89107172], [-122.54705743, 37.89107177], [-122.54705749, 37.89106275], [-122.54708023, 37.89106284], [-122.54708029, 37.89105383], [-122.54709166, 37.89105387], [-122.54709171, 37.89104486], [-122.54711446, 37.89104495], [-122.54711451, 37.89103593], [-122.54713726, 37.89103602], [-122.54713732, 37.89102701], [-122.54716006, 37.8910271], [-122.54716012, 37.89101808], [-122.54719423, 37.89101821], [-122.54719429, 37.8910092], [-122.54741037, 37.89101003], [-122.54741043, 37.89100102], [-122.54744454, 37.89100115], [-122.5474446, 37.89099214], [-122.54745597, 37.89099218], [-122.54745603, 37.89098317], [-122.5474674, 37.89098321], [-122.54746745, 37.8909742], [-122.54747883, 37.89097424], [-122.54747894, 37.89095622], [-122.54749031, 37.89095626], [-122.54749037, 37.89094725], [-122.54750174, 37.89094729], [-122.54750179, 37.89093828], [-122.54752454, 37.89093837], [-122.54752465, 37.89092034], [-122.54753602, 37.89092039], [-122.54753608, 37.89091137], [-122.54755882, 37.89091146], [-122.54755888, 37.89090245], [-122.54757025, 37.89090249], [-122.54757036, 37.89088447], [-122.54758173, 37.89088451], [-122.54758179, 37.8908755], [-122.54759316, 37.89087554], [-122.54759327, 37.89085751], [-122.54760464, 37.89085756], [-122.5476047, 37.89084855], [-122.54761607, 37.89084859], [-122.54761613, 37.89083958], [-122.5476275, 37.89083962], [-122.54762755, 37.89083061], [-122.5476503, 37.89083069], [-122.54765036, 37.89082168], [-122.54766173, 37.89082173], [-122.54766178, 37.89081271], [-122.54767316, 37.89081276], [-122.54767321, 37.89080374], [-122.54770733, 37.89080387], [-122.54770738, 37.89079486], [-122.54771876, 37.89079491], [-122.54771881, 37.89078589], [-122.54774156, 37.89078598], [-122.54774161, 37.89077697], [-122.5477871, 37.89077714], [-122.54778716, 37.89076813], [-122.54779853, 37.89076817], [-122.54779848, 37.89077719], [-122.54784397, 37.89077736], [-122.54784391, 37.89078637], [-122.54785528, 37.89078642], [-122.54785523, 37.89079543], [-122.54788935, 37.89079556], [-122.54788929, 37.89080457], [-122.54799165, 37.89080497], [-122.54799159, 37.89081398], [-122.54800296, 37.89081402], [-122.54800269, 37.89085909], [-122.54801406, 37.89085913], [-122.54801401, 37.89086814], [-122.54803675, 37.89086823], [-122.5480367, 37.89087724], [-122.54805944, 37.89087733], [-122.54805939, 37.89088634], [-122.54811625, 37.89088656], [-122.5481163, 37.89087755], [-122.54817317, 37.89087777], [-122.54817322, 37.89086875], [-122.54820734, 37.89086889], [-122.5482074, 37.89085987], [-122.54823014, 37.89085996], [-122.5482302, 37.89085095], [-122.54827569, 37.89085112], [-122.54827574, 37.89084211], [-122.54828711, 37.89084215], [-122.54828706, 37.89085117], [-122.54833255, 37.89085134], [-122.54833261, 37.89084233], [-122.54834398, 37.89084237], [-122.54834403, 37.89083336], [-122.54836678, 37.89083345], [-122.54836683, 37.89082443], [-122.54838958, 37.89082452], [-122.54838963, 37.89081551], [-122.54841238, 37.89081559], [-122.54841243, 37.89080658], [-122.54844655, 37.89080671], [-122.54844661, 37.8907977], [-122.54846935, 37.89079779], [-122.54846941, 37.89078877], [-122.54849215, 37.89078886], [-122.54849221, 37.89077985], [-122.54850358, 37.89077989], [-122.54850364, 37.89077088], [-122.54853775, 37.89077101], [-122.54853781, 37.890762], [-122.5485833, 37.89076217], [-122.54858324, 37.89077118], [-122.5485605, 37.8907711], [-122.54856039, 37.89078912], [-122.54854902, 37.89078908], [-122.54854896, 37.89079809], [-122.54853759, 37.89079805], [-122.54853753, 37.89080706], [-122.54852616, 37.89080702], [-122.54852572, 37.89087912], [-122.54851435, 37.89087908], [-122.54851429, 37.89088809], [-122.54850292, 37.89088805], [-122.54850281, 37.89090607], [-122.54849144, 37.89090603], [-122.54849133, 37.89092405], [-122.54847996, 37.89092401], [-122.5484799, 37.89093302], [-122.54846853, 37.89093298], [-122.54846847, 37.89094199], [-122.5484571, 37.89094195], [-122.5484566, 37.89102306], [-122.54844523, 37.89102302], [-122.54844512, 37.89104104], [-122.54843375, 37.891041], [-122.54843369, 37.89105001], [-122.54842232, 37.89104997], [-122.54842227, 37.89105898], [-122.54839952, 37.8910589], [-122.54839947, 37.89106791], [-122.54838809, 37.89106787], [-122.54838804, 37.89107688], [-122.54837666, 37.89107683], [-122.54837661, 37.89108585], [-122.54836524, 37.8910858], [-122.54836518, 37.89109482], [-122.54835381, 37.89109477], [-122.54835375, 37.89110379], [-122.54834238, 37.89110374], [-122.54834227, 37.89112177], [-122.5483309, 37.89112172], [-122.54833084, 37.89113074], [-122.54831947, 37.89113069], [-122.54831936, 37.89114872], [-122.54830799, 37.89114867], [-122.54830793, 37.89115769], [-122.54829656, 37.89115764], [-122.54829651, 37.89116666], [-122.54827376, 37.89116657], [-122.54827365, 37.89118459], [-122.54826228, 37.89118455], [-122.54826222, 37.89119356], [-122.54825085, 37.89119352], [-122.54825079, 37.89120253], [-122.54823942, 37.89120249], [-122.54823937, 37.8912115], [-122.54822799, 37.89121146], [-122.54822794, 37.89122047], [-122.54821657, 37.89122043], [-122.54821651, 37.89122944], [-122.54820514, 37.8912294], [-122.54820508, 37.89123841], [-122.54819371, 37.89123837], [-122.54819349, 37.89127442], [-122.54818212, 37.89127437], [-122.54818206, 37.89128339], [-122.54817069, 37.89128334], [-122.54817063, 37.89129236], [-122.54814789, 37.89129227], [-122.54814783, 37.89130128], [-122.54813646, 37.89130124], [-122.54813641, 37.89131025], [-122.54809091, 37.89131008], [-122.54809086, 37.89131909], [-122.54807949, 37.89131904], [-122.54807943, 37.89132806], [-122.54806806, 37.89132801], [-122.548068, 37.89133703], [-122.54805663, 37.89133698], [-122.54805658, 37.891346], [-122.5480452, 37.89134595], [-122.54804509, 37.89136398], [-122.54803372, 37.89136393], [-122.54803367, 37.89137295], [-122.54802229, 37.8913729], [-122.54802218, 37.89139093], [-122.54801081, 37.89139088], [-122.5480107, 37.89140891], [-122.54799933, 37.89140887], [-122.54799922, 37.89142689], [-122.54798784, 37.89142685], [-122.54798768, 37.89145389], [-122.54797631, 37.89145384], [-122.5479762, 37.89147187], [-122.54796482, 37.89147183], [-122.54796466, 37.89149886], [-122.54795328, 37.89149882], [-122.54795301, 37.89154388], [-122.54794164, 37.89154384], [-122.54794147, 37.89157088], [-122.5479301, 37.89157083], [-122.54793004, 37.89157985], [-122.54791867, 37.8915798], [-122.54791817, 37.89166092], [-122.54792955, 37.89166096], [-122.54792927, 37.89170603], [-122.5479179, 37.89170598], [-122.54791779, 37.89172401], [-122.54790642, 37.89172396], [-122.54790631, 37.89174199], [-122.54789493, 37.89174195], [-122.54789482, 37.89175997], [-122.54781521, 37.89175967], [-122.54781516, 37.89176868], [-122.54776967, 37.8917685], [-122.54776972, 37.89175949], [-122.54775835, 37.89175945], [-122.5477584, 37.89175044], [-122.54773566, 37.89175035], [-122.54773571, 37.89174134], [-122.54770159, 37.8917412], [-122.54770154, 37.89175022], [-122.54767879, 37.89175013], [-122.54767863, 37.89177717], [-122.54766726, 37.89177712], [-122.5476672, 37.89178614], [-122.54765583, 37.89178609], [-122.54765577, 37.89179511], [-122.54763303, 37.89179502], [-122.54763297, 37.89180403], [-122.54761023, 37.89180394], [-122.54761017, 37.89181296], [-122.5475988, 37.89181291], [-122.54759874, 37.89182193], [-122.54758737, 37.89182188], [-122.54758726, 37.89183991], [-122.54759863, 37.89183995], [-122.54759858, 37.89184896], [-122.5475872, 37.89184892], [-122.54758715, 37.89185793], [-122.54757578, 37.89185789], [-122.54757572, 37.8918669], [-122.54756435, 37.89186686], [-122.54756429, 37.89187587], [-122.54755292, 37.89187583], [-122.54755287, 37.89188484], [-122.54754149, 37.8918848], [-122.54754144, 37.89189381], [-122.54753006, 37.89189377], [-122.54753001, 37.89190278], [-122.54751864, 37.89190273], [-122.54751858, 37.89191175], [-122.54750721, 37.8919117], [-122.5475071, 37.89192973], [-122.54749573, 37.89192969], [-122.54749567, 37.8919387], [-122.5474843, 37.89193865], [-122.54748419, 37.89195668], [-122.54747281, 37.89195664], [-122.54747254, 37.8920017], [-122.54746117, 37.89200166], [-122.54746111, 37.89201067], [-122.54744974, 37.89201063], [-122.54744968, 37.89201964], [-122.54743831, 37.8920196], [-122.5474382, 37.89203762], [-122.54742683, 37.89203758], [-122.54742677, 37.89204659], [-122.5474154, 37.89204655], [-122.54741523, 37.89207358], [-122.54740386, 37.89207354], [-122.54740347, 37.89213663], [-122.54741485, 37.89213667], [-122.54741474, 37.8921547], [-122.54742611, 37.89215474], [-122.54742578, 37.89220882], [-122.54743715, 37.89220886], [-122.54743704, 37.89222689], [-122.54744841, 37.89222693], [-122.5474483, 37.89224496], [-122.54745968, 37.892245], [-122.54745957, 37.89226303], [-122.54747094, 37.89226307], [-122.54747083, 37.8922811], [-122.5474822, 37.89228114], [-122.54748209, 37.89229917], [-122.54749346, 37.89229921], [-122.54749341, 37.89230822], [-122.54750478, 37.89230827], [-122.54750467, 37.89232629], [-122.54751604, 37.89232634], [-122.54751599, 37.89233535], [-122.54752736, 37.89233539], [-122.54752725, 37.89235342], [-122.54753862, 37.89235346], [-122.54753857, 37.89236247], [-122.54754994, 37.89236252], [-122.54754983, 37.89238054], [-122.54753846, 37.8923805], [-122.5475384, 37.89238951], [-122.54752703, 37.89238947], [-122.54752692, 37.89240749], [-122.54751555, 37.89240745], [-122.54751549, 37.89241646], [-122.54749275, 37.89241638], [-122.54749269, 37.89242539], [-122.54748132, 37.89242535], [-122.54748121, 37.89244337], [-122.54746984, 37.89244333], [-122.54746978, 37.89245234], [-122.54745841, 37.8924523], [-122.54745835, 37.89246131], [-122.54744698, 37.89246127], [-122.54744692, 37.89247028], [-122.54742418, 37.89247019], [-122.54742412, 37.8924792], [-122.54740138, 37.89247912], [-122.54740132, 37.89248813], [-122.54738995, 37.89248808], [-122.54738989, 37.8924971], [-122.54737852, 37.89249705], [-122.54737847, 37.89250607], [-122.54736709, 37.89250602], [-122.54736704, 37.89251504], [-122.54735566, 37.89251499], [-122.54735561, 37.892524], [-122.54733286, 37.89252392], [-122.54733275, 37.89254194], [-122.54732138, 37.8925419], [-122.54732132, 37.89255091], [-122.54729858, 37.89255082], [-122.54729852, 37.89255984], [-122.54728715, 37.89255979], [-122.5472871, 37.89256881], [-122.54727572, 37.89256876], [-122.54727567, 37.89257778], [-122.54726429, 37.89257773], [-122.54726424, 37.89258674], [-122.54725287, 37.8925867], [-122.54725281, 37.89259571], [-122.54724144, 37.89259567], [-122.54724138, 37.89260468], [-122.54723001, 37.89260464], [-122.5472299, 37.89262266], [-122.54721853, 37.89262262], [-122.54721847, 37.89263163], [-122.5472071, 37.89263159], [-122.54720704, 37.8926406], [-122.54719567, 37.89264056], [-122.54719562, 37.89264957], [-122.54718424, 37.89264953], [-122.54718413, 37.89266755], [-122.54717276, 37.89266751], [-122.5471727, 37.89267652], [-122.54716133, 37.89267648], [-122.54716117, 37.89270352], [-122.54714979, 37.89270347], [-122.54714968, 37.8927215], [-122.54713831, 37.89272145], [-122.5471377, 37.8928206], [-122.54714907, 37.89282064], [-122.54714869, 37.89288373], [-122.54716006, 37.89288377], [-122.54715967, 37.89294686], [-122.54717105, 37.89294691], [-122.54717061, 37.89301901], [-122.54718198, 37.89301905], [-122.54718181, 37.89304609], [-122.54719319, 37.89304613], [-122.54719313, 37.89305515], [-122.5472045, 37.89305519], [-122.54720428, 37.89309124], [-122.54721566, 37.89309129], [-122.54721555, 37.89310931], [-122.54722692, 37.89310935], [-122.54722675, 37.89313639], [-122.54723813, 37.89313644], [-122.54723807, 37.89314545], [-122.54724944, 37.89314549], [-122.54724928, 37.89317253], [-122.54726065, 37.89317258], [-122.54726054, 37.8931906], [-122.54727191, 37.89319064], [-122.54727186, 37.89319966], [-122.54728323, 37.8931997], [-122.54728318, 37.89320871], [-122.54729455, 37.89320876], [-122.54729444, 37.89322678], [-122.54731719, 37.89322687], [-122.54731713, 37.89323588], [-122.54733988, 37.89323597], [-122.54733982, 37.89324498], [-122.54735119, 37.89324503], [-122.54735114, 37.89325404], [-122.54736251, 37.89325408], [-122.54736246, 37.8932631], [-122.54737383, 37.89326314], [-122.54737377, 37.89327215], [-122.54738515, 37.8932722], [-122.54738509, 37.89328121], [-122.54740784, 37.8932813], [-122.54740778, 37.89329031], [-122.54741916, 37.89329035], [-122.5474191, 37.89329937], [-122.54745322, 37.8932995], [-122.54745317, 37.89330851], [-122.54747591, 37.8933086], [-122.54747586, 37.89331761], [-122.5474986, 37.8933177], [-122.54749855, 37.89332671], [-122.54752129, 37.8933268], [-122.54752124, 37.89333581], [-122.54764634, 37.89333629], [-122.5476464, 37.89332728], [-122.54768052, 37.89332741], [-122.54768057, 37.8933184], [-122.54771469, 37.89331853], [-122.54771475, 37.89330952], [-122.54772612, 37.89330956], [-122.54772617, 37.89330055], [-122.54774892, 37.89330063], [-122.54774898, 37.89329162], [-122.54777172, 37.89329171], [-122.54777178, 37.8932827], [-122.5478059, 37.89328283], [-122.54780595, 37.89327381], [-122.54784007, 37.89327395], [-122.54784001, 37.89328296], [-122.54785139, 37.893283], [-122.54785133, 37.89329201], [-122.54786271, 37.89329206], [-122.5478626, 37.89331008], [-122.54787397, 37.89331013], [-122.54787386, 37.89332815], [-122.54788523, 37.8933282], [-122.54788512, 37.89334622], [-122.54789649, 37.89334627], [-122.54789638, 37.89336429], [-122.54790776, 37.89336434], [-122.54790765, 37.89338236], [-122.54791902, 37.8933824], [-122.54791896, 37.89339142], [-122.54793034, 37.89339146], [-122.54793028, 37.89340047], [-122.54794166, 37.89340052], [-122.54794155, 37.89341854], [-122.54795292, 37.89341859], [-122.54795286, 37.8934276], [-122.54796424, 37.89342764], [-122.54796418, 37.89343666], [-122.54797555, 37.8934367], [-122.5479755, 37.89344571], [-122.54798687, 37.89344576], [-122.54798676, 37.89346378], [-122.54799814, 37.89346383], [-122.54799808, 37.89347284], [-122.54800945, 37.89347288], [-122.5480094, 37.89348189], [-122.54802077, 37.89348194], [-122.54802072, 37.89349095], [-122.54803209, 37.89349099], [-122.54803203, 37.89350001], [-122.54804341, 37.89350005], [-122.5480433, 37.89351808], [-122.54805467, 37.89351812], [-122.54805462, 37.89352713], [-122.54806599, 37.89352718], [-122.54806593, 37.89353619], [-122.54807731, 37.89353623], [-122.54807725, 37.89354525], [-122.54808862, 37.89354529], [-122.54808857, 37.8935543], [-122.54811132, 37.89355439], [-122.54811126, 37.8935634], [-122.54813401, 37.89356349], [-122.54813395, 37.8935725], [-122.5481567, 37.89357259], [-122.54815664, 37.8935816], [-122.54817939, 37.89358169], [-122.54817933, 37.8935907], [-122.54831581, 37.89359123], [-122.54831587, 37.89358221], [-122.54834999, 37.89358234], [-122.54835004, 37.89357333], [-122.54837279, 37.89357342], [-122.54837284, 37.89356441], [-122.54839559, 37.89356449], [-122.54839564, 37.89355548], [-122.54841839, 37.89355557], [-122.54841844, 37.89354656], [-122.54844119, 37.89354664], [-122.54844125, 37.89353763], [-122.54846399, 37.89353772], [-122.54846405, 37.8935287], [-122.54848679, 37.89352879], [-122.54848685, 37.89351978], [-122.54849822, 37.89351982], [-122.54849828, 37.89351081], [-122.54850965, 37.89351085], [-122.5485097, 37.89350184], [-122.54852108, 37.89350188], [-122.54852113, 37.89349287], [-122.54853251, 37.89349291], [-122.54853256, 37.8934839], [-122.54855531, 37.89348399], [-122.54855536, 37.89347498], [-122.54856673, 37.89347502], [-122.54856679, 37.89346601], [-122.54857816, 37.89346605], [-122.54857822, 37.89345704], [-122.54860096, 37.89345713], [-122.54860102, 37.89344811], [-122.54861239, 37.89344816], [-122.54861245, 37.89343914], [-122.54863519, 37.89343923], [-122.54863525, 37.89343022], [-122.54864662, 37.89343026], [-122.54864668, 37.89342125], [-122.5486808, 37.89342138], [-122.54868069, 37.89343941], [-122.54869206, 37.89343945], [-122.54869173, 37.89349353], [-122.5487031, 37.89349357], [-122.54870294, 37.89352061], [-122.54871431, 37.89352065], [-122.54871403, 37.89356571], [-122.54872541, 37.89356576], [-122.54872519, 37.89360181], [-122.54873656, 37.89360185], [-122.5487364, 37.89362889], [-122.54874777, 37.89362894], [-122.54874766, 37.89364696], [-122.54875903, 37.893647], [-122.54875876, 37.89369207], [-122.54877013, 37.89369211], [-122.5487698, 37.89374619], [-122.54878117, 37.89374623], [-122.54878101, 37.89377327], [-122.54879238, 37.89377331], [-122.54879216, 37.89380937], [-122.54880353, 37.89380941], [-122.54880342, 37.89382743], [-122.5488148, 37.89382748], [-122.54881474, 37.89383649], [-122.54882612, 37.89383653], [-122.54882601, 37.89385456], [-122.54883738, 37.8938546], [-122.54883732, 37.89386362], [-122.5488487, 37.89386366], [-122.54884859, 37.89388169], [-122.54885996, 37.89388173], [-122.5488599, 37.89389074], [-122.54887128, 37.89389079], [-122.54887122, 37.8938998], [-122.54889397, 37.89389989], [-122.54889391, 37.8939089], [-122.54891666, 37.89390899], [-122.54891661, 37.893918], [-122.5489621, 37.89391817], [-122.54896204, 37.89392719], [-122.5490644, 37.89392758], [-122.54906446, 37.89391856], [-122.54912132, 37.89391878], [-122.54912138, 37.89390977], [-122.5491555, 37.8939099], [-122.54915555, 37.89390089], [-122.5491783, 37.89390097], [-122.54917835, 37.89389196], [-122.54922385, 37.89389214], [-122.5492239, 37.89388312], [-122.54933763, 37.89388356], [-122.54933758, 37.89389257], [-122.5493717, 37.8938927], [-122.54937164, 37.89390172], [-122.54940576, 37.89390185], [-122.54940571, 37.89391086], [-122.54958768, 37.89391155], [-122.54958773, 37.89390254], [-122.54966734, 37.89390285], [-122.5496674, 37.89389383], [-122.54970152, 37.89389396], [-122.54970157, 37.89388495], [-122.54972432, 37.89388504], [-122.54972437, 37.89387603], [-122.54974712, 37.89387611], [-122.54974723, 37.89385809], [-122.5497586, 37.89385813], [-122.54975871, 37.89384011], [-122.54977009, 37.89384015], [-122.54977014, 37.89383114], [-122.54978151, 37.89383118], [-122.54978162, 37.89381315], [-122.549793, 37.8938132], [-122.54979305, 37.89380418], [-122.54982717, 37.89380432], [-122.54982706, 37.89382234], [-122.54983843, 37.89382238], [-122.54983832, 37.89384041], [-122.5498497, 37.89384045], [-122.54984964, 37.89384947], [-122.54986102, 37.89384951], [-122.54986091, 37.89386754], [-122.54987228, 37.89386758], [-122.54987217, 37.8938856], [-122.54988354, 37.89388565], [-122.54988349, 37.89389466], [-122.54989486, 37.8938947], [-122.54989481, 37.89390372], [-122.54990618, 37.89390376], [-122.54990612, 37.89391277], [-122.5499175, 37.89391282], [-122.54991744, 37.89392183], [-122.54992882, 37.89392187], [-122.54992876, 37.89393089], [-122.54994013, 37.89393093], [-122.54994008, 37.89393994], [-122.54995145, 37.89393999], [-122.5499514, 37.893949], [-122.54997414, 37.89394908], [-122.54997409, 37.8939581], [-122.55000821, 37.89395823], [-122.55000804, 37.89398527], [-122.55001942, 37.89398531], [-122.55001931, 37.89400334], [-122.55000793, 37.89400329], [-122.55000771, 37.89403934], [-122.55001909, 37.89403939], [-122.55001892, 37.89406643], [-122.5500303, 37.89406647], [-122.55003013, 37.89409351], [-122.5500415, 37.89409355], [-122.55004134, 37.89412059], [-122.55005271, 37.89412063], [-122.55005249, 37.89415668], [-122.55004112, 37.89415664], [-122.55004079, 37.89421072], [-122.55002942, 37.89421067], [-122.55002898, 37.89428278], [-122.55001761, 37.89428273], [-122.55001695, 37.89439089], [-122.55002832, 37.89439093], [-122.55002794, 37.89445402], [-122.55003931, 37.89445406], [-122.55003915, 37.8944811], [-122.55005052, 37.89448114], [-122.55005041, 37.89449917], [-122.55006178, 37.89449921], [-122.55006173, 37.89450823], [-122.5500731, 37.89450827], [-122.55007299, 37.89452629], [-122.55008436, 37.89452634], [-122.55008431, 37.89453535], [-122.55009568, 37.89453539], [-122.55009563, 37.89454441], [-122.550107, 37.89454445], [-122.55010695, 37.89455346], [-122.55011832, 37.89455351], [-122.55011826, 37.89456252], [-122.55012964, 37.89456256], [-122.55012958, 37.89457158], [-122.55014096, 37.89457162], [-122.5501409, 37.89458063], [-122.55015228, 37.89458068], [-122.55015222, 37.89458969], [-122.55016359, 37.89458973], [-122.55016354, 37.89459874], [-122.55017491, 37.89459879], [-122.55017486, 37.8946078], [-122.55018623, 37.89460784], [-122.55018612, 37.89462587], [-122.55019749, 37.89462591], [-122.55019744, 37.89463493], [-122.55020881, 37.89463497], [-122.55020876, 37.89464398], [-122.55022013, 37.89464403], [-122.55022008, 37.89465304], [-122.55023145, 37.89465308], [-122.55023139, 37.89466209], [-122.55024277, 37.89466214], [-122.55024271, 37.89467115], [-122.55025409, 37.89467119], [-122.55025392, 37.89469823], [-122.55026529, 37.89469828], [-122.55026524, 37.89470729], [-122.55027661, 37.89470733], [-122.55027656, 37.89471635], [-122.55028793, 37.89471639], [-122.55028788, 37.8947254], [-122.55031062, 37.89472549], [-122.55031057, 37.8947345], [-122.55032194, 37.89473454], [-122.55032189, 37.89474356], [-122.55033326, 37.8947436], [-122.55033315, 37.89476163], [-122.55034452, 37.89476167], [-122.55034447, 37.89477068], [-122.55035584, 37.89477073], [-122.55035573, 37.89478875], [-122.55036711, 37.8947888], [-122.55036705, 37.89479781], [-122.55037842, 37.89479785], [-122.55037821, 37.8948339], [-122.55038958, 37.89483395], [-122.55038947, 37.89485197], [-122.55040084, 37.89485201], [-122.55040073, 37.89487004], [-122.55041211, 37.89487008], [-122.55041205, 37.8948791], [-122.55042342, 37.89487914], [-122.55042337, 37.89488815], [-122.55044612, 37.89488824], [-122.55044606, 37.89489725], [-122.55043469, 37.89489721], [-122.55043463, 37.89490622], [-122.55037777, 37.894906], [-122.55037771, 37.89491502], [-122.55030947, 37.89491476], [-122.55030942, 37.89492377], [-122.55028667, 37.89492368], [-122.55028662, 37.8949327], [-122.55026387, 37.89493261], [-122.55026381, 37.89494162], [-122.55024107, 37.89494153], [-122.55024101, 37.89495055], [-122.55021827, 37.89495046], [-122.55021821, 37.89495947], [-122.55018409, 37.89495934], [-122.55018404, 37.89496836], [-122.55014992, 37.89496823], [-122.55014986, 37.89497724], [-122.55011574, 37.89497711], [-122.55011569, 37.89498612], [-122.55008157, 37.89498599], [-122.55008151, 37.894995], [-122.54985405, 37.89499413], [-122.5498541, 37.89498512], [-122.54971762, 37.8949846], [-122.54971757, 37.89499361], [-122.54967207, 37.89499344], [-122.54967202, 37.89500245], [-122.54962652, 37.89500228], [-122.54962647, 37.89501129], [-122.54960372, 37.8950112], [-122.54960367, 37.89502021], [-122.54958092, 37.89502013], [-122.54958087, 37.89502914], [-122.54953537, 37.89502897], [-122.54953532, 37.89503798], [-122.54951257, 37.89503789], [-122.54951252, 37.8950469], [-122.54948977, 37.89504682], [-122.54948966, 37.89506484], [-122.54947829, 37.8950648], [-122.54947807, 37.89510085], [-122.54948944, 37.89510089], [-122.54948928, 37.89512793], [-122.5494779, 37.89512789], [-122.54947768, 37.89516394], [-122.54948906, 37.89516398], [-122.54948895, 37.89518201], [-122.54950032, 37.89518205], [-122.5495001, 37.8952181], [-122.54951147, 37.89521815], [-122.5495112, 37.89526321], [-122.54952257, 37.89526325], [-122.54952252, 37.89527227], [-122.54953389, 37.89527231], [-122.54953378, 37.89529034], [-122.54954515, 37.89529038], [-122.5495451, 37.89529939], [-122.54955647, 37.89529944], [-122.54955636, 37.89531746], [-122.54956774, 37.89531751], [-122.54956763, 37.89533553], [-122.549579, 37.89533557], [-122.54957889, 37.8953536], [-122.54959026, 37.89535364], [-122.54959021, 37.89536266], [-122.54960158, 37.8953627], [-122.54960147, 37.89538073], [-122.54961284, 37.89538077], [-122.54961279, 37.89538978], [-122.54962416, 37.89538983], [-122.54962405, 37.89540785], [-122.54963543, 37.89540789], [-122.54963537, 37.89541691], [-122.54964675, 37.89541695], [-122.54964669, 37.89542596], [-122.54965806, 37.89542601], [-122.54965801, 37.89543502], [-122.54966938, 37.89543506], [-122.54966933, 37.89544408], [-122.5496807, 37.89544412], [-122.54968059, 37.89546215], [-122.54970334, 37.89546223], [-122.54970328, 37.89547124], [-122.54971466, 37.89547129], [-122.5497146, 37.8954803], [-122.54972597, 37.89548034], [-122.54972592, 37.89548936], [-122.54973729, 37.8954894], [-122.54973724, 37.89549841], [-122.54974861, 37.89549846], [-122.5497485, 37.89551648], [-122.54975988, 37.89551653], [-122.54975982, 37.89552554], [-122.54977119, 37.89552558], [-122.54977114, 37.8955346], [-122.54978251, 37.89553464], [-122.54978246, 37.89554365], [-122.54979383, 37.8955437], [-122.54979378, 37.89555271], [-122.54980515, 37.89555275], [-122.54980509, 37.89556176], [-122.54981647, 37.89556181], [-122.54981641, 37.89557082], [-122.54982779, 37.89557086], [-122.54982773, 37.89557988], [-122.5498391, 37.89557992], [-122.54983905, 37.89558893], [-122.54985042, 37.89558898], [-122.54985037, 37.89559799], [-122.54986174, 37.89559803], [-122.54986169, 37.89560705], [-122.54987306, 37.89560709], [-122.54987301, 37.8956161], [-122.54988438, 37.89561615], [-122.54988432, 37.89562516], [-122.54990707, 37.89562525], [-122.54990702, 37.89563426], [-122.54991839, 37.8956343], [-122.54991833, 37.89564331], [-122.54992971, 37.89564336], [-122.54992965, 37.89565237], [-122.5499524, 37.89565246], [-122.54995235, 37.89566147], [-122.54996372, 37.89566151], [-122.54996366, 37.89567053], [-122.54997504, 37.89567057], [-122.54997498, 37.89567958], [-122.54999773, 37.89567967], [-122.54999767, 37.89568868], [-122.55000905, 37.89568873], [-122.55000899, 37.89569774], [-122.55003174, 37.89569783], [-122.55003168, 37.89570684], [-122.55004306, 37.89570688], [-122.550043, 37.89571589], [-122.55005438, 37.89571594], [-122.55005432, 37.89572495], [-122.5500657, 37.89572499], [-122.55006564, 37.89573401], [-122.55007701, 37.89573405], [-122.55007696, 37.89574306], [-122.55009971, 37.89574315], [-122.55009965, 37.89575216], [-122.5501224, 37.89575225], [-122.55012234, 37.89576126], [-122.55014509, 37.89576135], [-122.55014503, 37.89577036], [-122.55019053, 37.89577054], [-122.55019047, 37.89577955], [-122.55025871, 37.89577981], [-122.55025866, 37.89578882], [-122.55031553, 37.89578904], [-122.55031547, 37.89579805], [-122.55036097, 37.89579823], [-122.55036091, 37.89580724], [-122.55039503, 37.89580737], [-122.55039498, 37.89581638], [-122.55041772, 37.89581647], [-122.55041767, 37.89582548], [-122.55042904, 37.89582553], [-122.55042899, 37.89583454], [-122.55044036, 37.89583458], [-122.55044031, 37.89584359], [-122.55045168, 37.89584364], [-122.55045162, 37.89585265], [-122.550463, 37.89585269], [-122.55046294, 37.89586171], [-122.55047432, 37.89586175], [-122.55047421, 37.89587978], [-122.55048558, 37.89587982], [-122.55048553, 37.89588883], [-122.5504969, 37.89588888], [-122.55049684, 37.89589789], [-122.55050822, 37.89589793], [-122.55050811, 37.89591596], [-122.55051948, 37.895916], [-122.55051943, 37.89592501], [-122.5505308, 37.89592506], [-122.55053069, 37.89594308], [-122.55054206, 37.89594313], [-122.55054195, 37.89596115], [-122.55055333, 37.8959612], [-122.55055327, 37.89597021], [-122.55056465, 37.89597025], [-122.55056448, 37.89599729], [-122.55057586, 37.89599733], [-122.55057575, 37.89601536], [-122.55058712, 37.8960154], [-122.55058706, 37.89602441], [-122.55059844, 37.89602446], [-122.55059838, 37.89603347], [-122.55060976, 37.89603351], [-122.5506097, 37.89604253], [-122.55062108, 37.89604257], [-122.55062102, 37.89605158], [-122.55064377, 37.89605167], [-122.55064371, 37.89606068], [-122.55065509, 37.89606073], [-122.55065503, 37.89606974], [-122.55067778, 37.89606983], [-122.55067772, 37.89607884], [-122.5506891, 37.89607888], [-122.55068904, 37.8960879], [-122.55070042, 37.89608794], [-122.55070036, 37.89609695], [-122.55071173, 37.89609699], [-122.55071168, 37.89610601], [-122.55072305, 37.89610605], [-122.550723, 37.89611506], [-122.55074575, 37.89611515], [-122.55074569, 37.89612416], [-122.55076844, 37.89612425], [-122.55076838, 37.89613326], [-122.55079113, 37.89613335], [-122.55079108, 37.89614236], [-122.55081382, 37.89614245], [-122.55081377, 37.89615146], [-122.55082514, 37.89615151], [-122.55082509, 37.89616052], [-122.55084783, 37.89616061], [-122.55084778, 37.89616962], [-122.55087053, 37.8961697], [-122.55087047, 37.89617872], [-122.55089322, 37.8961788], [-122.55089316, 37.89618782], [-122.55091591, 37.8961879], [-122.55091586, 37.89619692], [-122.55092723, 37.89619696], [-122.55092717, 37.89620597], [-122.55094992, 37.89620606], [-122.55094987, 37.89621507], [-122.55097261, 37.89621516], [-122.55097256, 37.89622417], [-122.55099531, 37.89622426], [-122.55099525, 37.89623327], [-122.55102937, 37.8962334], [-122.55102932, 37.89624241], [-122.55106344, 37.89624254], [-122.55106338, 37.89625156], [-122.5510975, 37.89625169], [-122.55109745, 37.8962607], [-122.55113157, 37.89626083], [-122.55113151, 37.89626984], [-122.55116563, 37.89626997], [-122.55116558, 37.89627899], [-122.55118833, 37.89627907], [-122.55118827, 37.89628809], [-122.55121102, 37.89628817], [-122.55121096, 37.89629719], [-122.55123371, 37.89629727], [-122.55123366, 37.89630628], [-122.55133602, 37.89630667], [-122.55133607, 37.89629766], [-122.55135882, 37.89629775], [-122.55135887, 37.89628874], [-122.55144986, 37.89628908], [-122.55144981, 37.8962981], [-122.55151805, 37.89629836], [-122.55151799, 37.89630737], [-122.55166585, 37.89630793], [-122.55166591, 37.89629892], [-122.55168865, 37.89629901], [-122.5516886, 37.89630802], [-122.55173409, 37.89630819], [-122.55173404, 37.8963172], [-122.55181365, 37.89631751], [-122.5518136, 37.89632652], [-122.55183634, 37.89632661], [-122.55183629, 37.89633562], [-122.55184766, 37.89633566], [-122.55184761, 37.89634468], [-122.55185898, 37.89634472], [-122.55185893, 37.89635373], [-122.5518703, 37.89635377], [-122.55187025, 37.89636279], [-122.55189299, 37.89636287], [-122.55189212, 37.89650708], [-122.55188075, 37.89650704], [-122.55188064, 37.89652506], [-122.55186926, 37.89652502], [-122.5518691, 37.89655206], [-122.55185773, 37.89655201], [-122.55185751, 37.89658806], [-122.55184613, 37.89658802], [-122.55184597, 37.89661506], [-122.5518346, 37.89661502], [-122.55183443, 37.89664205], [-122.55182306, 37.89664201], [-122.55182284, 37.89667806], [-122.55181147, 37.89667802], [-122.55181097, 37.89675913], [-122.55182235, 37.89675918], [-122.55182224, 37.8967772], [-122.55183361, 37.89677725], [-122.55183356, 37.89678626], [-122.55184493, 37.8967863], [-122.55184488, 37.89679531], [-122.55186762, 37.8967954], [-122.55186757, 37.89680441], [-122.55187894, 37.89680446], [-122.55187889, 37.89681347], [-122.55190163, 37.89681356], [-122.55190158, 37.89682257], [-122.55192433, 37.89682266], [-122.55192427, 37.89683167], [-122.55194702, 37.89683176], [-122.55194697, 37.89684077], [-122.55211757, 37.89684142], [-122.55211762, 37.8968324], [-122.55216312, 37.89683258], [-122.55216317, 37.89682357], [-122.55218592, 37.89682365], [-122.55218597, 37.89681464], [-122.5522201, 37.89681477], [-122.55222015, 37.89680576], [-122.5522429, 37.89680584], [-122.55224295, 37.89679683], [-122.55225433, 37.89679687], [-122.55225438, 37.89678786], [-122.55226575, 37.8967879], [-122.55226581, 37.89677889], [-122.55228856, 37.89677898], [-122.55228861, 37.89676996], [-122.55232273, 37.89677009], [-122.55232279, 37.89676108], [-122.55234553, 37.89676117], [-122.55234559, 37.89675216], [-122.55235696, 37.8967522], [-122.55235702, 37.89674319], [-122.55236839, 37.89674323], [-122.55236844, 37.89673422], [-122.55239119, 37.8967343], [-122.55239125, 37.89672529], [-122.55240262, 37.89672533], [-122.55240267, 37.89671632], [-122.55241405, 37.89671636], [-122.5524141, 37.89670735], [-122.55243685, 37.89670744], [-122.5524369, 37.89669842], [-122.55244828, 37.89669847], [-122.55244833, 37.89668945], [-122.55248245, 37.89668958], [-122.55248251, 37.89668057], [-122.55250525, 37.89668066], [-122.55250531, 37.89667165], [-122.55253943, 37.89667178], [-122.55253948, 37.89666276], [-122.5525736, 37.89666289], [-122.55257366, 37.89665388], [-122.55260778, 37.89665401], [-122.55260783, 37.896645], [-122.55263058, 37.89664508], [-122.55263064, 37.89663607], [-122.55264201, 37.89663611], [-122.55264206, 37.8966271], [-122.55266481, 37.89662719], [-122.55266487, 37.89661817], [-122.55267624, 37.89661822], [-122.55267629, 37.8966092], [-122.55268767, 37.89660925], [-122.55268772, 37.89660023], [-122.5526991, 37.89660028], [-122.55269915, 37.89659127], [-122.55271052, 37.89659131], [-122.55271058, 37.8965823], [-122.55272195, 37.89658234], [-122.55272201, 37.89657333], [-122.55273338, 37.89657337], [-122.55273343, 37.89656436], [-122.55274481, 37.8965644], [-122.55274486, 37.89655539], [-122.55275624, 37.89655543], [-122.55275629, 37.89654642], [-122.55276766, 37.89654646], [-122.55276772, 37.89653745], [-122.55279047, 37.89653753], [-122.55279052, 37.89652852], [-122.55282464, 37.89652865], [-122.5528247, 37.89651964], [-122.55285882, 37.89651977], [-122.55285887, 37.89651076], [-122.55290437, 37.89651093], [-122.55290442, 37.89650192], [-122.55292717, 37.896502], [-122.55292722, 37.89649299], [-122.5529386, 37.89649303], [-122.5529387, 37.89647501], [-122.55295008, 37.89647505], [-122.55295013, 37.89646604], [-122.55296151, 37.89646608], [-122.55296156, 37.89645707], [-122.55297293, 37.89645711], [-122.55297299, 37.8964481], [-122.55298436, 37.89644814], [-122.55298425, 37.89646617], [-122.55299563, 37.89646621], [-122.55299557, 37.89647522], [-122.55300695, 37.89647527], [-122.55300689, 37.89648428], [-122.55302964, 37.89648436], [-122.55302958, 37.89649338], [-122.5530637, 37.89649351], [-122.55306376, 37.89648449], [-122.55308651, 37.89648458], [-122.55308645, 37.89649359], [-122.55309782, 37.89649364], [-122.55309777, 37.89650265], [-122.55312052, 37.89650274], [-122.55312041, 37.89652076], [-122.55313178, 37.8965208], [-122.55313173, 37.89652982], [-122.55315447, 37.8965299], [-122.55315442, 37.89653892], [-122.55317717, 37.896539], [-122.55317711, 37.89654802], [-122.55319986, 37.8965481], [-122.55319981, 37.89655711], [-122.55322255, 37.8965572], [-122.55322244, 37.89657523], [-122.55323382, 37.89657527], [-122.55323371, 37.8965933], [-122.55324508, 37.89659334], [-122.55324486, 37.89662939], [-122.55325624, 37.89662943], [-122.55325597, 37.8966745], [-122.55326734, 37.89667454], [-122.55326712, 37.89671059], [-122.55327849, 37.89671063], [-122.55327833, 37.89673767], [-122.5532897, 37.89673772], [-122.55328965, 37.89674673], [-122.55330102, 37.89674677], [-122.55330097, 37.89675578], [-122.55331234, 37.89675583], [-122.55331229, 37.89676484], [-122.55333504, 37.89676493], [-122.55333498, 37.89677394], [-122.55340322, 37.8967742], [-122.55340328, 37.89676519], [-122.5534374, 37.89676532], [-122.55343745, 37.8967563], [-122.5534602, 37.89675639], [-122.55346025, 37.89674738], [-122.553483, 37.89674746], [-122.55348295, 37.89675647], [-122.55349432, 37.89675652], [-122.55349427, 37.89676553], [-122.55348289, 37.89676549], [-122.55348267, 37.89680154], [-122.55349405, 37.89680158], [-122.55349399, 37.89681059], [-122.55348262, 37.89681055], [-122.5534824, 37.8968466], [-122.55347103, 37.89684656], [-122.55347092, 37.89686459], [-122.55344817, 37.8968645], [-122.55344812, 37.89687351], [-122.55342537, 37.89687343], [-122.55342532, 37.89688244], [-122.55340257, 37.89688235], [-122.55340251, 37.89689136], [-122.55339114, 37.89689132], [-122.55339109, 37.89690033], [-122.55336834, 37.89690025], [-122.55336829, 37.89690926], [-122.55334554, 37.89690917], [-122.55334548, 37.89691819], [-122.55332274, 37.8969181], [-122.55332268, 37.89692711], [-122.55329993, 37.89692703], [-122.55329988, 37.89693604], [-122.55325439, 37.89693587], [-122.55325433, 37.89694488], [-122.55314059, 37.89694445], [-122.55314054, 37.89695346], [-122.55309505, 37.89695329], [-122.55309499, 37.8969623], [-122.5530495, 37.89696213], [-122.55304944, 37.89697114], [-122.55302669, 37.89697106], [-122.55302664, 37.89698007], [-122.55299252, 37.89697994], [-122.55299247, 37.89698895], [-122.55298109, 37.89698891], [-122.55298104, 37.89699792], [-122.55295829, 37.89699783], [-122.55295824, 37.89700685], [-122.55294686, 37.8970068], [-122.55294681, 37.89701582], [-122.55292406, 37.89701573], [-122.55292401, 37.89702474], [-122.55291263, 37.8970247], [-122.55291258, 37.89703371], [-122.55288983, 37.89703363], [-122.55288978, 37.89704264], [-122.5528784, 37.8970426], [-122.55287835, 37.89705161], [-122.55286697, 37.89705157], [-122.55286692, 37.89706058], [-122.55285555, 37.89706053], [-122.55285549, 37.89706955], [-122.55284412, 37.8970695], [-122.55284406, 37.89707852], [-122.55283269, 37.89707847], [-122.55283263, 37.89708749], [-122.55282126, 37.89708744], [-122.55282121, 37.89709646], [-122.55280983, 37.89709641], [-122.55280978, 37.89710543], [-122.5527984, 37.89710538], [-122.55279835, 37.8971144], [-122.5527756, 37.89711431], [-122.55277555, 37.89712332], [-122.55276417, 37.89712328], [-122.55276412, 37.89713229], [-122.55275275, 37.89713225], [-122.55275269, 37.89714126], [-122.55272994, 37.89714117], [-122.55272989, 37.89715019], [-122.55271852, 37.89715014], [-122.55271846, 37.89715916], [-122.55270709, 37.89715911], [-122.55270703, 37.89716813], [-122.55268429, 37.89716804], [-122.55268423, 37.89717705], [-122.55267286, 37.89717701], [-122.5526728, 37.89718602], [-122.55266143, 37.89718598], [-122.55266138, 37.89719499], [-122.55265, 37.89719495], [-122.55264995, 37.89720396], [-122.55263857, 37.89720392], [-122.55263852, 37.89721293], [-122.55262715, 37.89721289], [-122.55262709, 37.8972219], [-122.55261572, 37.89722186], [-122.55261561, 37.89723988], [-122.55260423, 37.89723984], [-122.55260418, 37.89724885], [-122.55259281, 37.89724881], [-122.55259264, 37.89727585], [-122.55258127, 37.8972758], [-122.55258105, 37.89731186], [-122.55256968, 37.89731181], [-122.55256957, 37.89732984], [-122.55255819, 37.89732979], [-122.55255808, 37.89734782], [-122.55254671, 37.89734778], [-122.5525466, 37.8973658], [-122.55253523, 37.89736576], [-122.55253517, 37.89737477], [-122.5525238, 37.89737473], [-122.55252358, 37.89741078], [-122.55251221, 37.89741074], [-122.55251204, 37.89743778], [-122.55250067, 37.89743773], [-122.55250051, 37.89746477], [-122.55248913, 37.89746473], [-122.55248892, 37.89750078], [-122.55250029, 37.89750082], [-122.55250007, 37.89753687], [-122.55251144, 37.89753692], [-122.55251139, 37.89754593], [-122.55252276, 37.89754597], [-122.55252265, 37.897564], [-122.55253403, 37.89756404], [-122.55253397, 37.89757305], [-122.55255672, 37.89757314], [-122.55255667, 37.89758215], [-122.55259079, 37.89758228], [-122.55259073, 37.8975913], [-122.55263623, 37.89759147], [-122.55263617, 37.89760048], [-122.55281815, 37.89760117], [-122.55281821, 37.89759216], [-122.5528637, 37.89759233], [-122.55286376, 37.89758332], [-122.5528865, 37.89758341], [-122.55288645, 37.89759242], [-122.55293194, 37.89759259], [-122.55293189, 37.8976016], [-122.55296601, 37.89760173], [-122.55296596, 37.89761075], [-122.5529887, 37.89761083], [-122.55298865, 37.89761985], [-122.55300002, 37.89761989], [-122.55299997, 37.8976289], [-122.55301134, 37.89762895], [-122.55301129, 37.89763796], [-122.55302266, 37.897638], [-122.55302261, 37.89764701], [-122.55303398, 37.89764706], [-122.55303387, 37.89766508], [-122.55304525, 37.89766513], [-122.55304519, 37.89767414], [-122.55305657, 37.89767418], [-122.55305646, 37.89769221], [-122.55306783, 37.89769225], [-122.55306772, 37.89771028], [-122.55307909, 37.89771032], [-122.55307904, 37.89771933], [-122.55309041, 37.89771938], [-122.5530902, 37.89775543], [-122.55310157, 37.89775547], [-122.5531013, 37.89780053], [-122.55311267, 37.89780058], [-122.5531124, 37.89784564], [-122.55312377, 37.89784568], [-122.55312361, 37.89787272], [-122.55313498, 37.89787277], [-122.55313487, 37.89789079], [-122.55314625, 37.89789083], [-122.55314619, 37.89789985], [-122.55315757, 37.89789989], [-122.55315751, 37.8979089], [-122.55316889, 37.89790895], [-122.55316883, 37.89791796], [-122.55320295, 37.89791809], [-122.5532029, 37.8979271], [-122.55324839, 37.89792727], [-122.55324834, 37.89793629], [-122.5533507, 37.89793667], [-122.55335065, 37.89794569], [-122.55341889, 37.89794595], [-122.55341884, 37.89795496], [-122.55345296, 37.89795509], [-122.5534529, 37.8979641], [-122.55348702, 37.89796423], [-122.55348697, 37.89797324], [-122.55353247, 37.89797342], [-122.55353241, 37.89798243], [-122.55360065, 37.89798269], [-122.55360071, 37.89797368], [-122.55365758, 37.89797389], [-122.55365763, 37.89796488], [-122.55368038, 37.89796496], [-122.55368043, 37.89795595], [-122.55370318, 37.89795604], [-122.55370324, 37.89794703], [-122.55371461, 37.89794707], [-122.55371466, 37.89793806], [-122.55372604, 37.8979381], [-122.55372609, 37.89792909], [-122.55373747, 37.89792913], [-122.55373752, 37.89792012], [-122.55374889, 37.89792016], [-122.55374895, 37.89791115], [-122.55376032, 37.89791119], [-122.55376038, 37.89790218], [-122.55377175, 37.89790222], [-122.5537718, 37.89789321], [-122.55378318, 37.89789325], [-122.55378323, 37.89788424], [-122.55379461, 37.89788428], [-122.55379466, 37.89787527], [-122.55380603, 37.89787531], [-122.55380609, 37.8978663], [-122.55381746, 37.89786634], [-122.55381752, 37.89785733], [-122.55382889, 37.89785737], [-122.55382895, 37.89784836], [-122.55384032, 37.8978484], [-122.55384037, 37.89783939], [-122.55386312, 37.89783948], [-122.55386318, 37.89783046], [-122.5538973, 37.89783059], [-122.55389735, 37.89782158], [-122.5539201, 37.89782167], [-122.55392015, 37.89781265], [-122.5539429, 37.89781274], [-122.55394295, 37.89780373], [-122.5540112, 37.89780398], [-122.55401125, 37.89779497], [-122.55407949, 37.89779523], [-122.55407955, 37.89778622], [-122.55411367, 37.89778635], [-122.55411372, 37.89777733], [-122.55418197, 37.89777759], [-122.55418191, 37.89778661], [-122.55421603, 37.89778673], [-122.55421598, 37.89779575], [-122.55422735, 37.89779579], [-122.5542273, 37.8978048], [-122.55423867, 37.89780485], [-122.55423862, 37.89781386], [-122.55424999, 37.8978139], [-122.55424994, 37.89782291], [-122.55426131, 37.89782296], [-122.55426126, 37.89783197], [-122.55427263, 37.89783201], [-122.55427247, 37.89785905], [-122.55428384, 37.8978591], [-122.55428357, 37.89790416], [-122.55429494, 37.8979042], [-122.55429483, 37.89792223], [-122.55430621, 37.89792227], [-122.55430615, 37.89793128], [-122.55431753, 37.89793133], [-122.55431747, 37.89794034], [-122.55432885, 37.89794038], [-122.55432874, 37.89795841], [-122.55434011, 37.89795845], [-122.55434006, 37.89796746], [-122.55435143, 37.89796751], [-122.55435132, 37.89798553], [-122.5543627, 37.89798558], [-122.55436259, 37.8980036], [-122.55437396, 37.89800364], [-122.55437369, 37.89804871], [-122.55438506, 37.89804875], [-122.55438485, 37.8980848], [-122.55439622, 37.89808485], [-122.554396, 37.8981209], [-122.55440738, 37.89812094], [-122.55440716, 37.89815699], [-122.55441853, 37.89815703], [-122.55441837, 37.89818407], [-122.55442974, 37.89818412], [-122.55442964, 37.89820214], [-122.55444101, 37.89820218], [-122.5544409, 37.89822021], [-122.55445227, 37.89822025], [-122.55445217, 37.89823828], [-122.55446354, 37.89823832], [-122.55446343, 37.89825635], [-122.55447481, 37.89825639], [-122.55447475, 37.8982654], [-122.55448612, 37.89826545], [-122.55448602, 37.89828347], [-122.55449739, 37.89828351], [-122.55449728, 37.89830154], [-122.55450866, 37.89830158], [-122.5545086, 37.8983106], [-122.55451997, 37.89831064], [-122.55451992, 37.89831965], [-122.55453129, 37.89831969], [-122.55453124, 37.89832871], [-122.55454261, 37.89832875], [-122.55454256, 37.89833776], [-122.55455393, 37.89833781], [-122.55455388, 37.89834682], [-122.55456525, 37.89834686], [-122.5545652, 37.89835587], [-122.55457657, 37.89835592], [-122.55457652, 37.89836493], [-122.55459927, 37.89836502], [-122.55459921, 37.89837403], [-122.55461059, 37.89837407], [-122.55461053, 37.89838309], [-122.55463328, 37.89838317], [-122.55463322, 37.89839218], [-122.5546446, 37.89839223], [-122.55464454, 37.89840124], [-122.55466729, 37.89840133], [-122.55466724, 37.89841034], [-122.55467861, 37.89841038], [-122.55467856, 37.89841939], [-122.5547013, 37.89841948], [-122.55470125, 37.89842849], [-122.554724, 37.89842858], [-122.55472394, 37.89843759], [-122.55474669, 37.89843768], [-122.55474664, 37.89844669], [-122.55475801, 37.89844673], [-122.55475796, 37.89845575], [-122.5547807, 37.89845583], [-122.55478065, 37.89846485], [-122.55481477, 37.89846497], [-122.55481472, 37.89847399], [-122.55483746, 37.89847407], [-122.55483741, 37.89848309], [-122.55484878, 37.89848313], [-122.55484873, 37.89849214], [-122.55488285, 37.89849227], [-122.5548828, 37.89850128], [-122.55495104, 37.89850154], [-122.55495109, 37.89849253], [-122.55497384, 37.89849262], [-122.5549739, 37.8984836], [-122.55499664, 37.89848369], [-122.5549967, 37.89847468], [-122.55501945, 37.89847476], [-122.5550195, 37.89846575], [-122.55504225, 37.89846583], [-122.5550423, 37.89845682], [-122.55506505, 37.89845691], [-122.5550651, 37.8984479], [-122.55508785, 37.89844798], [-122.55508791, 37.89843897], [-122.55509928, 37.89843901], [-122.55509933, 37.89843], [-122.55512208, 37.89843008], [-122.55512214, 37.89842107], [-122.55515626, 37.8984212], [-122.55515631, 37.89841219], [-122.55517906, 37.89841227], [-122.55517911, 37.89840326], [-122.55520186, 37.89840335], [-122.55520192, 37.89839433], [-122.55522466, 37.89839442], [-122.55522472, 37.89838541], [-122.55524747, 37.89838549], [-122.55524752, 37.89837648], [-122.55525889, 37.89837652], [-122.55525895, 37.89836751], [-122.55527032, 37.89836755], [-122.55527038, 37.89835854], [-122.55531587, 37.89835871], [-122.55531593, 37.8983497], [-122.55535005, 37.89834983], [-122.5553501, 37.89834082], [-122.55538422, 37.89834095], [-122.55538428, 37.89833193], [-122.55540703, 37.89833202], [-122.55540708, 37.89832301], [-122.55542983, 37.89832309], [-122.55542988, 37.89831408], [-122.55545263, 37.89831416], [-122.55545268, 37.89830515], [-122.55546406, 37.89830519], [-122.55546411, 37.89829618], [-122.55548686, 37.89829627], [-122.55548691, 37.89828725], [-122.55550966, 37.89828734], [-122.55550972, 37.89827833], [-122.55554384, 37.89827846], [-122.55554389, 37.89826944], [-122.55556664, 37.89826953], [-122.55556669, 37.89826052], [-122.55558944, 37.8982606], [-122.55558949, 37.89825159], [-122.55561224, 37.89825168], [-122.5556123, 37.89824266], [-122.55562367, 37.89824271], [-122.55562372, 37.89823369], [-122.55568059, 37.89823391], [-122.55568065, 37.8982249], [-122.5557034, 37.89822498], [-122.55570345, 37.89821597], [-122.5557262, 37.89821605], [-122.55572625, 37.89820704], [-122.55576037, 37.89820717], [-122.55576032, 37.89821618], [-122.55580581, 37.89821635], [-122.55580587, 37.89820734], [-122.55582862, 37.89820743], [-122.55582867, 37.89819842], [-122.55584004, 37.89819846], [-122.5558401, 37.89818945], [-122.55585147, 37.89818949], [-122.55585153, 37.89818048], [-122.5558629, 37.89818052], [-122.55586301, 37.89816249], [-122.55587438, 37.89816254], [-122.55587444, 37.89815352], [-122.55588581, 37.89815357], [-122.55588586, 37.89814455], [-122.55589724, 37.8981446], [-122.55589735, 37.89812657], [-122.55590872, 37.89812661], [-122.55590877, 37.8981176], [-122.55592015, 37.89811764], [-122.5559202, 37.89810863], [-122.55593158, 37.89810867], [-122.55593163, 37.89809966], [-122.555943, 37.8980997], [-122.55594306, 37.89809069], [-122.55595443, 37.89809073], [-122.55595449, 37.89808172], [-122.55596586, 37.89808176], [-122.55596591, 37.89807275], [-122.55597729, 37.89807279], [-122.55597691, 37.89813588], [-122.55596553, 37.89813584], [-122.55596543, 37.89815387], [-122.5559768, 37.89815391], [-122.55597669, 37.89817193], [-122.55598807, 37.89817198], [-122.5559879, 37.89819902], [-122.55599928, 37.89819906], [-122.5559983, 37.89836129], [-122.55598693, 37.89836125], [-122.55598682, 37.89837927], [-122.55597545, 37.89837923], [-122.55597528, 37.89840627], [-122.55596391, 37.89840622], [-122.55596386, 37.89841524], [-122.55597523, 37.89841528], [-122.55597501, 37.89845133], [-122.55596364, 37.89845129], [-122.55596331, 37.89850536], [-122.55595194, 37.89850532], [-122.55595172, 37.89854137], [-122.55594035, 37.89854133], [-122.55594024, 37.89855936], [-122.55592887, 37.89855931], [-122.55592865, 37.89859536], [-122.55591728, 37.89859532], [-122.55591712, 37.89862236], [-122.55590574, 37.89862232], [-122.55590558, 37.89864935], [-122.55589421, 37.89864931], [-122.55589404, 37.89867635], [-122.55588267, 37.89867631], [-122.55588256, 37.89869433], [-122.55587119, 37.89869429], [-122.55587108, 37.89871232], [-122.5558597, 37.89871227], [-122.55585965, 37.89872129], [-122.55584828, 37.89872124], [-122.55584822, 37.89873026], [-122.55583685, 37.89873021], [-122.55583679, 37.89873923], [-122.55581405, 37.89873914], [-122.55581388, 37.89876618], [-122.55580251, 37.89876613], [-122.55580246, 37.89877515], [-122.55579108, 37.8987751], [-122.55579097, 37.89879313], [-122.5557796, 37.89879309], [-122.55577955, 37.8988021], [-122.55576817, 37.89880206], [-122.55576806, 37.89882008], [-122.55575669, 37.89882004], [-122.55575658, 37.89883807], [-122.55574521, 37.89883802], [-122.55574515, 37.89884704], [-122.55573378, 37.89884699], [-122.55573367, 37.89886502], [-122.5557223, 37.89886497], [-122.55572219, 37.898883], [-122.55571081, 37.89888296], [-122.55571071, 37.89890098], [-122.55569933, 37.89890094], [-122.55569906, 37.898946], [-122.55571044, 37.89894605], [-122.55571033, 37.89896407], [-122.5557217, 37.89896412], [-122.55572165, 37.89897313], [-122.55573302, 37.89897317], [-122.55573275, 37.89901824], [-122.55574412, 37.89901828], [-122.55574407, 37.89902729], [-122.55575544, 37.89902733], [-122.55575539, 37.89903635], [-122.55576676, 37.89903639], [-122.55576665, 37.89905442], [-122.55577803, 37.89905446], [-122.55577797, 37.89906347], [-122.55578935, 37.89906351], [-122.55578929, 37.89907253], [-122.55580067, 37.89907257], [-122.55580061, 37.89908158], [-122.55581199, 37.89908163], [-122.55581193, 37.89909064], [-122.55583468, 37.89909072], [-122.55583463, 37.89909974], [-122.555846, 37.89909978], [-122.55584595, 37.89910879], [-122.5558687, 37.89910888], [-122.55586864, 37.89911789], [-122.55589139, 37.89911798], [-122.55589133, 37.89912699], [-122.55593683, 37.89912716], [-122.55593678, 37.89913617], [-122.55609601, 37.89913677], [-122.55609596, 37.89914579], [-122.55618695, 37.89914613], [-122.556187, 37.89913712], [-122.55624387, 37.89913733], [-122.55624382, 37.89914634], [-122.55634619, 37.89914673], [-122.55634613, 37.89915574], [-122.55645987, 37.89915617], [-122.55645992, 37.89914716], [-122.55648267, 37.89914725], [-122.55648262, 37.89915626], [-122.55659636, 37.89915669], [-122.5565963, 37.8991657], [-122.5566418, 37.89916587], [-122.55664185, 37.89915686], [-122.55668735, 37.89915703], [-122.5566874, 37.89914802], [-122.55674427, 37.89914823], [-122.55674433, 37.89913922], [-122.55677845, 37.89913935], [-122.55677807, 37.89920244], [-122.5567667, 37.89920239], [-122.55676659, 37.89922042], [-122.55675522, 37.89922038], [-122.55675511, 37.8992384], [-122.55674373, 37.89923836], [-122.55674363, 37.89925638], [-122.55673225, 37.89925634], [-122.55673209, 37.89928338], [-122.55670934, 37.89928329], [-122.55670923, 37.89930132], [-122.55672061, 37.89930136], [-122.55672039, 37.89933741], [-122.55670902, 37.89933737], [-122.55670891, 37.8993554], [-122.55669753, 37.89935535], [-122.55669748, 37.89936437], [-122.55668611, 37.89936432], [-122.55668605, 37.89937334], [-122.55667468, 37.89937329], [-122.55667462, 37.89938231], [-122.55666325, 37.89938226], [-122.5566632, 37.89939128], [-122.55665182, 37.89939123], [-122.55665171, 37.89940926], [-122.55664034, 37.89940922], [-122.55664029, 37.89941823], [-122.55662891, 37.89941819], [-122.55662875, 37.89944522], [-122.55661738, 37.89944518], [-122.55661727, 37.89946321], [-122.55660589, 37.89946316], [-122.55660584, 37.89947218], [-122.55659447, 37.89947213], [-122.55659441, 37.89948115], [-122.55658304, 37.8994811], [-122.55658298, 37.89949012], [-122.55657161, 37.89949007], [-122.5565715, 37.8995081], [-122.55656013, 37.89950806], [-122.55656007, 37.89951707], [-122.55653733, 37.89951698], [-122.55653727, 37.899526], [-122.5565259, 37.89952595], [-122.55652584, 37.89953497], [-122.5565031, 37.89953488], [-122.55650304, 37.89954389], [-122.55648029, 37.89954381], [-122.55648024, 37.89955282], [-122.55645749, 37.89955273], [-122.55645744, 37.89956175], [-122.55642331, 37.89956162], [-122.55642326, 37.89957063], [-122.55641189, 37.89957059], [-122.55641183, 37.8995796], [-122.55640046, 37.89957956], [-122.55640035, 37.89959758], [-122.55638898, 37.89959754], [-122.55638887, 37.89961557], [-122.55637749, 37.89961552], [-122.55637739, 37.89963355], [-122.55636601, 37.89963351], [-122.55636558, 37.89970561], [-122.5563542, 37.89970557], [-122.55635415, 37.89971458], [-122.55636552, 37.89971462], [-122.55636525, 37.89975969], [-122.55637663, 37.89975973], [-122.55637652, 37.89977775], [-122.55638789, 37.8997778], [-122.55638773, 37.89980484], [-122.55639911, 37.89980488], [-122.55639889, 37.89984093], [-122.55641026, 37.89984097], [-122.55640999, 37.89988604], [-122.55642137, 37.89988608], [-122.55642088, 37.89996719], [-122.55643225, 37.89996724], [-122.55643198, 37.9000123], [-122.55644336, 37.90001234], [-122.55644309, 37.90005741], [-122.55645446, 37.90005745], [-122.55645392, 37.90014758], [-122.5564653, 37.90014762], [-122.55646502, 37.90019269], [-122.5564764, 37.90019273], [-122.55647624, 37.90021977], [-122.55648761, 37.90021981], [-122.55648745, 37.90024685], [-122.55649882, 37.90024689], [-122.55649861, 37.90028294], [-122.55650998, 37.90028298], [-122.55650982, 37.90031002], [-122.55652119, 37.90031007], [-122.55652108, 37.90032809], [-122.55653246, 37.90032813], [-122.55653235, 37.90034616], [-122.55652098, 37.90034612], [-122.55652087, 37.90036414], [-122.55650949, 37.9003641], [-122.55650928, 37.90040015], [-122.5564979, 37.90040011], [-122.55649785, 37.90040912], [-122.55646373, 37.90040899], [-122.55646367, 37.900418], [-122.5564523, 37.90041796], [-122.55645224, 37.90042697], [-122.5564295, 37.90042689], [-122.55642944, 37.9004359], [-122.55640669, 37.90043582], [-122.55640664, 37.90044483], [-122.55639527, 37.90044479], [-122.55639521, 37.9004538], [-122.55638384, 37.90045376], [-122.55638378, 37.90046277], [-122.55637241, 37.90046273], [-122.5563723, 37.90048075], [-122.55636093, 37.90048071], [-122.55636087, 37.90048972], [-122.5563495, 37.90048968], [-122.55634944, 37.90049869], [-122.55633807, 37.90049865], [-122.55633802, 37.90050766], [-122.55632664, 37.90050762], [-122.55632659, 37.90051663], [-122.55631521, 37.90051659], [-122.55631516, 37.9005256], [-122.55630378, 37.90052556], [-122.55630357, 37.90056161], [-122.55631494, 37.90056165], [-122.55631489, 37.90057066], [-122.55632626, 37.90057071], [-122.55632621, 37.90057972], [-122.55633758, 37.90057976], [-122.55633747, 37.90059779], [-122.55634885, 37.90059783], [-122.55634869, 37.90062487], [-122.55633731, 37.90062483], [-122.55633726, 37.90063384], [-122.55632588, 37.9006338], [-122.55632594, 37.90062478], [-122.55631456, 37.90062474], [-122.55631467, 37.90060672], [-122.5563033, 37.90060667], [-122.55630335, 37.90059766], [-122.5562806, 37.90059757], [-122.55628066, 37.90058856], [-122.55624654, 37.90058843], [-122.55624659, 37.90057942], [-122.55622384, 37.90057933], [-122.5562239, 37.90057032], [-122.55620115, 37.90057024], [-122.5562012, 37.90056122], [-122.55617845, 37.90056114], [-122.55617851, 37.90055212], [-122.55615576, 37.90055204], [-122.55615581, 37.90054303], [-122.55613306, 37.90054294], [-122.55613312, 37.90053393], [-122.55611037, 37.90053384], [-122.55611042, 37.90052483], [-122.55608768, 37.90052474], [-122.55608773, 37.90051573], [-122.55607636, 37.90051569], [-122.55607641, 37.90050667], [-122.55606504, 37.90050663], [-122.55606514, 37.90048861], [-122.55607652, 37.90048865], [-122.55607663, 37.90047062], [-122.556088, 37.90047067], [-122.55608811, 37.90045264], [-122.55607673, 37.9004526], [-122.55607679, 37.90044359], [-122.55604267, 37.90044346], [-122.55604272, 37.90043444], [-122.55603135, 37.9004344], [-122.55603156, 37.90039835], [-122.55602019, 37.90039831], [-122.55602024, 37.90038929], [-122.55599749, 37.90038921], [-122.55599755, 37.9003802], [-122.55596343, 37.90038007], [-122.55596337, 37.90038908], [-122.55592925, 37.90038895], [-122.5559292, 37.90039796], [-122.55586095, 37.90039771], [-122.555861, 37.90038869], [-122.55583826, 37.90038861], [-122.55583831, 37.90037959], [-122.55582694, 37.90037955], [-122.55582699, 37.90037054], [-122.55581562, 37.9003705], [-122.55581572, 37.90035247], [-122.55580435, 37.90035243], [-122.55580446, 37.9003344], [-122.55579308, 37.90033436], [-122.55579314, 37.90032535], [-122.55578176, 37.9003253], [-122.55578182, 37.90031629], [-122.55575907, 37.9003162], [-122.55575918, 37.90029818], [-122.5557478, 37.90029814], [-122.55574791, 37.90028011], [-122.55573654, 37.90028007], [-122.55573665, 37.90026204], [-122.55572527, 37.900262], [-122.55572533, 37.90025299], [-122.55571395, 37.90025294], [-122.55571401, 37.90024393], [-122.55570263, 37.90024389], [-122.55570269, 37.90023487], [-122.55567994, 37.90023479], [-122.55567999, 37.90022578], [-122.55566862, 37.90022573], [-122.55566867, 37.90021672], [-122.55563455, 37.90021659], [-122.55563461, 37.90020758], [-122.55560048, 37.90020745], [-122.55560043, 37.90021646], [-122.55554356, 37.90021625], [-122.55554361, 37.90020724], [-122.55550949, 37.90020711], [-122.55550954, 37.90019809], [-122.55549817, 37.90019805], [-122.55549822, 37.90018904], [-122.55548685, 37.900189], [-122.5554869, 37.90017998], [-122.55545278, 37.90017985], [-122.55545284, 37.90017084], [-122.55544146, 37.9001708], [-122.55544152, 37.90016178], [-122.55541877, 37.9001617], [-122.55541882, 37.90015269], [-122.55540745, 37.90015264], [-122.5554075, 37.90014363], [-122.55537338, 37.9001435], [-122.55537343, 37.90013449], [-122.55535069, 37.9001344], [-122.55535074, 37.90012539], [-122.55532799, 37.9001253], [-122.55532805, 37.90011629], [-122.5553053, 37.90011621], [-122.55530535, 37.90010719], [-122.55529398, 37.90010715], [-122.55529403, 37.90009814], [-122.55528266, 37.90009809], [-122.55528277, 37.90008007], [-122.55527139, 37.90008003], [-122.5552715, 37.900062], [-122.55526013, 37.90006196], [-122.55526024, 37.90004393], [-122.55524886, 37.90004389], [-122.55524897, 37.90002586], [-122.5552376, 37.90002582], [-122.5552377, 37.90000779], [-122.55522633, 37.90000775], [-122.55522638, 37.89999874], [-122.55521501, 37.8999987], [-122.55521506, 37.89998968], [-122.55520369, 37.89998964], [-122.55520374, 37.89998063], [-122.55519237, 37.89998058], [-122.55519242, 37.89997157], [-122.55518105, 37.89997153], [-122.5551811, 37.89996252], [-122.55516973, 37.89996247], [-122.55516978, 37.89995346], [-122.55515841, 37.89995342], [-122.55515846, 37.8999444], [-122.55514709, 37.89994436], [-122.55514715, 37.89993535], [-122.5551244, 37.89993526], [-122.55512445, 37.89992625], [-122.5551017, 37.89992616], [-122.55510176, 37.89991715], [-122.55507901, 37.89991706], [-122.55507906, 37.89990805], [-122.55504494, 37.89990792], [-122.555045, 37.89989891], [-122.55496538, 37.89989861], [-122.55496532, 37.89990762], [-122.55490845, 37.89990741], [-122.5549084, 37.89991642], [-122.55488565, 37.89991633], [-122.5548856, 37.89992535], [-122.55478323, 37.89992496], [-122.55478328, 37.89991595], [-122.55474916, 37.89991582], [-122.55474927, 37.89989779], [-122.5547379, 37.89989775], [-122.55473795, 37.89988874], [-122.55472658, 37.89988869], [-122.55472663, 37.89987968], [-122.55471526, 37.89987964], [-122.55471531, 37.89987062], [-122.55470394, 37.89987058], [-122.55470399, 37.89986157], [-122.55469262, 37.89986153], [-122.55469272, 37.8998435], [-122.55468135, 37.89984346], [-122.5546814, 37.89983444], [-122.55467003, 37.8998344], [-122.55467009, 37.89982539], [-122.55465871, 37.89982535], [-122.55465898, 37.89978028], [-122.55464761, 37.89978024], [-122.55464777, 37.8997532], [-122.5546364, 37.89975316], [-122.55463651, 37.89973513], [-122.55462513, 37.89973509], [-122.55462524, 37.89971706], [-122.55461387, 37.89971702], [-122.55461392, 37.89970801], [-122.55460255, 37.89970796], [-122.55460266, 37.89968994], [-122.55459128, 37.8996899], [-122.55459134, 37.89968088], [-122.55457996, 37.89968084], [-122.55458002, 37.89967183], [-122.55456864, 37.89967178], [-122.5545687, 37.89966277], [-122.55454595, 37.89966268], [-122.554546, 37.89965367], [-122.55451188, 37.89965354], [-122.55451193, 37.89964453], [-122.55447781, 37.8996444], [-122.55447776, 37.89965341], [-122.55439814, 37.89965311], [-122.55439809, 37.89966213], [-122.55437534, 37.89966204], [-122.55437528, 37.89967105], [-122.55435254, 37.89967097], [-122.55435248, 37.89967998], [-122.55434111, 37.89967994], [-122.55434105, 37.89968895], [-122.55432968, 37.89968891], [-122.55432957, 37.89970693], [-122.5543182, 37.89970689], [-122.55431814, 37.8997159], [-122.55430677, 37.89971586], [-122.55430671, 37.89972487], [-122.55429534, 37.89972483], [-122.55429528, 37.89973384], [-122.55428391, 37.8997338], [-122.55428386, 37.89974281], [-122.55427248, 37.89974277], [-122.55427237, 37.89976079], [-122.554261, 37.89976075], [-122.55426094, 37.89976976], [-122.55424957, 37.89976972], [-122.55424946, 37.89978774], [-122.55423809, 37.8997877], [-122.55423798, 37.89980573], [-122.55422661, 37.89980568], [-122.5542265, 37.89982371], [-122.55421512, 37.89982367], [-122.55421496, 37.8998507], [-122.55420359, 37.89985066], [-122.55420348, 37.89986869], [-122.5541921, 37.89986864], [-122.55419199, 37.89988667], [-122.55418062, 37.89988663], [-122.55418051, 37.89990465], [-122.55416914, 37.89990461], [-122.55416908, 37.89991362], [-122.55415771, 37.89991358], [-122.55415765, 37.89992259], [-122.55414628, 37.89992255], [-122.55414617, 37.89994057], [-122.5541348, 37.89994053], [-122.55413474, 37.89994954], [-122.55412337, 37.8999495], [-122.55412331, 37.89995851], [-122.55407782, 37.89995834], [-122.55407787, 37.89994933], [-122.55404375, 37.8999492], [-122.5540438, 37.89994019], [-122.55394144, 37.8999398], [-122.55394138, 37.89994881], [-122.55390726, 37.89994868], [-122.55390732, 37.89993967], [-122.55385044, 37.89993945], [-122.5538505, 37.89993044], [-122.55382775, 37.89993035], [-122.55382781, 37.89992134], [-122.55380506, 37.89992126], [-122.55380511, 37.89991224], [-122.55379374, 37.8999122], [-122.55379379, 37.89990319], [-122.55375967, 37.89990306], [-122.55375972, 37.89989404], [-122.55374835, 37.899894], [-122.5537483, 37.89990301], [-122.55371417, 37.89990288], [-122.55371412, 37.8999119], [-122.55366862, 37.89991173], [-122.55366857, 37.89992074], [-122.55357758, 37.89992039], [-122.55357752, 37.89992941], [-122.55348653, 37.89992906], [-122.55348647, 37.89993807], [-122.55346373, 37.89993799], [-122.55346378, 37.89992897], [-122.55344103, 37.89992889], [-122.55344109, 37.89991988], [-122.55341834, 37.89991979], [-122.55341839, 37.89991078], [-122.55339564, 37.89991069], [-122.5533957, 37.89990168], [-122.55337295, 37.89990159], [-122.55337301, 37.89989258], [-122.55336163, 37.89989253], [-122.55336158, 37.89990155], [-122.55331608, 37.89990137], [-122.55331603, 37.89991039], [-122.55327053, 37.89991021], [-122.55327058, 37.8999012], [-122.55325921, 37.89990116], [-122.55325916, 37.89991017], [-122.55316816, 37.89990983], [-122.55316822, 37.89990081], [-122.5531341, 37.89990068], [-122.55313415, 37.89989167], [-122.55308865, 37.8998915], [-122.55308871, 37.89988249], [-122.55305459, 37.89988236], [-122.55305453, 37.89989137], [-122.55304316, 37.89989133], [-122.5530431, 37.89990034], [-122.55303173, 37.8999003], [-122.55303162, 37.89991832], [-122.55302025, 37.89991828], [-122.55302019, 37.89992729], [-122.55300882, 37.89992725], [-122.55300876, 37.89993626], [-122.55298601, 37.89993617], [-122.55298596, 37.89994519], [-122.55297459, 37.89994514], [-122.55297453, 37.89995416], [-122.55295178, 37.89995407], [-122.55295173, 37.89996308], [-122.55291761, 37.89996295], [-122.55291755, 37.89997197], [-122.55287206, 37.89997179], [-122.552872, 37.89998081], [-122.55286063, 37.89998076], [-122.55286057, 37.89998978], [-122.5528492, 37.89998973], [-122.55284914, 37.89999874], [-122.55283777, 37.8999987], [-122.55283772, 37.90000771], [-122.55282634, 37.90000767], [-122.55282623, 37.9000257], [-122.55281486, 37.90002565], [-122.5528148, 37.90003467], [-122.55280343, 37.90003462], [-122.55280337, 37.90004364], [-122.55278063, 37.90004355], [-122.55278057, 37.90005256], [-122.5527692, 37.90005252], [-122.55276914, 37.90006153], [-122.55275777, 37.90006149], [-122.55275766, 37.90007951], [-122.55274629, 37.90007947], [-122.55274623, 37.90008848], [-122.55273486, 37.90008844], [-122.5527348, 37.90009745], [-122.55272343, 37.90009741], [-122.55272332, 37.90011544], [-122.55271195, 37.90011539], [-122.55271189, 37.90012441], [-122.55268914, 37.90012432], [-122.55268909, 37.90013333], [-122.55257535, 37.9001329], [-122.55257529, 37.90014191], [-122.55255254, 37.90014183], [-122.55255249, 37.90015084], [-122.55254112, 37.90015079], [-122.55254106, 37.90015981], [-122.55251831, 37.90015972], [-122.55251826, 37.90016873], [-122.55249551, 37.90016865], [-122.55249546, 37.90017766], [-122.55248408, 37.90017762], [-122.55248403, 37.90018663], [-122.55247265, 37.90018659], [-122.5524726, 37.9001956], [-122.55246122, 37.90019556], [-122.55246111, 37.90021358], [-122.55244974, 37.90021354], [-122.55244958, 37.90024058], [-122.5524382, 37.90024053], [-122.55243798, 37.90027658], [-122.55242661, 37.90027654], [-122.5524265, 37.90029457], [-122.55241513, 37.90029452], [-122.55241502, 37.90031255], [-122.55240364, 37.90031251], [-122.55240348, 37.90033954], [-122.55239211, 37.9003395], [-122.55239205, 37.90034851], [-122.55238068, 37.90034847], [-122.55238062, 37.90035748], [-122.55232375, 37.90035727], [-122.55232381, 37.90034825], [-122.55226694, 37.90034804], [-122.55226688, 37.90035705], [-122.55219864, 37.90035679], [-122.55219858, 37.9003658], [-122.55216446, 37.90036567], [-122.5521644, 37.90037469], [-122.55211891, 37.90037451], [-122.55211885, 37.90038353], [-122.55208473, 37.9003834], [-122.55208468, 37.90039241], [-122.5520733, 37.90039237], [-122.55207325, 37.90040138], [-122.55206187, 37.90040134], [-122.55206182, 37.90041035], [-122.55205044, 37.90041031], [-122.55205039, 37.90041932], [-122.55203902, 37.90041927], [-122.55203896, 37.90042829], [-122.55202759, 37.90042824], [-122.55202753, 37.90043726], [-122.55201616, 37.90043721], [-122.5520161, 37.90044623], [-122.55199336, 37.90044614], [-122.55199346, 37.90042811], [-122.55198209, 37.90042807], [-122.55198225, 37.90040103], [-122.55197088, 37.90040099], [-122.55197104, 37.90037395], [-122.55195967, 37.90037391], [-122.55195978, 37.90035588], [-122.55194841, 37.90035584], [-122.55194846, 37.90034683], [-122.55193709, 37.90034678], [-122.55193719, 37.90032876], [-122.55192582, 37.90032871], [-122.55192588, 37.9003197], [-122.5519145, 37.90031966], [-122.55191461, 37.90030163], [-122.55190324, 37.90030159], [-122.55190335, 37.90028356], [-122.55189197, 37.90028352], [-122.55189203, 37.90027451], [-122.55188065, 37.90027446], [-122.55188071, 37.90026545], [-122.55186933, 37.90026541], [-122.55186944, 37.90024738], [-122.55185807, 37.90024734], [-122.55185812, 37.90023833], [-122.55184675, 37.90023828], [-122.5518468, 37.90022927], [-122.55182405, 37.90022918], [-122.55182411, 37.90022017], [-122.55181274, 37.90022013], [-122.55181279, 37.90021111], [-122.55180142, 37.90021107], [-122.55180147, 37.90020206], [-122.55177872, 37.90020197], [-122.55177878, 37.90019296], [-122.55174465, 37.90019283], [-122.55174471, 37.90018382], [-122.55172196, 37.90018373], [-122.55172202, 37.90017472], [-122.55171064, 37.90017467], [-122.55171113, 37.90009356], [-122.55169976, 37.90009352], [-122.55169987, 37.90007549], [-122.55168849, 37.90007545], [-122.5516886, 37.90005742], [-122.55167723, 37.90005738], [-122.55167734, 37.90003935], [-122.55166596, 37.90003931], [-122.55166602, 37.9000303], [-122.55165465, 37.90003025], [-122.5516547, 37.90002124], [-122.55164333, 37.9000212], [-122.55164338, 37.90001218], [-122.55163201, 37.90001214], [-122.55163206, 37.90000313], [-122.55162069, 37.90000308], [-122.55162074, 37.89999407], [-122.55160937, 37.89999403], [-122.55160942, 37.89998502], [-122.55159805, 37.89998497], [-122.55159816, 37.89996695], [-122.55158678, 37.8999669], [-122.55158684, 37.89995789], [-122.55157546, 37.89995785], [-122.55157557, 37.89993982], [-122.5515642, 37.89993978], [-122.55156431, 37.89992175], [-122.55155293, 37.89992171], [-122.55155299, 37.8999127], [-122.55154162, 37.89991265], [-122.55154167, 37.89990364], [-122.5515303, 37.8999036], [-122.55153035, 37.89989458], [-122.55151898, 37.89989454], [-122.55151903, 37.89988553], [-122.55150766, 37.89988549], [-122.55150771, 37.89987647], [-122.55149634, 37.89987643], [-122.55149639, 37.89986742], [-122.55147364, 37.89986733], [-122.5514737, 37.89985832], [-122.55145095, 37.89985823], [-122.55145101, 37.89984922], [-122.55129177, 37.89984861], [-122.55129171, 37.89985762], [-122.55123484, 37.89985741], [-122.55123479, 37.89986642], [-122.55120067, 37.89986629], [-122.55120061, 37.8998753], [-122.55117786, 37.89987522], [-122.55117781, 37.89988423], [-122.55114369, 37.8998841], [-122.55114363, 37.89989311], [-122.55112088, 37.89989302], [-122.55112083, 37.89990204], [-122.55109808, 37.89990195], [-122.55109803, 37.89991096], [-122.5510639, 37.89991083], [-122.55106385, 37.89991985], [-122.5510411, 37.89991976], [-122.55104105, 37.89992877], [-122.55099555, 37.8999286], [-122.5509955, 37.89993761], [-122.55097275, 37.89993752], [-122.5509728, 37.89992851], [-122.55095005, 37.89992842], [-122.55095011, 37.89991941], [-122.55092736, 37.89991932], [-122.55092742, 37.89991031], [-122.55090467, 37.89991022], [-122.55090472, 37.89990121], [-122.55088197, 37.89990113], [-122.55088203, 37.89989211], [-122.55085928, 37.89989203], [-122.55085934, 37.89988301], [-122.55084796, 37.89988297], [-122.55084802, 37.89987396], [-122.55082527, 37.89987387], [-122.55082532, 37.89986486], [-122.55081395, 37.89986481], [-122.550814, 37.8998558], [-122.55079126, 37.89985571], [-122.55079131, 37.8998467], [-122.55076856, 37.89984661], [-122.55076862, 37.8998376], [-122.55074587, 37.89983752], [-122.55074592, 37.8998285], [-122.55073455, 37.89982846], [-122.5507346, 37.89981945], [-122.55071186, 37.89981936], [-122.55071191, 37.89981035], [-122.55068916, 37.89981026], [-122.55068922, 37.89980125], [-122.5506551, 37.89980112], [-122.55065515, 37.8997921], [-122.55059828, 37.89979189], [-122.55059833, 37.89978287], [-122.55047322, 37.8997824], [-122.55047317, 37.89979141], [-122.55045042, 37.89979132], [-122.55045036, 37.89980033], [-122.55041624, 37.8998002], [-122.55041629, 37.89979119], [-122.55038217, 37.89979106], [-122.55038223, 37.89978205], [-122.55032536, 37.89978183], [-122.55032541, 37.89977282], [-122.55029129, 37.89977269], [-122.55029134, 37.89976368], [-122.5502686, 37.89976359], [-122.55026865, 37.89975458], [-122.55018903, 37.89975427], [-122.55018909, 37.89974526], [-122.55017771, 37.89974522], [-122.55017766, 37.89975423], [-122.55016628, 37.89975418], [-122.55016634, 37.89974517], [-122.55010947, 37.89974495], [-122.55010941, 37.89975397], [-122.55007529, 37.89975384], [-122.55007524, 37.89976285], [-122.55005249, 37.89976276], [-122.55005243, 37.89977178], [-122.55000694, 37.8997716], [-122.55000688, 37.89978061], [-122.54996139, 37.89978044], [-122.54996133, 37.89978945], [-122.54992721, 37.89978932], [-122.54992716, 37.89979834], [-122.54989303, 37.89979821], [-122.54989298, 37.89980722], [-122.54987023, 37.89980713], [-122.54987018, 37.89981614], [-122.54983605, 37.89981601], [-122.549836, 37.89982503], [-122.54980188, 37.8998249], [-122.54980182, 37.89983391], [-122.5497677, 37.89983378], [-122.54976764, 37.89984279], [-122.54967665, 37.89984244], [-122.5496766, 37.89985146], [-122.54965385, 37.89985137], [-122.54965379, 37.89986038], [-122.54961967, 37.89986025], [-122.54961973, 37.89985124], [-122.54960835, 37.89985119], [-122.54960841, 37.89984218], [-122.54958566, 37.89984209], [-122.54958571, 37.89983308], [-122.54956297, 37.89983299], [-122.54956302, 37.89982398], [-122.54954027, 37.89982389], [-122.54954033, 37.89981488], [-122.54951758, 37.89981479], [-122.54951763, 37.89980578], [-122.54949489, 37.89980569], [-122.54949494, 37.89979668], [-122.54948357, 37.89979664], [-122.54948362, 37.89978763], [-122.54947225, 37.89978758], [-122.5494723, 37.89977857], [-122.54946093, 37.89977853], [-122.5494612, 37.89973346], [-122.54944983, 37.89973342], [-122.54945016, 37.89967934], [-122.54943879, 37.8996793], [-122.54943884, 37.89967029], [-122.54942747, 37.89967024], [-122.54942752, 37.89966123], [-122.54941615, 37.89966119], [-122.5494162, 37.89965217], [-122.54940483, 37.89965213], [-122.54940488, 37.89964312], [-122.54939351, 37.89964307], [-122.54939356, 37.89963406], [-122.54938219, 37.89963402], [-122.54938224, 37.899625], [-122.5493595, 37.89962492], [-122.54935955, 37.8996159], [-122.5493368, 37.89961582], [-122.54933686, 37.8996068], [-122.54931411, 37.89960672], [-122.54931417, 37.8995977], [-122.54929142, 37.89959762], [-122.54929147, 37.8995886], [-122.54926872, 37.89958852], [-122.54926878, 37.8995795], [-122.54917779, 37.89957916], [-122.54917784, 37.89957014], [-122.54916647, 37.8995701], [-122.54916652, 37.89956109], [-122.54914378, 37.899561], [-122.54914383, 37.89955199], [-122.54913246, 37.89955194], [-122.54913251, 37.89954293], [-122.54912114, 37.89954289], [-122.5491213, 37.89951585], [-122.54910993, 37.89951581], [-122.54911004, 37.89949778], [-122.54909866, 37.89949774], [-122.54909872, 37.89948872], [-122.54908734, 37.89948868], [-122.54908745, 37.89947065], [-122.54907608, 37.89947061], [-122.54907619, 37.89945259], [-122.54906482, 37.89945254], [-122.54906493, 37.89943452], [-122.54905355, 37.89943447], [-122.54905361, 37.89942546], [-122.54904223, 37.89942542], [-122.54904229, 37.8994164], [-122.54903091, 37.89941636], [-122.54903102, 37.89939833], [-122.54901965, 37.89939829], [-122.54901971, 37.89938928], [-122.54899696, 37.89938919], [-122.54899707, 37.89937117], [-122.54897432, 37.89937108], [-122.54897437, 37.89936207], [-122.54895163, 37.89936198], [-122.54895168, 37.89935297], [-122.54892893, 37.89935288], [-122.54892899, 37.89934387], [-122.54891761, 37.89934382], [-122.54891767, 37.89933481], [-122.5489063, 37.89933477], [-122.54890635, 37.89932575], [-122.54889498, 37.89932571], [-122.54889503, 37.8993167], [-122.54886091, 37.89931657], [-122.54886096, 37.89930755], [-122.54878135, 37.89930725], [-122.54878129, 37.89931626], [-122.54874717, 37.89931613], [-122.54874712, 37.89932514], [-122.54872437, 37.89932506], [-122.54872431, 37.89933407], [-122.54870156, 37.89933398], [-122.54870151, 37.89934299], [-122.54869014, 37.89934295], [-122.54869008, 37.89935196], [-122.54866733, 37.89935188], [-122.54866728, 37.89936089], [-122.54864453, 37.8993608], [-122.54864447, 37.89936981], [-122.54862173, 37.89936973], [-122.54862167, 37.89937874], [-122.5486103, 37.8993787], [-122.54861024, 37.89938771], [-122.54858749, 37.89938762], [-122.54858744, 37.89939663], [-122.54857606, 37.89939659], [-122.54857601, 37.8994056], [-122.54855326, 37.89940552], [-122.54855321, 37.89941453], [-122.54853046, 37.89941444], [-122.5485304, 37.89942345], [-122.54850766, 37.89942337], [-122.5485076, 37.89943238], [-122.54848485, 37.89943229], [-122.5484848, 37.89944131], [-122.54847342, 37.89944126], [-122.54847337, 37.89945027], [-122.54845062, 37.89945019], [-122.54845057, 37.8994592], [-122.54843919, 37.89945916], [-122.54843914, 37.89946817], [-122.54842776, 37.89946813], [-122.54842771, 37.89947714], [-122.54841633, 37.89947709], [-122.54841628, 37.89948611], [-122.5484049, 37.89948606], [-122.54840485, 37.89949508], [-122.54839348, 37.89949503], [-122.54839342, 37.89950405], [-122.54838205, 37.899504], [-122.54838199, 37.89951301], [-122.54837062, 37.89951297], [-122.54837056, 37.89952198], [-122.54835919, 37.89952194], [-122.54835913, 37.89953095], [-122.54834776, 37.89953091], [-122.5483477, 37.89953992], [-122.54833633, 37.89953988], [-122.54833627, 37.89954889], [-122.5483249, 37.89954885], [-122.54832485, 37.89955786], [-122.54831347, 37.89955782], [-122.54831342, 37.89956683], [-122.54830204, 37.89956679], [-122.54830199, 37.8995758], [-122.54829061, 37.89957575], [-122.54829056, 37.89958477], [-122.54827918, 37.89958472], [-122.54827913, 37.89959374], [-122.54825638, 37.89959365], [-122.54825633, 37.89960266], [-122.54823358, 37.89960258], [-122.54823352, 37.89961159], [-122.54822215, 37.89961154], [-122.54822209, 37.89962056], [-122.54821072, 37.89962051], [-122.54821066, 37.89962953], [-122.54817654, 37.8996294], [-122.54817649, 37.89963841], [-122.54816511, 37.89963836], [-122.54816506, 37.89964738], [-122.54815368, 37.89964733], [-122.54815363, 37.89965635], [-122.54814226, 37.8996563], [-122.54814215, 37.89967433], [-122.54813077, 37.89967428], [-122.54813072, 37.8996833], [-122.54811934, 37.89968325], [-122.54811929, 37.89969227], [-122.54810791, 37.89969222], [-122.54810786, 37.89970124], [-122.54808511, 37.89970115], [-122.54808505, 37.89971016], [-122.54806231, 37.89971007], [-122.54806225, 37.89971909], [-122.54793714, 37.89971861], [-122.54793719, 37.89970959], [-122.54790307, 37.89970946], [-122.54790312, 37.89970045], [-122.54789175, 37.89970041], [-122.54789181, 37.89969139], [-122.54786906, 37.89969131], [-122.54786911, 37.89968229], [-122.54784637, 37.89968221], [-122.54784642, 37.89967319], [-122.54783505, 37.89967315], [-122.5478351, 37.89966414], [-122.54782373, 37.89966409], [-122.54782378, 37.89965508], [-122.54781241, 37.89965504], [-122.54781252, 37.89963701], [-122.54780114, 37.89963697], [-122.54780125, 37.89961894], [-122.54778988, 37.8996189], [-122.54778999, 37.89960087], [-122.54777862, 37.89960083], [-122.54777873, 37.8995828], [-122.54776735, 37.89958276], [-122.54776741, 37.89957375], [-122.54775603, 37.8995737], [-122.54775609, 37.89956469], [-122.54774472, 37.89956465], [-122.54774477, 37.89955563], [-122.5477334, 37.89955559], [-122.54773345, 37.89954658], [-122.5477107, 37.89954649], [-122.54771076, 37.89953748], [-122.54769939, 37.89953743], [-122.54769944, 37.89952842], [-122.54766532, 37.89952829], [-122.54766537, 37.89951928], [-122.54764263, 37.89951919], [-122.54764268, 37.89951018], [-122.54761993, 37.89951009], [-122.54761999, 37.89950108], [-122.54758587, 37.89950094], [-122.54758592, 37.89949193], [-122.54756317, 37.89949184], [-122.54756323, 37.89948283], [-122.54755185, 37.89948279], [-122.54755191, 37.89947377], [-122.54754054, 37.89947373], [-122.54754059, 37.89946472], [-122.54751784, 37.89946463], [-122.5475179, 37.89945562], [-122.54750652, 37.89945557], [-122.54750658, 37.89944656], [-122.54748383, 37.89944647], [-122.54748389, 37.89943746], [-122.54744976, 37.89943733], [-122.54744982, 37.89942832], [-122.54742707, 37.89942823], [-122.54742713, 37.89941922], [-122.547393, 37.89941909], [-122.54739306, 37.89941007], [-122.54737031, 37.89940999], [-122.54737037, 37.89940097], [-122.54735899, 37.89940093], [-122.54735905, 37.89939192], [-122.54734767, 37.89939187], [-122.54734773, 37.89938286], [-122.54733636, 37.89938282], [-122.54733641, 37.8993738], [-122.54731366, 37.89937372], [-122.54731372, 37.8993647], [-122.54730234, 37.89936466], [-122.5473024, 37.89935565], [-122.54729102, 37.8993556], [-122.54729108, 37.89934659], [-122.54726833, 37.8993465], [-122.54726839, 37.89933749], [-122.54725701, 37.89933745], [-122.54725707, 37.89932843], [-122.54723432, 37.89932835], [-122.54723438, 37.89931933], [-122.54721163, 37.89931925], [-122.54721168, 37.89931023], [-122.54720031, 37.89931019], [-122.54720036, 37.89930118], [-122.54718899, 37.89930113], [-122.54718905, 37.89929212], [-122.54715492, 37.89929199], [-122.54715498, 37.89928298], [-122.54708673, 37.89928271], [-122.54708668, 37.89929173], [-122.54705256, 37.89929159], [-122.5470525, 37.89930061], [-122.54702975, 37.89930052], [-122.5470297, 37.89930953], [-122.54701833, 37.89930949], [-122.54701827, 37.8993185], [-122.5470069, 37.89931846], [-122.54700684, 37.89932747], [-122.54699547, 37.89932743], [-122.54699541, 37.89933644], [-122.54698404, 37.8993364], [-122.54698398, 37.89934541], [-122.54697261, 37.89934537], [-122.5469725, 37.89936339], [-122.54696112, 37.89936335], [-122.5469609, 37.8993994], [-122.54694953, 37.89939935], [-122.54694876, 37.89952553], [-122.54693738, 37.89952549], [-122.54693705, 37.89957957], [-122.54692568, 37.89957952], [-122.54692562, 37.89958853], [-122.54691425, 37.89958849], [-122.54691419, 37.8995975], [-122.54690282, 37.89959746], [-122.54690265, 37.8996245], [-122.54689128, 37.89962445], [-122.54689106, 37.89966051], [-122.54687968, 37.89966046], [-122.54687946, 37.89969651], [-122.54686809, 37.89969647], [-122.54686803, 37.89970548], [-122.54685666, 37.89970544], [-122.54685655, 37.89972346], [-122.54684517, 37.89972342], [-122.54684512, 37.89973243], [-122.54683374, 37.89973239], [-122.54683363, 37.89975041], [-122.54682226, 37.89975037], [-122.5468222, 37.89975938], [-122.54681083, 37.89975934], [-122.54681072, 37.89977737], [-122.54679935, 37.89977732], [-122.54679929, 37.89978633], [-122.54678792, 37.89978629], [-122.54678786, 37.8997953], [-122.54677649, 37.89979526], [-122.54677643, 37.89980427], [-122.54676506, 37.89980423], [-122.54676495, 37.89982225], [-122.54675357, 37.89982221], [-122.54675352, 37.89983122], [-122.54674214, 37.89983118], [-122.54674209, 37.89984019], [-122.54673071, 37.89984015], [-122.5467306, 37.89985817], [-122.54671923, 37.89985813], [-122.54671917, 37.89986714], [-122.5467078, 37.8998671], [-122.54670775, 37.89987611], [-122.54669637, 37.89987607], [-122.54669632, 37.89988508], [-122.54668494, 37.89988504], [-122.54668489, 37.89989405], [-122.54667351, 37.89989401], [-122.54667346, 37.89990302], [-122.54666208, 37.89990297], [-122.54666204, 37.89991044], [-122.54665923, 37.89991028], [-122.54665884, 37.89991025], [-122.54637835, 37.89989364], [-122.54636429, 37.8998928], [-122.54636402, 37.89989278], [-122.54636389, 37.89989276], [-122.54634265, 37.89989171], [-122.54634207, 37.89989341], [-122.54631359, 37.8999779], [-122.54631345, 37.89997829], [-122.54615465, 37.89995697], [-122.5461524, 37.89995667], [-122.5461345, 37.89995427], [-122.54612056, 37.89995239], [-122.54610011, 37.89994963], [-122.54609264, 37.89994862], [-122.54609222, 37.89994856], [-122.5460917, 37.89994851], [-122.54608826, 37.89994805], [-122.54587366, 37.8999193], [-122.54589155, 37.89987144], [-122.5458916, 37.89987131], [-122.54589229, 37.89986946], [-122.54589236, 37.89986929], [-122.54589242, 37.89986911], [-122.54589157, 37.89986939], [-122.54586524, 37.89987773], [-122.54583696, 37.89988668], [-122.54581381, 37.89989401], [-122.54574903, 37.89991451], [-122.54573685, 37.89991837], [-122.54567263, 37.89993857], [-122.545633, 37.89995103], [-122.54551267, 37.89998884], [-122.54550429, 37.89999148], [-122.54515267, 37.90009989], [-122.54514763, 37.90010144], [-122.54514749, 37.90010148], [-122.54514735, 37.90010149], [-122.545118, 37.90009853], [-122.54511557, 37.90009829], [-122.54510387, 37.90009711], [-122.5449771, 37.90008432], [-122.5449756, 37.90008417], [-122.54496352, 37.90008295], [-122.5449633, 37.90008292], [-122.54496292, 37.90008285], [-122.54490906, 37.90007436], [-122.5448003, 37.90005715], [-122.54468777, 37.90003934], [-122.54467428, 37.90003721], [-122.54467393, 37.90003716], [-122.54466142, 37.90003449], [-122.54461224, 37.90002403], [-122.54444458, 37.89998838], [-122.54443128, 37.89998556], [-122.54443092, 37.89998548], [-122.54438139, 37.89997586], [-122.54437108, 37.89997386], [-122.54435792, 37.8999713], [-122.54429078, 37.89995821], [-122.54427743, 37.8999556], [-122.54427707, 37.89995553], [-122.54412642, 37.89992828], [-122.54410327, 37.89992408], [-122.54408329, 37.89992046], [-122.54397697, 37.89990118], [-122.54396357, 37.89989875], [-122.5439632, 37.89989868], [-122.54362158, 37.89983874], [-122.54360803, 37.89983637], [-122.54360766, 37.89983629], [-122.54352516, 37.89982], [-122.54351135, 37.89981719], [-122.54323409, 37.89974924], [-122.54309687, 37.89971562], [-122.54308325, 37.89971228], [-122.542646, 37.89961988], [-122.5426327, 37.89961707], [-122.54262012, 37.89961441], [-122.54262002, 37.89961439], [-122.54261955, 37.89961429], [-122.54261895, 37.89961415], [-122.54261541, 37.89961338], [-122.54251931, 37.89959195], [-122.54272775, 37.89889289], [-122.54301965, 37.89878232], [-122.54303478, 37.8987766], [-122.54334597, 37.89883172], [-122.54335394, 37.89883314], [-122.54343861, 37.89850965], [-122.54342902, 37.89850796], [-122.54342905, 37.89850248], [-122.54344042, 37.89850252], [-122.54344053, 37.8984845], [-122.54345191, 37.89848454], [-122.54345202, 37.89846652], [-122.54346339, 37.89846656], [-122.5434635, 37.89844853], [-122.54347488, 37.89844858], [-122.54347521, 37.8983945], [-122.54348659, 37.89839455], [-122.5434867, 37.89837652], [-122.54349807, 37.89837656], [-122.54349829, 37.89834051], [-122.54350967, 37.89834056], [-122.54350972, 37.89833154], [-122.54353247, 37.89833163], [-122.54353253, 37.89832262], [-122.5435439, 37.89832266], [-122.54354396, 37.89831365], [-122.5436122, 37.89831392], [-122.54361226, 37.8983049], [-122.54362363, 37.89830495], [-122.54362374, 37.89828692], [-122.54364649, 37.89828701], [-122.54364654, 37.898278], [-122.54365792, 37.89827804], [-122.54365797, 37.89826903], [-122.54368072, 37.89826912], [-122.54368078, 37.8982601], [-122.54370352, 37.89826019], [-122.54370358, 37.89825118], [-122.54371495, 37.89825122], [-122.54371501, 37.89824221], [-122.54372638, 37.89824226], [-122.54372644, 37.89823324], [-122.54373781, 37.89823329], [-122.54373787, 37.89822427], [-122.54374924, 37.89822432], [-122.5437493, 37.89821531], [-122.54376067, 37.89821535], [-122.54376073, 37.89820634], [-122.54378347, 37.89820642], [-122.54378353, 37.89819741], [-122.5437949, 37.89819746], [-122.54379496, 37.89818844], [-122.54380633, 37.89818849], [-122.54380639, 37.89817947], [-122.54381776, 37.89817952], [-122.54381782, 37.89817051], [-122.54382919, 37.89817055], [-122.54382925, 37.89816154], [-122.54384062, 37.89816158], [-122.54384068, 37.89815257], [-122.54385205, 37.89815261], [-122.54385216, 37.89813459], [-122.54387491, 37.89813467], [-122.54387497, 37.89812566], [-122.54388634, 37.89812571], [-122.54388639, 37.89811669], [-122.54390914, 37.89811678], [-122.5439092, 37.89810777], [-122.54392057, 37.89810781], [-122.54392063, 37.8980988], [-122.543932, 37.89809884], [-122.54393206, 37.89808983], [-122.54394343, 37.89808988], [-122.54394349, 37.89808086], [-122.54395486, 37.89808091], [-122.54395492, 37.89807189], [-122.54396629, 37.89807194], [-122.54396634, 37.89806293], [-122.54397772, 37.89806297], [-122.54397777, 37.89805396], [-122.54398915, 37.898054], [-122.54398937, 37.89801795], [-122.54400074, 37.89801799], [-122.54400091, 37.89799096], [-122.54401228, 37.897991], [-122.54401234, 37.89798199], [-122.54403509, 37.89798207], [-122.54403514, 37.89797306], [-122.54411476, 37.89797337], [-122.5441147, 37.89798238], [-122.54412608, 37.89798243], [-122.54412591, 37.89800947], [-122.54417141, 37.89800964], [-122.54417146, 37.89800063], [-122.54419421, 37.89800072], [-122.54419427, 37.8979917], [-122.54420564, 37.89799175], [-122.54420569, 37.89798274], [-122.54422844, 37.89798282], [-122.54422855, 37.8979648], [-122.54423993, 37.89796484], [-122.54423998, 37.89795583], [-122.5442741, 37.89795596], [-122.54427405, 37.89796497], [-122.5442968, 37.89796506], [-122.54429674, 37.89797408], [-122.54430811, 37.89797412], [-122.54430806, 37.89798313], [-122.54431943, 37.89798318], [-122.54431938, 37.89799219], [-122.54433075, 37.89799223], [-122.54433069, 37.89800125], [-122.54434207, 37.89800129], [-122.54434201, 37.8980103], [-122.54435339, 37.89801035], [-122.54435333, 37.89801936], [-122.54437608, 37.89801945], [-122.54437602, 37.89802846], [-122.5443874, 37.8980285], [-122.54438734, 37.89803752], [-122.54439872, 37.89803756], [-122.54439866, 37.89804657], [-122.54441003, 37.89804662], [-122.54440998, 37.89805563], [-122.54442135, 37.89805567], [-122.5444213, 37.89806469], [-122.54443267, 37.89806473], [-122.54443261, 37.89807374], [-122.54444399, 37.89807379], [-122.54444393, 37.8980828], [-122.54445531, 37.89808284], [-122.54445525, 37.89809186], [-122.54446662, 37.8980919], [-122.54446657, 37.89810091], [-122.54448932, 37.898101], [-122.54448926, 37.89811002], [-122.54450063, 37.89811006], [-122.54450058, 37.89811907], [-122.54451195, 37.89811912], [-122.5445119, 37.89812813], [-122.54452327, 37.89812817], [-122.54452322, 37.89813719], [-122.54453459, 37.89813723], [-122.54453453, 37.89814624], [-122.54454591, 37.89814629], [-122.54454585, 37.8981553], [-122.54455723, 37.89815534], [-122.54455717, 37.89816436], [-122.54456854, 37.8981644], [-122.54456849, 37.89817341], [-122.54457986, 37.89817346], [-122.54457975, 37.89819148], [-122.54459113, 37.89819153], [-122.54459101, 37.89820955], [-122.54460239, 37.8982096], [-122.54460233, 37.89821861], [-122.54461371, 37.89821865], [-122.54461365, 37.89822767], [-122.54462502, 37.89822771], [-122.54462491, 37.89824573], [-122.54463629, 37.89824578], [-122.54463623, 37.89825479], [-122.54464761, 37.89825484], [-122.54464755, 37.89826385], [-122.5446703, 37.89826394], [-122.54467024, 37.89827295], [-122.54468162, 37.89827299], [-122.54468156, 37.89828201], [-122.54470431, 37.89828209], [-122.54470425, 37.89829111], [-122.54471563, 37.89829115], [-122.54471557, 37.89830016], [-122.54473832, 37.89830025], [-122.54473826, 37.89830926], [-122.54474964, 37.89830931], [-122.54474958, 37.89831832], [-122.54477233, 37.89831841], [-122.54477227, 37.89832742], [-122.54478365, 37.89832747], [-122.54478359, 37.89833648], [-122.54479497, 37.89833652], [-122.54479485, 37.89835455], [-122.5448176, 37.89835464], [-122.54481755, 37.89836365], [-122.54482892, 37.89836369], [-122.54482881, 37.89838172], [-122.54484018, 37.89838176], [-122.54484013, 37.89839077], [-122.54486288, 37.89839086], [-122.54486282, 37.89839988], [-122.54487419, 37.89839992], [-122.54487414, 37.89840893], [-122.54488551, 37.89840898], [-122.54488546, 37.89841799], [-122.54489683, 37.89841803], [-122.54489678, 37.89842705], [-122.54490815, 37.89842709], [-122.54490809, 37.8984361], [-122.54491947, 37.89843615], [-122.54491936, 37.89845417], [-122.54493073, 37.89845422], [-122.54493067, 37.89846323], [-122.54494205, 37.89846327], [-122.54494199, 37.89847229], [-122.54495337, 37.89847233], [-122.54495331, 37.89848134], [-122.54496469, 37.89848139], [-122.54496457, 37.89849941], [-122.54497595, 37.89849946], [-122.54497589, 37.89850847], [-122.54498727, 37.89850851], [-122.54498716, 37.89852654], [-122.54499853, 37.89852658], [-122.54499842, 37.89854461], [-122.54500979, 37.89854465], [-122.54500968, 37.89856268], [-122.54502106, 37.89856272], [-122.545021, 37.89857173], [-122.54503237, 37.89857178], [-122.54503232, 37.89858079], [-122.54504369, 37.89858083], [-122.54504358, 37.89859886], [-122.54505495, 37.8985989], [-122.5450549, 37.89860792], [-122.54506627, 37.89860796], [-122.54506616, 37.89862599], [-122.54507754, 37.89862603], [-122.54507748, 37.89863504], [-122.54508885, 37.89863509], [-122.5450888, 37.8986441], [-122.54510017, 37.89864414], [-122.54510006, 37.89866217], [-122.54511144, 37.89866221], [-122.54511132, 37.89868024], [-122.5451227, 37.89868028], [-122.54512264, 37.8986893], [-122.54513402, 37.89868934], [-122.54513391, 37.89870736], [-122.54514528, 37.89870741], [-122.54514522, 37.89871642], [-122.5451566, 37.89871647], [-122.54515654, 37.89872548], [-122.54516792, 37.89872552], [-122.54516786, 37.89873454], [-122.54517924, 37.89873458], [-122.54517918, 37.89874359], [-122.54519055, 37.89874364], [-122.5451905, 37.89875265], [-122.54520187, 37.89875269], [-122.54520182, 37.89876171], [-122.54521319, 37.89876175], [-122.54521314, 37.89877076], [-122.54522451, 37.89877081], [-122.54522445, 37.89877982], [-122.54523583, 37.89877986], [-122.54523577, 37.89878888], [-122.54525852, 37.89878896], [-122.54525846, 37.89879798], [-122.54526984, 37.89879802], [-122.54526978, 37.89880703], [-122.54528116, 37.89880708], [-122.54528105, 37.8988251], [-122.54529242, 37.89882515], [-122.54529236, 37.89883416], [-122.54530374, 37.8988342], [-122.54530363, 37.89885223], [-122.545315, 37.89885227], [-122.54531495, 37.89886129], [-122.54532632, 37.89886133], [-122.5453261, 37.89889738], [-122.54533747, 37.89889742], [-122.54533736, 37.89891545], [-122.54534873, 37.89891549], [-122.54534868, 37.89892451], [-122.54536005, 37.89892455], [-122.54536011, 37.89891554], [-122.54539423, 37.89891567], [-122.54539429, 37.89890666], [-122.54541703, 37.89890674], [-122.54541709, 37.89889773], [-122.54543984, 37.89889782], [-122.54543989, 37.89888881], [-122.54545127, 37.89888885], [-122.54545132, 37.89887984], [-122.54547407, 37.89887993], [-122.54547413, 37.89887091], [-122.54550825, 37.89887104], [-122.5455083, 37.89886203], [-122.54564479, 37.89886256], [-122.54564473, 37.89887157], [-122.5457016, 37.89887179], [-122.54570155, 37.8988808], [-122.54573567, 37.89888094], [-122.54573561, 37.89888995], [-122.54575836, 37.89889004], [-122.54575831, 37.89889905], [-122.5458038, 37.89889922], [-122.54580375, 37.89890824], [-122.54584924, 37.89890841], [-122.5458493, 37.8988994], [-122.54592892, 37.89889971], [-122.54592919, 37.89885464], [-122.54591782, 37.8988546], [-122.54591793, 37.89883657], [-122.54590656, 37.89883653], [-122.54590667, 37.8988185], [-122.54589529, 37.89881846], [-122.54589551, 37.89878241], [-122.54588414, 37.89878237], [-122.54588469, 37.89869224], [-122.54587332, 37.89869219], [-122.5458736, 37.89864713], [-122.54588497, 37.89864717], [-122.54588586, 37.89850297], [-122.54587448, 37.89850293], [-122.54587465, 37.89847589], [-122.54586327, 37.89847584], [-122.54586333, 37.89846683], [-122.54585196, 37.89846679], [-122.54585201, 37.89845777], [-122.54584064, 37.89845773], [-122.54584069, 37.89844872], [-122.54585207, 37.89844876], [-122.54585212, 37.89843975], [-122.5458635, 37.89843979], [-122.54586377, 37.89839473], [-122.5458524, 37.89839468], [-122.54585257, 37.89836765], [-122.54586394, 37.89836769], [-122.54586438, 37.89829559], [-122.54585301, 37.89829554], [-122.54585312, 37.89827752], [-122.54584175, 37.89827747], [-122.5458418, 37.89826846], [-122.54585317, 37.89826851], [-122.54585323, 37.89825949], [-122.54584186, 37.89825945], [-122.54584197, 37.89824142], [-122.54585334, 37.89824147], [-122.54585356, 37.89820542], [-122.54586494, 37.89820546], [-122.54586527, 37.89815138], [-122.54587664, 37.89815143], [-122.5458767, 37.89814241], [-122.54588807, 37.89814246], [-122.54588818, 37.89812443], [-122.54589956, 37.89812448], [-122.54589972, 37.89809744], [-122.5459111, 37.89809748], [-122.54591126, 37.89807044], [-122.54592264, 37.89807049], [-122.54592269, 37.89806148], [-122.54594544, 37.89806156], [-122.54594549, 37.89805255], [-122.54595687, 37.89805259], [-122.54595692, 37.89804358], [-122.5459683, 37.89804363], [-122.54596835, 37.89803461], [-122.54597973, 37.89803466], [-122.54597978, 37.89802564], [-122.54599115, 37.89802569], [-122.54599121, 37.89801667], [-122.54600258, 37.89801672], [-122.54600264, 37.89800771], [-122.54602539, 37.89800779], [-122.54602544, 37.89799878], [-122.54603682, 37.89799882], [-122.54603687, 37.89798981], [-122.54604825, 37.89798986], [-122.5460483, 37.89798084], [-122.54607105, 37.89798093], [-122.5460711, 37.89797192], [-122.54608248, 37.89797196], [-122.54608253, 37.89796295], [-122.54610528, 37.89796304], [-122.54610534, 37.89795402], [-122.54613946, 37.89795416], [-122.54613951, 37.89794514], [-122.54616226, 37.89794523], [-122.54616232, 37.89793622], [-122.54620781, 37.89793639], [-122.54620787, 37.89792738], [-122.54627611, 37.89792764], [-122.54627616, 37.89791863], [-122.54635578, 37.89791894], [-122.54635572, 37.89792795], [-122.54644671, 37.8979283], [-122.54644666, 37.89793731], [-122.54649215, 37.89793749], [-122.5464921, 37.8979465], [-122.54651485, 37.89794659], [-122.54651479, 37.8979556], [-122.54654891, 37.89795573], [-122.54654886, 37.89796475], [-122.5465716, 37.89796483], [-122.54657155, 37.89797385], [-122.5465943, 37.89797393], [-122.54659424, 37.89798295], [-122.54662836, 37.89798308], [-122.54662831, 37.89799209], [-122.5466738, 37.89799227], [-122.54667375, 37.89800128], [-122.54668512, 37.89800132], [-122.54668507, 37.89801034], [-122.54673056, 37.89801051], [-122.54673062, 37.8980015], [-122.54675336, 37.89800159], [-122.54675342, 37.89799257], [-122.54679891, 37.89799275], [-122.54679897, 37.89798374], [-122.54681034, 37.89798378], [-122.5468104, 37.89797477], [-122.54683315, 37.89797485], [-122.5468332, 37.89796584], [-122.54684458, 37.89796589], [-122.54684469, 37.89794786], [-122.54686743, 37.89794795], [-122.54686749, 37.89793893], [-122.54690161, 37.89793907], [-122.54690167, 37.89793005], [-122.54691304, 37.8979301], [-122.54691309, 37.89792108], [-122.54693584, 37.89792117], [-122.5469359, 37.89791216], [-122.54695864, 37.89791225], [-122.5469587, 37.89790323], [-122.54698145, 37.89790332], [-122.5469815, 37.89789431], [-122.54700425, 37.8978944], [-122.54700431, 37.89788538], [-122.54715216, 37.89788595], [-122.54715211, 37.89789496], [-122.54718623, 37.8978951], [-122.54718617, 37.89790411], [-122.54723167, 37.89790428], [-122.54723161, 37.8979133], [-122.54726574, 37.89791343], [-122.54726568, 37.89792244], [-122.5472998, 37.89792257], [-122.54729975, 37.89793158], [-122.54733387, 37.89793172], [-122.54733381, 37.89794073], [-122.54736793, 37.89794086], [-122.54736788, 37.89794987], [-122.54737925, 37.89794992], [-122.5473792, 37.89795893], [-122.54740195, 37.89795902], [-122.54740189, 37.89796803], [-122.54743601, 37.89796816], [-122.54743596, 37.89797717], [-122.5474587, 37.89797726], [-122.54745865, 37.89798627], [-122.5474814, 37.89798636], [-122.54748134, 37.89799537], [-122.54750409, 37.89799546], [-122.54750403, 37.89800447], [-122.54751541, 37.89800452], [-122.54751535, 37.89801353], [-122.5475381, 37.89801362], [-122.54753804, 37.89802263], [-122.54754942, 37.89802267], [-122.54754936, 37.89803169], [-122.54756074, 37.89803173], [-122.54756068, 37.89804074], [-122.54758343, 37.89804083], [-122.54758337, 37.89804984], [-122.54759475, 37.89804989], [-122.54759469, 37.8980589], [-122.54760607, 37.89805894], [-122.54760601, 37.89806796], [-122.54761738, 37.898068], [-122.54761733, 37.89807701], [-122.54764008, 37.8980771], [-122.54764002, 37.89808611], [-122.5476514, 37.89808616], [-122.54765134, 37.89809517], [-122.54766271, 37.89809521], [-122.5476626, 37.89811324], [-122.54767398, 37.89811328], [-122.54767392, 37.8981223], [-122.5476853, 37.89812234], [-122.54768519, 37.89814037], [-122.54769656, 37.89814041], [-122.54769651, 37.89814942], [-122.54770788, 37.89814947], [-122.54770771, 37.8981765], [-122.54771909, 37.89817655], [-122.54771887, 37.8982126], [-122.54773024, 37.89821264], [-122.54773013, 37.89823067], [-122.5477415, 37.89823071], [-122.54774095, 37.89832084], [-122.54775233, 37.89832088], [-122.54775166, 37.89842904], [-122.54776304, 37.89842908], [-122.54776287, 37.89845612], [-122.54777425, 37.89845616], [-122.54777386, 37.89851925], [-122.54776249, 37.89851921], [-122.54776221, 37.89856427], [-122.54777358, 37.89856432], [-122.54777353, 37.89857333], [-122.5477849, 37.89857337], [-122.54778485, 37.89858238], [-122.54779622, 37.89858243], [-122.54779617, 37.89859144], [-122.54780754, 37.89859148], [-122.54780743, 37.89860951], [-122.5478188, 37.89860955], [-122.54781869, 37.89862758], [-122.54783007, 37.89862762], [-122.54783001, 37.89863664], [-122.54785276, 37.89863672], [-122.54785271, 37.89864574], [-122.54786408, 37.89864578], [-122.54786413, 37.89863677], [-122.54787551, 37.89863681], [-122.54787556, 37.8986278], [-122.54788694, 37.89862784], [-122.54788705, 37.89860982], [-122.54789842, 37.89860986], [-122.54789848, 37.89860085], [-122.54790985, 37.89860089], [-122.54790991, 37.89859188], [-122.54792128, 37.89859192], [-122.54792133, 37.89858291], [-122.54793271, 37.89858295], [-122.54793282, 37.89856493], [-122.54794419, 37.89856497], [-122.5479443, 37.89854695], [-122.54795568, 37.89854699], [-122.54795579, 37.89852896], [-122.54796716, 37.89852901], [-122.54796722, 37.89851999], [-122.54797859, 37.89852004], [-122.54797865, 37.89851103], [-122.54799002, 37.89851107], [-122.54799007, 37.89850206], [-122.54800145, 37.8985021], [-122.5480015, 37.89849309], [-122.54801288, 37.89849313], [-122.54801293, 37.89848412], [-122.54802431, 37.89848416], [-122.54802436, 37.89847515], [-122.54803573, 37.89847519], [-122.54803579, 37.89846618], [-122.54804716, 37.89846622], [-122.54804722, 37.89845721], [-122.54806997, 37.8984573], [-122.54807002, 37.89844828], [-122.54809277, 37.89844837], [-122.54809282, 37.89843936], [-122.54811557, 37.89843945], [-122.54811563, 37.89843043], [-122.54814975, 37.89843057], [-122.5481498, 37.89842155], [-122.54816118, 37.8984216], [-122.54816123, 37.89841258], [-122.54819535, 37.89841271], [-122.54819552, 37.89838568], [-122.54821827, 37.89838576], [-122.54821832, 37.89837675], [-122.5482297, 37.89837679], [-122.54822975, 37.89836778], [-122.54824113, 37.89836782], [-122.54824118, 37.89835881], [-122.54825255, 37.89835886], [-122.54825261, 37.89834984], [-122.54826398, 37.89834989], [-122.54826404, 37.89834087], [-122.54827541, 37.89834092], [-122.54827547, 37.8983319], [-122.54829821, 37.89833199], [-122.54829827, 37.89832298], [-122.54830964, 37.89832302], [-122.5483097, 37.89831401], [-122.54833245, 37.8983141], [-122.5483325, 37.89830508], [-122.54834388, 37.89830513], [-122.54834393, 37.89829612], [-122.54836668, 37.8982962], [-122.54836673, 37.89828719], [-122.54837811, 37.89828723], [-122.54837816, 37.89827822], [-122.54838954, 37.89827826], [-122.54838959, 37.89826925], [-122.54841234, 37.89826934], [-122.54841239, 37.89826033], [-122.54843514, 37.89826041], [-122.5484352, 37.8982514], [-122.54846932, 37.89825153], [-122.54846937, 37.89824252], [-122.54848075, 37.89824256], [-122.5484808, 37.89823355], [-122.54849218, 37.89823359], [-122.54849229, 37.89821557], [-122.54851503, 37.89821566], [-122.54851509, 37.89820664], [-122.54853784, 37.89820673], [-122.54853789, 37.89819772], [-122.54854926, 37.89819776], [-122.54854932, 37.89818875], [-122.54857207, 37.89818883], [-122.54857212, 37.89817982], [-122.54860624, 37.89817995], [-122.5486063, 37.89817094], [-122.54862905, 37.89817103], [-122.5486291, 37.89816201], [-122.5486746, 37.89816219], [-122.54867465, 37.89815318], [-122.54885663, 37.89815387], [-122.54885658, 37.89816289], [-122.54891345, 37.8981631], [-122.54891339, 37.89817212], [-122.54894751, 37.89817225], [-122.54894746, 37.89818126], [-122.54898158, 37.89818139], [-122.54898152, 37.8981904], [-122.54901565, 37.89819054], [-122.54901559, 37.89819955], [-122.54904971, 37.89819968], [-122.54904966, 37.89820869], [-122.54908378, 37.89820882], [-122.54908372, 37.89821783], [-122.54910647, 37.89821792], [-122.54910642, 37.89822693], [-122.54912916, 37.89822702], [-122.54912911, 37.89823603], [-122.54916323, 37.89823617], [-122.54916318, 37.89824518], [-122.54918592, 37.89824527], [-122.54918587, 37.89825428], [-122.54920862, 37.89825437], [-122.54920856, 37.89826338], [-122.54923131, 37.89826347], [-122.54923136, 37.89825445], [-122.54921999, 37.89825441], [-122.5492201, 37.89823638], [-122.54920873, 37.89823634], [-122.54920878, 37.89822733], [-122.54919741, 37.89822728], [-122.54919752, 37.89820926], [-122.54918614, 37.89820921], [-122.5491862, 37.8982002], [-122.54919757, 37.89820025], [-122.54919763, 37.89819123], [-122.54923175, 37.89819136], [-122.54923169, 37.89820038], [-122.54926581, 37.89820051], [-122.54926576, 37.89820952], [-122.54928851, 37.89820961], [-122.54928845, 37.89821862], [-122.54932257, 37.89821875], [-122.54932252, 37.89822776], [-122.54933389, 37.89822781], [-122.54933384, 37.89823682], [-122.54935659, 37.89823691], [-122.54935653, 37.89824592], [-122.5493679, 37.89824596], [-122.54936785, 37.89825497], [-122.54937922, 37.89825502], [-122.54937917, 37.89826403], [-122.54939054, 37.89826407], [-122.54939049, 37.89827309], [-122.54941323, 37.89827317], [-122.54941318, 37.89828219], [-122.54942455, 37.89828223], [-122.5494245, 37.89829124], [-122.54944725, 37.89829133], [-122.54944719, 37.89830034], [-122.54945857, 37.89830039], [-122.54945851, 37.8983094], [-122.54948126, 37.89830949], [-122.54948115, 37.89832751], [-122.54949252, 37.89832756], [-122.54949247, 37.89833657], [-122.54950384, 37.89833661], [-122.54950379, 37.89834563], [-122.54951516, 37.89834567], [-122.5495151, 37.89835468], [-122.54952648, 37.89835473], [-122.54952642, 37.89836374], [-122.5495378, 37.89836378], [-122.54953774, 37.89837279], [-122.54954912, 37.89837284], [-122.54954906, 37.89838185], [-122.54956044, 37.89838189], [-122.54956038, 37.89839091], [-122.54957175, 37.89839095], [-122.5495717, 37.89839996], [-122.54958307, 37.89840001], [-122.54958302, 37.89840902], [-122.54959439, 37.89840906], [-122.54959428, 37.89842709], [-122.54960566, 37.89842713], [-122.5496056, 37.89843614], [-122.54961698, 37.89843619], [-122.54961687, 37.89845421], [-122.54962824, 37.89845426], [-122.54962813, 37.89847228], [-122.5496395, 37.89847233], [-122.54963939, 37.89849035], [-122.54965077, 37.8984904], [-122.54965066, 37.89850842], [-122.54966203, 37.89850846], [-122.54966192, 37.89852649], [-122.5496733, 37.89852653], [-122.54967313, 37.89855357], [-122.5496845, 37.89855362], [-122.54968428, 37.89858967], [-122.54969566, 37.89858971], [-122.54969549, 37.89861675], [-122.54970687, 37.89861679], [-122.5497067, 37.89864383], [-122.54971808, 37.89864387], [-122.54971797, 37.8986619], [-122.54976346, 37.89866207], [-122.54976341, 37.89867109], [-122.54977478, 37.89867113], [-122.54977473, 37.89868014], [-122.5497861, 37.89868019], [-122.54978605, 37.8986892], [-122.54979742, 37.89868924], [-122.54979725, 37.89871628], [-122.54980863, 37.89871632], [-122.54980835, 37.89876139], [-122.54981973, 37.89876143], [-122.54981956, 37.89878847], [-122.54983094, 37.89878851], [-122.54983088, 37.89879753], [-122.54984226, 37.89879757], [-122.5498422, 37.89880658], [-122.5498877, 37.89880676], [-122.54988775, 37.89879774], [-122.54989913, 37.89879779], [-122.54989918, 37.89878877], [-122.54991055, 37.89878882], [-122.54991061, 37.8987798], [-122.54992198, 37.89877985], [-122.54992204, 37.89877084], [-122.54994479, 37.89877092], [-122.54994484, 37.89876191], [-122.54995621, 37.89876195], [-122.54995627, 37.89875294], [-122.55001314, 37.89875316], [-122.55001308, 37.89876217], [-122.55012682, 37.89876261], [-122.55012677, 37.89877162], [-122.55018364, 37.89877184], [-122.55018358, 37.89878085], [-122.55024045, 37.89878107], [-122.5502404, 37.89879008], [-122.55029727, 37.8987903], [-122.55029721, 37.89879931], [-122.55033133, 37.89879944], [-122.55033128, 37.89880845], [-122.55034265, 37.8988085], [-122.5503426, 37.89881751], [-122.55036535, 37.89881759], [-122.55036529, 37.89882661], [-122.55039941, 37.89882674], [-122.55039936, 37.89883575], [-122.55043348, 37.89883588], [-122.55043343, 37.89884489], [-122.55045617, 37.89884498], [-122.55045612, 37.89885399], [-122.55049024, 37.89885412], [-122.55049019, 37.89886314], [-122.55052431, 37.89886327], [-122.55052425, 37.89887228], [-122.55055837, 37.89887241], [-122.55055832, 37.89888142], [-122.55061519, 37.89888164], [-122.55061513, 37.89889065], [-122.55070613, 37.898891], [-122.55070607, 37.89890001], [-122.55072882, 37.8989001], [-122.55072876, 37.89890911], [-122.55076289, 37.89890924], [-122.55076283, 37.89891826], [-122.55079695, 37.89891839], [-122.5507969, 37.8989274], [-122.55084239, 37.89892757], [-122.55084234, 37.89893658], [-122.55089921, 37.8989368], [-122.55089915, 37.89894581], [-122.55100152, 37.8989462], [-122.55100146, 37.89895522], [-122.55101284, 37.89895526], [-122.55101278, 37.89896427], [-122.5511379, 37.89896475], [-122.55113795, 37.89895574], [-122.55114932, 37.89895578], [-122.55114938, 37.89894677], [-122.55116075, 37.89894681], [-122.55116081, 37.8989378], [-122.5512063, 37.89893797], [-122.55120625, 37.89894699], [-122.55125174, 37.89894716], [-122.55125169, 37.89895617], [-122.55134268, 37.89895652], [-122.55134274, 37.89894751], [-122.55146785, 37.89894798], [-122.55146779, 37.898957], [-122.55147917, 37.89895704], [-122.55147911, 37.89896605], [-122.55151324, 37.89896618], [-122.55151329, 37.89895717], [-122.55154741, 37.8989573], [-122.55154736, 37.89896631], [-122.55163835, 37.89896666], [-122.5516384, 37.89895765], [-122.55166115, 37.89895773], [-122.55166121, 37.89894872], [-122.55169533, 37.89894885], [-122.55169538, 37.89893984], [-122.5517295, 37.89893997], [-122.55172956, 37.89893095], [-122.55175231, 37.89893104], [-122.55175236, 37.89892203], [-122.55179786, 37.8989222], [-122.55179791, 37.89891319], [-122.55197989, 37.89891388], [-122.55197984, 37.89892289], [-122.55199121, 37.89892294], [-122.55199116, 37.89893195], [-122.55201391, 37.89893204], [-122.55201385, 37.89894105], [-122.5520366, 37.89894114], [-122.55203655, 37.89895015], [-122.55204792, 37.89895019], [-122.55204787, 37.8989592], [-122.55205924, 37.89895925], [-122.55205918, 37.89896826], [-122.55207056, 37.8989683], [-122.5520705, 37.89897732], [-122.55208188, 37.89897736], [-122.55208182, 37.89898637], [-122.5520932, 37.89898642], [-122.55209314, 37.89899543], [-122.55210452, 37.89899547], [-122.55210446, 37.89900448], [-122.55211584, 37.89900453], [-122.55211567, 37.89903157], [-122.55212705, 37.89903161], [-122.55212699, 37.89904062], [-122.55213837, 37.89904067], [-122.5521382, 37.8990677], [-122.55214958, 37.89906775], [-122.55214947, 37.89908577], [-122.55216084, 37.89908582], [-122.55216079, 37.89909483], [-122.55217216, 37.89909487], [-122.55217194, 37.89913092], [-122.55218331, 37.89913097], [-122.55218321, 37.89914899], [-122.55224008, 37.89914921], [-122.55224013, 37.8991402], [-122.552297, 37.89914041], [-122.55229695, 37.89914942], [-122.55233107, 37.89914955], [-122.55233112, 37.89914054], [-122.55231975, 37.8991405], [-122.5523198, 37.89913149], [-122.55235392, 37.89913162], [-122.55235398, 37.8991226], [-122.55236535, 37.89912265], [-122.55236546, 37.89910462], [-122.55237684, 37.89910466], [-122.55237695, 37.89908664], [-122.55239969, 37.89908672], [-122.55239975, 37.89907771], [-122.55241112, 37.89907776], [-122.55241118, 37.89906874], [-122.55242255, 37.89906879], [-122.5524226, 37.89905977], [-122.55243398, 37.89905982], [-122.55243403, 37.8990508], [-122.55244541, 37.89905085], [-122.55244546, 37.89904183], [-122.55245684, 37.89904188], [-122.55245689, 37.89903286], [-122.55246826, 37.89903291], [-122.55246832, 37.89902389], [-122.55247969, 37.89902394], [-122.55247975, 37.89901493], [-122.55249112, 37.89901497], [-122.55249118, 37.89900596], [-122.55254805, 37.89900617], [-122.5525481, 37.89899716], [-122.5525936, 37.89899733], [-122.55259365, 37.89898832], [-122.55260502, 37.89898836], [-122.55260508, 37.89897935], [-122.55271882, 37.89897978], [-122.55271887, 37.89897077], [-122.55276437, 37.89897094], [-122.55276431, 37.89897995], [-122.55277569, 37.89898], [-122.55277563, 37.89898901], [-122.55282113, 37.89898918], [-122.55282118, 37.89898017], [-122.55284393, 37.89898026], [-122.55284399, 37.89897124], [-122.55286673, 37.89897133], [-122.55286679, 37.89896232], [-122.55288954, 37.8989624], [-122.55288959, 37.89895339], [-122.55291234, 37.89895348], [-122.55291239, 37.89894447], [-122.55296926, 37.89894468], [-122.55296932, 37.89893567], [-122.55308306, 37.8989361], [-122.55308311, 37.89892709], [-122.55311723, 37.89892722], [-122.55311718, 37.89893623], [-122.55321954, 37.89893662], [-122.5532196, 37.89892761], [-122.55323097, 37.89892765], [-122.55323092, 37.89893666], [-122.55333328, 37.89893705], [-122.55333323, 37.89894606], [-122.5533901, 37.89894628], [-122.55339015, 37.89893727], [-122.55340153, 37.89893731], [-122.55340158, 37.8989283], [-122.55342433, 37.89892838], [-122.55342438, 37.89891937], [-122.55343576, 37.89891941], [-122.55343581, 37.8989104], [-122.55344719, 37.89891044], [-122.55344724, 37.89890143], [-122.55345861, 37.89890147], [-122.55345867, 37.89889246], [-122.55347004, 37.8988925], [-122.5534701, 37.89888349], [-122.55348147, 37.89888353], [-122.55348153, 37.89887452], [-122.5534929, 37.89887457], [-122.55349301, 37.89885654], [-122.55350438, 37.89885658], [-122.5535046, 37.89882053], [-122.55351597, 37.89882057], [-122.55351603, 37.89881156], [-122.5535274, 37.89881161], [-122.55352751, 37.89879358], [-122.55353888, 37.89879362], [-122.55353905, 37.89876658], [-122.55355042, 37.89876663], [-122.55355059, 37.89873959], [-122.55353921, 37.89873955], [-122.55353927, 37.89873053], [-122.55355064, 37.89873058], [-122.5535508, 37.89870354], [-122.55356218, 37.89870358], [-122.55356223, 37.89869457], [-122.55357361, 37.89869461], [-122.55357366, 37.8986856], [-122.55358503, 37.89868564], [-122.55358509, 37.89867663], [-122.55359646, 37.89867667], [-122.55359652, 37.89866766], [-122.55360789, 37.8986677], [-122.55360794, 37.89865869], [-122.55361932, 37.89865873], [-122.55361937, 37.89864972], [-122.55363075, 37.89864976], [-122.5536308, 37.89864075], [-122.55364218, 37.89864079], [-122.55364223, 37.89863178], [-122.5536536, 37.89863182], [-122.55365366, 37.89862281], [-122.55368778, 37.89862294], [-122.55368773, 37.89863195], [-122.55371047, 37.89863204], [-122.55371042, 37.89864105], [-122.55372179, 37.8986411], [-122.55372174, 37.89865011], [-122.55374449, 37.89865019], [-122.55374443, 37.89865921], [-122.55375581, 37.89865925], [-122.55375575, 37.89866826], [-122.55384674, 37.89866861], [-122.55384669, 37.89867762], [-122.55385806, 37.89867766], [-122.55385801, 37.89868668], [-122.55386938, 37.89868672], [-122.55386933, 37.89869573], [-122.5538807, 37.89869578], [-122.55388059, 37.8987138], [-122.55389197, 37.89871384], [-122.55389186, 37.89873187], [-122.55390323, 37.89873191], [-122.55390318, 37.89874093], [-122.55391455, 37.89874097], [-122.5539145, 37.89874998], [-122.55394862, 37.89875011], [-122.55394873, 37.89873209], [-122.55393735, 37.89873204], [-122.55393757, 37.89869599], [-122.5539262, 37.89869595], [-122.5539263, 37.89867792], [-122.55391493, 37.89867788], [-122.55391509, 37.89865084], [-122.55390372, 37.8986508], [-122.55390377, 37.89864179], [-122.5538924, 37.89864174], [-122.55389246, 37.89863273], [-122.55388108, 37.89863269], [-122.55388114, 37.89862367], [-122.55385839, 37.89862359], [-122.55385844, 37.89861457], [-122.55384707, 37.89861453], [-122.55384712, 37.89860552], [-122.553813, 37.89860539], [-122.55381306, 37.89859638], [-122.55380168, 37.89859633], [-122.55380174, 37.89858732], [-122.55377899, 37.89858723], [-122.55377904, 37.89857822], [-122.5537563, 37.89857814], [-122.55375635, 37.89856912], [-122.55372223, 37.89856899], [-122.55372228, 37.89855998], [-122.55369953, 37.89855989], [-122.55369959, 37.89855088], [-122.55364272, 37.89855067], [-122.55364277, 37.89854165], [-122.55351766, 37.89854118], [-122.55351761, 37.89855019], [-122.55349486, 37.89855011], [-122.55349491, 37.89854109], [-122.55348354, 37.89854105], [-122.55348359, 37.89853204], [-122.55340398, 37.89853173], [-122.55340392, 37.89854075], [-122.55338118, 37.89854066], [-122.55338123, 37.89853165], [-122.55335848, 37.89853156], [-122.55335854, 37.89852255], [-122.55331304, 37.89852238], [-122.5533131, 37.89851336], [-122.55330172, 37.89851332], [-122.55330167, 37.89852233], [-122.55321068, 37.89852199], [-122.55321073, 37.89851297], [-122.55316524, 37.8985128], [-122.55316529, 37.89850379], [-122.55313117, 37.89850366], [-122.55313122, 37.89849465], [-122.5530971, 37.89849452], [-122.55309716, 37.8984855], [-122.55308578, 37.89848546], [-122.55308584, 37.89847645], [-122.55307446, 37.89847641], [-122.55307452, 37.89846739], [-122.55306314, 37.89846735], [-122.5530632, 37.89845834], [-122.55304045, 37.89845825], [-122.5530405, 37.89844924], [-122.55300638, 37.89844911], [-122.55300644, 37.8984401], [-122.55297232, 37.89843997], [-122.55297237, 37.89843095], [-122.55293825, 37.89843082], [-122.5529383, 37.89842181], [-122.55290418, 37.89842168], [-122.55290424, 37.89841267], [-122.55282462, 37.89841237], [-122.55282456, 37.89842138], [-122.55280182, 37.89842129], [-122.55280176, 37.8984303], [-122.55277901, 37.89843022], [-122.55277896, 37.89843923], [-122.55269934, 37.89843893], [-122.5526994, 37.89842992], [-122.55267665, 37.89842983], [-122.5526767, 37.89842082], [-122.55265396, 37.89842073], [-122.55265401, 37.89841172], [-122.55263126, 37.89841163], [-122.55263132, 37.89840262], [-122.55261994, 37.89840258], [-122.55262, 37.89839356], [-122.55260863, 37.89839352], [-122.55260868, 37.89838451], [-122.55258593, 37.89838442], [-122.55258604, 37.89836639], [-122.55257467, 37.89836635], [-122.55257472, 37.89835734], [-122.55256335, 37.8983573], [-122.5525634, 37.89834828], [-122.55254065, 37.8983482], [-122.55254071, 37.89833918], [-122.55250659, 37.89833905], [-122.55250664, 37.89833004], [-122.55238153, 37.89832956], [-122.55238158, 37.89832055], [-122.55227922, 37.89832016], [-122.55227917, 37.89832918], [-122.5522223, 37.89832896], [-122.55222235, 37.89831995], [-122.5521996, 37.89831986], [-122.55219966, 37.89831085], [-122.55214279, 37.89831063], [-122.55214284, 37.89830162], [-122.55209735, 37.89830144], [-122.5520974, 37.89829243], [-122.55208603, 37.89829239], [-122.55208608, 37.89828338], [-122.55207471, 37.89828333], [-122.55207487, 37.89825629], [-122.55204075, 37.89825616], [-122.55204081, 37.89824715], [-122.55198394, 37.89824694], [-122.55198388, 37.89825595], [-122.55196114, 37.89825586], [-122.55196108, 37.89826487], [-122.55187009, 37.89826453], [-122.55187004, 37.89827354], [-122.55180179, 37.89827328], [-122.55180185, 37.89826427], [-122.55176773, 37.89826414], [-122.55176778, 37.89825513], [-122.55174503, 37.89825504], [-122.55174509, 37.89824603], [-122.55173371, 37.89824598], [-122.55173377, 37.89823697], [-122.55172239, 37.89823693], [-122.55172245, 37.89822791], [-122.55171108, 37.89822787], [-122.55171113, 37.89821886], [-122.55166563, 37.89821868], [-122.55166569, 37.89820967], [-122.55165432, 37.89820963], [-122.55165426, 37.89821864], [-122.55162014, 37.89821851], [-122.55162019, 37.8982095], [-122.55159745, 37.89820941], [-122.55159739, 37.89821842], [-122.55157464, 37.89821834], [-122.5515747, 37.89820933], [-122.55154058, 37.8982092], [-122.55154052, 37.89821821], [-122.55147228, 37.89821795], [-122.55147223, 37.89822696], [-122.55142673, 37.89822679], [-122.55142678, 37.89821777], [-122.55138129, 37.8982176], [-122.55138134, 37.89820859], [-122.55136997, 37.89820854], [-122.55137008, 37.89819052], [-122.55138145, 37.89819056], [-122.55138173, 37.8981455], [-122.55137035, 37.89814546], [-122.55137046, 37.89812743], [-122.55134771, 37.89812734], [-122.55134782, 37.89810932], [-122.55133645, 37.89810927], [-122.55133656, 37.89809125], [-122.55131381, 37.89809116], [-122.55131387, 37.89808215], [-122.55130249, 37.89808211], [-122.55130255, 37.89807309], [-122.5512798, 37.89807301], [-122.55127986, 37.89806399], [-122.55125711, 37.89806391], [-122.55125716, 37.89805489], [-122.55124579, 37.89805485], [-122.55124584, 37.89804584], [-122.55123447, 37.89804579], [-122.55123452, 37.89803678], [-122.55121178, 37.8980367], [-122.55121183, 37.89802768], [-122.55114359, 37.89802742], [-122.55114364, 37.89801841], [-122.55113227, 37.89801837], [-122.55113232, 37.89800935], [-122.55112095, 37.89800931], [-122.55112101, 37.8980003], [-122.55110963, 37.89800025], [-122.55110969, 37.89799124], [-122.55109831, 37.8979912], [-122.55109837, 37.89798218], [-122.55108699, 37.89798214], [-122.55108705, 37.89797313], [-122.55107567, 37.89797309], [-122.55107573, 37.89796407], [-122.55105298, 37.89796399], [-122.55105304, 37.89795497], [-122.55104166, 37.89795493], [-122.55104172, 37.89794592], [-122.55103034, 37.89794587], [-122.5510304, 37.89793686], [-122.55100765, 37.89793677], [-122.55100781, 37.89790974], [-122.55099644, 37.89790969], [-122.5509965, 37.89790068], [-122.55098512, 37.89790064], [-122.55098529, 37.8978736], [-122.55097391, 37.89787355], [-122.55097408, 37.89784652], [-122.5509627, 37.89784647], [-122.55096276, 37.89783746], [-122.55095138, 37.89783742], [-122.55095155, 37.89781038], [-122.55094017, 37.89781033], [-122.55094039, 37.89777428], [-122.55095177, 37.89777433], [-122.55095182, 37.89776531], [-122.5509632, 37.89776536], [-122.55096331, 37.89774733], [-122.55097468, 37.89774738], [-122.55097512, 37.89767527], [-122.55098649, 37.89767532], [-122.55098671, 37.89763927], [-122.55099808, 37.89763931], [-122.55099814, 37.8976303], [-122.55100951, 37.89763034], [-122.55100957, 37.89762133], [-122.55102094, 37.89762137], [-122.55102105, 37.89760334], [-122.55103242, 37.89760339], [-122.55103253, 37.89758536], [-122.55104391, 37.89758541], [-122.55104396, 37.89757639], [-122.55105534, 37.89757644], [-122.55105544, 37.89755841], [-122.55106682, 37.89755845], [-122.55106687, 37.89754944], [-122.55107825, 37.89754948], [-122.55107836, 37.89753146], [-122.55108973, 37.8975315], [-122.55109006, 37.89747743], [-122.55110143, 37.89747747], [-122.55110149, 37.89746846], [-122.55111286, 37.8974685], [-122.55111292, 37.89745949], [-122.55112429, 37.89745953], [-122.55112434, 37.89745052], [-122.55114709, 37.8974506], [-122.55114715, 37.89744159], [-122.55118127, 37.89744172], [-122.55118132, 37.89743271], [-122.55120407, 37.8974328], [-122.55120412, 37.89742378], [-122.55122687, 37.89742387], [-122.55122693, 37.89741486], [-122.5512383, 37.8974149], [-122.55123835, 37.89740589], [-122.55124973, 37.89740593], [-122.55125, 37.89736087], [-122.55123863, 37.89736082], [-122.55123868, 37.89735181], [-122.55122731, 37.89735177], [-122.55122736, 37.89734275], [-122.55121599, 37.89734271], [-122.55121604, 37.8973337], [-122.5511933, 37.89733361], [-122.55119335, 37.8973246], [-122.5511706, 37.89732451], [-122.55117066, 37.8973155], [-122.55114791, 37.89731541], [-122.55114797, 37.8973064], [-122.55113659, 37.89730636], [-122.55113665, 37.89729734], [-122.55112527, 37.8972973], [-122.55112533, 37.89728829], [-122.55111396, 37.89728824], [-122.55111401, 37.89727923], [-122.55110264, 37.89727919], [-122.55110269, 37.89727018], [-122.55109132, 37.89727013], [-122.55109137, 37.89726112], [-122.55108, 37.89726108], [-122.55108005, 37.89725206], [-122.55106868, 37.89725202], [-122.55106879, 37.89723399], [-122.55105742, 37.89723395], [-122.55105758, 37.89720691], [-122.55104621, 37.89720687], [-122.55104632, 37.89718884], [-122.55100082, 37.89718867], [-122.55100088, 37.89717966], [-122.55094401, 37.89717944], [-122.55094395, 37.89718845], [-122.55093258, 37.89718841], [-122.55093252, 37.89719742], [-122.55090978, 37.89719734], [-122.55090972, 37.89720635], [-122.55089835, 37.8972063], [-122.55089829, 37.89721532], [-122.55088692, 37.89721527], [-122.55088687, 37.89722429], [-122.55087549, 37.89722424], [-122.55087544, 37.89723326], [-122.55086406, 37.89723321], [-122.55086401, 37.89724223], [-122.55085263, 37.89724218], [-122.55085258, 37.8972512], [-122.55084121, 37.89725115], [-122.55084115, 37.89726016], [-122.55082978, 37.89726012], [-122.55082972, 37.89726913], [-122.55081835, 37.89726909], [-122.55081829, 37.8972781], [-122.55079555, 37.89727802], [-122.55079549, 37.89728703], [-122.55077275, 37.89728694], [-122.55077269, 37.89729596], [-122.5507272, 37.89729578], [-122.55072725, 37.89728677], [-122.55071588, 37.89728673], [-122.55071593, 37.89727771], [-122.55070456, 37.89727767], [-122.55070461, 37.89726866], [-122.55069324, 37.89726861], [-122.55069329, 37.8972596], [-122.55067055, 37.89725951], [-122.5506706, 37.8972505], [-122.55064785, 37.89725041], [-122.55064791, 37.8972414], [-122.55063654, 37.89724136], [-122.55063659, 37.89723234], [-122.55062522, 37.8972323], [-122.55062527, 37.89722329], [-122.5506139, 37.89722325], [-122.55061395, 37.89721423], [-122.55059121, 37.89721415], [-122.55059126, 37.89720513], [-122.55055714, 37.897205], [-122.55055719, 37.89719599], [-122.55052307, 37.89719586], [-122.55052313, 37.89718685], [-122.55048901, 37.89718672], [-122.55048895, 37.89719573], [-122.55043208, 37.89719551], [-122.55043214, 37.8971865], [-122.55037527, 37.89718628], [-122.55037532, 37.89717727], [-122.5503412, 37.89717714], [-122.55034126, 37.89716813], [-122.55026164, 37.89716782], [-122.5502617, 37.89715881], [-122.55017071, 37.89715846], [-122.55017076, 37.89714945], [-122.55010252, 37.89714919], [-122.55010247, 37.8971582], [-122.55001148, 37.89715785], [-122.55001153, 37.89714884], [-122.54995466, 37.89714862], [-122.54995472, 37.89713961], [-122.5499206, 37.89713948], [-122.54992065, 37.89713047], [-122.54989791, 37.89713038], [-122.54989796, 37.89712137], [-122.54988659, 37.89712132], [-122.54988664, 37.89711231], [-122.54986389, 37.89711222], [-122.54986395, 37.89710321], [-122.5498412, 37.89710312], [-122.54984126, 37.89709411], [-122.54981851, 37.89709402], [-122.54981856, 37.89708501], [-122.54979582, 37.89708492], [-122.54979587, 37.89707591], [-122.54977312, 37.89707582], [-122.54977318, 37.89706681], [-122.54976181, 37.89706677], [-122.54976186, 37.89705776], [-122.54975049, 37.89705771], [-122.54975054, 37.8970487], [-122.54973917, 37.89704866], [-122.54973922, 37.89703964], [-122.54972785, 37.8970396], [-122.5497279, 37.89703059], [-122.54971653, 37.89703054], [-122.54971664, 37.89701252], [-122.54970527, 37.89701247], [-122.54970532, 37.89700346], [-122.5497167, 37.8970035], [-122.54971675, 37.89699449], [-122.54975087, 37.89699462], [-122.54975093, 37.89698561], [-122.54972818, 37.89698552], [-122.54972823, 37.89697651], [-122.54963725, 37.89697616], [-122.54963719, 37.89698517], [-122.54961444, 37.89698509], [-122.54961439, 37.8969941], [-122.54959164, 37.89699401], [-122.54959159, 37.89700303], [-122.54956884, 37.89700294], [-122.54956878, 37.89701195], [-122.54953466, 37.89701182], [-122.54953461, 37.89702083], [-122.54951186, 37.89702075], [-122.54951181, 37.89702976], [-122.54945494, 37.89702954], [-122.54945488, 37.89703855], [-122.54939801, 37.89703834], [-122.54939807, 37.89702932], [-122.54932983, 37.89702906], [-122.54932988, 37.89702005], [-122.54930714, 37.89701996], [-122.54930719, 37.89701095], [-122.54928444, 37.89701086], [-122.54928461, 37.89698382], [-122.54927323, 37.89698378], [-122.54927329, 37.89697477], [-122.5492278, 37.89697459], [-122.54922785, 37.89696558], [-122.54919373, 37.89696545], [-122.54919378, 37.89695644], [-122.54918241, 37.89695639], [-122.54918247, 37.89694738], [-122.54917109, 37.89694734], [-122.54917115, 37.89693833], [-122.54915977, 37.89693828], [-122.54916038, 37.89683914], [-122.54917175, 37.89683918], [-122.54917186, 37.89682116], [-122.54916049, 37.89682112], [-122.54916054, 37.8968121], [-122.54914917, 37.89681206], [-122.54914922, 37.89680305], [-122.54913785, 37.896803], [-122.54913791, 37.89679399], [-122.54912653, 37.89679395], [-122.54912659, 37.89678493], [-122.54910384, 37.89678485], [-122.54910389, 37.89677583], [-122.54909252, 37.89677579], [-122.54909258, 37.89676678], [-122.5490812, 37.89676673], [-122.54908131, 37.89674871], [-122.54906994, 37.89674867], [-122.54906999, 37.89673965], [-122.54905862, 37.89673961], [-122.54905868, 37.8967306], [-122.54899043, 37.89673033], [-122.54899049, 37.89672132], [-122.54895637, 37.89672119], [-122.54895642, 37.89671218], [-122.54893368, 37.89671209], [-122.54893362, 37.8967211], [-122.54891087, 37.89672102], [-122.54891082, 37.89673003], [-122.54886532, 37.89672986], [-122.54886538, 37.89672084], [-122.54884263, 37.89672076], [-122.54884269, 37.89671174], [-122.54883131, 37.8967117], [-122.54883137, 37.89670269], [-122.54882, 37.89670264], [-122.54882005, 37.89669363], [-122.54880868, 37.89669359], [-122.54880873, 37.89668457], [-122.54879736, 37.89668453], [-122.54879741, 37.89667552], [-122.54878604, 37.89667547], [-122.54878609, 37.89666646], [-122.54877472, 37.89666642], [-122.54877511, 37.89660333], [-122.54878648, 37.89660337], [-122.54878659, 37.89658535], [-122.54879796, 37.89658539], [-122.54879813, 37.89655835], [-122.5488095, 37.89655839], [-122.54880978, 37.89651333], [-122.54878703, 37.89651324], [-122.54878719, 37.8964862], [-122.54879857, 37.89648625], [-122.54879868, 37.89646822], [-122.5487873, 37.89646818], [-122.54878741, 37.89645015], [-122.54877604, 37.89645011], [-122.5487761, 37.8964411], [-122.54878747, 37.89644114], [-122.54878758, 37.89642312], [-122.54879895, 37.89642316], [-122.54879912, 37.89639612], [-122.54878774, 37.89639608], [-122.5487878, 37.89638706], [-122.54876505, 37.89638698], [-122.54876511, 37.89637796], [-122.54875373, 37.89637792], [-122.54875379, 37.89636891], [-122.54874242, 37.89636886], [-122.54874253, 37.89635084], [-122.54873115, 37.8963508], [-122.54873132, 37.89632376], [-122.54871994, 37.89632371], [-122.54872011, 37.89629667], [-122.54870874, 37.89629663], [-122.54870879, 37.89628762], [-122.54869742, 37.89628757], [-122.54869747, 37.89627856], [-122.5486861, 37.89627852], [-122.54868615, 37.89626951], [-122.54867478, 37.89626946], [-122.54867489, 37.89625144], [-122.54866352, 37.89625139], [-122.54866357, 37.89624238], [-122.5486522, 37.89624234], [-122.54865225, 37.89623332], [-122.54864088, 37.89623328], [-122.54864093, 37.89622427], [-122.54862956, 37.89622422], [-122.54862967, 37.8962062], [-122.5486183, 37.89620615], [-122.54861857, 37.89616109], [-122.5486072, 37.89616105], [-122.54860742, 37.896125], [-122.54859605, 37.89612495], [-122.54859621, 37.89609791], [-122.54858484, 37.89609787], [-122.54858506, 37.89606182], [-122.54857368, 37.89606178], [-122.54857396, 37.89601671], [-122.54856259, 37.89601667], [-122.54856264, 37.89600766], [-122.54850577, 37.89600744], [-122.54850572, 37.89601645], [-122.54849435, 37.89601641], [-122.54849429, 37.89602542], [-122.5484488, 37.89602524], [-122.54844874, 37.89603426], [-122.54841462, 37.89603413], [-122.54841457, 37.89604314], [-122.54838045, 37.89604301], [-122.54838039, 37.89605202], [-122.54835764, 37.89605193], [-122.54835753, 37.89606996], [-122.54834616, 37.89606992], [-122.5483461, 37.89607893], [-122.54831198, 37.8960788], [-122.54831193, 37.89608781], [-122.54828918, 37.89608772], [-122.54828913, 37.89609674], [-122.54827775, 37.89609669], [-122.5482777, 37.89610571], [-122.54824358, 37.89610557], [-122.54824352, 37.89611459], [-122.54823215, 37.89611454], [-122.54823209, 37.89612356], [-122.54820935, 37.89612347], [-122.54820929, 37.89613248], [-122.54818655, 37.89613239], [-122.54818649, 37.89614141], [-122.54816374, 37.89614132], [-122.54816369, 37.89615033], [-122.54812957, 37.8961502], [-122.54812951, 37.89615921], [-122.54809539, 37.89615908], [-122.54809534, 37.8961681], [-122.54806122, 37.89616797], [-122.54806116, 37.89617698], [-122.54802704, 37.89617685], [-122.5480271, 37.89616783], [-122.5479816, 37.89616766], [-122.54798166, 37.89615865], [-122.54794754, 37.89615852], [-122.54794759, 37.8961495], [-122.54784523, 37.89614911], [-122.54784529, 37.8961401], [-122.54783391, 37.89614005], [-122.54783397, 37.89613104], [-122.54782259, 37.896131], [-122.54782265, 37.89612198], [-122.54781128, 37.89612194], [-122.54781133, 37.89611293], [-122.54779996, 37.89611288], [-122.54780001, 37.89610387], [-122.54778864, 37.89610383], [-122.54778869, 37.89609481], [-122.54777732, 37.89609477], [-122.54777738, 37.89608576], [-122.547766, 37.89608571], [-122.54776611, 37.89606769], [-122.54775474, 37.89606765], [-122.54775479, 37.89605863], [-122.54774342, 37.89605859], [-122.54774364, 37.89602254], [-122.54773227, 37.89602249], [-122.54773287, 37.89592335], [-122.5477215, 37.89592331], [-122.54772211, 37.89582417], [-122.54771073, 37.89582413], [-122.54771095, 37.89578807], [-122.54769958, 37.89578803], [-122.54769986, 37.89574297], [-122.54765436, 37.89574279], [-122.54765431, 37.8957518], [-122.54762019, 37.89575167], [-122.54762013, 37.89576069], [-122.54760876, 37.89576064], [-122.5476087, 37.89576966], [-122.54758596, 37.89576957], [-122.5475859, 37.89577858], [-122.54757453, 37.89577854], [-122.54757447, 37.89578755], [-122.54755173, 37.89578746], [-122.54755167, 37.89579648], [-122.54752892, 37.89579639], [-122.54752887, 37.8958054], [-122.54750612, 37.89580531], [-122.54750607, 37.89581433], [-122.54749469, 37.89581428], [-122.54749464, 37.89582329], [-122.54747189, 37.89582321], [-122.54747184, 37.89583222], [-122.54744909, 37.89583213], [-122.54744903, 37.89584115], [-122.54742629, 37.89584106], [-122.54742623, 37.89585007], [-122.54739211, 37.89584994], [-122.54739206, 37.89585895], [-122.54736931, 37.89585886], [-122.54736925, 37.89586788], [-122.54734651, 37.89586779], [-122.54734645, 37.8958768], [-122.54732371, 37.89587672], [-122.54732365, 37.89588573], [-122.5473009, 37.89588564], [-122.54730085, 37.89589465], [-122.5472781, 37.89589457], [-122.54727805, 37.89590358], [-122.5472553, 37.89590349], [-122.54725524, 37.8959125], [-122.54720975, 37.89591233], [-122.54720981, 37.89590332], [-122.54714156, 37.89590305], [-122.54714162, 37.89589404], [-122.54707338, 37.89589378], [-122.54707343, 37.89588477], [-122.54703931, 37.89588463], [-122.54703937, 37.89587562], [-122.54699388, 37.89587545], [-122.54699393, 37.89586643], [-122.54695981, 37.8958663], [-122.54695987, 37.89585729], [-122.54693712, 37.8958572], [-122.54693717, 37.89584819], [-122.54690305, 37.89584806], [-122.54690311, 37.89583905], [-122.54689174, 37.895839], [-122.54689185, 37.89582098], [-122.54688047, 37.89582093], [-122.54688053, 37.89581192], [-122.54686915, 37.89581188], [-122.54686921, 37.89580286], [-122.54685784, 37.89580282], [-122.54685789, 37.89579381], [-122.54684652, 37.89579376], [-122.54684663, 37.89577574], [-122.54683526, 37.89577569], [-122.54683537, 37.89575767], [-122.54682399, 37.89575762], [-122.5468241, 37.8957396], [-122.54681273, 37.89573955], [-122.5468129, 37.89571252], [-122.54680152, 37.89571247], [-122.54680169, 37.89568543], [-122.54679031, 37.89568539], [-122.54679042, 37.89566736], [-122.54677905, 37.89566732], [-122.54677911, 37.89565831], [-122.54676773, 37.89565826], [-122.5467679, 37.89563123], [-122.54675653, 37.89563118], [-122.54675686, 37.89557711], [-122.54674548, 37.89557706], [-122.54674559, 37.89555904], [-122.54673422, 37.89555899], [-122.54673433, 37.89554097], [-122.54672296, 37.89554092], [-122.54672307, 37.8955229], [-122.54671169, 37.89552285], [-122.54671175, 37.89551384], [-122.546689, 37.89551375], [-122.54668906, 37.89550474], [-122.54667769, 37.8955047], [-122.54667774, 37.89549568], [-122.54666637, 37.89549564], [-122.54666642, 37.89548663], [-122.54665505, 37.89548658], [-122.5466551, 37.89547757], [-122.54664373, 37.89547753], [-122.54664379, 37.89546851], [-122.54663241, 37.89546847], [-122.54663247, 37.89545946], [-122.54662109, 37.89545941], [-122.54662115, 37.8954504], [-122.54660978, 37.89545036], [-122.54660983, 37.89544134], [-122.54659846, 37.8954413], [-122.54659851, 37.89543229], [-122.54657577, 37.8954322], [-122.54657582, 37.89542319], [-122.54656445, 37.89542314], [-122.5465645, 37.89541413], [-122.54654176, 37.89541404], [-122.54654181, 37.89540503], [-122.54651907, 37.89540494], [-122.54651912, 37.89539593], [-122.54650775, 37.89539589], [-122.5465078, 37.89538687], [-122.54648506, 37.89538679], [-122.54648511, 37.89537777], [-122.54646236, 37.89537769], [-122.54646242, 37.89536867], [-122.54641693, 37.8953685], [-122.54641698, 37.89535948], [-122.54637149, 37.89535931], [-122.54637154, 37.8953503], [-122.54631468, 37.89535008], [-122.54631462, 37.89535909], [-122.54630325, 37.89535905], [-122.5463033, 37.89535003], [-122.54628056, 37.89534995], [-122.54628061, 37.89534093], [-122.54625787, 37.89534085], [-122.54625792, 37.89533183], [-122.54624655, 37.89533179], [-122.5462466, 37.89532278], [-122.54623523, 37.89532273], [-122.54623528, 37.89531372], [-122.54622391, 37.89531368], [-122.54622397, 37.89530466], [-122.54621259, 37.89530462], [-122.54621265, 37.89529561], [-122.5461899, 37.89529552], [-122.54618996, 37.89528651], [-122.54616721, 37.89528642], [-122.54616727, 37.89527741], [-122.54615589, 37.89527736], [-122.54615595, 37.89526835], [-122.54614457, 37.8952683], [-122.54614463, 37.89525929], [-122.54612188, 37.8952592], [-122.54612194, 37.89525019], [-122.54609919, 37.8952501], [-122.54609925, 37.89524109], [-122.5460765, 37.895241], [-122.54607656, 37.89523199], [-122.54604244, 37.89523186], [-122.54604249, 37.89522285], [-122.545997, 37.89522267], [-122.54599705, 37.89521366], [-122.54598568, 37.89521361], [-122.54598574, 37.8952046], [-122.54597436, 37.89520456], [-122.54597442, 37.89519554], [-122.54596304, 37.8951955], [-122.54596315, 37.89517748], [-122.54589491, 37.89517721], [-122.54589486, 37.89518622], [-122.54582662, 37.89518596], [-122.54582667, 37.89517695], [-122.54580393, 37.89517686], [-122.54580398, 37.89516785], [-122.54578124, 37.89516776], [-122.54578129, 37.89515875], [-122.54576992, 37.8951587], [-122.54576997, 37.89514969], [-122.5457586, 37.89514965], [-122.54575866, 37.89514063], [-122.54573591, 37.89514055], [-122.54573596, 37.89513153], [-122.54572459, 37.89513149], [-122.54572465, 37.89512248], [-122.54571327, 37.89512243], [-122.54571344, 37.89509539], [-122.54570207, 37.89509535], [-122.54570218, 37.89507733], [-122.5456908, 37.89507728], [-122.54569086, 37.89506827], [-122.54570223, 37.89506831], [-122.54570234, 37.89505029], [-122.54571372, 37.89505033], [-122.54571377, 37.89504132], [-122.54572515, 37.89504136], [-122.54572526, 37.89502334], [-122.54573663, 37.89502338], [-122.54573668, 37.89501437], [-122.54574806, 37.89501441], [-122.54574811, 37.8950054], [-122.54575949, 37.89500544], [-122.54575954, 37.89499643], [-122.54574817, 37.89499639], [-122.54574861, 37.89492428], [-122.54577136, 37.89492437], [-122.54577141, 37.89491536], [-122.54579416, 37.89491545], [-122.54579422, 37.89490643], [-122.54580559, 37.89490648], [-122.5458057, 37.89488845], [-122.54581707, 37.8948885], [-122.54581713, 37.89487948], [-122.5458285, 37.89487953], [-122.54582856, 37.89487051], [-122.5458513, 37.8948706], [-122.54585136, 37.89486159], [-122.54586273, 37.89486163], [-122.54586284, 37.89484361], [-122.54587422, 37.89484365], [-122.54587427, 37.89483464], [-122.54588565, 37.89483468], [-122.5458857, 37.89482567], [-122.54589707, 37.89482571], [-122.54589713, 37.8948167], [-122.5459085, 37.89481674], [-122.54590867, 37.89478971], [-122.5458973, 37.89478966], [-122.54589735, 37.89478065], [-122.54590872, 37.89478069], [-122.54590878, 37.89477168], [-122.54592015, 37.89477172], [-122.54592021, 37.89476271], [-122.54593158, 37.89476276], [-122.54593175, 37.89473572], [-122.54594312, 37.89473576], [-122.54594329, 37.89470872], [-122.54595466, 37.89470877], [-122.54595483, 37.89468173], [-122.5459662, 37.89468177], [-122.54596653, 37.8946277], [-122.5459779, 37.89462774], [-122.54597802, 37.89460971], [-122.54598939, 37.89460976], [-122.5459895, 37.89459173], [-122.54600087, 37.89459178], [-122.54600104, 37.89456474], [-122.54601241, 37.89456478], [-122.54601247, 37.89455577], [-122.54602384, 37.89455581], [-122.54602395, 37.89453779], [-122.54603532, 37.89453783], [-122.54603538, 37.89452882], [-122.54604675, 37.89452886], [-122.54604681, 37.89451985], [-122.54610367, 37.89452007], [-122.54610373, 37.89451106], [-122.5461606, 37.89451128], [-122.54616065, 37.89450226], [-122.54620614, 37.89450244], [-122.5462062, 37.89449343], [-122.54630856, 37.89449382], [-122.54630861, 37.89448481], [-122.54634273, 37.89448494], [-122.54634279, 37.89447593], [-122.54635416, 37.89447597], [-122.54635422, 37.89446696], [-122.54637696, 37.89446704], [-122.54637702, 37.89445803], [-122.54641114, 37.89445816], [-122.54641119, 37.89444915], [-122.54643394, 37.89444924], [-122.546434, 37.89444023], [-122.54645674, 37.89444031], [-122.5464568, 37.8944313], [-122.54646817, 37.89443134], [-122.54646828, 37.89441332], [-122.54647966, 37.89441336], [-122.54647971, 37.89440435], [-122.54650246, 37.89440444], [-122.54650251, 37.89439542], [-122.54653663, 37.89439556], [-122.54653669, 37.89438654], [-122.54654806, 37.89438659], [-122.546548, 37.8943956], [-122.54655938, 37.89439564], [-122.54655927, 37.89441367], [-122.54657064, 37.89441371], [-122.54657059, 37.89442273], [-122.54655921, 37.89442268], [-122.5465591, 37.89444071], [-122.54657047, 37.89444075], [-122.54657042, 37.89444976], [-122.54658179, 37.89444981], [-122.54658174, 37.89445882], [-122.54666135, 37.89445913], [-122.54666129, 37.89446814], [-122.54670679, 37.89446831], [-122.54670673, 37.89447733], [-122.54675223, 37.8944775], [-122.54675217, 37.89448652], [-122.54683178, 37.89448682], [-122.54683173, 37.89449583], [-122.54693409, 37.89449623], [-122.54693403, 37.89450524], [-122.54707051, 37.89450577], [-122.54707057, 37.89449675], [-122.54733215, 37.89449776], [-122.54733193, 37.89453381], [-122.54740017, 37.89453407], [-122.54740022, 37.89452506], [-122.54746846, 37.89452532], [-122.54746852, 37.89451631], [-122.54750264, 37.89451644], [-122.54750269, 37.89450743], [-122.54753681, 37.89450756], [-122.54753687, 37.89449855], [-122.54755961, 37.89449863], [-122.54755967, 37.89448962], [-122.54757104, 37.89448967], [-122.5475711, 37.89448065], [-122.54759384, 37.89448074], [-122.5475939, 37.89447173], [-122.54761665, 37.89447182], [-122.5476167, 37.8944628], [-122.54765082, 37.89446293], [-122.54765088, 37.89445392], [-122.54767362, 37.89445401], [-122.54767368, 37.894445], [-122.5477078, 37.89444513], [-122.54770785, 37.89443611], [-122.5477306, 37.8944362], [-122.54773065, 37.89442719], [-122.54777615, 37.89442736], [-122.5477762, 37.89441835], [-122.54779895, 37.89441844], [-122.547799, 37.89440942], [-122.54788999, 37.89440977], [-122.54789005, 37.89440076], [-122.54793554, 37.89440094], [-122.54793548, 37.89440995], [-122.54806059, 37.89441043], [-122.54806053, 37.89441944], [-122.54812877, 37.8944197], [-122.54812872, 37.89442872], [-122.54828794, 37.89442933], [-122.548288, 37.89442032], [-122.54831074, 37.8944204], [-122.5483108, 37.89441139], [-122.54836767, 37.89441161], [-122.54836772, 37.8944026], [-122.54853832, 37.89440325], [-122.54853826, 37.89441226], [-122.5486065, 37.89441252], [-122.54860656, 37.89440351], [-122.5486293, 37.8944036], [-122.54862936, 37.89439459], [-122.54864073, 37.89439463], [-122.54864079, 37.89438562], [-122.54862941, 37.89438557], [-122.54862947, 37.89437656], [-122.54859535, 37.89437643], [-122.54859541, 37.89436742], [-122.54857266, 37.89436733], [-122.54857271, 37.89435832], [-122.54854997, 37.89435823], [-122.54855002, 37.89434922], [-122.54853865, 37.89434917], [-122.5485387, 37.89434016], [-122.54851596, 37.89434007], [-122.54851601, 37.89433106], [-122.54850464, 37.89433102], [-122.54850469, 37.894322], [-122.54849332, 37.89432196], [-122.54849338, 37.89431295], [-122.54847063, 37.89431286], [-122.54847069, 37.89430385], [-122.54843657, 37.89430372], [-122.54843662, 37.8942947], [-122.54841387, 37.89429462], [-122.54841393, 37.8942856], [-122.54836844, 37.89428543], [-122.54836849, 37.89427642], [-122.54833437, 37.89427629], [-122.54833443, 37.89426727], [-122.54830031, 37.89426714], [-122.54830036, 37.89425813], [-122.54827762, 37.89425804], [-122.54827767, 37.89424903], [-122.54825492, 37.89424894], [-122.54825498, 37.89423993], [-122.54822086, 37.8942398], [-122.54822092, 37.89423078], [-122.54820954, 37.89423074], [-122.5482096, 37.89422173], [-122.54819822, 37.89422168], [-122.54819828, 37.89421267], [-122.54817553, 37.89421258], [-122.54817559, 37.89420357], [-122.54816421, 37.89420353], [-122.54816427, 37.89419452], [-122.5481529, 37.89419447], [-122.54815295, 37.89418546], [-122.54813021, 37.89418537], [-122.54813026, 37.89417636], [-122.54811889, 37.89417632], [-122.548119, 37.89415829], [-122.54810762, 37.89415825], [-122.54810768, 37.89414923], [-122.54809631, 37.89414919], [-122.54809636, 37.89414018], [-122.54806224, 37.89414005], [-122.5480623, 37.89413103], [-122.54803955, 37.89413095], [-122.54803961, 37.89412193], [-122.54801686, 37.89412185], [-122.54801691, 37.89411283], [-122.54797142, 37.89411266], [-122.54797148, 37.89410365], [-122.54792598, 37.89410347], [-122.54792604, 37.89409446], [-122.54781231, 37.89409402], [-122.54781236, 37.89408501], [-122.54776687, 37.89408483], [-122.54776692, 37.89407582], [-122.54772143, 37.89407565], [-122.54772149, 37.89406663], [-122.54767599, 37.89406646], [-122.54767605, 37.89405745], [-122.54766468, 37.8940574], [-122.54766473, 37.89404839], [-122.54764199, 37.8940483], [-122.54764204, 37.89403929], [-122.54761929, 37.8940392], [-122.54761924, 37.89404821], [-122.54757375, 37.89404804], [-122.5475738, 37.89403903], [-122.54753968, 37.8940389], [-122.54753974, 37.89402988], [-122.54751699, 37.8940298], [-122.54751705, 37.89402078], [-122.54748293, 37.89402065], [-122.54748298, 37.89401164], [-122.54747161, 37.89401159], [-122.54747166, 37.89400258], [-122.54744892, 37.89400249], [-122.54744897, 37.89399348], [-122.54742623, 37.89399339], [-122.54742628, 37.89398438], [-122.54739216, 37.89398425], [-122.54739222, 37.89397524], [-122.54738084, 37.89397519], [-122.5473809, 37.89396618], [-122.54734678, 37.89396605], [-122.54734683, 37.89395704], [-122.54725585, 37.89395669], [-122.5472559, 37.89394767], [-122.54719904, 37.89394746], [-122.54719909, 37.89393844], [-122.54717635, 37.89393836], [-122.5471764, 37.89392934], [-122.54714228, 37.89392921], [-122.54714234, 37.8939202], [-122.54710822, 37.89392007], [-122.54710827, 37.89391105], [-122.54708553, 37.89391097], [-122.54708558, 37.89390195], [-122.54705146, 37.89390182], [-122.54705152, 37.89389281], [-122.5470174, 37.89389268], [-122.54701746, 37.89388367], [-122.54700608, 37.89388362], [-122.54700614, 37.89387461], [-122.54698339, 37.89387452], [-122.54698345, 37.89386551], [-122.5469607, 37.89386542], [-122.54696076, 37.89385641], [-122.54693801, 37.89385632], [-122.54693806, 37.89384731], [-122.54690394, 37.89384718], [-122.546904, 37.89383816], [-122.54689263, 37.89383812], [-122.54689268, 37.89382911], [-122.54688131, 37.89382906], [-122.54688142, 37.89381104], [-122.54685867, 37.89381095], [-122.54685873, 37.89380194], [-122.54684736, 37.89380189], [-122.54684741, 37.89379288], [-122.54682466, 37.89379279], [-122.54682472, 37.89378378], [-122.54680197, 37.89378369], [-122.54680203, 37.89377468], [-122.54679066, 37.89377464], [-122.5467906, 37.89378365], [-122.54677923, 37.89378361], [-122.54677928, 37.89377459], [-122.54675654, 37.89377451], [-122.54675659, 37.89376549], [-122.54673384, 37.89376541], [-122.5467339, 37.89375639], [-122.54667703, 37.89375617], [-122.54667709, 37.89374716], [-122.54664297, 37.89374703], [-122.54664303, 37.89373802], [-122.54663165, 37.89373797], [-122.54663171, 37.89372896], [-122.54662033, 37.89372892], [-122.54662039, 37.8937199], [-122.5465749, 37.89371973], [-122.54657495, 37.89371072], [-122.54655221, 37.89371063], [-122.54655226, 37.89370162], [-122.54652952, 37.89370153], [-122.54652957, 37.89369251], [-122.54650682, 37.89369243], [-122.54650688, 37.89368341], [-122.54649551, 37.89368337], [-122.54649556, 37.89367436], [-122.54648419, 37.89367431], [-122.54648424, 37.8936653], [-122.5464615, 37.89366521], [-122.54646155, 37.8936562], [-122.54645018, 37.89365616], [-122.54645024, 37.89364714], [-122.54643886, 37.8936471], [-122.54643892, 37.89363809], [-122.54641617, 37.893638], [-122.54641623, 37.89362899], [-122.54640485, 37.89362894], [-122.54640491, 37.89361993], [-122.54639354, 37.89361989], [-122.54639359, 37.89361087], [-122.54637085, 37.89361079], [-122.5463709, 37.89360177], [-122.54634815, 37.89360169], [-122.54634821, 37.89359267], [-122.54633684, 37.89359263], [-122.54633689, 37.89358362], [-122.54632552, 37.89358357], [-122.54632557, 37.89357456], [-122.5463142, 37.89357452], [-122.54631426, 37.8935655], [-122.54630288, 37.89356546], [-122.54630294, 37.89355645], [-122.54628019, 37.89355636], [-122.54628025, 37.89354735], [-122.54626887, 37.8935473], [-122.54626893, 37.89353829], [-122.54625756, 37.89353825], [-122.54625761, 37.89352923], [-122.54624624, 37.89352919], [-122.54624629, 37.89352018], [-122.54623492, 37.89352013], [-122.54623503, 37.89350211], [-122.54622366, 37.89350206], [-122.54622371, 37.89349305], [-122.54621234, 37.89349301], [-122.5462124, 37.89348399], [-122.54620102, 37.89348395], [-122.54620108, 37.89347494], [-122.54618971, 37.89347489], [-122.54618976, 37.89346588], [-122.54617839, 37.89346584], [-122.54617844, 37.89345682], [-122.54616707, 37.89345678], [-122.54616713, 37.89344777], [-122.54615575, 37.89344772], [-122.54615586, 37.8934297], [-122.54614449, 37.89342965], [-122.5461446, 37.89341163], [-122.54613323, 37.89341158], [-122.54613334, 37.89339356], [-122.54612197, 37.89339352], [-122.54612208, 37.89337549], [-122.5461107, 37.89337545], [-122.54611087, 37.89334841], [-122.5460995, 37.89334836], [-122.54609955, 37.89333935], [-122.54608818, 37.89333931], [-122.54608829, 37.89332128], [-122.54607692, 37.89332124], [-122.54607703, 37.89330321], [-122.54606565, 37.89330317], [-122.54606576, 37.89328514], [-122.54605439, 37.8932851], [-122.54605456, 37.89325806], [-122.54604318, 37.89325802], [-122.54604346, 37.89321295], [-122.54603209, 37.89321291], [-122.54603214, 37.8932039], [-122.54604352, 37.89320394], [-122.54604385, 37.89314986], [-122.54605522, 37.89314991], [-122.54605544, 37.89311386], [-122.54600995, 37.89311368], [-122.54601023, 37.89306862], [-122.5460216, 37.89306866], [-122.54602171, 37.89305063], [-122.54603308, 37.89305068], [-122.54603319, 37.89303265], [-122.54604457, 37.8930327], [-122.54604468, 37.89301467], [-122.54605605, 37.89301472], [-122.54605616, 37.89299669], [-122.54606753, 37.89299673], [-122.54606759, 37.89298772], [-122.54607896, 37.89298776], [-122.54607902, 37.89297875], [-122.54609039, 37.8929788], [-122.5460905, 37.89296077], [-122.54610188, 37.89296081], [-122.54610193, 37.8929518], [-122.5461133, 37.89295185], [-122.54611341, 37.89293382], [-122.54612479, 37.89293386], [-122.5461249, 37.89291584], [-122.54613627, 37.89291588], [-122.54613644, 37.89288884], [-122.54614781, 37.89288889], [-122.54614798, 37.89286185], [-122.54615935, 37.89286189], [-122.54615951, 37.89283485], [-122.54617089, 37.8928349], [-122.54617122, 37.89278082], [-122.54618259, 37.89278087], [-122.5461832, 37.89268172], [-122.54619457, 37.89268177], [-122.54619518, 37.89258263], [-122.54620656, 37.89258267], [-122.54620667, 37.89256465], [-122.54621804, 37.89256469], [-122.54621815, 37.89254666], [-122.54622952, 37.89254671], [-122.54622963, 37.89252868], [-122.54624101, 37.89252873], [-122.54624112, 37.8925107], [-122.54625249, 37.89251074], [-122.54625266, 37.89248371], [-122.54626403, 37.89248375], [-122.54626414, 37.89246572], [-122.54627551, 37.89246577], [-122.54627557, 37.89245676], [-122.54628694, 37.8924568], [-122.54628705, 37.89243877], [-122.54629842, 37.89243882], [-122.54629859, 37.89241178], [-122.54630996, 37.89241182], [-122.54631002, 37.89240281], [-122.54632139, 37.89240285], [-122.5463215, 37.89238483], [-122.54633287, 37.89238487], [-122.54633293, 37.89237586], [-122.5463443, 37.8923759], [-122.54634436, 37.89236689], [-122.54635573, 37.89236693], [-122.54635579, 37.89235792], [-122.54636716, 37.89235797], [-122.54636721, 37.89234895], [-122.54637859, 37.892349], [-122.54637864, 37.89233998], [-122.54639002, 37.89234003], [-122.54639013, 37.892322], [-122.5464015, 37.89232205], [-122.54640155, 37.89231303], [-122.54641293, 37.89231308], [-122.54641298, 37.89230406], [-122.54642436, 37.89230411], [-122.54642441, 37.8922951], [-122.54643578, 37.89229514], [-122.54643584, 37.89228613], [-122.54644721, 37.89228617], [-122.54644727, 37.89227716], [-122.54645864, 37.8922772], [-122.5464587, 37.89226819], [-122.54647007, 37.89226823], [-122.54647018, 37.89225021], [-122.54648155, 37.89225025], [-122.54648161, 37.89224124], [-122.54649298, 37.89224128], [-122.54649309, 37.89222326], [-122.54650446, 37.8922233], [-122.54650452, 37.89221429], [-122.54651589, 37.89221433], [-122.546516, 37.89219631], [-122.54652738, 37.89219635], [-122.54652749, 37.89217832], [-122.54653886, 37.89217837], [-122.54653902, 37.89215133], [-122.5465504, 37.89215137], [-122.54655045, 37.89214236], [-122.54656183, 37.8921424], [-122.54656188, 37.89213339], [-122.54657325, 37.89213344], [-122.54657331, 37.89212442], [-122.54658468, 37.89212447], [-122.54658496, 37.8920794], [-122.54657359, 37.89207936], [-122.5465737, 37.89206133], [-122.54656232, 37.89206129], [-122.54656238, 37.89205228], [-122.54655101, 37.89205223], [-122.54655106, 37.89204322], [-122.54651694, 37.89204309], [-122.546517, 37.89203408], [-122.54650562, 37.89203403], [-122.54650557, 37.89204304], [-122.54646008, 37.89204287], [-122.54646002, 37.89205188], [-122.54643728, 37.89205179], [-122.54643722, 37.89206081], [-122.54641448, 37.89206072], [-122.54641453, 37.89205171], [-122.54640316, 37.89205166], [-122.5464031, 37.89206068], [-122.54636898, 37.89206054], [-122.54636893, 37.89206956], [-122.54633481, 37.89206943], [-122.54633476, 37.89207844], [-122.54631201, 37.89207835], [-122.54631195, 37.89208736], [-122.54627784, 37.89208723], [-122.54627789, 37.89207822], [-122.54625515, 37.89207813], [-122.54625509, 37.89208714], [-122.54622097, 37.89208701], [-122.54622092, 37.89209603], [-122.54619817, 37.89209594], [-122.54619812, 37.89210495], [-122.54617537, 37.89210486], [-122.54617526, 37.89212289], [-122.54616389, 37.89212284], [-122.54616378, 37.89214087], [-122.5461524, 37.89214083], [-122.54615235, 37.89214984], [-122.5461296, 37.89214975], [-122.54612955, 37.89215876], [-122.54611817, 37.89215872], [-122.54611812, 37.89216773], [-122.54609537, 37.89216765], [-122.54609532, 37.89217666], [-122.54607257, 37.89217657], [-122.54607252, 37.89218558], [-122.54606114, 37.89218554], [-122.54606109, 37.89219455], [-122.54603834, 37.89219446], [-122.54603829, 37.89220348], [-122.54602691, 37.89220343], [-122.54602686, 37.89221245], [-122.54601549, 37.8922124], [-122.54601543, 37.89222142], [-122.54599268, 37.89222133], [-122.54599263, 37.89223034], [-122.54598126, 37.8922303], [-122.5459812, 37.89223931], [-122.54596983, 37.89223927], [-122.54596977, 37.89224828], [-122.5459584, 37.89224823], [-122.54595829, 37.89226626], [-122.54594692, 37.89226622], [-122.54594686, 37.89227523], [-122.54593549, 37.89227518], [-122.54593543, 37.8922842], [-122.54592406, 37.89228415], [-122.545924, 37.89229317], [-122.54591263, 37.89229312], [-122.54591258, 37.89230214], [-122.5459012, 37.89230209], [-122.54590109, 37.89232012], [-122.54591246, 37.89232016], [-122.54591241, 37.89232917], [-122.54590104, 37.89232913], [-122.54590098, 37.89233814], [-122.54588961, 37.8923381], [-122.5458895, 37.89235612], [-122.54587812, 37.89235608], [-122.54587801, 37.89237411], [-122.54586664, 37.89237406], [-122.54586659, 37.89238307], [-122.54585521, 37.89238303], [-122.54585516, 37.89239204], [-122.54584378, 37.892392], [-122.54584373, 37.89240101], [-122.54583236, 37.89240097], [-122.54583225, 37.89241899], [-122.54582087, 37.89241895], [-122.54582082, 37.89242796], [-122.54580944, 37.89242792], [-122.54580939, 37.89243693], [-122.54579802, 37.89243689], [-122.54579796, 37.8924459], [-122.54578659, 37.89244586], [-122.54578653, 37.89245487], [-122.54577516, 37.89245483], [-122.5457751, 37.89246384], [-122.54576373, 37.89246379], [-122.54576362, 37.89248182], [-122.54575225, 37.89248178], [-122.54575219, 37.89249079], [-122.54574082, 37.89249075], [-122.54574076, 37.89249976], [-122.54572939, 37.89249971], [-122.54572934, 37.89250873], [-122.54571796, 37.89250868], [-122.54571791, 37.8925177], [-122.54570653, 37.89251765], [-122.54570648, 37.89252666], [-122.54568373, 37.89252658], [-122.54568368, 37.89253559], [-122.54566093, 37.8925355], [-122.54566088, 37.89254451], [-122.5456495, 37.89254447], [-122.54564945, 37.89255348], [-122.54563807, 37.89255344], [-122.54563802, 37.89256245], [-122.54562665, 37.89256241], [-122.54562659, 37.89257142], [-122.54560385, 37.89257133], [-122.54560379, 37.89258035], [-122.54559242, 37.8925803], [-122.54559236, 37.89258932], [-122.54556962, 37.89258923], [-122.54556956, 37.89259824], [-122.54554681, 37.89259815], [-122.54554676, 37.89260717], [-122.5454444, 37.89260677], [-122.54544446, 37.89259776], [-122.54542171, 37.89259767], [-122.54542177, 37.89258866], [-122.54539902, 37.89258857], [-122.54539908, 37.89257956], [-122.54537633, 37.89257947], [-122.54537639, 37.89257046], [-122.54536501, 37.89257041], [-122.54536507, 37.8925614], [-122.54534232, 37.89256131], [-122.54534238, 37.8925523], [-122.54533101, 37.89255225], [-122.54533112, 37.89253423], [-122.54531974, 37.89253418], [-122.5453198, 37.89252517], [-122.54530843, 37.89252513], [-122.54530848, 37.89251612], [-122.54529711, 37.89251607], [-122.54529716, 37.89250706], [-122.54528579, 37.89250701], [-122.54528585, 37.892498], [-122.5452631, 37.89249791], [-122.54526316, 37.8924889], [-122.54525178, 37.89248886], [-122.54525189, 37.89247083], [-122.54524052, 37.89247079], [-122.54524058, 37.89246178], [-122.5452292, 37.89246173], [-122.54522931, 37.89244371], [-122.54521794, 37.89244366], [-122.54521811, 37.89241662], [-122.54520674, 37.89241658], [-122.54520685, 37.89239855], [-122.54519547, 37.89239851], [-122.54519558, 37.89238048], [-122.54518421, 37.89238044], [-122.54518432, 37.89236241], [-122.54517295, 37.89236237], [-122.54517306, 37.89234435], [-122.54513894, 37.89234421], [-122.545139, 37.8923352], [-122.54512762, 37.89233516], [-122.54512773, 37.89231713], [-122.54511636, 37.89231709], [-122.54511647, 37.89229906], [-122.5451051, 37.89229902], [-122.54510532, 37.89226297], [-122.54509395, 37.89226292], [-122.54509417, 37.89222687], [-122.54510554, 37.89222692], [-122.5451056, 37.8922179], [-122.54511697, 37.89221795], [-122.54511725, 37.89217288], [-122.54510588, 37.89217284], [-122.54510593, 37.89216383], [-122.54509456, 37.89216378], [-122.54509461, 37.89215477], [-122.54508324, 37.89215473], [-122.54508335, 37.8921367], [-122.54507198, 37.89213666], [-122.54507203, 37.89212764], [-122.54504929, 37.89212756], [-122.54504934, 37.89211854], [-122.54503797, 37.8921185], [-122.54503803, 37.89210949], [-122.54498116, 37.89210927], [-122.54498111, 37.89211828], [-122.54496973, 37.89211823], [-122.54496968, 37.89212725], [-122.54495831, 37.8921272], [-122.54495825, 37.89213622], [-122.54494688, 37.89213617], [-122.54494682, 37.89214518], [-122.54493545, 37.89214514], [-122.54493539, 37.89215415], [-122.54491265, 37.89215407], [-122.54491259, 37.89216308], [-122.54490122, 37.89216303], [-122.54490116, 37.89217205], [-122.54487842, 37.89217196], [-122.54487836, 37.89218097], [-122.54486699, 37.89218093], [-122.54486693, 37.89218994], [-122.54485556, 37.8921899], [-122.54485551, 37.89219891], [-122.54483276, 37.89219882], [-122.54483271, 37.89220783], [-122.54479859, 37.8922077], [-122.54479853, 37.89221672], [-122.54477579, 37.89221663], [-122.54477573, 37.89222564], [-122.54475298, 37.89222555], [-122.54475293, 37.89223457], [-122.54474156, 37.89223452], [-122.5447415, 37.89224353], [-122.54473013, 37.89224349], [-122.54473002, 37.89226152], [-122.54474139, 37.89226156], [-122.54474128, 37.89227959], [-122.54475265, 37.89227963], [-122.54475254, 37.89229765], [-122.54476391, 37.8922977], [-122.54476386, 37.89230671], [-122.54475248, 37.89230667], [-122.54475243, 37.89231568], [-122.54474106, 37.89231564], [-122.544741, 37.89232465], [-122.54472963, 37.89232461], [-122.54472957, 37.89233362], [-122.5447182, 37.89233357], [-122.54471803, 37.89236061], [-122.54472941, 37.89236066], [-122.54472929, 37.89237868], [-122.54474067, 37.89237873], [-122.54474056, 37.89239675], [-122.54475193, 37.8923968], [-122.54475176, 37.89242383], [-122.54476314, 37.89242388], [-122.54476308, 37.89243289], [-122.54477445, 37.89243293], [-122.54477434, 37.89245096], [-122.54478572, 37.892451], [-122.5447856, 37.89246903], [-122.54479698, 37.89246907], [-122.54479676, 37.89250512], [-122.54478538, 37.89250508], [-122.54478533, 37.89251409], [-122.5447967, 37.89251414], [-122.54479642, 37.8925592], [-122.5448078, 37.89255925], [-122.54480763, 37.89258628], [-122.544819, 37.89258633], [-122.54481895, 37.89259534], [-122.54483032, 37.89259538], [-122.54483015, 37.89262242], [-122.54484153, 37.89262247], [-122.54484119, 37.89267654], [-122.54485257, 37.89267659], [-122.54485196, 37.89277573], [-122.54484058, 37.89277568], [-122.54484036, 37.89281174], [-122.54482899, 37.89281169], [-122.54482882, 37.89283873], [-122.54481745, 37.89283869], [-122.54481734, 37.89285671], [-122.54480596, 37.89285667], [-122.5448058, 37.89288371], [-122.54479442, 37.89288366], [-122.54479431, 37.89290169], [-122.54478294, 37.89290164], [-122.54478283, 37.89291967], [-122.54477146, 37.89291962], [-122.54477135, 37.89293765], [-122.54475997, 37.89293761], [-122.54475986, 37.89295563], [-122.54474849, 37.89295559], [-122.54474838, 37.89297361], [-122.544737, 37.89297357], [-122.54473695, 37.89298258], [-122.54472558, 37.89298254], [-122.54472552, 37.89299155], [-122.54471415, 37.89299151], [-122.54471409, 37.89300052], [-122.54470272, 37.89300048], [-122.54470266, 37.89300949], [-122.54469129, 37.89300944], [-122.54469123, 37.89301846], [-122.54467986, 37.89301841], [-122.5446797, 37.89304545], [-122.54469107, 37.8930455], [-122.54469101, 37.89305451], [-122.54470239, 37.89305455], [-122.54470222, 37.89308159], [-122.54469085, 37.89308155], [-122.54469079, 37.89309056], [-122.54467942, 37.89309052], [-122.54467936, 37.89309953], [-122.54465662, 37.89309944], [-122.54465656, 37.89310845], [-122.54464519, 37.89310841], [-122.54464524, 37.8930994], [-122.54463387, 37.89309935], [-122.54463393, 37.89309034], [-122.54462255, 37.8930903], [-122.54462266, 37.89307227], [-122.54459992, 37.89307218], [-122.54459986, 37.89308119], [-122.54456574, 37.89308106], [-122.54456569, 37.89309008], [-122.54454294, 37.89308999], [-122.54454289, 37.893099], [-122.54449739, 37.89309882], [-122.54449734, 37.89310784], [-122.54445185, 37.89310766], [-122.5444519, 37.89309865], [-122.54442916, 37.89309856], [-122.54442921, 37.89308955], [-122.54440647, 37.89308946], [-122.54440652, 37.89308045], [-122.54438377, 37.89308036], [-122.54438383, 37.89307135], [-122.54436108, 37.89307126], [-122.54436114, 37.89306224], [-122.54432702, 37.89306211], [-122.54432708, 37.8930531], [-122.54429296, 37.89305297], [-122.54429301, 37.89304396], [-122.54423615, 37.89304374], [-122.54423609, 37.89305275], [-122.54422472, 37.8930527], [-122.54422466, 37.89306172], [-122.54421329, 37.89306167], [-122.54421324, 37.89307069], [-122.54419049, 37.8930706], [-122.54419038, 37.89308862], [-122.54417901, 37.89308858], [-122.54417895, 37.89309759], [-122.54416758, 37.89309755], [-122.54416752, 37.89310656], [-122.54415615, 37.89310652], [-122.54415609, 37.89311553], [-122.54413335, 37.89311544], [-122.54413329, 37.89312445], [-122.54412192, 37.89312441], [-122.54412186, 37.89313342], [-122.54411049, 37.89313338], [-122.54411043, 37.89314239], [-122.54409906, 37.89314235], [-122.544099, 37.89315136], [-122.54408763, 37.89315132], [-122.54408758, 37.89316033], [-122.5440762, 37.89316028], [-122.54407615, 37.8931693], [-122.54406477, 37.89316925], [-122.54406472, 37.89317827], [-122.54405335, 37.89317822], [-122.54405329, 37.89318723], [-122.54404192, 37.89318719], [-122.54404181, 37.89320522], [-122.54403043, 37.89320517], [-122.54403032, 37.8932232], [-122.54401895, 37.89322315], [-122.54401884, 37.89324118], [-122.54400746, 37.89324114], [-122.54400735, 37.89325916], [-122.54399598, 37.89325912], [-122.54399581, 37.89328616], [-122.54400719, 37.8932862], [-122.54400708, 37.89330422], [-122.54401845, 37.89330427], [-122.54401839, 37.89331328], [-122.54402977, 37.89331333], [-122.54402965, 37.89333135], [-122.54404103, 37.8933314], [-122.54404092, 37.89334942], [-122.54405229, 37.89334946], [-122.54405218, 37.89336749], [-122.54406355, 37.89336753], [-122.54406344, 37.89338556], [-122.54407481, 37.8933856], [-122.54407476, 37.89339462], [-122.54408613, 37.89339466], [-122.54408602, 37.89341269], [-122.54409739, 37.89341273], [-122.54409723, 37.89343977], [-122.5441086, 37.89343981], [-122.54410843, 37.89346685], [-122.54411981, 37.8934669], [-122.54411919, 37.89356604], [-122.54410782, 37.89356599], [-122.54410777, 37.893575], [-122.54409639, 37.89357496], [-122.54409634, 37.89358397], [-122.54407359, 37.89358389], [-122.54407354, 37.8935929], [-122.54405079, 37.89359281], [-122.54405073, 37.89360182], [-122.54397112, 37.89360151], [-122.54397107, 37.89361053], [-122.5439142, 37.89361031], [-122.54391415, 37.89361932], [-122.54388003, 37.89361919], [-122.54387997, 37.8936282], [-122.54385722, 37.89362811], [-122.54385717, 37.89363712], [-122.54383442, 37.89363704], [-122.54383437, 37.89364605], [-122.54381162, 37.89364596], [-122.54381156, 37.89365497], [-122.54376607, 37.8936548], [-122.54376602, 37.89366381], [-122.54370915, 37.89366359], [-122.54370921, 37.89365458], [-122.5435841, 37.89365409], [-122.54358405, 37.8936631], [-122.5435613, 37.89366302], [-122.54356125, 37.89367203], [-122.54354987, 37.89367199], [-122.54354982, 37.893681], [-122.54352707, 37.89368091], [-122.54352701, 37.89368992], [-122.54351564, 37.89368988], [-122.54351559, 37.89369889], [-122.54350421, 37.89369885], [-122.5435041, 37.89371687], [-122.54349273, 37.89371683], [-122.54349262, 37.89373485], [-122.54348124, 37.89373481], [-122.54348119, 37.89374382], [-122.54346982, 37.89374378], [-122.54346937, 37.89381588], [-122.543458, 37.89381584], [-122.54345772, 37.8938609], [-122.54344635, 37.89386086], [-122.54344629, 37.89386987], [-122.54343492, 37.89386983], [-122.54343469, 37.89390588], [-122.54342332, 37.89390583], [-122.54342321, 37.89392386], [-122.54341184, 37.89392381], [-122.54341172, 37.89394184], [-122.54340035, 37.8939418], [-122.54340024, 37.89395982], [-122.54338887, 37.89395978], [-122.54338876, 37.8939778], [-122.54337738, 37.89397776], [-122.54337727, 37.89399578], [-122.5433659, 37.89399574], [-122.54336579, 37.89401377], [-122.54335441, 37.89401372], [-122.54335436, 37.89402273], [-122.54334298, 37.89402269], [-122.54334293, 37.8940317], [-122.54329744, 37.89403153], [-122.54329738, 37.89404054], [-122.54322914, 37.89404027], [-122.54322909, 37.89404929], [-122.54318359, 37.89404911], [-122.54318354, 37.89405812], [-122.54316079, 37.89405803], [-122.54316068, 37.89407606], [-122.54317205, 37.8940761], [-122.54317194, 37.89409413], [-122.54316057, 37.89409409], [-122.54316051, 37.8941031], [-122.54314914, 37.89410305], [-122.54314908, 37.89411207], [-122.54311496, 37.89411193], [-122.54311502, 37.89410292], [-122.54309227, 37.89410283], [-122.54309233, 37.89409382], [-122.54306958, 37.89409373], [-122.54306964, 37.89408472], [-122.54302415, 37.89408454], [-122.5430242, 37.89407553], [-122.54297871, 37.89407535], [-122.54297865, 37.89408437], [-122.54294453, 37.89408423], [-122.54294459, 37.89407522], [-122.54288772, 37.894075], [-122.54288767, 37.89408401], [-122.5428763, 37.89408397], [-122.54287624, 37.89409298], [-122.54286487, 37.89409294], [-122.54286481, 37.89410195], [-122.54283069, 37.89410182], [-122.54283064, 37.89411083], [-122.54281926, 37.89411079], [-122.54281921, 37.8941198], [-122.54280783, 37.89411976], [-122.54280772, 37.89413778], [-122.54275086, 37.89413756], [-122.54275091, 37.89412855], [-122.54272817, 37.89412846], [-122.54272822, 37.89411945], [-122.54268273, 37.89411927], [-122.54268278, 37.89411026], [-122.54263729, 37.89411008], [-122.54263735, 37.89410107], [-122.54256911, 37.8941008], [-122.54256916, 37.89409179], [-122.54253504, 37.89409166], [-122.5425351, 37.89408264], [-122.54251235, 37.89408256], [-122.54251241, 37.89407354], [-122.54248966, 37.89407345], [-122.54248972, 37.89406444], [-122.54247835, 37.8940644], [-122.5424784, 37.89405538], [-122.54246703, 37.89405534], [-122.54246708, 37.89404633], [-122.54245571, 37.89404628], [-122.54245577, 37.89403727], [-122.54244439, 37.89403723], [-122.54244445, 37.89402821], [-122.54243308, 37.89402817], [-122.54243313, 37.89401916], [-122.54242176, 37.89401911], [-122.54242204, 37.89397405], [-122.54241066, 37.893974], [-122.54241078, 37.89395598], [-122.54238803, 37.89395589], [-122.54238809, 37.89394688], [-122.54237671, 37.89394683], [-122.54237677, 37.89393782], [-122.5423654, 37.89393778], [-122.54236545, 37.89392876], [-122.54235408, 37.89392872], [-122.54235413, 37.89391971], [-122.54234276, 37.89391966], [-122.54234282, 37.89391065], [-122.54233144, 37.89391061], [-122.5423315, 37.89390159], [-122.54232013, 37.89390155], [-122.54232018, 37.89389254], [-122.54230881, 37.89389249], [-122.54230886, 37.89388348], [-122.54228612, 37.89388339], [-122.54228617, 37.89387438], [-122.5422748, 37.89387433], [-122.54227486, 37.89386532], [-122.54226348, 37.89386528], [-122.54226354, 37.89385626], [-122.54225217, 37.89385622], [-122.54225239, 37.89382017], [-122.54226376, 37.89382021], [-122.54226399, 37.89378416], [-122.54225261, 37.89378412], [-122.54225272, 37.89376609], [-122.54224135, 37.89376605], [-122.54224185, 37.89368493], [-122.54223048, 37.89368489], [-122.5422307, 37.89364884], [-122.54221933, 37.89364879], [-122.5422195, 37.89362175], [-122.54220812, 37.89362171], [-122.54220818, 37.8936127], [-122.54219681, 37.89361265], [-122.54219692, 37.89359463], [-122.54218555, 37.89359458], [-122.5421856, 37.89358557], [-122.54217423, 37.89358553], [-122.54217428, 37.89357651], [-122.54216291, 37.89357647], [-122.54216297, 37.89356746], [-122.54214022, 37.89356737], [-122.54214028, 37.89355836], [-122.54210616, 37.89355822], [-122.54210621, 37.89354921], [-122.54206072, 37.89354903], [-122.54206078, 37.89354002], [-122.54202666, 37.89353989], [-122.54202671, 37.89353087], [-122.54199259, 37.89353074], [-122.54199265, 37.89352173], [-122.5419699, 37.89352164], [-122.54196996, 37.89351263], [-122.54192447, 37.89351245], [-122.54192452, 37.89350344], [-122.54187903, 37.89350326], [-122.54187909, 37.89349425], [-122.5417881, 37.89349389], [-122.54178816, 37.89348488], [-122.54174267, 37.8934847], [-122.54174272, 37.89347569], [-122.54171998, 37.8934756], [-122.54172009, 37.89345758], [-122.54169734, 37.89345749], [-122.5416974, 37.89344848], [-122.54168602, 37.89344843], [-122.54168608, 37.89343942], [-122.54166333, 37.89343933], [-122.54166339, 37.89343032], [-122.54165202, 37.89343027], [-122.54165207, 37.89342126], [-122.5416407, 37.89342122], [-122.54164076, 37.8934122], [-122.54162938, 37.89341216], [-122.54162944, 37.89340315], [-122.54160669, 37.89340306], [-122.54160675, 37.89339404], [-122.54157263, 37.89339391], [-122.54157268, 37.8933849], [-122.54156131, 37.89338485], [-122.54156137, 37.89337584], [-122.54154999, 37.8933758], [-122.54155005, 37.89336679], [-122.54153868, 37.89336674], [-122.54153879, 37.89334872], [-122.54152742, 37.89334867], [-122.54152786, 37.89327657], [-122.54151649, 37.89327652], [-122.54151655, 37.89326751], [-122.54152792, 37.89326756], [-122.54152803, 37.89324953], [-122.54155078, 37.89324962], [-122.54155089, 37.89323159], [-122.54156226, 37.89323164], [-122.54156237, 37.89321361], [-122.54157375, 37.89321366], [-122.5415738, 37.89320464], [-122.54158518, 37.89320469], [-122.54158529, 37.89318666], [-122.54159666, 37.89318671], [-122.54159672, 37.89317769], [-122.54160809, 37.89317774], [-122.5416082, 37.89315971], [-122.54161957, 37.89315976], [-122.54161969, 37.89314173], [-122.54163106, 37.89314178], [-122.54163111, 37.89313276], [-122.54164249, 37.89313281], [-122.5416426, 37.89311478], [-122.54165397, 37.89311483], [-122.54165414, 37.89308779], [-122.54162002, 37.89308765], [-122.54162008, 37.89307864], [-122.5416087, 37.8930786], [-122.54160876, 37.89306958], [-122.54159739, 37.89306954], [-122.54159744, 37.89306053], [-122.54158607, 37.89306048], [-122.54158618, 37.89304246], [-122.54157481, 37.89304241], [-122.54157486, 37.8930334], [-122.54156349, 37.89303336], [-122.5415636, 37.89301533], [-122.5416091, 37.89301551], [-122.54160926, 37.89298847], [-122.54162064, 37.89298851], [-122.54162069, 37.8929795], [-122.54163206, 37.89297955], [-122.54163218, 37.89296152], [-122.54164355, 37.89296156], [-122.54164361, 37.89295255], [-122.54165498, 37.8929526], [-122.54165509, 37.89293457], [-122.54166646, 37.89293461], [-122.54166652, 37.8929256], [-122.54167789, 37.89292565], [-122.541678, 37.89290762], [-122.54168938, 37.89290766], [-122.54168949, 37.89288964], [-122.54167812, 37.8928896], [-122.54167823, 37.89287157], [-122.54166685, 37.89287153], [-122.54166708, 37.89283547], [-122.54167845, 37.89283552], [-122.54167895, 37.8927544], [-122.54169033, 37.89275445], [-122.54169044, 37.89273642], [-122.54170181, 37.89273647], [-122.54170187, 37.89272745], [-122.54169049, 37.89272741], [-122.54169055, 37.8927184], [-122.54165643, 37.89271826], [-122.54165649, 37.89270925], [-122.54166786, 37.8927093], [-122.54166797, 37.89269127], [-122.54167934, 37.89269131], [-122.5416794, 37.8926823], [-122.54169077, 37.89268235], [-122.54169083, 37.89267333], [-122.5417022, 37.89267338], [-122.54170226, 37.89266436], [-122.54171363, 37.89266441], [-122.54171374, 37.89264638], [-122.54172512, 37.89264643], [-122.54172534, 37.89261038], [-122.54171397, 37.89261033], [-122.54171413, 37.89258329], [-122.54170276, 37.89258325], [-122.54170282, 37.89257424], [-122.54171419, 37.89257428], [-122.54171425, 37.89256527], [-122.54170287, 37.89256522], [-122.5417031, 37.89252917], [-122.54169172, 37.89252913], [-122.54169189, 37.89250209], [-122.54168052, 37.89250205], [-122.54168063, 37.89248402], [-122.54166926, 37.89248398], [-122.54166937, 37.89246595], [-122.541658, 37.89246591], [-122.54165816, 37.89243887], [-122.54164679, 37.89243882], [-122.54164701, 37.89240277], [-122.54163564, 37.89240273], [-122.54163586, 37.89236668], [-122.54162449, 37.89236663], [-122.54162488, 37.89230354], [-122.54163626, 37.89230359], [-122.54163631, 37.89229457], [-122.54162494, 37.89229453], [-122.54162499, 37.89228552], [-122.54159088, 37.89228538], [-122.54159082, 37.8922944], [-122.54157945, 37.89229435], [-122.54157939, 37.89230337], [-122.54156802, 37.89230332], [-122.54156796, 37.89231233], [-122.54155659, 37.89231229], [-122.54155653, 37.8923213], [-122.54154516, 37.89232126], [-122.54154511, 37.89233027], [-122.54153373, 37.89233023], [-122.54153368, 37.89233924], [-122.5415223, 37.8923392], [-122.54152225, 37.89234821], [-122.5414995, 37.89234812], [-122.54149945, 37.89235713], [-122.54148807, 37.89235709], [-122.54148802, 37.8923661], [-122.54147664, 37.89236606], [-122.54147659, 37.89237507], [-122.54145384, 37.89237498], [-122.54145379, 37.89238399], [-122.54144241, 37.89238395], [-122.54144236, 37.89239296], [-122.54143098, 37.89239292], [-122.54143093, 37.89240193], [-122.54140818, 37.89240184], [-122.54140813, 37.89241085], [-122.54139675, 37.89241081], [-122.5413967, 37.89241982], [-122.54138533, 37.89241978], [-122.54138527, 37.89242879], [-122.5413739, 37.89242875], [-122.54137384, 37.89243776], [-122.5413511, 37.89243767], [-122.54135104, 37.89244668], [-122.54132829, 37.8924466], [-122.54132824, 37.89245561], [-122.54128275, 37.89245543], [-122.5412828, 37.89244642], [-122.54126006, 37.89244633], [-122.54126011, 37.89243732], [-122.54122599, 37.89243718], [-122.54122594, 37.8924462], [-122.54119182, 37.89244606], [-122.54119176, 37.89245508], [-122.54112352, 37.89245481], [-122.54112358, 37.8924458], [-122.54111221, 37.89244575], [-122.54111226, 37.89243674], [-122.54110089, 37.8924367], [-122.54110095, 37.89242768], [-122.54108957, 37.89242764], [-122.54108963, 37.89241863], [-122.54107826, 37.89241858], [-122.54107831, 37.89240957], [-122.54106694, 37.89240953], [-122.541067, 37.89240051], [-122.54105562, 37.89240047], [-122.54105574, 37.89238244], [-122.54104436, 37.8923824], [-122.54104447, 37.89236437], [-122.5410331, 37.89236433], [-122.54103321, 37.8923463], [-122.54102184, 37.89234626], [-122.54102195, 37.89232823], [-122.54101058, 37.89232819], [-122.54101075, 37.89230115], [-122.54099937, 37.89230111], [-122.54099971, 37.89224703], [-122.54098834, 37.89224698], [-122.54098862, 37.89220192], [-122.54097724, 37.89220188], [-122.54097741, 37.89217484], [-122.54096604, 37.89217479], [-122.54096621, 37.89214776], [-122.54095483, 37.89214771], [-122.54095511, 37.89210265], [-122.54094374, 37.8921026], [-122.54094396, 37.89206655], [-122.54093259, 37.89206651], [-122.5409327, 37.89204848], [-122.54092133, 37.89204844], [-122.54092139, 37.89203943], [-122.54091001, 37.89203938], [-122.54091007, 37.89203037], [-122.5408987, 37.89203032], [-122.54089875, 37.89202131], [-122.54088738, 37.89202127], [-122.54088744, 37.89201225], [-122.54086469, 37.89201216], [-122.54086475, 37.89200315], [-122.54085337, 37.89200311], [-122.54085343, 37.89199409], [-122.54084206, 37.89199405], [-122.54084211, 37.89198504], [-122.54083074, 37.89198499], [-122.54083068, 37.89199401], [-122.54080794, 37.89199392], [-122.54080788, 37.89200293], [-122.54079651, 37.89200289], [-122.5407964, 37.89202091], [-122.54078502, 37.89202087], [-122.5407848, 37.89205692], [-122.54077343, 37.89205687], [-122.54077337, 37.89206589], [-122.540762, 37.89206584], [-122.54076189, 37.89208387], [-122.54075051, 37.89208382], [-122.5407504, 37.89210185], [-122.54073903, 37.8921018], [-122.54073897, 37.89211082], [-122.5407276, 37.89211077], [-122.54072749, 37.8921288], [-122.54071612, 37.89212875], [-122.54071606, 37.89213777], [-122.54070469, 37.89213772], [-122.54070463, 37.89214674], [-122.54069326, 37.89214669], [-122.5406932, 37.8921557], [-122.54067046, 37.89215562], [-122.5406704, 37.89216463], [-122.54065903, 37.89216458], [-122.54065897, 37.8921736], [-122.5406476, 37.89217355], [-122.54064754, 37.89218256], [-122.5406248, 37.89218248], [-122.54062474, 37.89219149], [-122.54059062, 37.89219136], [-122.54059057, 37.89220037], [-122.54054507, 37.89220019], [-122.54054502, 37.8922092], [-122.54040854, 37.89220867], [-122.5404086, 37.89219966], [-122.54037448, 37.89219952], [-122.54037454, 37.89219051], [-122.54035179, 37.89219042], [-122.54035185, 37.89218141], [-122.54034048, 37.89218137], [-122.54034053, 37.89217235], [-122.54032916, 37.89217231], [-122.54032921, 37.8921633], [-122.54030647, 37.89216321], [-122.54030652, 37.89215419], [-122.54029515, 37.89215415], [-122.54029526, 37.89213612], [-122.54028389, 37.89213608], [-122.540284, 37.89211805], [-122.54027263, 37.89211801], [-122.54027269, 37.892109], [-122.54026131, 37.89210895], [-122.54026143, 37.89209093], [-122.54025005, 37.89209088], [-122.54025, 37.8920999], [-122.54015901, 37.89209954], [-122.54015907, 37.89209053], [-122.54013632, 37.89209044], [-122.54013644, 37.89207241], [-122.54012506, 37.89207237], [-122.54012523, 37.89204533], [-122.54011386, 37.89204529], [-122.54011391, 37.89203627], [-122.54006842, 37.8920361], [-122.54006837, 37.89204511], [-122.54003425, 37.89204497], [-122.54003419, 37.89205399], [-122.54000007, 37.89205385], [-122.54000002, 37.89206287], [-122.53995453, 37.89206269], [-122.53995447, 37.8920717], [-122.5399431, 37.89207166], [-122.53994304, 37.89208067], [-122.53993167, 37.89208063], [-122.5399315, 37.89210766], [-122.53992013, 37.89210762], [-122.53992002, 37.89212565], [-122.53990864, 37.8921256], [-122.53990853, 37.89214363], [-122.5399199, 37.89214367], [-122.53991968, 37.89217972], [-122.53990831, 37.89217968], [-122.53990819, 37.8921977], [-122.53989682, 37.89219766], [-122.53989671, 37.89221568], [-122.53988534, 37.89221564], [-122.53988522, 37.89223367], [-122.53987385, 37.89223362], [-122.53987363, 37.89226967], [-122.53986225, 37.89226963], [-122.5398622, 37.89227864], [-122.53987357, 37.89227868], [-122.53987346, 37.89229671], [-122.53986209, 37.89229667], [-122.5398618, 37.89234173], [-122.53985043, 37.89234169], [-122.53985032, 37.89235971], [-122.53986169, 37.89235976], [-122.53986147, 37.89239581], [-122.5398501, 37.89239576], [-122.53984993, 37.8924228], [-122.5398613, 37.89242284], [-122.53986113, 37.89244988], [-122.5398725, 37.89244993], [-122.53987234, 37.89247697], [-122.53986096, 37.89247692], [-122.53986091, 37.89248593], [-122.53984953, 37.89248589], [-122.53984948, 37.8924949], [-122.53983811, 37.89249486], [-122.53983805, 37.89250387], [-122.53982668, 37.89250383], [-122.53982662, 37.89251284], [-122.53981525, 37.89251279], [-122.53981519, 37.89252181], [-122.53980382, 37.89252176], [-122.53980376, 37.89253078], [-122.53979239, 37.89253073], [-122.53979233, 37.89253974], [-122.53976959, 37.89253966], [-122.53976953, 37.89254867], [-122.53975816, 37.89254862], [-122.53975771, 37.89262073], [-122.53974634, 37.89262068], [-122.53974628, 37.89262969], [-122.53973491, 37.89262965], [-122.53973485, 37.89263866], [-122.53971211, 37.89263857], [-122.53971205, 37.89264759], [-122.53970068, 37.89264754], [-122.53970062, 37.89265655], [-122.53967787, 37.89265647], [-122.53967782, 37.89266548], [-122.53966645, 37.89266543], [-122.53966639, 37.89267445], [-122.53964364, 37.89267436], [-122.53964359, 37.89268337], [-122.53962084, 37.89268328], [-122.53962079, 37.89269229], [-122.53960941, 37.89269225], [-122.53960936, 37.89270126], [-122.53959798, 37.89270122], [-122.5395977, 37.89274628], [-122.53958633, 37.89274624], [-122.53958627, 37.89275525], [-122.5395749, 37.89275521], [-122.53957484, 37.89276422], [-122.5395521, 37.89276413], [-122.53955204, 37.89277314], [-122.5395293, 37.89277305], [-122.53952924, 37.89278207], [-122.53950649, 37.89278198], [-122.53950644, 37.89279099], [-122.53949507, 37.89279095], [-122.53949501, 37.89279996], [-122.53947226, 37.89279987], [-122.53947221, 37.89280888], [-122.53946083, 37.89280884], [-122.53946078, 37.89281785], [-122.53943803, 37.89281776], [-122.53943798, 37.89282677], [-122.5394266, 37.89282673], [-122.53942655, 37.89283574], [-122.53941517, 37.8928357], [-122.53941512, 37.89284471], [-122.53939237, 37.89284462], [-122.53939232, 37.89285363], [-122.53938094, 37.89285359], [-122.53938089, 37.8928626], [-122.53935814, 37.89286251], [-122.53935808, 37.89287153], [-122.53934671, 37.89287148], [-122.5393466, 37.89288951], [-122.53933523, 37.89288946], [-122.53933517, 37.89289848], [-122.5393238, 37.89289843], [-122.53932374, 37.89290744], [-122.53924413, 37.89290713], [-122.53924407, 37.89291614], [-122.53920995, 37.89291601], [-122.5392099, 37.89292502], [-122.53917578, 37.89292489], [-122.53917572, 37.8929339], [-122.53915298, 37.89293381], [-122.53915292, 37.89294283], [-122.53913018, 37.89294274], [-122.53913012, 37.89295175], [-122.53910737, 37.89295166], [-122.53910732, 37.89296067], [-122.53908457, 37.89296059], [-122.53908451, 37.8929696], [-122.53907314, 37.89296955], [-122.53907309, 37.89297857], [-122.53905034, 37.89297848], [-122.53905028, 37.89298749], [-122.53903891, 37.89298745], [-122.53903885, 37.89299646], [-122.53901611, 37.89299637], [-122.53901605, 37.89300538], [-122.53898193, 37.89300525], [-122.53898188, 37.89301426], [-122.53894776, 37.89301413], [-122.5389477, 37.89302314], [-122.53889084, 37.89302292], [-122.53889078, 37.89303193], [-122.53881117, 37.89303162], [-122.53881111, 37.89304063], [-122.53877699, 37.8930405], [-122.53877694, 37.89304951], [-122.53876556, 37.89304947], [-122.53876562, 37.89304045], [-122.53874288, 37.89304036], [-122.53874293, 37.89303135], [-122.53872019, 37.89303126], [-122.53872024, 37.89302225], [-122.5386975, 37.89302216], [-122.53869755, 37.89301315], [-122.53868618, 37.8930131], [-122.53868624, 37.89300409], [-122.53866349, 37.893004], [-122.53866355, 37.89299499], [-122.53865217, 37.89299494], [-122.53865223, 37.89298593], [-122.53864086, 37.89298589], [-122.53864091, 37.89297687], [-122.53862954, 37.89297683], [-122.5386296, 37.89296782], [-122.53861822, 37.89296777], [-122.53861833, 37.89294975], [-122.53860696, 37.8929497], [-122.53860702, 37.89294069], [-122.53859564, 37.89294064], [-122.53859576, 37.89292262], [-122.53858438, 37.89292257], [-122.5385845, 37.89290455], [-122.53857312, 37.8929045], [-122.53857318, 37.89289549], [-122.53856181, 37.89289545], [-122.53856192, 37.89287742], [-122.53855055, 37.89287738], [-122.5385506, 37.89286836], [-122.53853923, 37.89286832], [-122.53853934, 37.89285029], [-122.5385166, 37.8928502], [-122.53851665, 37.89284119], [-122.53850528, 37.89284115], [-122.53850534, 37.89283213], [-122.53849396, 37.89283209], [-122.53849408, 37.89281406], [-122.5384827, 37.89281402], [-122.53848282, 37.89279599], [-122.53847144, 37.89279595], [-122.5384715, 37.89278694], [-122.53846013, 37.89278689], [-122.53846018, 37.89277788], [-122.53844881, 37.89277783], [-122.53844892, 37.89275981], [-122.53842618, 37.89275972], [-122.53842623, 37.89275071], [-122.53841486, 37.89275066], [-122.53841492, 37.89274165], [-122.53840354, 37.89274161], [-122.5384036, 37.89273259], [-122.53839223, 37.89273255], [-122.53839228, 37.89272353], [-122.53838091, 37.89272349], [-122.53838097, 37.89271448], [-122.53836959, 37.89271443], [-122.53836954, 37.89272345], [-122.53835816, 37.8927234], [-122.53835811, 37.89273241], [-122.53834673, 37.89273237], [-122.53834668, 37.89274138], [-122.53831256, 37.89274125], [-122.5383125, 37.89275026], [-122.53828976, 37.89275017], [-122.5382897, 37.89275918], [-122.53827833, 37.89275914], [-122.53827827, 37.89276815], [-122.5382669, 37.89276811], [-122.53826684, 37.89277712], [-122.53825547, 37.89277708], [-122.53825536, 37.8927951], [-122.53824398, 37.89279506], [-122.53824376, 37.89283111], [-122.53823238, 37.89283106], [-122.53823222, 37.8928581], [-122.53822084, 37.89285806], [-122.53822067, 37.8928851], [-122.5382093, 37.89288505], [-122.53820919, 37.89290308], [-122.53819782, 37.89290303], [-122.5381977, 37.89292106], [-122.53818633, 37.89292101], [-122.53818622, 37.89293904], [-122.53817484, 37.89293899], [-122.53817473, 37.89295702], [-122.53816336, 37.89295697], [-122.5381633, 37.89296599], [-122.53814056, 37.8929659], [-122.53814044, 37.89298392], [-122.53812907, 37.89298388], [-122.53812896, 37.8930019], [-122.53811759, 37.89300186], [-122.53811742, 37.8930289], [-122.53810604, 37.89302885], [-122.53810554, 37.89310997], [-122.53809416, 37.89310992], [-122.53809399, 37.89313696], [-122.53808262, 37.89313692], [-122.53808251, 37.89315494], [-122.5380029, 37.89315463], [-122.53800284, 37.89316364], [-122.5379801, 37.89316355], [-122.53798004, 37.89317257], [-122.5379118, 37.8931723], [-122.53791174, 37.89318131], [-122.53785488, 37.89318109], [-122.53785494, 37.89317208], [-122.53784356, 37.89317203], [-122.53784368, 37.89315401], [-122.5378323, 37.89315396], [-122.53783236, 37.89314495], [-122.53782099, 37.8931449], [-122.53782104, 37.89313589], [-122.53780967, 37.89313585], [-122.53780973, 37.89312683], [-122.53779835, 37.89312679], [-122.53779841, 37.89311778], [-122.53778704, 37.89311773], [-122.53778709, 37.89310872], [-122.53777572, 37.89310867], [-122.53777578, 37.89309966], [-122.5377644, 37.89309962], [-122.53776452, 37.89308159], [-122.53775314, 37.89308155], [-122.5377532, 37.89307253], [-122.53774183, 37.89307249], [-122.53774194, 37.89305446], [-122.53773057, 37.89305442], [-122.53773062, 37.89304541], [-122.53771925, 37.89304536], [-122.53771931, 37.89303635], [-122.53769656, 37.89303626], [-122.53769662, 37.89302725], [-122.53768524, 37.8930272], [-122.5376853, 37.89301819], [-122.53767393, 37.89301814], [-122.53767398, 37.89300913], [-122.53766261, 37.89300909], [-122.53766267, 37.89300007], [-122.53765129, 37.89300003], [-122.53765135, 37.89299102], [-122.5376286, 37.89299093], [-122.53762866, 37.89298191], [-122.53761729, 37.89298187], [-122.53761734, 37.89297286], [-122.53760597, 37.89297281], [-122.53760603, 37.8929638], [-122.53758328, 37.89296371], [-122.53758334, 37.8929547], [-122.53757196, 37.89295465], [-122.53757202, 37.89294564], [-122.53756065, 37.8929456], [-122.5375607, 37.89293658], [-122.53754933, 37.89293654], [-122.53754944, 37.89291851], [-122.53753807, 37.89291847], [-122.53753813, 37.89290946], [-122.53752675, 37.89290941], [-122.53752681, 37.8929004], [-122.53751544, 37.89290035], [-122.53751555, 37.89288233], [-122.53750418, 37.89288228], [-122.53750429, 37.89286426], [-122.53749292, 37.89286421], [-122.53749303, 37.89284619], [-122.53748166, 37.89284614], [-122.53748183, 37.8928191], [-122.53747045, 37.89281906], [-122.53747062, 37.89279202], [-122.53745925, 37.89279198], [-122.53745936, 37.89277395], [-122.53744799, 37.89277391], [-122.5374481, 37.89275588], [-122.53743673, 37.89275584], [-122.53743684, 37.89273781], [-122.53742547, 37.89273777], [-122.53742552, 37.89272875], [-122.53741415, 37.89272871], [-122.53741421, 37.8927197], [-122.53740284, 37.89271965], [-122.53740289, 37.89271064], [-122.53734603, 37.89271041], [-122.53734591, 37.89272844], [-122.53733454, 37.8927284], [-122.53733448, 37.89273741], [-122.53732311, 37.89273736], [-122.53732306, 37.89274638], [-122.53728894, 37.89274624], [-122.53728882, 37.89276427], [-122.53727745, 37.89276422], [-122.53727717, 37.89280929], [-122.5372658, 37.89280924], [-122.53726551, 37.89285431], [-122.53725414, 37.89285426], [-122.53725397, 37.8928813], [-122.5372426, 37.89288125], [-122.53724237, 37.89291731], [-122.537231, 37.89291726], [-122.53723077, 37.89295331], [-122.5372194, 37.89295327], [-122.53721918, 37.89298932], [-122.5372078, 37.89298927], [-122.53720746, 37.89304335], [-122.53719609, 37.89304331], [-122.53719592, 37.89307034], [-122.53718455, 37.8930703], [-122.53718444, 37.89308832], [-122.53717306, 37.89308828], [-122.53717301, 37.89309729], [-122.53716163, 37.89309725], [-122.53716152, 37.89311527], [-122.53715015, 37.89311523], [-122.53715003, 37.89313325], [-122.53713866, 37.89313321], [-122.53713861, 37.89314222], [-122.53712723, 37.89314218], [-122.53712712, 37.8931602], [-122.53711575, 37.89316016], [-122.53711569, 37.89316917], [-122.53710432, 37.89316913], [-122.53710426, 37.89317814], [-122.53708151, 37.89317805], [-122.53708146, 37.89318706], [-122.53696773, 37.89318662], [-122.53696778, 37.8931776], [-122.53693367, 37.89317747], [-122.53693372, 37.89316846], [-122.53692235, 37.89316841], [-122.53692241, 37.8931594], [-122.53691103, 37.89315935], [-122.53691109, 37.89315034], [-122.53688834, 37.89315025], [-122.5368884, 37.89314124], [-122.53687703, 37.89314119], [-122.53687708, 37.89313218], [-122.53688846, 37.89313223], [-122.53688851, 37.89312321], [-122.53689988, 37.89312326], [-122.53690011, 37.89308721], [-122.53676363, 37.89308667], [-122.53676369, 37.89307766], [-122.53674095, 37.89307757], [-122.53674089, 37.89308658], [-122.53671814, 37.89308649], [-122.5367182, 37.89307748], [-122.53661584, 37.89307708], [-122.53661579, 37.89308609], [-122.53650206, 37.89308564], [-122.536502, 37.89309465], [-122.53646788, 37.89309452], [-122.53646777, 37.89311254], [-122.53647914, 37.89311259], [-122.53647908, 37.8931216], [-122.53646771, 37.89312156], [-122.5364676, 37.89313958], [-122.53644485, 37.89313949], [-122.53644479, 37.89314851], [-122.53642205, 37.89314842], [-122.53642211, 37.8931394], [-122.53639936, 37.89313931], [-122.53639942, 37.8931303], [-122.53638804, 37.89313026], [-122.5363881, 37.89312124], [-122.53637673, 37.8931212], [-122.5363769, 37.89309416], [-122.53638827, 37.8930942], [-122.53638833, 37.89308519], [-122.53636558, 37.8930851], [-122.53636564, 37.89307609], [-122.53632014, 37.89307591], [-122.5363202, 37.8930669], [-122.53627471, 37.89306672], [-122.53627477, 37.89305771], [-122.53618378, 37.89305735], [-122.53618372, 37.89306636], [-122.53611549, 37.89306609], [-122.53611543, 37.8930751], [-122.53609268, 37.89307501], [-122.53609263, 37.89308403], [-122.53606988, 37.89308394], [-122.53606982, 37.89309295], [-122.53604708, 37.89309286], [-122.53604702, 37.89310187], [-122.53603565, 37.89310183], [-122.53603559, 37.89311084], [-122.53602422, 37.8931108], [-122.53602416, 37.89311981], [-122.53601279, 37.89311976], [-122.53601273, 37.89312878], [-122.53600136, 37.89312873], [-122.53600091, 37.89320083], [-122.53598954, 37.89320079], [-122.53598937, 37.89322783], [-122.53597799, 37.89322778], [-122.53597771, 37.89327285], [-122.53596634, 37.8932728], [-122.53596594, 37.89333589], [-122.53595457, 37.89333585], [-122.53595434, 37.8933719], [-122.53594297, 37.89337185], [-122.5359428, 37.89339889], [-122.53593143, 37.89339885], [-122.53593131, 37.89341687], [-122.53591994, 37.89341683], [-122.53591977, 37.89344387], [-122.5359084, 37.89344382], [-122.53590834, 37.89345283], [-122.53589697, 37.89345279], [-122.53589685, 37.89347081], [-122.53588548, 37.89347077], [-122.53588542, 37.89347978], [-122.53586268, 37.89347969], [-122.53586262, 37.89348871], [-122.53585125, 37.89348866], [-122.53585119, 37.89349767], [-122.53582845, 37.89349758], [-122.53582839, 37.8935066], [-122.53580564, 37.89350651], [-122.53580559, 37.89351552], [-122.53577147, 37.89351538], [-122.53577141, 37.8935244], [-122.53572592, 37.89352422], [-122.53572586, 37.89353323], [-122.53563488, 37.89353287], [-122.53563493, 37.89352386], [-122.53561219, 37.89352377], [-122.53561213, 37.89353278], [-122.53560076, 37.89353274], [-122.5356007, 37.89354175], [-122.53556658, 37.89354162], [-122.53556653, 37.89355063], [-122.53553241, 37.89355049], [-122.53553235, 37.89355951], [-122.53548686, 37.89355933], [-122.5354868, 37.89356834], [-122.53545268, 37.8935682], [-122.53545262, 37.89357722], [-122.53540713, 37.89357704], [-122.53540719, 37.89356803], [-122.53539582, 37.89356798], [-122.53539593, 37.89354995], [-122.53538456, 37.89354991], [-122.53538461, 37.8935409], [-122.53537324, 37.89354085], [-122.5353733, 37.89353184], [-122.53536192, 37.89353179], [-122.53536198, 37.89352278], [-122.53535061, 37.89352274], [-122.53535066, 37.89351372], [-122.53527105, 37.89351341], [-122.535271, 37.89352242], [-122.53524825, 37.89352233], [-122.53524819, 37.89353135], [-122.53517995, 37.89353108], [-122.5351799, 37.89354009], [-122.53511166, 37.89353982], [-122.53511172, 37.89353081], [-122.53506622, 37.89353063], [-122.53506617, 37.89353964], [-122.53496381, 37.89353924], [-122.53496375, 37.89354825], [-122.53488414, 37.89354793], [-122.5348842, 37.89353892], [-122.53487282, 37.89353888], [-122.53487277, 37.89354789], [-122.53483865, 37.89354775], [-122.53483871, 37.89353874], [-122.53477047, 37.89353847], [-122.53477052, 37.89352946], [-122.53472503, 37.89352928], [-122.53472509, 37.89352027], [-122.5346796, 37.89352009], [-122.53467965, 37.89351107], [-122.53463416, 37.89351089], [-122.53463422, 37.89350188], [-122.53462284, 37.89350184], [-122.53462279, 37.89351085], [-122.53461141, 37.8935108], [-122.53461147, 37.89350179], [-122.5346001, 37.89350175], [-122.53460021, 37.89348372], [-122.53458884, 37.89348368], [-122.53458895, 37.89346565], [-122.53457758, 37.89346561], [-122.53457769, 37.89344758], [-122.53456632, 37.89344753], [-122.53456643, 37.89342951], [-122.53455506, 37.89342946], [-122.53455529, 37.89339341], [-122.53454391, 37.89339337], [-122.5345442, 37.8933483], [-122.53453282, 37.89334826], [-122.53453339, 37.89325813], [-122.53447653, 37.89325791], [-122.53447664, 37.89323988], [-122.53446527, 37.89323984], [-122.53446538, 37.89322181], [-122.53447675, 37.89322186], [-122.53447681, 37.89321284], [-122.53446544, 37.8932128], [-122.53446589, 37.8931407], [-122.53445452, 37.89314065], [-122.5344548, 37.89309559], [-122.53444343, 37.89309554], [-122.53444366, 37.89305949], [-122.53443228, 37.89305945], [-122.53443234, 37.89305043], [-122.53442097, 37.89305039], [-122.53442102, 37.89304138], [-122.53440965, 37.89304133], [-122.53440971, 37.89303232], [-122.53439833, 37.89303227], [-122.53439839, 37.89302326], [-122.53438702, 37.89302322], [-122.53438707, 37.8930142], [-122.53436433, 37.89301411], [-122.53436444, 37.89299609], [-122.53435307, 37.89299604], [-122.53435313, 37.89298703], [-122.53434175, 37.89298698], [-122.53434181, 37.89297797], [-122.53431906, 37.89297788], [-122.53431912, 37.89296887], [-122.534285, 37.89296873], [-122.53428506, 37.89295972], [-122.53427369, 37.89295968], [-122.53427374, 37.89295066], [-122.53426237, 37.89295062], [-122.53426248, 37.89293259], [-122.53425111, 37.89293255], [-122.53425117, 37.89292353], [-122.53426254, 37.89292358], [-122.5342626, 37.89291457], [-122.53425122, 37.89291452], [-122.53425128, 37.89290551], [-122.53423991, 37.89290546], [-122.53423985, 37.89291448], [-122.53422848, 37.89291443], [-122.53422853, 37.89290542], [-122.53417167, 37.89290519], [-122.53417161, 37.89291421], [-122.53411475, 37.89291398], [-122.5341148, 37.89290497], [-122.53409206, 37.89290488], [-122.53409212, 37.89289587], [-122.53406937, 37.89289578], [-122.53406931, 37.89290479], [-122.53405794, 37.89290474], [-122.53405788, 37.89291376], [-122.53404651, 37.89291371], [-122.53404645, 37.89292272], [-122.53398959, 37.8929225], [-122.53398953, 37.89293151], [-122.53386443, 37.89293102], [-122.53386449, 37.892922], [-122.5337735, 37.89292164], [-122.53377356, 37.89291263], [-122.53375081, 37.89291254], [-122.53375087, 37.89290353], [-122.533694, 37.8929033], [-122.53369406, 37.89289429], [-122.53367132, 37.8928942], [-122.53367137, 37.89288519], [-122.53366, 37.89288514], [-122.53366006, 37.89287613], [-122.53367143, 37.89287617], [-122.53367149, 37.89286716], [-122.53368286, 37.89286721], [-122.5336832, 37.89281313], [-122.53367183, 37.89281309], [-122.53367188, 37.89280407], [-122.53366051, 37.89280403], [-122.53366057, 37.89279501], [-122.5336492, 37.89279497], [-122.53364925, 37.89278596], [-122.53363788, 37.89278591], [-122.53363794, 37.8927769], [-122.53362656, 37.89277685], [-122.53362668, 37.89275883], [-122.5336153, 37.89275878], [-122.53361542, 37.89274076], [-122.53360404, 37.89274071], [-122.5336041, 37.8927317], [-122.53359273, 37.89273165], [-122.53359279, 37.89272264], [-122.53361553, 37.89272273], [-122.53361576, 37.89268668], [-122.53360439, 37.89268664], [-122.53360461, 37.89265059], [-122.53361599, 37.89265063], [-122.53361604, 37.89264162], [-122.53360467, 37.89264157], [-122.53360478, 37.89262355], [-122.53361616, 37.89262359], [-122.53361667, 37.89254248], [-122.53362804, 37.89254252], [-122.53362815, 37.8925245], [-122.53363953, 37.89252454], [-122.53363958, 37.89251553], [-122.53365096, 37.89251557], [-122.53365107, 37.89249755], [-122.5336397, 37.8924975], [-122.53363976, 37.89248849], [-122.53362838, 37.89248845], [-122.53362844, 37.89247943], [-122.53361707, 37.89247939], [-122.53361712, 37.89247037], [-122.5336285, 37.89247042], [-122.53362855, 37.89246141], [-122.53363993, 37.89246145], [-122.53364038, 37.89238935], [-122.53365175, 37.8923894], [-122.53365192, 37.89236236], [-122.53364055, 37.89236231], [-122.53364061, 37.8923533], [-122.53361786, 37.89235321], [-122.53361792, 37.8923442], [-122.53360655, 37.89234415], [-122.5336066, 37.89233514], [-122.53359523, 37.89233509], [-122.53359534, 37.89231707], [-122.53360672, 37.89231711], [-122.53360689, 37.89229007], [-122.53361826, 37.89229012], [-122.53361843, 37.89226308], [-122.5336298, 37.89226313], [-122.53362986, 37.89225411], [-122.53365261, 37.8922542], [-122.53365266, 37.89224519], [-122.53366404, 37.89224524], [-122.53366409, 37.89223622], [-122.53367547, 37.89223627], [-122.53367558, 37.89221824], [-122.53368695, 37.89221829], [-122.53368712, 37.89219125], [-122.5336985, 37.89219129], [-122.53369855, 37.89218228], [-122.53370993, 37.89218233], [-122.53371004, 37.8921643], [-122.53372141, 37.89216435], [-122.5337216, 37.89213449], [-122.53385622, 37.8920168], [-122.53401644, 37.89193855], [-122.53401713, 37.89192217], [-122.53403001, 37.89192222], [-122.53403007, 37.8919132], [-122.53406419, 37.89191334], [-122.53406425, 37.89190433], [-122.53410974, 37.89190451], [-122.53410979, 37.89189549], [-122.53415528, 37.89189567], [-122.53415523, 37.89190469], [-122.5341666, 37.89190473], [-122.53416666, 37.89189572], [-122.53417803, 37.89189576], [-122.53417809, 37.89188675], [-122.53418946, 37.8918868], [-122.53418952, 37.89187778], [-122.53420089, 37.89187783], [-122.53420095, 37.89186882], [-122.53421232, 37.89186886], [-122.53421238, 37.89185985], [-122.53422375, 37.89185989], [-122.53422381, 37.89185088], [-122.53424655, 37.89185097], [-122.53424661, 37.89184196], [-122.53425798, 37.891842], [-122.53425804, 37.89183299], [-122.53426941, 37.89183304], [-122.53426952, 37.89181501], [-122.5342809, 37.89181505], [-122.53428107, 37.89178802], [-122.53426969, 37.89178797], [-122.53426985, 37.89176251], [-122.53429646, 37.89174911], [-122.5342803, 37.89173517], [-122.53425877, 37.89171659], [-122.53425878, 37.89171582], [-122.53425788, 37.89171582], [-122.53424746, 37.89170683], [-122.53424752, 37.89169775], [-122.53423689, 37.89169771], [-122.53423615, 37.89169707], [-122.53423626, 37.89167968], [-122.53422488, 37.89167964], [-122.53422505, 37.8916526], [-122.53421368, 37.89165255], [-122.53421374, 37.89164354], [-122.53420237, 37.8916435], [-122.53420242, 37.89163448], [-122.53419105, 37.89163444], [-122.53419111, 37.89162543], [-122.53417973, 37.89162538], [-122.53417979, 37.89161637], [-122.53416842, 37.89161632], [-122.53416847, 37.89160731], [-122.5341571, 37.89160727], [-122.53415716, 37.89159825], [-122.53414579, 37.89159821], [-122.53414584, 37.8915892], [-122.53411172, 37.89158906], [-122.53411184, 37.89157103], [-122.53409102, 37.89157095], [-122.5340891, 37.89156908], [-122.53408915, 37.89156193], [-122.53408179, 37.8915619], [-122.5340778, 37.891558], [-122.53407783, 37.89155287], [-122.53407256, 37.89155285], [-122.53406454, 37.89154499], [-122.5343548, 37.8912498], [-122.53465307, 37.89094632], [-122.53465326, 37.89094613], [-122.53465361, 37.89094577], [-122.53464856, 37.89094102], [-122.53463917, 37.89093219], [-122.53463868, 37.89093176], [-122.53463822, 37.89093133], [-122.53463781, 37.89093095], [-122.53462978, 37.8909234], [-122.53462932, 37.89092293], [-122.53458708, 37.89087855], [-122.53458239, 37.89087362], [-122.53450028, 37.89078734], [-122.53450004, 37.8907871], [-122.5344995, 37.89078429], [-122.53449928, 37.89078317], [-122.53449831, 37.89077821], [-122.53449828, 37.89077805], [-122.5344968, 37.89077046], [-122.53449477, 37.89076002], [-122.53448773, 37.89072382], [-122.53448758, 37.89072303], [-122.53447667, 37.89066698], [-122.53446826, 37.89062375], [-122.53446429, 37.8906033], [-122.53445518, 37.89055648], [-122.53445289, 37.89054472], [-122.53454792, 37.89044868], [-122.53456619, 37.89043022], [-122.53468177, 37.89031148], [-122.53474495, 37.89021887], [-122.53473046, 37.89015748], [-122.53466632, 37.89008024], [-122.53461795, 37.89002116], [-122.53450589, 37.89008311], [-122.53442503, 37.89012542], [-122.53442259, 37.89012252], [-122.5344086, 37.89010582], [-122.53440721, 37.89010417], [-122.5343923, 37.89008638], [-122.53438909, 37.89008254], [-122.53438835, 37.89008165], [-122.53438831, 37.89008087], [-122.53437899, 37.88988519], [-122.53437497, 37.88980086], [-122.53437565, 37.88980116], [-122.53437614, 37.88980136], [-122.5343763, 37.88980144], [-122.53437678, 37.88980164], [-122.53438402, 37.8898048], [-122.53438511, 37.88980528], [-122.53438594, 37.88980557], [-122.53438806, 37.88980631], [-122.53439199, 37.88980769], [-122.53439516, 37.8898088], [-122.53439573, 37.88980901], [-122.53439686, 37.88980931], [-122.53440583, 37.88981176], [-122.53440674, 37.889812], [-122.5344071, 37.88981207], [-122.53440768, 37.88981219], [-122.534417, 37.88981404], [-122.53441807, 37.88981426], [-122.5344192, 37.8898144], [-122.53442886, 37.88981564], [-122.53442933, 37.8898157], [-122.53442964, 37.88981574], [-122.53443605, 37.88981623], [-122.53453914, 37.8898147], [-122.53461646, 37.88981355], [-122.53478393, 37.88973098], [-122.53478439, 37.88973076], [-122.5347846, 37.88973065], [-122.53478491, 37.8897305], [-122.53478669, 37.88972962], [-122.53503681, 37.88960506], [-122.53503932, 37.88960359], [-122.53529784, 37.88949182], [-122.5354033, 37.88948392], [-122.53555303, 37.88947297], [-122.53556309, 37.88947831], [-122.53574228, 37.88957343], [-122.53575405, 37.88957928], [-122.53591993, 37.88966178], [-122.53593137, 37.88966788], [-122.53610972, 37.88976285], [-122.53612138, 37.88976899], [-122.53615481, 37.88978661], [-122.53615853, 37.8897868], [-122.53639099, 37.88979881], [-122.53640892, 37.88980031], [-122.5364089, 37.88980454], [-122.53638615, 37.88980445]]]}, "properties": {"id": 42, "elev_class": 3, "fill_color": "#cfe0a0", "elev_range_ft": "172-306 ft", "area_m2": 577490.3, "area_acres": 142.701, "n_pixels": 578156, "elev_mean_ft": 238.2, "elev_min_ft": 171.9, "elev_max_ft": 306.1, "clipped_to_aoi": true}}, {"type": "Feature", "geometry": {"type": "Polygon", "coordinates": [[[-122.54905282, 37.8902322], [-122.54903008, 37.89023212], [-122.54903013, 37.8902231], [-122.54898464, 37.89022293], [-122.54898459, 37.89023194], [-122.54896184, 37.89023186], [-122.5489619, 37.89022284], [-122.54887092, 37.89022249], [-122.54887097, 37.89021348], [-122.54882548, 37.89021331], [-122.54882554, 37.89020429], [-122.54881416, 37.89020425], [-122.54881422, 37.89019524], [-122.54879147, 37.89019515], [-122.54879153, 37.89018614], [-122.54878016, 37.89018609], [-122.54878021, 37.89017708], [-122.54876884, 37.89017704], [-122.54876895, 37.89015901], [-122.54875758, 37.89015897], [-122.54875763, 37.89014996], [-122.54874626, 37.89014991], [-122.54874631, 37.8901409], [-122.54873494, 37.89014086], [-122.548735, 37.89013184], [-122.54872362, 37.8901318], [-122.54872368, 37.89012279], [-122.54871231, 37.89012274], [-122.54871236, 37.89011373], [-122.54870099, 37.89011369], [-122.54870104, 37.89010467], [-122.5486783, 37.89010459], [-122.54867835, 37.89009557], [-122.54856463, 37.89009514], [-122.54856457, 37.89010415], [-122.54850771, 37.89010393], [-122.54850765, 37.89011295], [-122.54846216, 37.89011277], [-122.54846211, 37.89012178], [-122.54842799, 37.89012165], [-122.54842794, 37.89013067], [-122.54837107, 37.89013045], [-122.54837113, 37.89012144], [-122.54831427, 37.89012122], [-122.54831432, 37.8901122], [-122.54825746, 37.89011199], [-122.54825751, 37.89010297], [-122.54823477, 37.89010289], [-122.54823482, 37.89009387], [-122.5482007, 37.89009374], [-122.54820076, 37.89008473], [-122.54817801, 37.89008464], [-122.54817807, 37.89007563], [-122.5481667, 37.89007559], [-122.54816675, 37.89006657], [-122.54815538, 37.89006653], [-122.54815544, 37.89005752], [-122.54813269, 37.89005743], [-122.54813275, 37.89004842], [-122.54811, 37.89004833], [-122.54811005, 37.89003932], [-122.54809868, 37.89003927], [-122.54809874, 37.89003026], [-122.54807599, 37.89003017], [-122.5480761, 37.89001215], [-122.54806473, 37.8900121], [-122.54806479, 37.89000309], [-122.54805341, 37.89000305], [-122.54805347, 37.88999403], [-122.5480421, 37.88999399], [-122.54804215, 37.88998498], [-122.54803078, 37.88998493], [-122.54803083, 37.88997592], [-122.54801946, 37.88997588], [-122.54801952, 37.88996686], [-122.54800814, 37.88996682], [-122.5480082, 37.88995781], [-122.54798545, 37.88995772], [-122.54798551, 37.88994871], [-122.54796276, 37.88994862], [-122.54796282, 37.88993961], [-122.54794007, 37.88993952], [-122.54794013, 37.88993051], [-122.54792876, 37.88993046], [-122.54792881, 37.88992145], [-122.54791744, 37.88992141], [-122.54791749, 37.88991239], [-122.54790612, 37.88991235], [-122.54790618, 37.88990334], [-122.5478948, 37.88990329], [-122.54789486, 37.88989428], [-122.54784937, 37.88989411], [-122.54784942, 37.88988509], [-122.54774707, 37.8898847], [-122.54774702, 37.88989371], [-122.54769015, 37.8898935], [-122.54769021, 37.88988448], [-122.54759923, 37.88988413], [-122.54759917, 37.88989315], [-122.5475878, 37.8898931], [-122.54758752, 37.88993817], [-122.54757615, 37.88993812], [-122.5475761, 37.88994714], [-122.54756472, 37.88994709], [-122.54756467, 37.8899561], [-122.5475533, 37.88995606], [-122.54755324, 37.88996507], [-122.54754187, 37.88996503], [-122.54754181, 37.88997404], [-122.54753044, 37.889974], [-122.54753039, 37.88998301], [-122.54751901, 37.88998297], [-122.54751896, 37.88999198], [-122.54750759, 37.88999194], [-122.54750753, 37.89000095], [-122.54749616, 37.89000091], [-122.5474961, 37.89000992], [-122.54747336, 37.89000983], [-122.5474733, 37.89001884], [-122.54746193, 37.8900188], [-122.54746187, 37.89002781], [-122.5474505, 37.89002777], [-122.54745045, 37.89003678], [-122.54743907, 37.89003674], [-122.54743902, 37.89004575], [-122.54742765, 37.89004571], [-122.54742759, 37.89005472], [-122.54741622, 37.89005468], [-122.54741616, 37.89006369], [-122.54740479, 37.89006365], [-122.54740474, 37.89007266], [-122.54739336, 37.89007261], [-122.54739331, 37.89008163], [-122.54738194, 37.89008158], [-122.54738188, 37.8900906], [-122.54735914, 37.89009051], [-122.54735908, 37.89009952], [-122.54734771, 37.89009948], [-122.54734765, 37.89010849], [-122.54733628, 37.89010845], [-122.54733622, 37.89011746], [-122.54731348, 37.89011737], [-122.54731342, 37.89012639], [-122.54730205, 37.89012634], [-122.547302, 37.89013535], [-122.54726788, 37.89013522], [-122.54726782, 37.89014424], [-122.54714273, 37.89014375], [-122.54714278, 37.89013474], [-122.54710866, 37.89013461], [-122.54710872, 37.8901256], [-122.54705186, 37.89012538], [-122.54705191, 37.89011637], [-122.54699505, 37.89011615], [-122.5469951, 37.89010713], [-122.54696099, 37.890107], [-122.54696093, 37.89011602], [-122.54692681, 37.89011589], [-122.54692676, 37.8901249], [-122.54690401, 37.89012481], [-122.54690396, 37.89013382], [-122.54689258, 37.89013378], [-122.54689253, 37.89014279], [-122.54686978, 37.8901427], [-122.54686973, 37.89015172], [-122.54685836, 37.89015167], [-122.5468583, 37.89016069], [-122.54683556, 37.8901606], [-122.5468355, 37.89016961], [-122.54682413, 37.89016957], [-122.54682407, 37.89017858], [-122.5468127, 37.89017854], [-122.54681264, 37.89018755], [-122.54680127, 37.89018751], [-122.54680122, 37.89019652], [-122.54678984, 37.89019647], [-122.54678973, 37.8902145], [-122.54677836, 37.89021446], [-122.54677831, 37.89022347], [-122.54676693, 37.89022343], [-122.54676688, 37.89023244], [-122.54675551, 37.89023239], [-122.54675545, 37.89024141], [-122.54674408, 37.89024136], [-122.54674402, 37.89025038], [-122.54673265, 37.89025033], [-122.54673259, 37.89025935], [-122.54670985, 37.89025926], [-122.54670979, 37.89026827], [-122.54669842, 37.89026823], [-122.54669837, 37.89027724], [-122.54667562, 37.89027715], [-122.54667557, 37.89028616], [-122.5466187, 37.89028595], [-122.54661876, 37.89027693], [-122.54657327, 37.89027676], [-122.54657332, 37.89026774], [-122.54653921, 37.89026761], [-122.54653926, 37.8902586], [-122.54651652, 37.89025851], [-122.54651657, 37.8902495], [-122.5465052, 37.89024946], [-122.54650525, 37.89024044], [-122.54648251, 37.89024036], [-122.54648256, 37.89023134], [-122.54647119, 37.8902313], [-122.54647125, 37.89022229], [-122.54645987, 37.89022224], [-122.54645993, 37.89021323], [-122.54644856, 37.89021319], [-122.54644861, 37.89020417], [-122.54643724, 37.89020413], [-122.54643729, 37.89019512], [-122.54642592, 37.89019507], [-122.54642598, 37.89018606], [-122.5464146, 37.89018602], [-122.54641466, 37.890177], [-122.54640329, 37.89017696], [-122.54640334, 37.89016795], [-122.54639197, 37.8901679], [-122.54639203, 37.89015889], [-122.54638065, 37.89015885], [-122.54638071, 37.89014983], [-122.54636934, 37.89014979], [-122.54636939, 37.89014078], [-122.54634665, 37.89014069], [-122.5463467, 37.89013168], [-122.54633533, 37.89013163], [-122.54633538, 37.89012262], [-122.54632401, 37.89012258], [-122.54632407, 37.89011356], [-122.54631269, 37.89011352], [-122.54631275, 37.89010451], [-122.54630138, 37.89010446], [-122.54630143, 37.89009545], [-122.54627869, 37.89009536], [-122.54627874, 37.89008635], [-122.54626737, 37.89008631], [-122.54626743, 37.89007729], [-122.54625605, 37.89007725], [-122.54625611, 37.89006824], [-122.54623336, 37.89006815], [-122.54623342, 37.89005914], [-122.54622205, 37.89005909], [-122.5462221, 37.89005008], [-122.54619936, 37.89004999], [-122.54619941, 37.89004098], [-122.54618804, 37.89004094], [-122.54618798, 37.89004995], [-122.54616524, 37.89004986], [-122.54616518, 37.89005887], [-122.54615381, 37.89005883], [-122.5461537, 37.89007685], [-122.54614233, 37.89007681], [-122.54614227, 37.89008582], [-122.5461309, 37.89008578], [-122.54613079, 37.89010381], [-122.54611942, 37.89010376], [-122.54611931, 37.89012179], [-122.54610793, 37.89012174], [-122.54610771, 37.89015779], [-122.54609634, 37.89015775], [-122.54609623, 37.89017578], [-122.54608486, 37.89017573], [-122.54608474, 37.89019376], [-122.54607337, 37.89019371], [-122.54607326, 37.89021174], [-122.54606189, 37.8902117], [-122.54606178, 37.89022972], [-122.54605041, 37.89022968], [-122.5460503, 37.8902477], [-122.54603892, 37.89024766], [-122.54603881, 37.89026568], [-122.54602744, 37.89026564], [-122.54602733, 37.89028367], [-122.54601596, 37.89028362], [-122.5460159, 37.89029264], [-122.54600453, 37.89029259], [-122.54600447, 37.8903016], [-122.5459931, 37.89030156], [-122.54599299, 37.89031959], [-122.54598162, 37.89031954], [-122.54598156, 37.89032856], [-122.54597019, 37.89032851], [-122.54597013, 37.89033752], [-122.54595876, 37.89033748], [-122.54595865, 37.89035551], [-122.54594728, 37.89035546], [-122.54594717, 37.89037349], [-122.54593579, 37.89037344], [-122.54593574, 37.89038246], [-122.54592437, 37.89038241], [-122.54592431, 37.89039143], [-122.54591294, 37.89039138], [-122.54591283, 37.89040941], [-122.54590146, 37.89040936], [-122.54590134, 37.89042739], [-122.54588997, 37.89042734], [-122.54588986, 37.89044537], [-122.54587849, 37.89044533], [-122.54587843, 37.89045434], [-122.54586706, 37.8904543], [-122.54586695, 37.89047232], [-122.54585558, 37.89047228], [-122.54585552, 37.89048129], [-122.54584415, 37.89048125], [-122.54584404, 37.89049927], [-122.54583267, 37.89049923], [-122.54583256, 37.89051725], [-122.54582118, 37.89051721], [-122.54582102, 37.89054425], [-122.54580964, 37.8905442], [-122.54580959, 37.89055322], [-122.54579822, 37.89055317], [-122.54579811, 37.8905712], [-122.54578673, 37.89057115], [-122.54578662, 37.89058918], [-122.54577525, 37.89058914], [-122.54577519, 37.89059815], [-122.54576382, 37.89059811], [-122.54576371, 37.89061613], [-122.54575234, 37.89061609], [-122.54575228, 37.8906251], [-122.54574091, 37.89062506], [-122.54574085, 37.89063407], [-122.54572948, 37.89063402], [-122.54572943, 37.89064304], [-122.54571805, 37.89064299], [-122.545718, 37.89065201], [-122.54568388, 37.89065187], [-122.54568382, 37.89066089], [-122.54564971, 37.89066076], [-122.54564976, 37.89065174], [-122.54561564, 37.89065161], [-122.5456157, 37.8906426], [-122.54559295, 37.89064251], [-122.54559301, 37.8906335], [-122.54558164, 37.89063345], [-122.54558169, 37.89062444], [-122.54557032, 37.8906244], [-122.54557038, 37.89061538], [-122.545559, 37.89061534], [-122.54555906, 37.89060633], [-122.54554769, 37.89060628], [-122.54554774, 37.89059727], [-122.54553637, 37.89059723], [-122.54553642, 37.89058821], [-122.54552505, 37.89058817], [-122.54552511, 37.89057916], [-122.54551373, 37.89057911], [-122.54551379, 37.8905701], [-122.54550242, 37.89057006], [-122.54550253, 37.89055203], [-122.54549115, 37.89055199], [-122.54549127, 37.89053396], [-122.54547989, 37.89053392], [-122.54547995, 37.89052491], [-122.54546858, 37.89052486], [-122.54546863, 37.89051585], [-122.54545726, 37.8905158], [-122.54545731, 37.89050679], [-122.54544594, 37.89050675], [-122.545446, 37.89049774], [-122.54543462, 37.89049769], [-122.54543468, 37.89048868], [-122.54542331, 37.89048863], [-122.54542336, 37.89047962], [-122.54541199, 37.89047958], [-122.54541205, 37.89047057], [-122.54540067, 37.89047052], [-122.54540073, 37.89046151], [-122.54537798, 37.89046142], [-122.54537804, 37.89045241], [-122.54536667, 37.89045236], [-122.54536672, 37.89044335], [-122.54534398, 37.89044326], [-122.54534403, 37.89043425], [-122.54532129, 37.89043416], [-122.54532134, 37.89042515], [-122.5452986, 37.89042506], [-122.54529865, 37.89041605], [-122.54527591, 37.89041596], [-122.54527596, 37.89040695], [-122.54517361, 37.89040655], [-122.54517355, 37.89041557], [-122.54515081, 37.89041548], [-122.54515075, 37.89042449], [-122.54512801, 37.8904244], [-122.54512795, 37.89043342], [-122.54510521, 37.89043333], [-122.54510515, 37.89044234], [-122.54508241, 37.89044225], [-122.54508235, 37.89045127], [-122.54504823, 37.89045113], [-122.54504818, 37.89046015], [-122.54493445, 37.89045971], [-122.54493451, 37.89045069], [-122.54490039, 37.89045056], [-122.54490044, 37.89044155], [-122.54486633, 37.89044142], [-122.54486638, 37.8904324], [-122.54484364, 37.89043232], [-122.54484369, 37.8904233], [-122.54482095, 37.89042322], [-122.544821, 37.8904142], [-122.54479826, 37.89041412], [-122.54479831, 37.8904051], [-122.54478694, 37.89040506], [-122.544787, 37.89039605], [-122.54477562, 37.890396], [-122.54477568, 37.89038699], [-122.54476431, 37.89038694], [-122.54476436, 37.89037793], [-122.54475299, 37.89037789], [-122.54475304, 37.89036888], [-122.5447303, 37.89036879], [-122.54473035, 37.89035977], [-122.54471898, 37.89035973], [-122.54471904, 37.89035072], [-122.54469629, 37.89035063], [-122.54469635, 37.89034162], [-122.54463948, 37.8903414], [-122.54463943, 37.89035041], [-122.54461668, 37.89035032], [-122.54461663, 37.89035933], [-122.54460526, 37.89035929], [-122.5446052, 37.8903683], [-122.54459383, 37.89036826], [-122.54459377, 37.89037727], [-122.5445824, 37.89037723], [-122.54458234, 37.89038624], [-122.54457097, 37.8903862], [-122.54457086, 37.89040422], [-122.54455949, 37.89040418], [-122.54455943, 37.89041319], [-122.54454806, 37.89041315], [-122.54454795, 37.89043117], [-122.54453658, 37.89043113], [-122.54453652, 37.89044014], [-122.54452515, 37.8904401], [-122.54452509, 37.89044911], [-122.54451372, 37.89044907], [-122.54451366, 37.89045808], [-122.54450229, 37.89045804], [-122.54450224, 37.89046705], [-122.54449086, 37.890467], [-122.54449081, 37.89047602], [-122.54446806, 37.89047593], [-122.54446801, 37.89048494], [-122.54444526, 37.89048485], [-122.54444521, 37.89049387], [-122.5443656, 37.89049356], [-122.54436565, 37.89048455], [-122.54432016, 37.89048437], [-122.54432022, 37.89047536], [-122.5442861, 37.89047522], [-122.54428616, 37.89046621], [-122.54426341, 37.89046612], [-122.54426347, 37.89045711], [-122.54424072, 37.89045702], [-122.54424078, 37.89044801], [-122.54420666, 37.89044788], [-122.54420671, 37.89043887], [-122.5441726, 37.89043873], [-122.54417265, 37.89042972], [-122.54409304, 37.89042941], [-122.54409299, 37.89043842], [-122.54405887, 37.89043829], [-122.54405882, 37.89044731], [-122.54404744, 37.89044726], [-122.54404739, 37.89045627], [-122.54403601, 37.89045623], [-122.54403596, 37.89046524], [-122.54401321, 37.89046515], [-122.54401316, 37.89047417], [-122.54400179, 37.89047412], [-122.54400173, 37.89048314], [-122.54399036, 37.89048309], [-122.5439903, 37.89049211], [-122.54397893, 37.89049206], [-122.54397887, 37.89050107], [-122.5439675, 37.89050103], [-122.54396745, 37.89051004], [-122.5439447, 37.89050995], [-122.54394464, 37.89051897], [-122.54391053, 37.89051884], [-122.54391047, 37.89052785], [-122.54381949, 37.8905275], [-122.54381955, 37.89051848], [-122.54378543, 37.89051835], [-122.54378548, 37.89050934], [-122.54372862, 37.89050912], [-122.54372868, 37.8905001], [-122.54362632, 37.89049971], [-122.54362638, 37.89049069], [-122.54352402, 37.8904903], [-122.54352408, 37.89048129], [-122.54345584, 37.89048102], [-122.5434559, 37.89047201], [-122.54337629, 37.8904717], [-122.54337635, 37.89046269], [-122.54331948, 37.89046247], [-122.54331954, 37.89045345], [-122.5432513, 37.89045319], [-122.54325136, 37.89044418], [-122.54323999, 37.89044413], [-122.54323993, 37.89045314], [-122.54322856, 37.8904531], [-122.54322861, 37.89044409], [-122.54320587, 37.890444], [-122.54320593, 37.89043499], [-122.54311494, 37.89043463], [-122.543115, 37.89042562], [-122.54306951, 37.89042544], [-122.54306957, 37.89041643], [-122.54304682, 37.89041634], [-122.54304688, 37.89040733], [-122.54302413, 37.89040724], [-122.54302419, 37.89039823], [-122.54301281, 37.89039818], [-122.54301287, 37.89038917], [-122.54299012, 37.89038908], [-122.54299018, 37.89038007], [-122.54296744, 37.89037998], [-122.54296749, 37.89037097], [-122.54294475, 37.89037088], [-122.5429448, 37.89036187], [-122.54293343, 37.89036182], [-122.54293348, 37.89035281], [-122.54291074, 37.89035272], [-122.54291079, 37.89034371], [-122.54288805, 37.89034362], [-122.54288811, 37.89033461], [-122.54287673, 37.89033457], [-122.54287679, 37.89032555], [-122.54286542, 37.89032551], [-122.54286547, 37.8903165], [-122.5428541, 37.89031645], [-122.54285415, 37.89030744], [-122.54283141, 37.89030735], [-122.54283147, 37.89029834], [-122.54282009, 37.89029829], [-122.54282015, 37.89028928], [-122.54280878, 37.89028924], [-122.54280883, 37.89028022], [-122.54279746, 37.89028018], [-122.54279751, 37.89027117], [-122.54278614, 37.89027112], [-122.5427862, 37.89026211], [-122.54276345, 37.89026202], [-122.54276351, 37.89025301], [-122.54275214, 37.89025296], [-122.54275219, 37.89024395], [-122.54274082, 37.89024391], [-122.54274087, 37.89023489], [-122.54270676, 37.89023476], [-122.54270681, 37.89022575], [-122.54269544, 37.89022571], [-122.5426955, 37.89021669], [-122.54268412, 37.89021665], [-122.54268418, 37.89020764], [-122.54267281, 37.89020759], [-122.54267286, 37.89019858], [-122.54266149, 37.89019853], [-122.5426616, 37.89018051], [-122.54265023, 37.89018046], [-122.54265028, 37.89017145], [-122.54263891, 37.89017141], [-122.54263902, 37.89015338], [-122.54262765, 37.89015334], [-122.54262776, 37.89013531], [-122.54260502, 37.89013522], [-122.54260513, 37.8901172], [-122.54259376, 37.89011715], [-122.54259381, 37.89010814], [-122.54258244, 37.8901081], [-122.54258266, 37.89007205], [-122.54259404, 37.89007209], [-122.5425942, 37.89004505], [-122.54260558, 37.8900451], [-122.54260569, 37.89002707], [-122.54261706, 37.89002711], [-122.54261711, 37.8900181], [-122.54262849, 37.89001815], [-122.5426286, 37.89000012], [-122.54263997, 37.89000016], [-122.54264014, 37.88997313], [-122.54262877, 37.88997308], [-122.54262888, 37.88995506], [-122.54261751, 37.88995501], [-122.54261762, 37.88993699], [-122.54266311, 37.88993716], [-122.54266305, 37.88994618], [-122.54267442, 37.88994622], [-122.54267437, 37.88995523], [-122.54268574, 37.88995528], [-122.5426858, 37.88994626], [-122.54269717, 37.88994631], [-122.54269722, 37.8899373], [-122.5427086, 37.88993734], [-122.54270893, 37.88988326], [-122.54273168, 37.88988335], [-122.54273173, 37.88987434], [-122.5427431, 37.88987438], [-122.54274316, 37.88986537], [-122.54276591, 37.88986546], [-122.54276596, 37.88985645], [-122.54277733, 37.88985649], [-122.54277761, 37.88981143], [-122.54278898, 37.88981147], [-122.54278904, 37.88980246], [-122.54280041, 37.8898025], [-122.54280047, 37.88979349], [-122.54281184, 37.88979353], [-122.5428119, 37.88978452], [-122.54282327, 37.88978456], [-122.54282333, 37.88977555], [-122.54284607, 37.88977564], [-122.54284613, 37.88976663], [-122.5428575, 37.88976667], [-122.54285761, 37.88974865], [-122.54286898, 37.88974869], [-122.54286915, 37.88972165], [-122.54288052, 37.8897217], [-122.54288063, 37.88970367], [-122.54290338, 37.88970376], [-122.54290343, 37.88969475], [-122.54291481, 37.88969479], [-122.54291486, 37.88968578], [-122.54292624, 37.88968582], [-122.54292629, 37.88967681], [-122.54294904, 37.8896769], [-122.54294909, 37.88966788], [-122.54297184, 37.88966797], [-122.54297189, 37.88965896], [-122.54299464, 37.88965905], [-122.54299469, 37.88965004], [-122.54304018, 37.88965021], [-122.54304024, 37.8896412], [-122.54313122, 37.88964155], [-122.54313116, 37.88965057], [-122.54314254, 37.88965061], [-122.54314248, 37.88965962], [-122.54318797, 37.8896598], [-122.54318803, 37.88965079], [-122.5431994, 37.88965083], [-122.54319945, 37.88964182], [-122.54320374, 37.88964183], [-122.54323272, 37.88966584], [-122.54323686, 37.88966927], [-122.54323732, 37.88966965], [-122.54329446, 37.88971699], [-122.54330931, 37.88972929], [-122.54330992, 37.88972981], [-122.54331106, 37.8897309], [-122.54331581, 37.88973544], [-122.54334713, 37.8897654], [-122.5433565, 37.88977439], [-122.54335831, 37.88977615], [-122.54342136, 37.8898365], [-122.54342179, 37.8898369], [-122.54342651, 37.8898421], [-122.54364817, 37.89008597], [-122.5436487, 37.89008656], [-122.54365615, 37.89008549], [-122.54789938, 37.88947483], [-122.54845328, 37.88939511], [-122.54845674, 37.88939461], [-122.54846156, 37.88940092], [-122.54876362, 37.88979635], [-122.54877928, 37.88981685], [-122.54908978, 37.89022333], [-122.54905288, 37.89022319], [-122.54905282, 37.8902322]]]}, "properties": {"id": 43, "elev_class": 5, "fill_color": "#dfc389", "elev_range_ft": "444-578 ft", "area_m2": 33418.5, "area_acres": 8.2579, "n_pixels": 33790, "elev_mean_ft": 482.1, "elev_min_ft": 444.3, "elev_max_ft": 561.4, "clipped_to_aoi": true}}, {"type": "Feature", "geometry": {"type": "Polygon", "coordinates": [[[-122.54025454, 37.88954022], [-122.54025449, 37.88954924], [-122.54026586, 37.88954928], [-122.54026575, 37.88956731], [-122.54027712, 37.88956735], [-122.54027695, 37.88959439], [-122.54028832, 37.88959443], [-122.54028827, 37.88960345], [-122.54031101, 37.88960353], [-122.54031107, 37.88959452], [-122.54034518, 37.88959465], [-122.54034513, 37.88960367], [-122.5403565, 37.88960371], [-122.54035628, 37.88963976], [-122.54036765, 37.88963981], [-122.5403672, 37.88971191], [-122.54034446, 37.88971182], [-122.54034434, 37.88972985], [-122.5403216, 37.88972976], [-122.54032154, 37.88973877], [-122.54031017, 37.88973873], [-122.54031006, 37.88975675], [-122.54028731, 37.88975666], [-122.54028698, 37.88981074], [-122.5402756, 37.88981069], [-122.54027555, 37.88981971], [-122.54028692, 37.88981975], [-122.54028687, 37.88982876], [-122.54029824, 37.88982881], [-122.54029813, 37.88984683], [-122.5403095, 37.88984688], [-122.54030939, 37.8898649], [-122.54029801, 37.88986486], [-122.5402979, 37.88988289], [-122.54022967, 37.88988262], [-122.54022983, 37.88985558], [-122.54021846, 37.88985554], [-122.54021841, 37.88986455], [-122.54019566, 37.88986446], [-122.54019555, 37.88988249], [-122.54020692, 37.88988253], [-122.5402067, 37.88991858], [-122.54018395, 37.88991849], [-122.5401839, 37.88992751], [-122.54014978, 37.88992737], [-122.54014972, 37.88993639], [-122.5401156, 37.88993625], [-122.54011555, 37.88994526], [-122.54010418, 37.88994522], [-122.54010406, 37.88996325], [-122.54009269, 37.8899632], [-122.54009258, 37.88998123], [-122.54006983, 37.88998114], [-122.54006978, 37.88999015], [-122.54005841, 37.88999011], [-122.54005835, 37.88999912], [-122.54004698, 37.88999907], [-122.54004692, 37.89000809], [-122.54003555, 37.89000804], [-122.54003549, 37.89001706], [-122.54002412, 37.89001701], [-122.54002406, 37.89002602], [-122.54001269, 37.89002598], [-122.54001264, 37.89003499], [-122.54000126, 37.89003495], [-122.54000121, 37.89004396], [-122.53998983, 37.89004392], [-122.53998978, 37.89005293], [-122.53997841, 37.89005288], [-122.53997835, 37.8900619], [-122.5399556, 37.89006181], [-122.53995555, 37.89007082], [-122.53994418, 37.89007078], [-122.53994412, 37.89007979], [-122.53993275, 37.89007975], [-122.53993269, 37.89008876], [-122.53990995, 37.89008867], [-122.53990989, 37.89009768], [-122.53989852, 37.89009764], [-122.53989846, 37.89010665], [-122.53987572, 37.89010656], [-122.53987566, 37.89011557], [-122.53985291, 37.89011549], [-122.53985286, 37.8901245], [-122.53983011, 37.89012441], [-122.53983006, 37.89013342], [-122.53981869, 37.89013338], [-122.53981874, 37.89012436], [-122.53972776, 37.89012401], [-122.53972782, 37.890115], [-122.53968233, 37.89011482], [-122.53968238, 37.89010581], [-122.53962552, 37.89010558], [-122.53962558, 37.89009657], [-122.53960283, 37.89009648], [-122.53960294, 37.89007846], [-122.5395802, 37.89007837], [-122.53958025, 37.89006935], [-122.53956888, 37.89006931], [-122.53956894, 37.8900603], [-122.53955757, 37.89006025], [-122.53955762, 37.89005124], [-122.53946664, 37.89005088], [-122.5394667, 37.89004187], [-122.53945532, 37.89004183], [-122.53945538, 37.89003281], [-122.53944401, 37.89003277], [-122.53944406, 37.89002376], [-122.53943269, 37.89002371], [-122.53943264, 37.89003272], [-122.53938715, 37.89003255], [-122.53938709, 37.89004156], [-122.53935297, 37.89004143], [-122.5393532, 37.89000537], [-122.53934182, 37.89000533], [-122.53934205, 37.88996928], [-122.53933068, 37.88996923], [-122.53933073, 37.88996022], [-122.53927387, 37.88996], [-122.53927381, 37.88996901], [-122.53926244, 37.88996897], [-122.53926238, 37.88997798], [-122.53925101, 37.88997794], [-122.53925096, 37.88998695], [-122.53912586, 37.88998646], [-122.5391258, 37.88999547], [-122.53911443, 37.88999543], [-122.53911437, 37.89000444], [-122.539103, 37.8900044], [-122.53910289, 37.89002242], [-122.53909152, 37.89002238], [-122.53909146, 37.89003139], [-122.53908009, 37.89003134], [-122.53908003, 37.89004036], [-122.53904591, 37.89004022], [-122.53904586, 37.89004924], [-122.53897762, 37.89004897], [-122.53897768, 37.89003996], [-122.53893219, 37.89003978], [-122.53893224, 37.89003077], [-122.53884126, 37.89003041], [-122.53884121, 37.89003942], [-122.53882984, 37.89003938], [-122.53882978, 37.89004839], [-122.53880703, 37.8900483], [-122.53880698, 37.89005731], [-122.53878423, 37.89005722], [-122.53878429, 37.89004821], [-122.53877292, 37.89004817], [-122.53877303, 37.89003014], [-122.53876166, 37.8900301], [-122.53876182, 37.89000306], [-122.53875045, 37.89000301], [-122.53875051, 37.889994], [-122.53873914, 37.88999396], [-122.53873925, 37.88997593], [-122.53872788, 37.88997589], [-122.53872799, 37.88995786], [-122.53871662, 37.88995782], [-122.53871667, 37.8899488], [-122.5387053, 37.88994876], [-122.53870541, 37.88993073], [-122.53869404, 37.88993069], [-122.5386941, 37.88992168], [-122.53868272, 37.88992163], [-122.53868284, 37.88990361], [-122.53867146, 37.88990356], [-122.53867152, 37.88989455], [-122.53866015, 37.8898945], [-122.5386602, 37.88988549], [-122.53864883, 37.88988545], [-122.53864894, 37.88986742], [-122.53863757, 37.88986738], [-122.53863763, 37.88985836], [-122.53862625, 37.88985832], [-122.53862648, 37.88982227], [-122.53863785, 37.88982231], [-122.53863841, 37.88973219], [-122.53862704, 37.88973214], [-122.53862738, 37.88967806], [-122.53861601, 37.88967802], [-122.53861612, 37.88965999], [-122.53860475, 37.88965995], [-122.53860486, 37.88964192], [-122.53859349, 37.88964188], [-122.5385936, 37.88962385], [-122.53858223, 37.88962381], [-122.53858234, 37.88960578], [-122.53857097, 37.88960574], [-122.53857102, 37.88959673], [-122.53855965, 37.88959668], [-122.53855982, 37.88956964], [-122.53854845, 37.8895696], [-122.53854862, 37.88954256], [-122.53853724, 37.88954252], [-122.53853747, 37.88950647], [-122.5385261, 37.88950642], [-122.53852632, 37.88947037], [-122.53853769, 37.88947041], [-122.53853786, 37.88944338], [-122.53854923, 37.88944342], [-122.53854929, 37.88943441], [-122.53856066, 37.88943445], [-122.53856072, 37.88942544], [-122.53857209, 37.88942548], [-122.53857226, 37.88939845], [-122.53858363, 37.88939849], [-122.53858369, 37.88938948], [-122.53859506, 37.88938952], [-122.53859517, 37.8893715], [-122.53860655, 37.88937154], [-122.53860666, 37.88935352], [-122.53861803, 37.88935356], [-122.53861809, 37.88934455], [-122.53862946, 37.88934459], [-122.53862957, 37.88932657], [-122.53864095, 37.88932661], [-122.53864111, 37.88929957], [-122.53862974, 37.88929953], [-122.5386298, 37.88929052], [-122.53860705, 37.88929043], [-122.53860711, 37.88928141], [-122.53859574, 37.88928137], [-122.53859579, 37.88927236], [-122.53858442, 37.88927231], [-122.53858448, 37.8892633], [-122.53859585, 37.88926334], [-122.53859602, 37.8892363], [-122.53860739, 37.88923635], [-122.53860784, 37.88916425], [-122.53861921, 37.88916429], [-122.53861927, 37.88915528], [-122.53864201, 37.88915537], [-122.53864207, 37.88914636], [-122.53868756, 37.88914653], [-122.53868778, 37.88911048], [-122.53869916, 37.88911053], [-122.53869933, 37.88908349], [-122.53868795, 37.88908344], [-122.53868835, 37.88902035], [-122.53869972, 37.8890204], [-122.53869978, 37.88901139], [-122.53871115, 37.88901143], [-122.5387112, 37.88900242], [-122.53872258, 37.88900246], [-122.53872263, 37.88899345], [-122.53874538, 37.88899354], [-122.53874543, 37.88898453], [-122.53876818, 37.88898462], [-122.53876823, 37.8889756], [-122.53877961, 37.88897565], [-122.53877972, 37.88895762], [-122.53880246, 37.88895771], [-122.53880252, 37.8889487], [-122.53882527, 37.88894879], [-122.53882521, 37.8889578], [-122.53883658, 37.88895784], [-122.53883647, 37.88897587], [-122.53884784, 37.88897591], [-122.53884778, 37.88898493], [-122.53896151, 37.88898537], [-122.53896156, 37.88897636], [-122.53897294, 37.8889764], [-122.53897299, 37.88896739], [-122.53899574, 37.88896748], [-122.53899579, 37.88895847], [-122.53899581, 37.88895847], [-122.53903969, 37.8890033], [-122.53915608, 37.88912255], [-122.53928266, 37.88924668], [-122.5393622, 37.88932372], [-122.53938423, 37.88934506], [-122.53941663, 37.88937642], [-122.53958691, 37.88956624], [-122.53959658, 37.88956756], [-122.53981355, 37.88959721], [-122.53988609, 37.88959463], [-122.5399289, 37.88959311], [-122.54006039, 37.88958844], [-122.54006163, 37.8895405], [-122.54015219, 37.88953925], [-122.54015219, 37.88953982], [-122.54025454, 37.88954022]]]}, "properties": {"id": 44, "elev_class": 5, "fill_color": "#dfc389", "elev_range_ft": "444-578 ft", "area_m2": 11427.7, "area_acres": 2.8238, "n_pixels": 11516, "elev_mean_ft": 457.0, "elev_min_ft": 444.3, "elev_max_ft": 472.4, "clipped_to_aoi": true}}, {"type": "Feature", "geometry": {"type": "Polygon", "coordinates": [[[-122.55072855, 37.89333007], [-122.5507285, 37.89333908], [-122.55075124, 37.89333917], [-122.55075119, 37.89334818], [-122.55077393, 37.89334827], [-122.55077388, 37.89335728], [-122.55079663, 37.89335737], [-122.55079657, 37.89336638], [-122.55080794, 37.89336643], [-122.55080789, 37.89337544], [-122.55081926, 37.89337548], [-122.55081921, 37.89338449], [-122.55083058, 37.89338454], [-122.55083053, 37.89339355], [-122.5508419, 37.89339359], [-122.55084184, 37.89340261], [-122.55085322, 37.89340265], [-122.55085316, 37.89341166], [-122.55087591, 37.89341175], [-122.55087585, 37.89342076], [-122.55088723, 37.89342081], [-122.55088717, 37.89342982], [-122.55095541, 37.89343008], [-122.55095536, 37.89343909], [-122.55098948, 37.89343922], [-122.55098942, 37.89344823], [-122.55100079, 37.89344828], [-122.55100074, 37.89345729], [-122.55103486, 37.89345742], [-122.5510348, 37.89346643], [-122.55104618, 37.89346648], [-122.55104612, 37.89347549], [-122.55105749, 37.89347553], [-122.55105678, 37.8935927], [-122.55106816, 37.89359274], [-122.55106777, 37.89365583], [-122.55107915, 37.89365588], [-122.55107882, 37.89370995], [-122.55109019, 37.89371], [-122.55108926, 37.89386321], [-122.55107789, 37.89386317], [-122.55107729, 37.89396231], [-122.55108866, 37.89396235], [-122.55108833, 37.89401643], [-122.5510997, 37.89401647], [-122.55109937, 37.89407055], [-122.55111075, 37.89407059], [-122.55111064, 37.89408862], [-122.55112201, 37.89408866], [-122.55112196, 37.89409768], [-122.55113333, 37.89409772], [-122.55113328, 37.89410673], [-122.55114465, 37.89410677], [-122.55114459, 37.89411579], [-122.55115597, 37.89411583], [-122.55115591, 37.89412484], [-122.55116729, 37.89412489], [-122.55116723, 37.8941339], [-122.5511786, 37.89413394], [-122.55117855, 37.89414296], [-122.55118992, 37.894143], [-122.55118987, 37.89415201], [-122.55123536, 37.89415219], [-122.55123531, 37.8941612], [-122.55125805, 37.89416129], [-122.551258, 37.8941703], [-122.55129212, 37.89417043], [-122.55129206, 37.89417944], [-122.55133756, 37.89417961], [-122.5513375, 37.89418863], [-122.55140574, 37.89418889], [-122.55140579, 37.89417987], [-122.55142854, 37.89417996], [-122.5514286, 37.89417095], [-122.55145134, 37.89417104], [-122.5514514, 37.89416202], [-122.55147414, 37.89416211], [-122.5514742, 37.8941531], [-122.55149694, 37.89415318], [-122.551497, 37.89414417], [-122.55151975, 37.89414426], [-122.5515198, 37.89413524], [-122.55154255, 37.89413533], [-122.5515426, 37.89412632], [-122.55156535, 37.8941264], [-122.5515654, 37.89411739], [-122.55159952, 37.89411752], [-122.55159947, 37.89412653], [-122.55158809, 37.89412649], [-122.55158798, 37.89414452], [-122.55157661, 37.89414447], [-122.55157656, 37.89415349], [-122.55156518, 37.89415344], [-122.55156513, 37.89416246], [-122.55155376, 37.89416241], [-122.5515537, 37.89417143], [-122.55154233, 37.89417138], [-122.55154222, 37.89418941], [-122.55153084, 37.89418936], [-122.55153074, 37.89420739], [-122.55151936, 37.89420735], [-122.55151925, 37.89422537], [-122.55150788, 37.89422533], [-122.55150777, 37.89424335], [-122.5514964, 37.89424331], [-122.55149623, 37.89427035], [-122.55148486, 37.89427031], [-122.55148475, 37.89428833], [-122.55147338, 37.89428829], [-122.55147327, 37.89430631], [-122.55146189, 37.89430627], [-122.55146162, 37.89435133], [-122.55145025, 37.89435129], [-122.55145003, 37.89438734], [-122.5514614, 37.89438739], [-122.55146129, 37.89440541], [-122.55147267, 37.89440545], [-122.55147256, 37.89442348], [-122.55148393, 37.89442352], [-122.55148295, 37.89458575], [-122.55149432, 37.8945858], [-122.5514941, 37.89462185], [-122.55150547, 37.89462189], [-122.55150536, 37.89463992], [-122.55151674, 37.89463996], [-122.55151663, 37.89465799], [-122.551528, 37.89465803], [-122.55152789, 37.89467605], [-122.55153927, 37.8946761], [-122.55153916, 37.89469412], [-122.55155053, 37.89469417], [-122.55155037, 37.8947212], [-122.55156174, 37.89472125], [-122.55156168, 37.89473026], [-122.55157306, 37.8947303], [-122.55157295, 37.89474833], [-122.55158432, 37.89474837], [-122.55158421, 37.8947664], [-122.55159559, 37.89476644], [-122.55159542, 37.89479348], [-122.55160679, 37.89479352], [-122.55160663, 37.89482056], [-122.551618, 37.89482061], [-122.55161789, 37.89483863], [-122.55160652, 37.89483859], [-122.55160641, 37.89485661], [-122.55161779, 37.89485666], [-122.55161773, 37.89486567], [-122.5516291, 37.89486571], [-122.55162905, 37.89487473], [-122.55164042, 37.89487477], [-122.55164026, 37.89490181], [-122.55162888, 37.89490176], [-122.55162883, 37.89491078], [-122.55161746, 37.89491073], [-122.55161707, 37.89497382], [-122.5516057, 37.89497378], [-122.55160548, 37.89500983], [-122.55161686, 37.89500987], [-122.55161636, 37.89509099], [-122.55162774, 37.89509103], [-122.55162757, 37.89511807], [-122.55163895, 37.89511811], [-122.55163889, 37.89512713], [-122.55165026, 37.89512717], [-122.5516501, 37.89515421], [-122.55166147, 37.89515425], [-122.55166142, 37.89516326], [-122.55168417, 37.89516335], [-122.55168411, 37.89517236], [-122.55169549, 37.89517241], [-122.55169543, 37.89518142], [-122.5517068, 37.89518146], [-122.55170675, 37.89519048], [-122.5517295, 37.89519056], [-122.55172944, 37.89519958], [-122.55174081, 37.89519962], [-122.55174076, 37.89520863], [-122.55177488, 37.89520876], [-122.55177483, 37.89521777], [-122.55179757, 37.89521786], [-122.55179752, 37.89522687], [-122.55187713, 37.89522718], [-122.55187719, 37.89521816], [-122.55191131, 37.89521829], [-122.55191136, 37.89520928], [-122.55194548, 37.89520941], [-122.55194553, 37.8952004], [-122.55197965, 37.89520053], [-122.55197971, 37.89519152], [-122.55200246, 37.8951916], [-122.55200251, 37.89518259], [-122.55202526, 37.89518268], [-122.55202531, 37.89517366], [-122.55203669, 37.89517371], [-122.55203679, 37.89515568], [-122.55204817, 37.89515572], [-122.55204822, 37.89514671], [-122.55207097, 37.8951468], [-122.55207108, 37.89512877], [-122.55208245, 37.89512882], [-122.55208251, 37.8951198], [-122.55210525, 37.89511989], [-122.55210531, 37.89511088], [-122.55211668, 37.89511092], [-122.55211674, 37.89510191], [-122.55212811, 37.89510195], [-122.55212816, 37.89509294], [-122.55213954, 37.89509298], [-122.55213959, 37.89508397], [-122.55216234, 37.89508405], [-122.55216239, 37.89507504], [-122.55218514, 37.89507513], [-122.55218519, 37.89506612], [-122.55219657, 37.89506616], [-122.55219662, 37.89505715], [-122.55221937, 37.89505723], [-122.55221942, 37.89504822], [-122.55224217, 37.89504831], [-122.55224222, 37.89503929], [-122.55228772, 37.89503947], [-122.55228766, 37.89504848], [-122.55231041, 37.89504857], [-122.55231036, 37.89505758], [-122.55232173, 37.89505762], [-122.55232167, 37.89506663], [-122.55233305, 37.89506668], [-122.55233299, 37.89507569], [-122.55234437, 37.89507573], [-122.55234431, 37.89508475], [-122.55236706, 37.89508483], [-122.552367, 37.89509385], [-122.55237838, 37.89509389], [-122.55237832, 37.8951029], [-122.55240107, 37.89510299], [-122.55240101, 37.895112], [-122.55241239, 37.89511204], [-122.55241233, 37.89512106], [-122.55243508, 37.89512114], [-122.55243503, 37.89513016], [-122.55256013, 37.89513063], [-122.55256019, 37.89512162], [-122.55265117, 37.89512197], [-122.55265112, 37.89513098], [-122.55270799, 37.89513119], [-122.55270804, 37.89512218], [-122.55274216, 37.89512231], [-122.55274211, 37.89513132], [-122.55275348, 37.89513137], [-122.55275342, 37.89514038], [-122.5527648, 37.89514042], [-122.55276469, 37.89515845], [-122.55277606, 37.89515849], [-122.55277563, 37.89523059], [-122.552787, 37.89523064], [-122.55278694, 37.89523965], [-122.55279832, 37.89523969], [-122.55279826, 37.89524871], [-122.55280964, 37.89524875], [-122.55280958, 37.89525776], [-122.55283233, 37.89525785], [-122.55283227, 37.89526686], [-122.55285502, 37.89526695], [-122.55285497, 37.89527596], [-122.55290046, 37.89527613], [-122.55290041, 37.89528515], [-122.55295727, 37.89528536], [-122.55295722, 37.89529437], [-122.55299134, 37.8952945], [-122.55299128, 37.89530352], [-122.55303678, 37.89530369], [-122.55303672, 37.8953127], [-122.55305947, 37.89531279], [-122.55305942, 37.8953218], [-122.5531504, 37.89532215], [-122.55315035, 37.89533116], [-122.55327545, 37.89533163], [-122.55327551, 37.89532262], [-122.55330963, 37.89532275], [-122.55330968, 37.89531374], [-122.5533438, 37.89531387], [-122.55334386, 37.89530486], [-122.55335523, 37.8953049], [-122.55335529, 37.89529589], [-122.55336666, 37.89529593], [-122.55336671, 37.89528692], [-122.55337809, 37.89528696], [-122.55337814, 37.89527795], [-122.55340089, 37.89527803], [-122.55340094, 37.89526902], [-122.55341232, 37.89526906], [-122.55341237, 37.89526005], [-122.55342374, 37.89526009], [-122.5534238, 37.89525108], [-122.55343517, 37.89525112], [-122.55343523, 37.89524211], [-122.5534466, 37.89524215], [-122.55344665, 37.89523314], [-122.55345803, 37.89523318], [-122.55345808, 37.89522417], [-122.55348083, 37.89522426], [-122.55348088, 37.89521525], [-122.55349226, 37.89521529], [-122.55349231, 37.89520628], [-122.55350368, 37.89520632], [-122.55350374, 37.89519731], [-122.55351511, 37.89519735], [-122.55351517, 37.89518834], [-122.55352654, 37.89518838], [-122.55352659, 37.89517937], [-122.55353797, 37.89517941], [-122.55353802, 37.8951704], [-122.5535494, 37.89517044], [-122.55354945, 37.89516143], [-122.55356082, 37.89516147], [-122.55356088, 37.89515246], [-122.55357225, 37.8951525], [-122.55357231, 37.89514349], [-122.55358368, 37.89514353], [-122.55358373, 37.89513452], [-122.55359511, 37.89513456], [-122.55359516, 37.89512555], [-122.55360653, 37.89512559], [-122.55360659, 37.89511658], [-122.55362934, 37.89511667], [-122.55362906, 37.89516173], [-122.55364044, 37.89516177], [-122.55364038, 37.89517079], [-122.55365176, 37.89517083], [-122.5536517, 37.89517984], [-122.55366307, 37.89517988], [-122.55366302, 37.8951889], [-122.55368577, 37.89518898], [-122.55368571, 37.895198], [-122.55369709, 37.89519804], [-122.55369649, 37.89529718], [-122.55370786, 37.89529722], [-122.55370726, 37.89539636], [-122.55371864, 37.89539641], [-122.5537182, 37.89546851], [-122.55372957, 37.89546855], [-122.55372936, 37.8955046], [-122.55374073, 37.89550465], [-122.55374062, 37.89552267], [-122.55375199, 37.89552272], [-122.55375183, 37.89554975], [-122.5537632, 37.8955498], [-122.55376304, 37.89557684], [-122.55377441, 37.89557688], [-122.55377436, 37.89558589], [-122.55378573, 37.89558593], [-122.55378562, 37.89560396], [-122.553797, 37.895604], [-122.55379694, 37.89561302], [-122.55380832, 37.89561306], [-122.55380821, 37.89563108], [-122.55381958, 37.89563113], [-122.55381947, 37.89564915], [-122.55383085, 37.8956492], [-122.55383079, 37.89565821], [-122.55384217, 37.89565825], [-122.55384211, 37.89566726], [-122.55385348, 37.89566731], [-122.55385343, 37.89567632], [-122.5538648, 37.89567636], [-122.55386475, 37.89568538], [-122.55387612, 37.89568542], [-122.55387607, 37.89569443], [-122.55389881, 37.89569452], [-122.55389876, 37.89570353], [-122.55392151, 37.89570362], [-122.55392145, 37.89571263], [-122.55393283, 37.89571267], [-122.55393277, 37.89572169], [-122.55397827, 37.89572186], [-122.55397821, 37.89573087], [-122.55417156, 37.8957316], [-122.55417161, 37.89572259], [-122.55420573, 37.89572272], [-122.55420579, 37.89571371], [-122.55423991, 37.89571384], [-122.55423996, 37.89570482], [-122.55426271, 37.89570491], [-122.55426276, 37.8956959], [-122.55429688, 37.89569603], [-122.55429694, 37.89568701], [-122.55434243, 37.89568719], [-122.55434249, 37.89567817], [-122.55436523, 37.89567826], [-122.55436529, 37.89566925], [-122.55438804, 37.89566933], [-122.55438809, 37.89566032], [-122.55439946, 37.89566036], [-122.55439952, 37.89565135], [-122.55441089, 37.89565139], [-122.55441095, 37.89564238], [-122.55442232, 37.89564242], [-122.55442237, 37.89563341], [-122.55443375, 37.89563345], [-122.55443358, 37.89566049], [-122.55442221, 37.89566045], [-122.5544221, 37.89567847], [-122.55441073, 37.89567843], [-122.55441067, 37.89568744], [-122.5543993, 37.8956874], [-122.55439925, 37.89569641], [-122.55438787, 37.89569637], [-122.55438782, 37.89570538], [-122.55437644, 37.89570534], [-122.55437639, 37.89571435], [-122.55436502, 37.89571431], [-122.55436496, 37.89572332], [-122.55435359, 37.89572328], [-122.55435353, 37.89573229], [-122.55434216, 37.89573225], [-122.55434205, 37.89575028], [-122.55433068, 37.89575023], [-122.55433062, 37.89575925], [-122.55431925, 37.8957592], [-122.55431914, 37.89577723], [-122.55430777, 37.89577718], [-122.55430771, 37.8957862], [-122.55429634, 37.89578615], [-122.55429623, 37.89580418], [-122.55428486, 37.89580414], [-122.55428475, 37.89582216], [-122.55427338, 37.89582212], [-122.55427327, 37.89584015], [-122.55426189, 37.8958401], [-122.55426173, 37.89586714], [-122.55425036, 37.8958671], [-122.55424976, 37.89596624], [-122.55423839, 37.89596619], [-122.55423817, 37.89600225], [-122.55424954, 37.89600229], [-122.55424949, 37.8960113], [-122.55426086, 37.89601134], [-122.55426064, 37.8960474], [-122.55427202, 37.89604744], [-122.5542718, 37.89608349], [-122.55428317, 37.89608353], [-122.55428312, 37.89609255], [-122.55429449, 37.89609259], [-122.55429444, 37.8961016], [-122.55430581, 37.89610165], [-122.55430576, 37.89611066], [-122.55431713, 37.8961107], [-122.55431708, 37.89611971], [-122.55432845, 37.89611976], [-122.55432834, 37.89613778], [-122.55433972, 37.89613783], [-122.55433966, 37.89614684], [-122.55435104, 37.89614688], [-122.55435098, 37.89615589], [-122.55436235, 37.89615594], [-122.5543623, 37.89616495], [-122.55437367, 37.89616499], [-122.55437362, 37.89617401], [-122.55438499, 37.89617405], [-122.55438494, 37.89618306], [-122.55439631, 37.8961831], [-122.5543962, 37.89620113], [-122.55440758, 37.89620117], [-122.55440752, 37.89621019], [-122.5544189, 37.89621023], [-122.55441884, 37.89621924], [-122.55443021, 37.89621928], [-122.55443011, 37.89623731], [-122.55444148, 37.89623735], [-122.55444143, 37.89624637], [-122.5544528, 37.89624641], [-122.55445274, 37.89625542], [-122.55446412, 37.89625547], [-122.55446401, 37.89627349], [-122.55447538, 37.89627353], [-122.55447527, 37.89629156], [-122.55448665, 37.8962916], [-122.55448654, 37.89630963], [-122.55447517, 37.89630959], [-122.55447511, 37.8963186], [-122.55446374, 37.89631855], [-122.55446368, 37.89632757], [-122.55445231, 37.89632752], [-122.55445226, 37.89633654], [-122.55444088, 37.89633649], [-122.55444077, 37.89635452], [-122.5544294, 37.89635448], [-122.55442935, 37.89636349], [-122.55441797, 37.89636345], [-122.55441786, 37.89638147], [-122.55440649, 37.89638143], [-122.55440644, 37.89639044], [-122.55439506, 37.8963904], [-122.55439495, 37.89640842], [-122.55438358, 37.89640838], [-122.55438347, 37.89642641], [-122.5543721, 37.89642636], [-122.55437204, 37.89643538], [-122.5543493, 37.89643529], [-122.55434924, 37.8964443], [-122.55433787, 37.89644426], [-122.55433754, 37.89649834], [-122.55432617, 37.89649829], [-122.55432601, 37.89652533], [-122.55431463, 37.89652529], [-122.55431441, 37.89656134], [-122.55430304, 37.8965613], [-122.55430239, 37.89666945], [-122.55429102, 37.89666941], [-122.5542908, 37.89670546], [-122.55427942, 37.89670542], [-122.55427937, 37.89671443], [-122.55429074, 37.89671447], [-122.55429058, 37.89674151], [-122.55430195, 37.89674155], [-122.5543019, 37.89675057], [-122.55431327, 37.89675061], [-122.55431316, 37.89676863], [-122.55432454, 37.89676868], [-122.55432448, 37.89677769], [-122.55434723, 37.89677778], [-122.55434718, 37.89678679], [-122.55435855, 37.89678683], [-122.55435844, 37.89680486], [-122.55436982, 37.8968049], [-122.55436976, 37.89681391], [-122.55438113, 37.89681396], [-122.55438108, 37.89682297], [-122.55439245, 37.89682301], [-122.55439235, 37.89684104], [-122.55440372, 37.89684108], [-122.55440366, 37.89685009], [-122.55441504, 37.89685014], [-122.55441493, 37.89686816], [-122.5544263, 37.89686821], [-122.55442625, 37.89687722], [-122.55443762, 37.89687726], [-122.55443719, 37.89694936], [-122.55444856, 37.89694941], [-122.55444834, 37.89698546], [-122.55445972, 37.8969855], [-122.55445961, 37.89700353], [-122.55447098, 37.89700357], [-122.55447087, 37.8970216], [-122.55448225, 37.89702164], [-122.55448214, 37.89703966], [-122.55449351, 37.89703971], [-122.5544934, 37.89705773], [-122.55450478, 37.89705778], [-122.55450467, 37.8970758], [-122.55452742, 37.89707589], [-122.55452736, 37.8970849], [-122.55455011, 37.89708499], [-122.55455006, 37.897094], [-122.55456143, 37.89709404], [-122.55456137, 37.89710305], [-122.55458412, 37.89710314], [-122.55458407, 37.89711215], [-122.55460681, 37.89711224], [-122.55460676, 37.89712125], [-122.55462951, 37.89712134], [-122.55462945, 37.89713035], [-122.55468632, 37.89713057], [-122.55468627, 37.89713958], [-122.55470901, 37.89713967], [-122.55470896, 37.89714868], [-122.55474308, 37.89714881], [-122.55474303, 37.89715782], [-122.55476577, 37.89715791], [-122.55476572, 37.89716692], [-122.55478847, 37.897167], [-122.55478841, 37.89717602], [-122.55479979, 37.89717606], [-122.55479973, 37.89718507], [-122.55482248, 37.89718516], [-122.55482243, 37.89719417], [-122.55484517, 37.89719426], [-122.55484512, 37.89720327], [-122.55486787, 37.89720336], [-122.55486781, 37.89721237], [-122.55489056, 37.89721246], [-122.5548905, 37.89722147], [-122.55490188, 37.89722151], [-122.55490182, 37.89723052], [-122.55492457, 37.89723061], [-122.55492452, 37.89723962], [-122.55494726, 37.89723971], [-122.55494721, 37.89724872], [-122.55498133, 37.89724885], [-122.55498128, 37.89725786], [-122.55503815, 37.89725808], [-122.55503809, 37.89726709], [-122.55507221, 37.89726722], [-122.55507216, 37.89727623], [-122.55508353, 37.89727628], [-122.55508348, 37.89728529], [-122.55509485, 37.89728533], [-122.5550948, 37.89729434], [-122.55510617, 37.89729439], [-122.55510612, 37.8973034], [-122.55511749, 37.89730344], [-122.55511733, 37.89733048], [-122.5551287, 37.89733052], [-122.55512832, 37.89739361], [-122.55513969, 37.89739366], [-122.55513953, 37.8974207], [-122.55512816, 37.89742065], [-122.555128, 37.89744769], [-122.55511662, 37.89744765], [-122.55511586, 37.89757383], [-122.55512724, 37.89757387], [-122.55512713, 37.8975919], [-122.5551385, 37.89759194], [-122.55513839, 37.89760996], [-122.55514977, 37.89761001], [-122.55514971, 37.89761902], [-122.55517246, 37.89761911], [-122.55517241, 37.89762812], [-122.55530889, 37.89762863], [-122.55530894, 37.89761962], [-122.55534307, 37.89761975], [-122.55534312, 37.89761074], [-122.55537724, 37.89761087], [-122.5553773, 37.89760185], [-122.55540004, 37.89760194], [-122.5554001, 37.89759293], [-122.55543422, 37.89759306], [-122.55543427, 37.89758404], [-122.55544565, 37.89758409], [-122.5554457, 37.89757507], [-122.55546845, 37.89757516], [-122.5554685, 37.89756615], [-122.55547988, 37.89756619], [-122.55547993, 37.89755718], [-122.5554913, 37.89755722], [-122.55549141, 37.89753919], [-122.55550279, 37.89753924], [-122.55550284, 37.89753022], [-122.55551421, 37.89753027], [-122.55551432, 37.89751224], [-122.5555257, 37.89751228], [-122.55552575, 37.89750327], [-122.55553712, 37.89750331], [-122.55553723, 37.89748529], [-122.55554861, 37.89748533], [-122.55554866, 37.89747632], [-122.55557141, 37.8974764], [-122.55557146, 37.89746739], [-122.55559421, 37.89746748], [-122.55559426, 37.89745847], [-122.55563976, 37.89745864], [-122.55563981, 37.89744962], [-122.55567393, 37.89744975], [-122.55567399, 37.89744074], [-122.55570811, 37.89744087], [-122.55570816, 37.89743186], [-122.55574228, 37.89743199], [-122.55574234, 37.89742297], [-122.55578783, 37.89742314], [-122.55578789, 37.89741413], [-122.55581063, 37.89741422], [-122.55581069, 37.8974052], [-122.55583344, 37.89740529], [-122.55583349, 37.89739628], [-122.55586761, 37.89739641], [-122.55586767, 37.89738739], [-122.55590179, 37.89738752], [-122.55590184, 37.89737851], [-122.55593596, 37.89737864], [-122.55593602, 37.89736963], [-122.55598151, 37.8973698], [-122.55598156, 37.89736078], [-122.55601569, 37.89736091], [-122.55601563, 37.89736993], [-122.55614074, 37.8973704], [-122.55614069, 37.89737941], [-122.55616344, 37.8973795], [-122.55616338, 37.89738851], [-122.55617476, 37.89738855], [-122.5561747, 37.89739756], [-122.55620882, 37.89739769], [-122.55620877, 37.89740671], [-122.55623152, 37.89740679], [-122.55623146, 37.8974158], [-122.55626558, 37.89741593], [-122.55626553, 37.89742495], [-122.55628828, 37.89742503], [-122.55628822, 37.89743404], [-122.55631097, 37.89743413], [-122.55631092, 37.89744314], [-122.55632229, 37.89744319], [-122.55632223, 37.8974522], [-122.55634498, 37.89745228], [-122.55634493, 37.8974613], [-122.5563563, 37.89746134], [-122.55635625, 37.89747035], [-122.55636762, 37.8974704], [-122.55636757, 37.89747941], [-122.55637894, 37.89747945], [-122.55637889, 37.89748846], [-122.55639026, 37.89748851], [-122.55639021, 37.89749752], [-122.55640158, 37.89749756], [-122.55640153, 37.89750658], [-122.5564129, 37.89750662], [-122.55641285, 37.89751563], [-122.55643559, 37.89751572], [-122.55643554, 37.89752473], [-122.55644691, 37.89752477], [-122.55644686, 37.89753379], [-122.55645823, 37.89753383], [-122.55645818, 37.89754284], [-122.55646955, 37.89754288], [-122.5564695, 37.8975519], [-122.55649225, 37.89755198], [-122.55649219, 37.89756099], [-122.55650356, 37.89756104], [-122.55650335, 37.89759709], [-122.55649197, 37.89759705], [-122.55649192, 37.89760606], [-122.55650329, 37.8976061], [-122.55650275, 37.89769623], [-122.55651413, 37.89769627], [-122.55651391, 37.89773232], [-122.55652528, 37.89773237], [-122.55652512, 37.8977594], [-122.5565365, 37.89775945], [-122.55653633, 37.89778649], [-122.55654771, 37.89778653], [-122.5565476, 37.89780455], [-122.55655897, 37.8978046], [-122.55655887, 37.89782262], [-122.55657024, 37.89782267], [-122.55657008, 37.8978497], [-122.55658145, 37.89784975], [-122.55658134, 37.89786777], [-122.55659272, 37.89786782], [-122.55659266, 37.89787683], [-122.55660404, 37.89787687], [-122.55660398, 37.89788588], [-122.55661536, 37.89788593], [-122.5566153, 37.89789494], [-122.55662668, 37.89789498], [-122.55662662, 37.89790399], [-122.556638, 37.89790404], [-122.55663789, 37.89792206], [-122.55664926, 37.89792211], [-122.55664915, 37.89794013], [-122.55666053, 37.89794017], [-122.55666031, 37.89797623], [-122.55667168, 37.89797627], [-122.55667158, 37.89799429], [-122.55668295, 37.89799434], [-122.55668279, 37.89802138], [-122.55669416, 37.89802142], [-122.55669411, 37.89803043], [-122.55670548, 37.89803047], [-122.55670537, 37.8980485], [-122.55671675, 37.89804854], [-122.55671664, 37.89806657], [-122.55670526, 37.89806652], [-122.55670516, 37.89808455], [-122.55671653, 37.89808459], [-122.55671642, 37.89810262], [-122.55670505, 37.89810258], [-122.55670494, 37.8981206], [-122.55669357, 37.89812056], [-122.5566934, 37.8981476], [-122.55668203, 37.89814755], [-122.55668192, 37.89816558], [-122.55667055, 37.89816554], [-122.55667001, 37.89825566], [-122.55665863, 37.89825562], [-122.55665836, 37.89830069], [-122.55664699, 37.89830064], [-122.55664672, 37.89834571], [-122.55663535, 37.89834566], [-122.55663486, 37.89842678], [-122.55662349, 37.89842674], [-122.55662311, 37.89848983], [-122.55661173, 37.89848978], [-122.55661152, 37.89852583], [-122.55660014, 37.89852579], [-122.5565996, 37.89861592], [-122.55661098, 37.89861596], [-122.55661087, 37.89863399], [-122.55663362, 37.89863407], [-122.55663356, 37.89864309], [-122.55664494, 37.89864313], [-122.55664488, 37.89865214], [-122.556679, 37.89865227], [-122.55667895, 37.89866128], [-122.55673582, 37.8986615], [-122.55673576, 37.89867051], [-122.55674714, 37.89867055], [-122.55674708, 37.89867957], [-122.55675846, 37.89867961], [-122.5567584, 37.89868862], [-122.55678115, 37.89868871], [-122.5567811, 37.89869772], [-122.55680385, 37.89869781], [-122.55680379, 37.89870682], [-122.55682654, 37.8987069], [-122.55682649, 37.89871592], [-122.55684923, 37.898716], [-122.55684918, 37.89872502], [-122.5568833, 37.89872514], [-122.55688325, 37.89873416], [-122.55704248, 37.89873476], [-122.55704254, 37.89872574], [-122.55724727, 37.89872651], [-122.55724732, 37.8987175], [-122.55727007, 37.89871759], [-122.55727012, 37.89870857], [-122.5572815, 37.89870862], [-122.55728155, 37.8986996], [-122.55729292, 37.89869965], [-122.55729298, 37.89869063], [-122.55730435, 37.89869068], [-122.55730441, 37.89868166], [-122.55731578, 37.89868171], [-122.55731583, 37.89867269], [-122.55733858, 37.89867278], [-122.55733864, 37.89866377], [-122.55737276, 37.89866389], [-122.55737281, 37.89865488], [-122.55739556, 37.89865497], [-122.55739561, 37.89864595], [-122.55741836, 37.89864604], [-122.55741841, 37.89863703], [-122.55744116, 37.89863711], [-122.55744122, 37.8986281], [-122.55747534, 37.89862823], [-122.55747539, 37.89861922], [-122.55748677, 37.89861926], [-122.55748671, 37.89862827], [-122.55753221, 37.89862844], [-122.55753215, 37.89863745], [-122.55756628, 37.89863758], [-122.55756622, 37.8986466], [-122.5575776, 37.89864664], [-122.55757754, 37.89865565], [-122.55758891, 37.89865569], [-122.55758875, 37.89868273], [-122.55760013, 37.89868277], [-122.55759991, 37.89871883], [-122.55758854, 37.89871878], [-122.55758832, 37.89875483], [-122.55757695, 37.89875479], [-122.55757657, 37.89881788], [-122.55758794, 37.89881792], [-122.55758778, 37.89884496], [-122.55757641, 37.89884492], [-122.55757625, 37.89887196], [-122.55761037, 37.89887209], [-122.55761031, 37.8988811], [-122.55763306, 37.89888118], [-122.55763301, 37.8988902], [-122.55764438, 37.89889024], [-122.55764433, 37.89889925], [-122.5576557, 37.8988993], [-122.55765565, 37.89890831], [-122.55766702, 37.89890835], [-122.55766697, 37.89891736], [-122.55767834, 37.89891741], [-122.55767829, 37.89892642], [-122.55768966, 37.89892646], [-122.55768961, 37.89893547], [-122.55770098, 37.89893552], [-122.55770093, 37.89894453], [-122.5577123, 37.89894457], [-122.55771225, 37.89895359], [-122.55772362, 37.89895363], [-122.55772351, 37.89897165], [-122.55773489, 37.8989717], [-122.55773483, 37.89898071], [-122.55774621, 37.89898075], [-122.55774605, 37.89900779], [-122.55775742, 37.89900783], [-122.55775731, 37.89902586], [-122.55776869, 37.8990259], [-122.55776858, 37.89904393], [-122.5577572, 37.89904388], [-122.55775715, 37.8990529], [-122.55774578, 37.89905285], [-122.55774561, 37.89907989], [-122.55775699, 37.89907994], [-122.55775688, 37.89909796], [-122.55774551, 37.89909792], [-122.55774518, 37.899152], [-122.55773381, 37.89915195], [-122.55773365, 37.89917899], [-122.55772227, 37.89917895], [-122.55772222, 37.89918796], [-122.55771085, 37.89918792], [-122.55771058, 37.89923298], [-122.5576992, 37.89923294], [-122.55769888, 37.89928702], [-122.55771025, 37.89928706], [-122.55771014, 37.89930508], [-122.55772152, 37.89930513], [-122.5577213, 37.89934118], [-122.55770993, 37.89934114], [-122.55770982, 37.89935916], [-122.55769845, 37.89935912], [-122.55769839, 37.89936813], [-122.55768702, 37.89936809], [-122.55768697, 37.8993771], [-122.55767559, 37.89937706], [-122.55767554, 37.89938607], [-122.55766416, 37.89938603], [-122.55766411, 37.89939504], [-122.55765274, 37.899395], [-122.55765268, 37.89940401], [-122.55764131, 37.89940397], [-122.55764125, 37.89941298], [-122.55761851, 37.8994129], [-122.55761845, 37.89942191], [-122.5575957, 37.89942182], [-122.55759565, 37.89943084], [-122.55758428, 37.89943079], [-122.55758422, 37.89943981], [-122.55757285, 37.89943976], [-122.55757274, 37.89945779], [-122.55756137, 37.89945775], [-122.55756126, 37.89947577], [-122.55754988, 37.89947573], [-122.55754983, 37.89948474], [-122.55752708, 37.89948466], [-122.55752697, 37.89950268], [-122.55753835, 37.89950272], [-122.55753819, 37.89952976], [-122.55752681, 37.89952972], [-122.55752676, 37.89953873], [-122.55751538, 37.89953869], [-122.55751533, 37.8995477], [-122.55750396, 37.89954766], [-122.5575039, 37.89955667], [-122.55749253, 37.89955663], [-122.55749242, 37.89957466], [-122.55748105, 37.89957461], [-122.55748094, 37.89959264], [-122.55746956, 37.8995926], [-122.55746946, 37.89961062], [-122.55745808, 37.89961058], [-122.55745803, 37.89961959], [-122.55744665, 37.89961955], [-122.5574466, 37.89962856], [-122.55743523, 37.89962852], [-122.55743517, 37.89963753], [-122.5574238, 37.89963749], [-122.55742374, 37.8996465], [-122.55741237, 37.89964646], [-122.55741232, 37.89965547], [-122.5573327, 37.89965517], [-122.55733264, 37.89966418], [-122.55729852, 37.89966406], [-122.55729847, 37.89967307], [-122.55725297, 37.8996729], [-122.55725292, 37.89968191], [-122.55723017, 37.89968183], [-122.55723012, 37.89969084], [-122.55720737, 37.89969075], [-122.55720726, 37.89970878], [-122.55719588, 37.89970874], [-122.55719578, 37.89972676], [-122.5571844, 37.89972672], [-122.55718429, 37.89974474], [-122.55717292, 37.8997447], [-122.55717287, 37.89975371], [-122.55716149, 37.89975367], [-122.55716138, 37.8997717], [-122.55715001, 37.89977165], [-122.5571499, 37.89978968], [-122.55713853, 37.89978964], [-122.55713847, 37.89979865], [-122.5571271, 37.89979861], [-122.55712705, 37.89980762], [-122.55711567, 37.89980758], [-122.55711556, 37.8998256], [-122.55712694, 37.89982564], [-122.55712683, 37.89984367], [-122.55711546, 37.89984363], [-122.55711524, 37.89987968], [-122.55712661, 37.89987972], [-122.55712651, 37.89989775], [-122.55713788, 37.89989779], [-122.55713772, 37.89992483], [-122.55714909, 37.89992487], [-122.55714904, 37.89993388], [-122.55716041, 37.89993393], [-122.5571603, 37.89995195], [-122.55717168, 37.899952], [-122.55717162, 37.89996101], [-122.557183, 37.89996105], [-122.55718294, 37.89997006], [-122.55720569, 37.89997015], [-122.55720564, 37.89997916], [-122.55721701, 37.8999792], [-122.55721696, 37.89998822], [-122.55722833, 37.89998826], [-122.55722828, 37.89999727], [-122.55723965, 37.89999732], [-122.5572396, 37.90000633], [-122.55726235, 37.90000641], [-122.55726229, 37.90001543], [-122.55727367, 37.90001547], [-122.55727361, 37.90002448], [-122.55731911, 37.90002465], [-122.55731906, 37.90003367], [-122.5573418, 37.90003375], [-122.5573417, 37.90005178], [-122.55735307, 37.90005182], [-122.55735302, 37.90006083], [-122.55736439, 37.90006088], [-122.55736428, 37.9000789], [-122.55737566, 37.90007894], [-122.5573756, 37.90008796], [-122.55738698, 37.900088], [-122.55738687, 37.90010603], [-122.55739824, 37.90010607], [-122.55739814, 37.90012409], [-122.55740951, 37.90012414], [-122.55740924, 37.9001692], [-122.55738649, 37.90016911], [-122.55738644, 37.90017813], [-122.55737506, 37.90017808], [-122.55737501, 37.9001871], [-122.55736363, 37.90018705], [-122.55736347, 37.90021409], [-122.55737485, 37.90021414], [-122.55737479, 37.90022315], [-122.55743166, 37.90022336], [-122.55743161, 37.90023238], [-122.55748848, 37.90023259], [-122.55748853, 37.90022358], [-122.55751128, 37.90022366], [-122.55751123, 37.90023267], [-122.5575226, 37.90023272], [-122.55752255, 37.90024173], [-122.55753392, 37.90024177], [-122.55753387, 37.90025079], [-122.55754524, 37.90025083], [-122.55754497, 37.90029589], [-122.5575336, 37.90029585], [-122.55753355, 37.90030486], [-122.55752217, 37.90030482], [-122.55752185, 37.9003589], [-122.55753322, 37.90035894], [-122.55753317, 37.90036795], [-122.55754454, 37.90036799], [-122.55754443, 37.90038602], [-122.55755581, 37.90038606], [-122.55755575, 37.90039508], [-122.55756713, 37.90039512], [-122.55756691, 37.90043117], [-122.55757829, 37.90043121], [-122.55757812, 37.90045825], [-122.5575895, 37.90045829], [-122.55758945, 37.90046731], [-122.55760082, 37.90046735], [-122.55760071, 37.90048537], [-122.55761209, 37.90048542], [-122.55761203, 37.90049443], [-122.55762341, 37.90049447], [-122.55762319, 37.90053052], [-122.55763456, 37.90053057], [-122.55763424, 37.90058464], [-122.55762287, 37.9005846], [-122.55762276, 37.90060263], [-122.55761138, 37.90060258], [-122.55761122, 37.90062962], [-122.55759985, 37.90062958], [-122.55759974, 37.9006476], [-122.55758837, 37.90064756], [-122.55758815, 37.90068361], [-122.55757678, 37.90068357], [-122.55757667, 37.9007016], [-122.55756529, 37.90070155], [-122.55756519, 37.90071958], [-122.55755381, 37.90071954], [-122.5575537, 37.90073756], [-122.55754233, 37.90073752], [-122.55754222, 37.90075554], [-122.55753085, 37.9007555], [-122.55753079, 37.90076451], [-122.55751942, 37.90076447], [-122.55751926, 37.90079151], [-122.55750788, 37.90079147], [-122.55750778, 37.90080949], [-122.5574964, 37.90080945], [-122.55749629, 37.90082748], [-122.55748492, 37.90082743], [-122.5574847, 37.90086348], [-122.55747333, 37.90086344], [-122.55747322, 37.90088147], [-122.55746185, 37.90088142], [-122.55746179, 37.90089044], [-122.55745042, 37.90089039], [-122.55745031, 37.90090842], [-122.55743894, 37.90090838], [-122.55743888, 37.90091739], [-122.55742751, 37.90091735], [-122.55742745, 37.90092636], [-122.55741608, 37.90092632], [-122.55741603, 37.90093533], [-122.55740465, 37.90093529], [-122.55740454, 37.90095331], [-122.55739317, 37.90095327], [-122.55739312, 37.90096228], [-122.55738174, 37.90096224], [-122.55738169, 37.90097125], [-122.55737031, 37.90097121], [-122.55736988, 37.90104331], [-122.55735851, 37.90104327], [-122.55735834, 37.90107031], [-122.55734697, 37.90107026], [-122.55734692, 37.90107928], [-122.55733554, 37.90107923], [-122.55733549, 37.90108825], [-122.55732411, 37.9010882], [-122.55732406, 37.90109722], [-122.55731269, 37.90109717], [-122.55731242, 37.90114224], [-122.55730104, 37.9011422], [-122.55730083, 37.90117825], [-122.55728945, 37.9011782], [-122.5572887, 37.90130438], [-122.55730007, 37.90130443], [-122.5572998, 37.90134949], [-122.55731117, 37.90134953], [-122.55731096, 37.90138558], [-122.55729958, 37.90138554], [-122.55729926, 37.90143962], [-122.55728789, 37.90143957], [-122.55728772, 37.90146661], [-122.55727635, 37.90146657], [-122.55727619, 37.90149361], [-122.55726481, 37.90149357], [-122.55726476, 37.90150258], [-122.55725338, 37.90150254], [-122.55725333, 37.90151155], [-122.55724196, 37.90151151], [-122.5572419, 37.90152052], [-122.55723053, 37.90152048], [-122.55723042, 37.9015385], [-122.55720767, 37.90153842], [-122.55720762, 37.90154743], [-122.55719624, 37.90154739], [-122.55719619, 37.9015564], [-122.55718481, 37.90155636], [-122.55718476, 37.90156537], [-122.55716201, 37.90156528], [-122.55716196, 37.9015743], [-122.55715058, 37.90157425], [-122.55715053, 37.90158327], [-122.55713916, 37.90158322], [-122.5571391, 37.90159224], [-122.55712773, 37.90159219], [-122.55712767, 37.90160121], [-122.55710492, 37.90160112], [-122.55710487, 37.90161013], [-122.5570935, 37.90161009], [-122.55709344, 37.9016191], [-122.55708207, 37.90161906], [-122.55708201, 37.90162807], [-122.55707064, 37.90162803], [-122.55707059, 37.90163704], [-122.55705921, 37.901637], [-122.55705916, 37.90164601], [-122.55704778, 37.90164597], [-122.55704773, 37.90165498], [-122.55703635, 37.90165494], [-122.5570363, 37.90166395], [-122.55702493, 37.90166391], [-122.55702487, 37.90167292], [-122.5570135, 37.90167288], [-122.55701344, 37.90168189], [-122.55700207, 37.90168185], [-122.55700196, 37.90169988], [-122.55699059, 37.90169983], [-122.55699053, 37.90170885], [-122.55697916, 37.9017088], [-122.55697905, 37.90172683], [-122.55696768, 37.90172679], [-122.55696762, 37.9017358], [-122.55695625, 37.90173576], [-122.55695609, 37.90176279], [-122.55694471, 37.90176275], [-122.55694455, 37.90178979], [-122.55693317, 37.90178975], [-122.55693312, 37.90179876], [-122.55692175, 37.90179872], [-122.55692169, 37.90180773], [-122.55691032, 37.90180769], [-122.55691026, 37.9018167], [-122.55689889, 37.90181666], [-122.55689878, 37.90183468], [-122.55688741, 37.90183464], [-122.5568873, 37.90185266], [-122.55687592, 37.90185262], [-122.55687582, 37.90187065], [-122.55686444, 37.9018706], [-122.55686423, 37.90190666], [-122.55685285, 37.90190661], [-122.5568528, 37.90191563], [-122.5568073, 37.90191545], [-122.55680741, 37.90189743], [-122.55679603, 37.90189739], [-122.55679614, 37.90187936], [-122.55678477, 37.90187932], [-122.55678488, 37.90186129], [-122.5567735, 37.90186125], [-122.55677355, 37.90185224], [-122.55676218, 37.90185219], [-122.55676223, 37.90184318], [-122.55675086, 37.90184314], [-122.55675091, 37.90183413], [-122.55673954, 37.90183408], [-122.55673959, 37.90182507], [-122.55672822, 37.90182503], [-122.55672833, 37.901807], [-122.55671695, 37.90180696], [-122.55671701, 37.90179795], [-122.55670563, 37.9017979], [-122.55670569, 37.90178889], [-122.55669431, 37.90178885], [-122.55669437, 37.90177983], [-122.55668299, 37.90177979], [-122.5566831, 37.90176177], [-122.55667173, 37.90176172], [-122.55667178, 37.90175271], [-122.55666041, 37.90175267], [-122.55666051, 37.90173464], [-122.55664914, 37.9017346], [-122.55664925, 37.90171657], [-122.55663787, 37.90171653], [-122.55663793, 37.90170752], [-122.55662655, 37.90170748], [-122.55662661, 37.90169846], [-122.55661523, 37.90169842], [-122.55661529, 37.90168941], [-122.55660391, 37.90168936], [-122.55660397, 37.90168035], [-122.55656984, 37.90168022], [-122.5565699, 37.90167121], [-122.55655852, 37.90167117], [-122.55655858, 37.90166215], [-122.5565472, 37.90166211], [-122.55654726, 37.9016531], [-122.55649039, 37.90165288], [-122.55649044, 37.90164387], [-122.55645632, 37.90164374], [-122.55645637, 37.90163473], [-122.55642225, 37.9016346], [-122.5564223, 37.90162559], [-122.55639955, 37.9016255], [-122.55639961, 37.90161649], [-122.55638823, 37.90161645], [-122.55638829, 37.90160743], [-122.55636554, 37.90160735], [-122.55636559, 37.90159834], [-122.55634284, 37.90159825], [-122.5563429, 37.90158924], [-122.55632015, 37.90158915], [-122.5563202, 37.90158014], [-122.55629745, 37.90158005], [-122.55629751, 37.90157104], [-122.55628613, 37.901571], [-122.55628619, 37.90156198], [-122.55626344, 37.9015619], [-122.55626349, 37.90155289], [-122.55624074, 37.9015528], [-122.5562408, 37.90154379], [-122.55622942, 37.90154374], [-122.55622948, 37.90153473], [-122.5562181, 37.90153469], [-122.55621816, 37.90152568], [-122.55620678, 37.90152563], [-122.55620684, 37.90151662], [-122.55619546, 37.90151658], [-122.55619552, 37.90150757], [-122.55618414, 37.90150752], [-122.5561842, 37.90149851], [-122.55617282, 37.90149847], [-122.55617288, 37.90148945], [-122.5561615, 37.90148941], [-122.55616156, 37.9014804], [-122.55615018, 37.90148036], [-122.55615024, 37.90147134], [-122.55613886, 37.9014713], [-122.55613892, 37.90146229], [-122.55612754, 37.90146224], [-122.5561276, 37.90145323], [-122.55611622, 37.90145319], [-122.55611628, 37.90144418], [-122.5561049, 37.90144413], [-122.55610496, 37.90143512], [-122.55609358, 37.90143508], [-122.55609364, 37.90142606], [-122.55608226, 37.90142602], [-122.55608232, 37.90141701], [-122.55607094, 37.90141697], [-122.55607116, 37.90138091], [-122.55605978, 37.90138087], [-122.55605995, 37.90135383], [-122.55604857, 37.90135379], [-122.55604873, 37.90132675], [-122.55603736, 37.90132671], [-122.55603747, 37.90130868], [-122.55602609, 37.90130864], [-122.5560262, 37.90129061], [-122.55601483, 37.90129057], [-122.55601494, 37.90127255], [-122.55600356, 37.9012725], [-122.55600367, 37.90125448], [-122.5559923, 37.90125444], [-122.55599235, 37.90124542], [-122.55598098, 37.90124538], [-122.55598103, 37.90123637], [-122.55596966, 37.90123632], [-122.55596971, 37.90122731], [-122.55595834, 37.90122727], [-122.55595839, 37.90121826], [-122.55594702, 37.90121821], [-122.55594707, 37.9012092], [-122.5559357, 37.90120916], [-122.55593575, 37.90120014], [-122.55592438, 37.9012001], [-122.55592443, 37.90119109], [-122.55591306, 37.90119105], [-122.55591311, 37.90118203], [-122.55590174, 37.90118199], [-122.55590184, 37.90116396], [-122.55589047, 37.90116392], [-122.55589052, 37.90115491], [-122.55586777, 37.90115482], [-122.55586783, 37.90114581], [-122.55585645, 37.90114577], [-122.55585651, 37.90113675], [-122.55582239, 37.90113663], [-122.55582244, 37.90112761], [-122.55581107, 37.90112757], [-122.55581112, 37.90111856], [-122.55578837, 37.90111847], [-122.55578843, 37.90110946], [-122.55576568, 37.90110937], [-122.55576573, 37.90110036], [-122.55574298, 37.90110027], [-122.55574304, 37.90109126], [-122.55570891, 37.90109113], [-122.55570897, 37.90108212], [-122.55567485, 37.90108199], [-122.5556749, 37.90107298], [-122.55564078, 37.90107285], [-122.55564083, 37.90106384], [-122.55561808, 37.90106375], [-122.55561814, 37.90105474], [-122.55559539, 37.90105465], [-122.55559544, 37.90104564], [-122.55557269, 37.90104555], [-122.55557275, 37.90103654], [-122.55553863, 37.90103641], [-122.55553868, 37.9010274], [-122.55550456, 37.90102727], [-122.55550461, 37.90101826], [-122.55547049, 37.90101813], [-122.55547054, 37.90100912], [-122.55544779, 37.90100903], [-122.55544785, 37.90100002], [-122.55541373, 37.90099989], [-122.55541378, 37.90099087], [-122.55537966, 37.90099075], [-122.55537971, 37.90098173], [-122.55535696, 37.90098165], [-122.55535713, 37.90095461], [-122.5553685, 37.90095465], [-122.55536855, 37.90094564], [-122.55535718, 37.9009456], [-122.55535723, 37.90093658], [-122.55533449, 37.9009365], [-122.55533454, 37.90092748], [-122.55531179, 37.9009274], [-122.55531195, 37.90090036], [-122.55527783, 37.90090023], [-122.55527789, 37.90089122], [-122.55525514, 37.90089113], [-122.55525519, 37.90088212], [-122.55522107, 37.90088199], [-122.55522112, 37.90087298], [-122.55517563, 37.90087281], [-122.55517557, 37.90088182], [-122.5551642, 37.90088178], [-122.55516414, 37.90089079], [-122.55514139, 37.9008907], [-122.55514134, 37.90089972], [-122.55507309, 37.90089946], [-122.55507315, 37.90089044], [-122.55503903, 37.90089032], [-122.55503897, 37.90089933], [-122.55499348, 37.90089916], [-122.55499342, 37.90090817], [-122.55498205, 37.90090813], [-122.5549821, 37.90089911], [-122.55494798, 37.90089898], [-122.55494792, 37.900908], [-122.55492518, 37.90090791], [-122.55492512, 37.90091692], [-122.55490237, 37.90091684], [-122.55490232, 37.90092585], [-122.55487957, 37.90092577], [-122.55487952, 37.90093478], [-122.55486814, 37.90093473], [-122.55486809, 37.90094375], [-122.55485671, 37.9009437], [-122.55485666, 37.90095272], [-122.55484528, 37.90095267], [-122.55484523, 37.90096169], [-122.55483386, 37.90096164], [-122.5548338, 37.90097066], [-122.55482243, 37.90097061], [-122.55482237, 37.90097963], [-122.55479962, 37.90097954], [-122.55479957, 37.90098855], [-122.5547882, 37.90098851], [-122.55478814, 37.90099752], [-122.55476539, 37.90099744], [-122.55476534, 37.90100645], [-122.55475396, 37.90100641], [-122.55475391, 37.90101542], [-122.55474254, 37.90101538], [-122.55474248, 37.90102439], [-122.55473111, 37.90102435], [-122.55473105, 37.90103336], [-122.55471968, 37.90103332], [-122.55471957, 37.90105134], [-122.5547082, 37.9010513], [-122.55470814, 37.90106031], [-122.55469677, 37.90106027], [-122.55469671, 37.90106928], [-122.55468534, 37.90106924], [-122.55468528, 37.90107825], [-122.55467391, 37.90107821], [-122.5546738, 37.90109623], [-122.55466243, 37.90109619], [-122.55466221, 37.90113224], [-122.55465084, 37.9011322], [-122.55465056, 37.90117726], [-122.55466194, 37.90117731], [-122.55466188, 37.90118632], [-122.55469601, 37.90118645], [-122.55469579, 37.9012225], [-122.55468442, 37.90122246], [-122.55468431, 37.90124048], [-122.55462744, 37.90124027], [-122.55462738, 37.90124928], [-122.55461601, 37.90124924], [-122.55461595, 37.90125825], [-122.5545932, 37.90125816], [-122.55459315, 37.90126717], [-122.5545704, 37.90126709], [-122.55457035, 37.9012761], [-122.55455897, 37.90127606], [-122.55455892, 37.90128507], [-122.55454754, 37.90128503], [-122.55454749, 37.90129404], [-122.55453612, 37.901294], [-122.55453606, 37.90130301], [-122.55452469, 37.90130297], [-122.55452463, 37.90131198], [-122.55450188, 37.90131189], [-122.55450178, 37.90132992], [-122.5544904, 37.90132988], [-122.55449018, 37.90136596], [-122.5541553, 37.90124736], [-122.55414092, 37.90124227], [-122.55414076, 37.90124227], [-122.55402924, 37.90120179], [-122.55401656, 37.90119719], [-122.55401598, 37.90119697], [-122.55400336, 37.90119242], [-122.55398746, 37.90118664], [-122.55391293, 37.90115958], [-122.55390004, 37.90115489], [-122.55342789, 37.9009838], [-122.55341511, 37.90097917], [-122.55341493, 37.90097909], [-122.55341262, 37.90097962], [-122.55325517, 37.901014], [-122.55325502, 37.90101403], [-122.55325398, 37.90101426], [-122.55320349, 37.90102528], [-122.55309175, 37.90104966], [-122.55308228, 37.90105173], [-122.55284793, 37.90110294], [-122.55276152, 37.90112182], [-122.55275126, 37.90112407], [-122.55275047, 37.90112422], [-122.55274981, 37.90112438], [-122.55272055, 37.90113166], [-122.55241329, 37.90120787], [-122.55240974, 37.90120798], [-122.55240962, 37.90120798], [-122.5523434, 37.90121003], [-122.55232676, 37.90121054], [-122.55232447, 37.90121061], [-122.55230289, 37.90121128], [-122.55215371, 37.90121588], [-122.55212238, 37.90121685], [-122.55212211, 37.90121683], [-122.552122, 37.90121687], [-122.55196431, 37.90120694], [-122.55173148, 37.90119229], [-122.55168974, 37.90118966], [-122.55117473, 37.90116368], [-122.55117436, 37.90116366], [-122.55116952, 37.90116341], [-122.55116915, 37.9011634], [-122.55116879, 37.90116316], [-122.55097453, 37.90103779], [-122.55081671, 37.90093599], [-122.55076091, 37.90089998], [-122.55059486, 37.90079283], [-122.550402, 37.90066842], [-122.55039857, 37.90066874], [-122.55038112, 37.90067048], [-122.55037545, 37.90067105], [-122.5503729, 37.90067131], [-122.55035343, 37.90067324], [-122.55033295, 37.90067527], [-122.55033259, 37.90067529], [-122.54995457, 37.90068747], [-122.54993992, 37.90068794], [-122.54993982, 37.90068794], [-122.54993969, 37.90068793], [-122.54993959, 37.90068792], [-122.54993921, 37.90068783], [-122.54954541, 37.90056498], [-122.54945518, 37.90053683], [-122.549454, 37.90053642], [-122.54945086, 37.90053535], [-122.54941816, 37.90052416], [-122.54940484, 37.9005196], [-122.54914911, 37.90043994], [-122.54901355, 37.90039771], [-122.54898559, 37.900389], [-122.54898524, 37.90038888], [-122.54867553, 37.90029119], [-122.54857478, 37.90025941], [-122.54856131, 37.90025516], [-122.54850818, 37.90023808], [-122.54849896, 37.90023511], [-122.54841584, 37.90020837], [-122.5484024, 37.90020404], [-122.54816314, 37.90012707], [-122.54813986, 37.90011958], [-122.54803943, 37.90008725], [-122.548026, 37.90008293], [-122.5478358, 37.90002252], [-122.54779774, 37.90001042], [-122.54764484, 37.89996183], [-122.54763259, 37.89995794], [-122.54751411, 37.89994289], [-122.54750377, 37.89994158], [-122.54750356, 37.89994155], [-122.54723698, 37.89994153], [-122.54723659, 37.89994152], [-122.54695096, 37.89992607], [-122.54691495, 37.89992413], [-122.54688611, 37.89992257], [-122.54688579, 37.89992254], [-122.54667151, 37.89991095], [-122.54666204, 37.89991044], [-122.54666208, 37.89990297], [-122.54667346, 37.89990302], [-122.54667351, 37.89989401], [-122.54668489, 37.89989405], [-122.54668494, 37.89988504], [-122.54669632, 37.89988508], [-122.54669637, 37.89987607], [-122.54670775, 37.89987611], [-122.5467078, 37.8998671], [-122.54671917, 37.89986714], [-122.54671923, 37.89985813], [-122.5467306, 37.89985817], [-122.54673071, 37.89984015], [-122.54674209, 37.89984019], [-122.54674214, 37.89983118], [-122.54675352, 37.89983122], [-122.54675357, 37.89982221], [-122.54676495, 37.89982225], [-122.54676506, 37.89980423], [-122.54677643, 37.89980427], [-122.54677649, 37.89979526], [-122.54678786, 37.8997953], [-122.54678792, 37.89978629], [-122.54679929, 37.89978633], [-122.54679935, 37.89977732], [-122.54681072, 37.89977737], [-122.54681083, 37.89975934], [-122.5468222, 37.89975938], [-122.54682226, 37.89975037], [-122.54683363, 37.89975041], [-122.54683374, 37.89973239], [-122.54684512, 37.89973243], [-122.54684517, 37.89972342], [-122.54685655, 37.89972346], [-122.54685666, 37.89970544], [-122.54686803, 37.89970548], [-122.54686809, 37.89969647], [-122.54687946, 37.89969651], [-122.54687968, 37.89966046], [-122.54689106, 37.89966051], [-122.54689128, 37.89962445], [-122.54690265, 37.8996245], [-122.54690282, 37.89959746], [-122.54691419, 37.8995975], [-122.54691425, 37.89958849], [-122.54692562, 37.89958853], [-122.54692568, 37.89957952], [-122.54693705, 37.89957957], [-122.54693738, 37.89952549], [-122.54694876, 37.89952553], [-122.54694953, 37.89939935], [-122.5469609, 37.8993994], [-122.54696112, 37.89936335], [-122.5469725, 37.89936339], [-122.54697261, 37.89934537], [-122.54698398, 37.89934541], [-122.54698404, 37.8993364], [-122.54699541, 37.89933644], [-122.54699547, 37.89932743], [-122.54700684, 37.89932747], [-122.5470069, 37.89931846], [-122.54701827, 37.8993185], [-122.54701833, 37.89930949], [-122.5470297, 37.89930953], [-122.54702975, 37.89930052], [-122.5470525, 37.89930061], [-122.54705256, 37.89929159], [-122.54708668, 37.89929173], [-122.54708673, 37.89928271], [-122.54715498, 37.89928298], [-122.54715492, 37.89929199], [-122.54718905, 37.89929212], [-122.54718899, 37.89930113], [-122.54720036, 37.89930118], [-122.54720031, 37.89931019], [-122.54721168, 37.89931023], [-122.54721163, 37.89931925], [-122.54723438, 37.89931933], [-122.54723432, 37.89932835], [-122.54725707, 37.89932843], [-122.54725701, 37.89933745], [-122.54726839, 37.89933749], [-122.54726833, 37.8993465], [-122.54729108, 37.89934659], [-122.54729102, 37.8993556], [-122.5473024, 37.89935565], [-122.54730234, 37.89936466], [-122.54731372, 37.8993647], [-122.54731366, 37.89937372], [-122.54733641, 37.8993738], [-122.54733636, 37.89938282], [-122.54734773, 37.89938286], [-122.54734767, 37.89939187], [-122.54735905, 37.89939192], [-122.54735899, 37.89940093], [-122.54737037, 37.89940097], [-122.54737031, 37.89940999], [-122.54739306, 37.89941007], [-122.547393, 37.89941909], [-122.54742713, 37.89941922], [-122.54742707, 37.89942823], [-122.54744982, 37.89942832], [-122.54744976, 37.89943733], [-122.54748389, 37.89943746], [-122.54748383, 37.89944647], [-122.54750658, 37.89944656], [-122.54750652, 37.89945557], [-122.5475179, 37.89945562], [-122.54751784, 37.89946463], [-122.54754059, 37.89946472], [-122.54754054, 37.89947373], [-122.54755191, 37.89947377], [-122.54755185, 37.89948279], [-122.54756323, 37.89948283], [-122.54756317, 37.89949184], [-122.54758592, 37.89949193], [-122.54758587, 37.89950094], [-122.54761999, 37.89950108], [-122.54761993, 37.89951009], [-122.54764268, 37.89951018], [-122.54764263, 37.89951919], [-122.54766537, 37.89951928], [-122.54766532, 37.89952829], [-122.54769944, 37.89952842], [-122.54769939, 37.89953743], [-122.54771076, 37.89953748], [-122.5477107, 37.89954649], [-122.54773345, 37.89954658], [-122.5477334, 37.89955559], [-122.54774477, 37.89955563], [-122.54774472, 37.89956465], [-122.54775609, 37.89956469], [-122.54775603, 37.8995737], [-122.54776741, 37.89957375], [-122.54776735, 37.89958276], [-122.54777873, 37.8995828], [-122.54777862, 37.89960083], [-122.54778999, 37.89960087], [-122.54778988, 37.8996189], [-122.54780125, 37.89961894], [-122.54780114, 37.89963697], [-122.54781252, 37.89963701], [-122.54781241, 37.89965504], [-122.54782378, 37.89965508], [-122.54782373, 37.89966409], [-122.5478351, 37.89966414], [-122.54783505, 37.89967315], [-122.54784642, 37.89967319], [-122.54784637, 37.89968221], [-122.54786911, 37.89968229], [-122.54786906, 37.89969131], [-122.54789181, 37.89969139], [-122.54789175, 37.89970041], [-122.54790312, 37.89970045], [-122.54790307, 37.89970946], [-122.54793719, 37.89970959], [-122.54793714, 37.89971861], [-122.54806225, 37.89971909], [-122.54806231, 37.89971007], [-122.54808505, 37.89971016], [-122.54808511, 37.89970115], [-122.54810786, 37.89970124], [-122.54810791, 37.89969222], [-122.54811929, 37.89969227], [-122.54811934, 37.89968325], [-122.54813072, 37.8996833], [-122.54813077, 37.89967428], [-122.54814215, 37.89967433], [-122.54814226, 37.8996563], [-122.54815363, 37.89965635], [-122.54815368, 37.89964733], [-122.54816506, 37.89964738], [-122.54816511, 37.89963836], [-122.54817649, 37.89963841], [-122.54817654, 37.8996294], [-122.54821066, 37.89962953], [-122.54821072, 37.89962051], [-122.54822209, 37.89962056], [-122.54822215, 37.89961154], [-122.54823352, 37.89961159], [-122.54823358, 37.89960258], [-122.54825633, 37.89960266], [-122.54825638, 37.89959365], [-122.54827913, 37.89959374], [-122.54827918, 37.89958472], [-122.54829056, 37.89958477], [-122.54829061, 37.89957575], [-122.54830199, 37.8995758], [-122.54830204, 37.89956679], [-122.54831342, 37.89956683], [-122.54831347, 37.89955782], [-122.54832485, 37.89955786], [-122.5483249, 37.89954885], [-122.54833627, 37.89954889], [-122.54833633, 37.89953988], [-122.5483477, 37.89953992], [-122.54834776, 37.89953091], [-122.54835913, 37.89953095], [-122.54835919, 37.89952194], [-122.54837056, 37.89952198], [-122.54837062, 37.89951297], [-122.54838199, 37.89951301], [-122.54838205, 37.899504], [-122.54839342, 37.89950405], [-122.54839348, 37.89949503], [-122.54840485, 37.89949508], [-122.5484049, 37.89948606], [-122.54841628, 37.89948611], [-122.54841633, 37.89947709], [-122.54842771, 37.89947714], [-122.54842776, 37.89946813], [-122.54843914, 37.89946817], [-122.54843919, 37.89945916], [-122.54845057, 37.8994592], [-122.54845062, 37.89945019], [-122.54847337, 37.89945027], [-122.54847342, 37.89944126], [-122.5484848, 37.89944131], [-122.54848485, 37.89943229], [-122.5485076, 37.89943238], [-122.54850766, 37.89942337], [-122.5485304, 37.89942345], [-122.54853046, 37.89941444], [-122.54855321, 37.89941453], [-122.54855326, 37.89940552], [-122.54857601, 37.8994056], [-122.54857606, 37.89939659], [-122.54858744, 37.89939663], [-122.54858749, 37.89938762], [-122.54861024, 37.89938771], [-122.5486103, 37.8993787], [-122.54862167, 37.89937874], [-122.54862173, 37.89936973], [-122.54864447, 37.89936981], [-122.54864453, 37.8993608], [-122.54866728, 37.89936089], [-122.54866733, 37.89935188], [-122.54869008, 37.89935196], [-122.54869014, 37.89934295], [-122.54870151, 37.89934299], [-122.54870156, 37.89933398], [-122.54872431, 37.89933407], [-122.54872437, 37.89932506], [-122.54874712, 37.89932514], [-122.54874717, 37.89931613], [-122.54878129, 37.89931626], [-122.54878135, 37.89930725], [-122.54886096, 37.89930755], [-122.54886091, 37.89931657], [-122.54889503, 37.8993167], [-122.54889498, 37.89932571], [-122.54890635, 37.89932575], [-122.5489063, 37.89933477], [-122.54891767, 37.89933481], [-122.54891761, 37.89934382], [-122.54892899, 37.89934387], [-122.54892893, 37.89935288], [-122.54895168, 37.89935297], [-122.54895163, 37.89936198], [-122.54897437, 37.89936207], [-122.54897432, 37.89937108], [-122.54899707, 37.89937117], [-122.54899696, 37.89938919], [-122.54901971, 37.89938928], [-122.54901965, 37.89939829], [-122.54903102, 37.89939833], [-122.54903091, 37.89941636], [-122.54904229, 37.8994164], [-122.54904223, 37.89942542], [-122.54905361, 37.89942546], [-122.54905355, 37.89943447], [-122.54906493, 37.89943452], [-122.54906482, 37.89945254], [-122.54907619, 37.89945259], [-122.54907608, 37.89947061], [-122.54908745, 37.89947065], [-122.54908734, 37.89948868], [-122.54909872, 37.89948872], [-122.54909866, 37.89949774], [-122.54911004, 37.89949778], [-122.54910993, 37.89951581], [-122.5491213, 37.89951585], [-122.54912114, 37.89954289], [-122.54913251, 37.89954293], [-122.54913246, 37.89955194], [-122.54914383, 37.89955199], [-122.54914378, 37.899561], [-122.54916652, 37.89956109], [-122.54916647, 37.8995701], [-122.54917784, 37.89957014], [-122.54917779, 37.89957916], [-122.54926878, 37.8995795], [-122.54926872, 37.89958852], [-122.54929147, 37.8995886], [-122.54929142, 37.89959762], [-122.54931417, 37.8995977], [-122.54931411, 37.89960672], [-122.54933686, 37.8996068], [-122.5493368, 37.89961582], [-122.54935955, 37.8996159], [-122.5493595, 37.89962492], [-122.54938224, 37.899625], [-122.54938219, 37.89963402], [-122.54939356, 37.89963406], [-122.54939351, 37.89964307], [-122.54940488, 37.89964312], [-122.54940483, 37.89965213], [-122.5494162, 37.89965217], [-122.54941615, 37.89966119], [-122.54942752, 37.89966123], [-122.54942747, 37.89967024], [-122.54943884, 37.89967029], [-122.54943879, 37.8996793], [-122.54945016, 37.89967934], [-122.54944983, 37.89973342], [-122.5494612, 37.89973346], [-122.54946093, 37.89977853], [-122.5494723, 37.89977857], [-122.54947225, 37.89978758], [-122.54948362, 37.89978763], [-122.54948357, 37.89979664], [-122.54949494, 37.89979668], [-122.54949489, 37.89980569], [-122.54951763, 37.89980578], [-122.54951758, 37.89981479], [-122.54954033, 37.89981488], [-122.54954027, 37.89982389], [-122.54956302, 37.89982398], [-122.54956297, 37.89983299], [-122.54958571, 37.89983308], [-122.54958566, 37.89984209], [-122.54960841, 37.89984218], [-122.54960835, 37.89985119], [-122.54961973, 37.89985124], [-122.54961967, 37.89986025], [-122.54965379, 37.89986038], [-122.54965385, 37.89985137], [-122.5496766, 37.89985146], [-122.54967665, 37.89984244], [-122.54976764, 37.89984279], [-122.5497677, 37.89983378], [-122.54980182, 37.89983391], [-122.54980188, 37.8998249], [-122.549836, 37.89982503], [-122.54983605, 37.89981601], [-122.54987018, 37.89981614], [-122.54987023, 37.89980713], [-122.54989298, 37.89980722], [-122.54989303, 37.89979821], [-122.54992716, 37.89979834], [-122.54992721, 37.89978932], [-122.54996133, 37.89978945], [-122.54996139, 37.89978044], [-122.55000688, 37.89978061], [-122.55000694, 37.8997716], [-122.55005243, 37.89977178], [-122.55005249, 37.89976276], [-122.55007524, 37.89976285], [-122.55007529, 37.89975384], [-122.55010941, 37.89975397], [-122.55010947, 37.89974495], [-122.55016634, 37.89974517], [-122.55016628, 37.89975418], [-122.55017766, 37.89975423], [-122.55017771, 37.89974522], [-122.55018909, 37.89974526], [-122.55018903, 37.89975427], [-122.55026865, 37.89975458], [-122.5502686, 37.89976359], [-122.55029134, 37.89976368], [-122.55029129, 37.89977269], [-122.55032541, 37.89977282], [-122.55032536, 37.89978183], [-122.55038223, 37.89978205], [-122.55038217, 37.89979106], [-122.55041629, 37.89979119], [-122.55041624, 37.8998002], [-122.55045036, 37.89980033], [-122.55045042, 37.89979132], [-122.55047317, 37.89979141], [-122.55047322, 37.8997824], [-122.55059833, 37.89978287], [-122.55059828, 37.89979189], [-122.55065515, 37.8997921], [-122.5506551, 37.89980112], [-122.55068922, 37.89980125], [-122.55068916, 37.89981026], [-122.55071191, 37.89981035], [-122.55071186, 37.89981936], [-122.5507346, 37.89981945], [-122.55073455, 37.89982846], [-122.55074592, 37.8998285], [-122.55074587, 37.89983752], [-122.55076862, 37.8998376], [-122.55076856, 37.89984661], [-122.55079131, 37.8998467], [-122.55079126, 37.89985571], [-122.550814, 37.8998558], [-122.55081395, 37.89986481], [-122.55082532, 37.89986486], [-122.55082527, 37.89987387], [-122.55084802, 37.89987396], [-122.55084796, 37.89988297], [-122.55085934, 37.89988301], [-122.55085928, 37.89989203], [-122.55088203, 37.89989211], [-122.55088197, 37.89990113], [-122.55090472, 37.89990121], [-122.55090467, 37.89991022], [-122.55092742, 37.89991031], [-122.55092736, 37.89991932], [-122.55095011, 37.89991941], [-122.55095005, 37.89992842], [-122.5509728, 37.89992851], [-122.55097275, 37.89993752], [-122.5509955, 37.89993761], [-122.55099555, 37.8999286], [-122.55104105, 37.89992877], [-122.5510411, 37.89991976], [-122.55106385, 37.89991985], [-122.5510639, 37.89991083], [-122.55109803, 37.89991096], [-122.55109808, 37.89990195], [-122.55112083, 37.89990204], [-122.55112088, 37.89989302], [-122.55114363, 37.89989311], [-122.55114369, 37.8998841], [-122.55117781, 37.89988423], [-122.55117786, 37.89987522], [-122.55120061, 37.8998753], [-122.55120067, 37.89986629], [-122.55123479, 37.89986642], [-122.55123484, 37.89985741], [-122.55129171, 37.89985762], [-122.55129177, 37.89984861], [-122.55145101, 37.89984922], [-122.55145095, 37.89985823], [-122.5514737, 37.89985832], [-122.55147364, 37.89986733], [-122.55149639, 37.89986742], [-122.55149634, 37.89987643], [-122.55150771, 37.89987647], [-122.55150766, 37.89988549], [-122.55151903, 37.89988553], [-122.55151898, 37.89989454], [-122.55153035, 37.89989458], [-122.5515303, 37.8999036], [-122.55154167, 37.89990364], [-122.55154162, 37.89991265], [-122.55155299, 37.8999127], [-122.55155293, 37.89992171], [-122.55156431, 37.89992175], [-122.5515642, 37.89993978], [-122.55157557, 37.89993982], [-122.55157546, 37.89995785], [-122.55158684, 37.89995789], [-122.55158678, 37.8999669], [-122.55159816, 37.89996695], [-122.55159805, 37.89998497], [-122.55160942, 37.89998502], [-122.55160937, 37.89999403], [-122.55162074, 37.89999407], [-122.55162069, 37.90000308], [-122.55163206, 37.90000313], [-122.55163201, 37.90001214], [-122.55164338, 37.90001218], [-122.55164333, 37.9000212], [-122.5516547, 37.90002124], [-122.55165465, 37.90003025], [-122.55166602, 37.9000303], [-122.55166596, 37.90003931], [-122.55167734, 37.90003935], [-122.55167723, 37.90005738], [-122.5516886, 37.90005742], [-122.55168849, 37.90007545], [-122.55169987, 37.90007549], [-122.55169976, 37.90009352], [-122.55171113, 37.90009356], [-122.55171064, 37.90017467], [-122.55172202, 37.90017472], [-122.55172196, 37.90018373], [-122.55174471, 37.90018382], [-122.55174465, 37.90019283], [-122.55177878, 37.90019296], [-122.55177872, 37.90020197], [-122.55180147, 37.90020206], [-122.55180142, 37.90021107], [-122.55181279, 37.90021111], [-122.55181274, 37.90022013], [-122.55182411, 37.90022017], [-122.55182405, 37.90022918], [-122.5518468, 37.90022927], [-122.55184675, 37.90023828], [-122.55185812, 37.90023833], [-122.55185807, 37.90024734], [-122.55186944, 37.90024738], [-122.55186933, 37.90026541], [-122.55188071, 37.90026545], [-122.55188065, 37.90027446], [-122.55189203, 37.90027451], [-122.55189197, 37.90028352], [-122.55190335, 37.90028356], [-122.55190324, 37.90030159], [-122.55191461, 37.90030163], [-122.5519145, 37.90031966], [-122.55192588, 37.9003197], [-122.55192582, 37.90032871], [-122.55193719, 37.90032876], [-122.55193709, 37.90034678], [-122.55194846, 37.90034683], [-122.55194841, 37.90035584], [-122.55195978, 37.90035588], [-122.55195967, 37.90037391], [-122.55197104, 37.90037395], [-122.55197088, 37.90040099], [-122.55198225, 37.90040103], [-122.55198209, 37.90042807], [-122.55199346, 37.90042811], [-122.55199336, 37.90044614], [-122.5520161, 37.90044623], [-122.55201616, 37.90043721], [-122.55202753, 37.90043726], [-122.55202759, 37.90042824], [-122.55203896, 37.90042829], [-122.55203902, 37.90041927], [-122.55205039, 37.90041932], [-122.55205044, 37.90041031], [-122.55206182, 37.90041035], [-122.55206187, 37.90040134], [-122.55207325, 37.90040138], [-122.5520733, 37.90039237], [-122.55208468, 37.90039241], [-122.55208473, 37.9003834], [-122.55211885, 37.90038353], [-122.55211891, 37.90037451], [-122.5521644, 37.90037469], [-122.55216446, 37.90036567], [-122.55219858, 37.9003658], [-122.55219864, 37.90035679], [-122.55226688, 37.90035705], [-122.55226694, 37.90034804], [-122.55232381, 37.90034825], [-122.55232375, 37.90035727], [-122.55238062, 37.90035748], [-122.55238068, 37.90034847], [-122.55239205, 37.90034851], [-122.55239211, 37.9003395], [-122.55240348, 37.90033954], [-122.55240364, 37.90031251], [-122.55241502, 37.90031255], [-122.55241513, 37.90029452], [-122.5524265, 37.90029457], [-122.55242661, 37.90027654], [-122.55243798, 37.90027658], [-122.5524382, 37.90024053], [-122.55244958, 37.90024058], [-122.55244974, 37.90021354], [-122.55246111, 37.90021358], [-122.55246122, 37.90019556], [-122.5524726, 37.9001956], [-122.55247265, 37.90018659], [-122.55248403, 37.90018663], [-122.55248408, 37.90017762], [-122.55249546, 37.90017766], [-122.55249551, 37.90016865], [-122.55251826, 37.90016873], [-122.55251831, 37.90015972], [-122.55254106, 37.90015981], [-122.55254112, 37.90015079], [-122.55255249, 37.90015084], [-122.55255254, 37.90014183], [-122.55257529, 37.90014191], [-122.55257535, 37.9001329], [-122.55268909, 37.90013333], [-122.55268914, 37.90012432], [-122.55271189, 37.90012441], [-122.55271195, 37.90011539], [-122.55272332, 37.90011544], [-122.55272343, 37.90009741], [-122.5527348, 37.90009745], [-122.55273486, 37.90008844], [-122.55274623, 37.90008848], [-122.55274629, 37.90007947], [-122.55275766, 37.90007951], [-122.55275777, 37.90006149], [-122.55276914, 37.90006153], [-122.5527692, 37.90005252], [-122.55278057, 37.90005256], [-122.55278063, 37.90004355], [-122.55280337, 37.90004364], [-122.55280343, 37.90003462], [-122.5528148, 37.90003467], [-122.55281486, 37.90002565], [-122.55282623, 37.9000257], [-122.55282634, 37.90000767], [-122.55283772, 37.90000771], [-122.55283777, 37.8999987], [-122.55284914, 37.89999874], [-122.5528492, 37.89998973], [-122.55286057, 37.89998978], [-122.55286063, 37.89998076], [-122.552872, 37.89998081], [-122.55287206, 37.89997179], [-122.55291755, 37.89997197], [-122.55291761, 37.89996295], [-122.55295173, 37.89996308], [-122.55295178, 37.89995407], [-122.55297453, 37.89995416], [-122.55297459, 37.89994514], [-122.55298596, 37.89994519], [-122.55298601, 37.89993617], [-122.55300876, 37.89993626], [-122.55300882, 37.89992725], [-122.55302019, 37.89992729], [-122.55302025, 37.89991828], [-122.55303162, 37.89991832], [-122.55303173, 37.8999003], [-122.5530431, 37.89990034], [-122.55304316, 37.89989133], [-122.55305453, 37.89989137], [-122.55305459, 37.89988236], [-122.55308871, 37.89988249], [-122.55308865, 37.8998915], [-122.55313415, 37.89989167], [-122.5531341, 37.89990068], [-122.55316822, 37.89990081], [-122.55316816, 37.89990983], [-122.55325916, 37.89991017], [-122.55325921, 37.89990116], [-122.55327058, 37.8999012], [-122.55327053, 37.89991021], [-122.55331603, 37.89991039], [-122.55331608, 37.89990137], [-122.55336158, 37.89990155], [-122.55336163, 37.89989253], [-122.55337301, 37.89989258], [-122.55337295, 37.89990159], [-122.5533957, 37.89990168], [-122.55339564, 37.89991069], [-122.55341839, 37.89991078], [-122.55341834, 37.89991979], [-122.55344109, 37.89991988], [-122.55344103, 37.89992889], [-122.55346378, 37.89992897], [-122.55346373, 37.89993799], [-122.55348647, 37.89993807], [-122.55348653, 37.89992906], [-122.55357752, 37.89992941], [-122.55357758, 37.89992039], [-122.55366857, 37.89992074], [-122.55366862, 37.89991173], [-122.55371412, 37.8999119], [-122.55371417, 37.89990288], [-122.5537483, 37.89990301], [-122.55374835, 37.899894], [-122.55375972, 37.89989404], [-122.55375967, 37.89990306], [-122.55379379, 37.89990319], [-122.55379374, 37.8999122], [-122.55380511, 37.89991224], [-122.55380506, 37.89992126], [-122.55382781, 37.89992134], [-122.55382775, 37.89993035], [-122.5538505, 37.89993044], [-122.55385044, 37.89993945], [-122.55390732, 37.89993967], [-122.55390726, 37.89994868], [-122.55394138, 37.89994881], [-122.55394144, 37.8999398], [-122.5540438, 37.89994019], [-122.55404375, 37.8999492], [-122.55407787, 37.89994933], [-122.55407782, 37.89995834], [-122.55412331, 37.89995851], [-122.55412337, 37.8999495], [-122.55413474, 37.89994954], [-122.5541348, 37.89994053], [-122.55414617, 37.89994057], [-122.55414628, 37.89992255], [-122.55415765, 37.89992259], [-122.55415771, 37.89991358], [-122.55416908, 37.89991362], [-122.55416914, 37.89990461], [-122.55418051, 37.89990465], [-122.55418062, 37.89988663], [-122.55419199, 37.89988667], [-122.5541921, 37.89986864], [-122.55420348, 37.89986869], [-122.55420359, 37.89985066], [-122.55421496, 37.8998507], [-122.55421512, 37.89982367], [-122.5542265, 37.89982371], [-122.55422661, 37.89980568], [-122.55423798, 37.89980573], [-122.55423809, 37.8997877], [-122.55424946, 37.89978774], [-122.55424957, 37.89976972], [-122.55426094, 37.89976976], [-122.554261, 37.89976075], [-122.55427237, 37.89976079], [-122.55427248, 37.89974277], [-122.55428386, 37.89974281], [-122.55428391, 37.8997338], [-122.55429528, 37.89973384], [-122.55429534, 37.89972483], [-122.55430671, 37.89972487], [-122.55430677, 37.89971586], [-122.55431814, 37.8997159], [-122.5543182, 37.89970689], [-122.55432957, 37.89970693], [-122.55432968, 37.89968891], [-122.55434105, 37.89968895], [-122.55434111, 37.89967994], [-122.55435248, 37.89967998], [-122.55435254, 37.89967097], [-122.55437528, 37.89967105], [-122.55437534, 37.89966204], [-122.55439809, 37.89966213], [-122.55439814, 37.89965311], [-122.55447776, 37.89965341], [-122.55447781, 37.8996444], [-122.55451193, 37.89964453], [-122.55451188, 37.89965354], [-122.554546, 37.89965367], [-122.55454595, 37.89966268], [-122.5545687, 37.89966277], [-122.55456864, 37.89967178], [-122.55458002, 37.89967183], [-122.55457996, 37.89968084], [-122.55459134, 37.89968088], [-122.55459128, 37.8996899], [-122.55460266, 37.89968994], [-122.55460255, 37.89970796], [-122.55461392, 37.89970801], [-122.55461387, 37.89971702], [-122.55462524, 37.89971706], [-122.55462513, 37.89973509], [-122.55463651, 37.89973513], [-122.5546364, 37.89975316], [-122.55464777, 37.8997532], [-122.55464761, 37.89978024], [-122.55465898, 37.89978028], [-122.55465871, 37.89982535], [-122.55467009, 37.89982539], [-122.55467003, 37.8998344], [-122.5546814, 37.89983444], [-122.55468135, 37.89984346], [-122.55469272, 37.8998435], [-122.55469262, 37.89986153], [-122.55470399, 37.89986157], [-122.55470394, 37.89987058], [-122.55471531, 37.89987062], [-122.55471526, 37.89987964], [-122.55472663, 37.89987968], [-122.55472658, 37.89988869], [-122.55473795, 37.89988874], [-122.5547379, 37.89989775], [-122.55474927, 37.89989779], [-122.55474916, 37.89991582], [-122.55478328, 37.89991595], [-122.55478323, 37.89992496], [-122.5548856, 37.89992535], [-122.55488565, 37.89991633], [-122.5549084, 37.89991642], [-122.55490845, 37.89990741], [-122.55496532, 37.89990762], [-122.55496538, 37.89989861], [-122.555045, 37.89989891], [-122.55504494, 37.89990792], [-122.55507906, 37.89990805], [-122.55507901, 37.89991706], [-122.55510176, 37.89991715], [-122.5551017, 37.89992616], [-122.55512445, 37.89992625], [-122.5551244, 37.89993526], [-122.55514715, 37.89993535], [-122.55514709, 37.89994436], [-122.55515846, 37.8999444], [-122.55515841, 37.89995342], [-122.55516978, 37.89995346], [-122.55516973, 37.89996247], [-122.5551811, 37.89996252], [-122.55518105, 37.89997153], [-122.55519242, 37.89997157], [-122.55519237, 37.89998058], [-122.55520374, 37.89998063], [-122.55520369, 37.89998964], [-122.55521506, 37.89998968], [-122.55521501, 37.8999987], [-122.55522638, 37.89999874], [-122.55522633, 37.90000775], [-122.5552377, 37.90000779], [-122.5552376, 37.90002582], [-122.55524897, 37.90002586], [-122.55524886, 37.90004389], [-122.55526024, 37.90004393], [-122.55526013, 37.90006196], [-122.5552715, 37.900062], [-122.55527139, 37.90008003], [-122.55528277, 37.90008007], [-122.55528266, 37.90009809], [-122.55529403, 37.90009814], [-122.55529398, 37.90010715], [-122.55530535, 37.90010719], [-122.5553053, 37.90011621], [-122.55532805, 37.90011629], [-122.55532799, 37.9001253], [-122.55535074, 37.90012539], [-122.55535069, 37.9001344], [-122.55537343, 37.90013449], [-122.55537338, 37.9001435], [-122.5554075, 37.90014363], [-122.55540745, 37.90015264], [-122.55541882, 37.90015269], [-122.55541877, 37.9001617], [-122.55544152, 37.90016178], [-122.55544146, 37.9001708], [-122.55545284, 37.90017084], [-122.55545278, 37.90017985], [-122.5554869, 37.90017998], [-122.55548685, 37.900189], [-122.55549822, 37.90018904], [-122.55549817, 37.90019805], [-122.55550954, 37.90019809], [-122.55550949, 37.90020711], [-122.55554361, 37.90020724], [-122.55554356, 37.90021625], [-122.55560043, 37.90021646], [-122.55560048, 37.90020745], [-122.55563461, 37.90020758], [-122.55563455, 37.90021659], [-122.55566867, 37.90021672], [-122.55566862, 37.90022573], [-122.55567999, 37.90022578], [-122.55567994, 37.90023479], [-122.55570269, 37.90023487], [-122.55570263, 37.90024389], [-122.55571401, 37.90024393], [-122.55571395, 37.90025294], [-122.55572533, 37.90025299], [-122.55572527, 37.900262], [-122.55573665, 37.90026204], [-122.55573654, 37.90028007], [-122.55574791, 37.90028011], [-122.5557478, 37.90029814], [-122.55575918, 37.90029818], [-122.55575907, 37.9003162], [-122.55578182, 37.90031629], [-122.55578176, 37.9003253], [-122.55579314, 37.90032535], [-122.55579308, 37.90033436], [-122.55580446, 37.9003344], [-122.55580435, 37.90035243], [-122.55581572, 37.90035247], [-122.55581562, 37.9003705], [-122.55582699, 37.90037054], [-122.55582694, 37.90037955], [-122.55583831, 37.90037959], [-122.55583826, 37.90038861], [-122.555861, 37.90038869], [-122.55586095, 37.90039771], [-122.5559292, 37.90039796], [-122.55592925, 37.90038895], [-122.55596337, 37.90038908], [-122.55596343, 37.90038007], [-122.55599755, 37.9003802], [-122.55599749, 37.90038921], [-122.55602024, 37.90038929], [-122.55602019, 37.90039831], [-122.55603156, 37.90039835], [-122.55603135, 37.9004344], [-122.55604272, 37.90043444], [-122.55604267, 37.90044346], [-122.55607679, 37.90044359], [-122.55607673, 37.9004526], [-122.55608811, 37.90045264], [-122.556088, 37.90047067], [-122.55607663, 37.90047062], [-122.55607652, 37.90048865], [-122.55606514, 37.90048861], [-122.55606504, 37.90050663], [-122.55607641, 37.90050667], [-122.55607636, 37.90051569], [-122.55608773, 37.90051573], [-122.55608768, 37.90052474], [-122.55611042, 37.90052483], [-122.55611037, 37.90053384], [-122.55613312, 37.90053393], [-122.55613306, 37.90054294], [-122.55615581, 37.90054303], [-122.55615576, 37.90055204], [-122.55617851, 37.90055212], [-122.55617845, 37.90056114], [-122.5562012, 37.90056122], [-122.55620115, 37.90057024], [-122.5562239, 37.90057032], [-122.55622384, 37.90057933], [-122.55624659, 37.90057942], [-122.55624654, 37.90058843], [-122.55628066, 37.90058856], [-122.5562806, 37.90059757], [-122.55630335, 37.90059766], [-122.5563033, 37.90060667], [-122.55631467, 37.90060672], [-122.55631456, 37.90062474], [-122.55632594, 37.90062478], [-122.55632588, 37.9006338], [-122.55633726, 37.90063384], [-122.55633731, 37.90062483], [-122.55634869, 37.90062487], [-122.55634885, 37.90059783], [-122.55633747, 37.90059779], [-122.55633758, 37.90057976], [-122.55632621, 37.90057972], [-122.55632626, 37.90057071], [-122.55631489, 37.90057066], [-122.55631494, 37.90056165], [-122.55630357, 37.90056161], [-122.55630378, 37.90052556], [-122.55631516, 37.9005256], [-122.55631521, 37.90051659], [-122.55632659, 37.90051663], [-122.55632664, 37.90050762], [-122.55633802, 37.90050766], [-122.55633807, 37.90049865], [-122.55634944, 37.90049869], [-122.5563495, 37.90048968], [-122.55636087, 37.90048972], [-122.55636093, 37.90048071], [-122.5563723, 37.90048075], [-122.55637241, 37.90046273], [-122.55638378, 37.90046277], [-122.55638384, 37.90045376], [-122.55639521, 37.9004538], [-122.55639527, 37.90044479], [-122.55640664, 37.90044483], [-122.55640669, 37.90043582], [-122.55642944, 37.9004359], [-122.5564295, 37.90042689], [-122.55645224, 37.90042697], [-122.5564523, 37.90041796], [-122.55646367, 37.900418], [-122.55646373, 37.90040899], [-122.55649785, 37.90040912], [-122.5564979, 37.90040011], [-122.55650928, 37.90040015], [-122.55650949, 37.9003641], [-122.55652087, 37.90036414], [-122.55652098, 37.90034612], [-122.55653235, 37.90034616], [-122.55653246, 37.90032813], [-122.55652108, 37.90032809], [-122.55652119, 37.90031007], [-122.55650982, 37.90031002], [-122.55650998, 37.90028298], [-122.55649861, 37.90028294], [-122.55649882, 37.90024689], [-122.55648745, 37.90024685], [-122.55648761, 37.90021981], [-122.55647624, 37.90021977], [-122.5564764, 37.90019273], [-122.55646502, 37.90019269], [-122.5564653, 37.90014762], [-122.55645392, 37.90014758], [-122.55645446, 37.90005745], [-122.55644309, 37.90005741], [-122.55644336, 37.90001234], [-122.55643198, 37.9000123], [-122.55643225, 37.89996724], [-122.55642088, 37.89996719], [-122.55642137, 37.89988608], [-122.55640999, 37.89988604], [-122.55641026, 37.89984097], [-122.55639889, 37.89984093], [-122.55639911, 37.89980488], [-122.55638773, 37.89980484], [-122.55638789, 37.8997778], [-122.55637652, 37.89977775], [-122.55637663, 37.89975973], [-122.55636525, 37.89975969], [-122.55636552, 37.89971462], [-122.55635415, 37.89971458], [-122.5563542, 37.89970557], [-122.55636558, 37.89970561], [-122.55636601, 37.89963351], [-122.55637739, 37.89963355], [-122.55637749, 37.89961552], [-122.55638887, 37.89961557], [-122.55638898, 37.89959754], [-122.55640035, 37.89959758], [-122.55640046, 37.89957956], [-122.55641183, 37.8995796], [-122.55641189, 37.89957059], [-122.55642326, 37.89957063], [-122.55642331, 37.89956162], [-122.55645744, 37.89956175], [-122.55645749, 37.89955273], [-122.55648024, 37.89955282], [-122.55648029, 37.89954381], [-122.55650304, 37.89954389], [-122.5565031, 37.89953488], [-122.55652584, 37.89953497], [-122.5565259, 37.89952595], [-122.55653727, 37.899526], [-122.55653733, 37.89951698], [-122.55656007, 37.89951707], [-122.55656013, 37.89950806], [-122.5565715, 37.8995081], [-122.55657161, 37.89949007], [-122.55658298, 37.89949012], [-122.55658304, 37.8994811], [-122.55659441, 37.89948115], [-122.55659447, 37.89947213], [-122.55660584, 37.89947218], [-122.55660589, 37.89946316], [-122.55661727, 37.89946321], [-122.55661738, 37.89944518], [-122.55662875, 37.89944522], [-122.55662891, 37.89941819], [-122.55664029, 37.89941823], [-122.55664034, 37.89940922], [-122.55665171, 37.89940926], [-122.55665182, 37.89939123], [-122.5566632, 37.89939128], [-122.55666325, 37.89938226], [-122.55667462, 37.89938231], [-122.55667468, 37.89937329], [-122.55668605, 37.89937334], [-122.55668611, 37.89936432], [-122.55669748, 37.89936437], [-122.55669753, 37.89935535], [-122.55670891, 37.8993554], [-122.55670902, 37.89933737], [-122.55672039, 37.89933741], [-122.55672061, 37.89930136], [-122.55670923, 37.89930132], [-122.55670934, 37.89928329], [-122.55673209, 37.89928338], [-122.55673225, 37.89925634], [-122.55674363, 37.89925638], [-122.55674373, 37.89923836], [-122.55675511, 37.8992384], [-122.55675522, 37.89922038], [-122.55676659, 37.89922042], [-122.5567667, 37.89920239], [-122.55677807, 37.89920244], [-122.55677845, 37.89913935], [-122.55674433, 37.89913922], [-122.55674427, 37.89914823], [-122.5566874, 37.89914802], [-122.55668735, 37.89915703], [-122.55664185, 37.89915686], [-122.5566418, 37.89916587], [-122.5565963, 37.8991657], [-122.55659636, 37.89915669], [-122.55648262, 37.89915626], [-122.55648267, 37.89914725], [-122.55645992, 37.89914716], [-122.55645987, 37.89915617], [-122.55634613, 37.89915574], [-122.55634619, 37.89914673], [-122.55624382, 37.89914634], [-122.55624387, 37.89913733], [-122.556187, 37.89913712], [-122.55618695, 37.89914613], [-122.55609596, 37.89914579], [-122.55609601, 37.89913677], [-122.55593678, 37.89913617], [-122.55593683, 37.89912716], [-122.55589133, 37.89912699], [-122.55589139, 37.89911798], [-122.55586864, 37.89911789], [-122.5558687, 37.89910888], [-122.55584595, 37.89910879], [-122.555846, 37.89909978], [-122.55583463, 37.89909974], [-122.55583468, 37.89909072], [-122.55581193, 37.89909064], [-122.55581199, 37.89908163], [-122.55580061, 37.89908158], [-122.55580067, 37.89907257], [-122.55578929, 37.89907253], [-122.55578935, 37.89906351], [-122.55577797, 37.89906347], [-122.55577803, 37.89905446], [-122.55576665, 37.89905442], [-122.55576676, 37.89903639], [-122.55575539, 37.89903635], [-122.55575544, 37.89902733], [-122.55574407, 37.89902729], [-122.55574412, 37.89901828], [-122.55573275, 37.89901824], [-122.55573302, 37.89897317], [-122.55572165, 37.89897313], [-122.5557217, 37.89896412], [-122.55571033, 37.89896407], [-122.55571044, 37.89894605], [-122.55569906, 37.898946], [-122.55569933, 37.89890094], [-122.55571071, 37.89890098], [-122.55571081, 37.89888296], [-122.55572219, 37.898883], [-122.5557223, 37.89886497], [-122.55573367, 37.89886502], [-122.55573378, 37.89884699], [-122.55574515, 37.89884704], [-122.55574521, 37.89883802], [-122.55575658, 37.89883807], [-122.55575669, 37.89882004], [-122.55576806, 37.89882008], [-122.55576817, 37.89880206], [-122.55577955, 37.8988021], [-122.5557796, 37.89879309], [-122.55579097, 37.89879313], [-122.55579108, 37.8987751], [-122.55580246, 37.89877515], [-122.55580251, 37.89876613], [-122.55581388, 37.89876618], [-122.55581405, 37.89873914], [-122.55583679, 37.89873923], [-122.55583685, 37.89873021], [-122.55584822, 37.89873026], [-122.55584828, 37.89872124], [-122.55585965, 37.89872129], [-122.5558597, 37.89871227], [-122.55587108, 37.89871232], [-122.55587119, 37.89869429], [-122.55588256, 37.89869433], [-122.55588267, 37.89867631], [-122.55589404, 37.89867635], [-122.55589421, 37.89864931], [-122.55590558, 37.89864935], [-122.55590574, 37.89862232], [-122.55591712, 37.89862236], [-122.55591728, 37.89859532], [-122.55592865, 37.89859536], [-122.55592887, 37.89855931], [-122.55594024, 37.89855936], [-122.55594035, 37.89854133], [-122.55595172, 37.89854137], [-122.55595194, 37.89850532], [-122.55596331, 37.89850536], [-122.55596364, 37.89845129], [-122.55597501, 37.89845133], [-122.55597523, 37.89841528], [-122.55596386, 37.89841524], [-122.55596391, 37.89840622], [-122.55597528, 37.89840627], [-122.55597545, 37.89837923], [-122.55598682, 37.89837927], [-122.55598693, 37.89836125], [-122.5559983, 37.89836129], [-122.55599928, 37.89819906], [-122.5559879, 37.89819902], [-122.55598807, 37.89817198], [-122.55597669, 37.89817193], [-122.5559768, 37.89815391], [-122.55596543, 37.89815387], [-122.55596553, 37.89813584], [-122.55597691, 37.89813588], [-122.55597729, 37.89807279], [-122.55596591, 37.89807275], [-122.55596586, 37.89808176], [-122.55595449, 37.89808172], [-122.55595443, 37.89809073], [-122.55594306, 37.89809069], [-122.555943, 37.8980997], [-122.55593163, 37.89809966], [-122.55593158, 37.89810867], [-122.5559202, 37.89810863], [-122.55592015, 37.89811764], [-122.55590877, 37.8981176], [-122.55590872, 37.89812661], [-122.55589735, 37.89812657], [-122.55589724, 37.8981446], [-122.55588586, 37.89814455], [-122.55588581, 37.89815357], [-122.55587444, 37.89815352], [-122.55587438, 37.89816254], [-122.55586301, 37.89816249], [-122.5558629, 37.89818052], [-122.55585153, 37.89818048], [-122.55585147, 37.89818949], [-122.5558401, 37.89818945], [-122.55584004, 37.89819846], [-122.55582867, 37.89819842], [-122.55582862, 37.89820743], [-122.55580587, 37.89820734], [-122.55580581, 37.89821635], [-122.55576032, 37.89821618], [-122.55576037, 37.89820717], [-122.55572625, 37.89820704], [-122.5557262, 37.89821605], [-122.55570345, 37.89821597], [-122.5557034, 37.89822498], [-122.55568065, 37.8982249], [-122.55568059, 37.89823391], [-122.55562372, 37.89823369], [-122.55562367, 37.89824271], [-122.5556123, 37.89824266], [-122.55561224, 37.89825168], [-122.55558949, 37.89825159], [-122.55558944, 37.8982606], [-122.55556669, 37.89826052], [-122.55556664, 37.89826953], [-122.55554389, 37.89826944], [-122.55554384, 37.89827846], [-122.55550972, 37.89827833], [-122.55550966, 37.89828734], [-122.55548691, 37.89828725], [-122.55548686, 37.89829627], [-122.55546411, 37.89829618], [-122.55546406, 37.89830519], [-122.55545268, 37.89830515], [-122.55545263, 37.89831416], [-122.55542988, 37.89831408], [-122.55542983, 37.89832309], [-122.55540708, 37.89832301], [-122.55540703, 37.89833202], [-122.55538428, 37.89833193], [-122.55538422, 37.89834095], [-122.5553501, 37.89834082], [-122.55535005, 37.89834983], [-122.55531593, 37.8983497], [-122.55531587, 37.89835871], [-122.55527038, 37.89835854], [-122.55527032, 37.89836755], [-122.55525895, 37.89836751], [-122.55525889, 37.89837652], [-122.55524752, 37.89837648], [-122.55524747, 37.89838549], [-122.55522472, 37.89838541], [-122.55522466, 37.89839442], [-122.55520192, 37.89839433], [-122.55520186, 37.89840335], [-122.55517911, 37.89840326], [-122.55517906, 37.89841227], [-122.55515631, 37.89841219], [-122.55515626, 37.8984212], [-122.55512214, 37.89842107], [-122.55512208, 37.89843008], [-122.55509933, 37.89843], [-122.55509928, 37.89843901], [-122.55508791, 37.89843897], [-122.55508785, 37.89844798], [-122.5550651, 37.8984479], [-122.55506505, 37.89845691], [-122.5550423, 37.89845682], [-122.55504225, 37.89846583], [-122.5550195, 37.89846575], [-122.55501945, 37.89847476], [-122.5549967, 37.89847468], [-122.55499664, 37.89848369], [-122.5549739, 37.8984836], [-122.55497384, 37.89849262], [-122.55495109, 37.89849253], [-122.55495104, 37.89850154], [-122.5548828, 37.89850128], [-122.55488285, 37.89849227], [-122.55484873, 37.89849214], [-122.55484878, 37.89848313], [-122.55483741, 37.89848309], [-122.55483746, 37.89847407], [-122.55481472, 37.89847399], [-122.55481477, 37.89846497], [-122.55478065, 37.89846485], [-122.5547807, 37.89845583], [-122.55475796, 37.89845575], [-122.55475801, 37.89844673], [-122.55474664, 37.89844669], [-122.55474669, 37.89843768], [-122.55472394, 37.89843759], [-122.554724, 37.89842858], [-122.55470125, 37.89842849], [-122.5547013, 37.89841948], [-122.55467856, 37.89841939], [-122.55467861, 37.89841038], [-122.55466724, 37.89841034], [-122.55466729, 37.89840133], [-122.55464454, 37.89840124], [-122.5546446, 37.89839223], [-122.55463322, 37.89839218], [-122.55463328, 37.89838317], [-122.55461053, 37.89838309], [-122.55461059, 37.89837407], [-122.55459921, 37.89837403], [-122.55459927, 37.89836502], [-122.55457652, 37.89836493], [-122.55457657, 37.89835592], [-122.5545652, 37.89835587], [-122.55456525, 37.89834686], [-122.55455388, 37.89834682], [-122.55455393, 37.89833781], [-122.55454256, 37.89833776], [-122.55454261, 37.89832875], [-122.55453124, 37.89832871], [-122.55453129, 37.89831969], [-122.55451992, 37.89831965], [-122.55451997, 37.89831064], [-122.5545086, 37.8983106], [-122.55450866, 37.89830158], [-122.55449728, 37.89830154], [-122.55449739, 37.89828351], [-122.55448602, 37.89828347], [-122.55448612, 37.89826545], [-122.55447475, 37.8982654], [-122.55447481, 37.89825639], [-122.55446343, 37.89825635], [-122.55446354, 37.89823832], [-122.55445217, 37.89823828], [-122.55445227, 37.89822025], [-122.5544409, 37.89822021], [-122.55444101, 37.89820218], [-122.55442964, 37.89820214], [-122.55442974, 37.89818412], [-122.55441837, 37.89818407], [-122.55441853, 37.89815703], [-122.55440716, 37.89815699], [-122.55440738, 37.89812094], [-122.554396, 37.8981209], [-122.55439622, 37.89808485], [-122.55438485, 37.8980848], [-122.55438506, 37.89804875], [-122.55437369, 37.89804871], [-122.55437396, 37.89800364], [-122.55436259, 37.8980036], [-122.5543627, 37.89798558], [-122.55435132, 37.89798553], [-122.55435143, 37.89796751], [-122.55434006, 37.89796746], [-122.55434011, 37.89795845], [-122.55432874, 37.89795841], [-122.55432885, 37.89794038], [-122.55431747, 37.89794034], [-122.55431753, 37.89793133], [-122.55430615, 37.89793128], [-122.55430621, 37.89792227], [-122.55429483, 37.89792223], [-122.55429494, 37.8979042], [-122.55428357, 37.89790416], [-122.55428384, 37.8978591], [-122.55427247, 37.89785905], [-122.55427263, 37.89783201], [-122.55426126, 37.89783197], [-122.55426131, 37.89782296], [-122.55424994, 37.89782291], [-122.55424999, 37.8978139], [-122.55423862, 37.89781386], [-122.55423867, 37.89780485], [-122.5542273, 37.8978048], [-122.55422735, 37.89779579], [-122.55421598, 37.89779575], [-122.55421603, 37.89778673], [-122.55418191, 37.89778661], [-122.55418197, 37.89777759], [-122.55411372, 37.89777733], [-122.55411367, 37.89778635], [-122.55407955, 37.89778622], [-122.55407949, 37.89779523], [-122.55401125, 37.89779497], [-122.5540112, 37.89780398], [-122.55394295, 37.89780373], [-122.5539429, 37.89781274], [-122.55392015, 37.89781265], [-122.5539201, 37.89782167], [-122.55389735, 37.89782158], [-122.5538973, 37.89783059], [-122.55386318, 37.89783046], [-122.55386312, 37.89783948], [-122.55384037, 37.89783939], [-122.55384032, 37.8978484], [-122.55382895, 37.89784836], [-122.55382889, 37.89785737], [-122.55381752, 37.89785733], [-122.55381746, 37.89786634], [-122.55380609, 37.8978663], [-122.55380603, 37.89787531], [-122.55379466, 37.89787527], [-122.55379461, 37.89788428], [-122.55378323, 37.89788424], [-122.55378318, 37.89789325], [-122.5537718, 37.89789321], [-122.55377175, 37.89790222], [-122.55376038, 37.89790218], [-122.55376032, 37.89791119], [-122.55374895, 37.89791115], [-122.55374889, 37.89792016], [-122.55373752, 37.89792012], [-122.55373747, 37.89792913], [-122.55372609, 37.89792909], [-122.55372604, 37.8979381], [-122.55371466, 37.89793806], [-122.55371461, 37.89794707], [-122.55370324, 37.89794703], [-122.55370318, 37.89795604], [-122.55368043, 37.89795595], [-122.55368038, 37.89796496], [-122.55365763, 37.89796488], [-122.55365758, 37.89797389], [-122.55360071, 37.89797368], [-122.55360065, 37.89798269], [-122.55353241, 37.89798243], [-122.55353247, 37.89797342], [-122.55348697, 37.89797324], [-122.55348702, 37.89796423], [-122.5534529, 37.8979641], [-122.55345296, 37.89795509], [-122.55341884, 37.89795496], [-122.55341889, 37.89794595], [-122.55335065, 37.89794569], [-122.5533507, 37.89793667], [-122.55324834, 37.89793629], [-122.55324839, 37.89792727], [-122.5532029, 37.8979271], [-122.55320295, 37.89791809], [-122.55316883, 37.89791796], [-122.55316889, 37.89790895], [-122.55315751, 37.8979089], [-122.55315757, 37.89789989], [-122.55314619, 37.89789985], [-122.55314625, 37.89789083], [-122.55313487, 37.89789079], [-122.55313498, 37.89787277], [-122.55312361, 37.89787272], [-122.55312377, 37.89784568], [-122.5531124, 37.89784564], [-122.55311267, 37.89780058], [-122.5531013, 37.89780053], [-122.55310157, 37.89775547], [-122.5530902, 37.89775543], [-122.55309041, 37.89771938], [-122.55307904, 37.89771933], [-122.55307909, 37.89771032], [-122.55306772, 37.89771028], [-122.55306783, 37.89769225], [-122.55305646, 37.89769221], [-122.55305657, 37.89767418], [-122.55304519, 37.89767414], [-122.55304525, 37.89766513], [-122.55303387, 37.89766508], [-122.55303398, 37.89764706], [-122.55302261, 37.89764701], [-122.55302266, 37.897638], [-122.55301129, 37.89763796], [-122.55301134, 37.89762895], [-122.55299997, 37.8976289], [-122.55300002, 37.89761989], [-122.55298865, 37.89761985], [-122.5529887, 37.89761083], [-122.55296596, 37.89761075], [-122.55296601, 37.89760173], [-122.55293189, 37.8976016], [-122.55293194, 37.89759259], [-122.55288645, 37.89759242], [-122.5528865, 37.89758341], [-122.55286376, 37.89758332], [-122.5528637, 37.89759233], [-122.55281821, 37.89759216], [-122.55281815, 37.89760117], [-122.55263617, 37.89760048], [-122.55263623, 37.89759147], [-122.55259073, 37.8975913], [-122.55259079, 37.89758228], [-122.55255667, 37.89758215], [-122.55255672, 37.89757314], [-122.55253397, 37.89757305], [-122.55253403, 37.89756404], [-122.55252265, 37.897564], [-122.55252276, 37.89754597], [-122.55251139, 37.89754593], [-122.55251144, 37.89753692], [-122.55250007, 37.89753687], [-122.55250029, 37.89750082], [-122.55248892, 37.89750078], [-122.55248913, 37.89746473], [-122.55250051, 37.89746477], [-122.55250067, 37.89743773], [-122.55251204, 37.89743778], [-122.55251221, 37.89741074], [-122.55252358, 37.89741078], [-122.5525238, 37.89737473], [-122.55253517, 37.89737477], [-122.55253523, 37.89736576], [-122.5525466, 37.8973658], [-122.55254671, 37.89734778], [-122.55255808, 37.89734782], [-122.55255819, 37.89732979], [-122.55256957, 37.89732984], [-122.55256968, 37.89731181], [-122.55258105, 37.89731186], [-122.55258127, 37.8972758], [-122.55259264, 37.89727585], [-122.55259281, 37.89724881], [-122.55260418, 37.89724885], [-122.55260423, 37.89723984], [-122.55261561, 37.89723988], [-122.55261572, 37.89722186], [-122.55262709, 37.8972219], [-122.55262715, 37.89721289], [-122.55263852, 37.89721293], [-122.55263857, 37.89720392], [-122.55264995, 37.89720396], [-122.55265, 37.89719495], [-122.55266138, 37.89719499], [-122.55266143, 37.89718598], [-122.5526728, 37.89718602], [-122.55267286, 37.89717701], [-122.55268423, 37.89717705], [-122.55268429, 37.89716804], [-122.55270703, 37.89716813], [-122.55270709, 37.89715911], [-122.55271846, 37.89715916], [-122.55271852, 37.89715014], [-122.55272989, 37.89715019], [-122.55272994, 37.89714117], [-122.55275269, 37.89714126], [-122.55275275, 37.89713225], [-122.55276412, 37.89713229], [-122.55276417, 37.89712328], [-122.55277555, 37.89712332], [-122.5527756, 37.89711431], [-122.55279835, 37.8971144], [-122.5527984, 37.89710538], [-122.55280978, 37.89710543], [-122.55280983, 37.89709641], [-122.55282121, 37.89709646], [-122.55282126, 37.89708744], [-122.55283263, 37.89708749], [-122.55283269, 37.89707847], [-122.55284406, 37.89707852], [-122.55284412, 37.8970695], [-122.55285549, 37.89706955], [-122.55285555, 37.89706053], [-122.55286692, 37.89706058], [-122.55286697, 37.89705157], [-122.55287835, 37.89705161], [-122.5528784, 37.8970426], [-122.55288978, 37.89704264], [-122.55288983, 37.89703363], [-122.55291258, 37.89703371], [-122.55291263, 37.8970247], [-122.55292401, 37.89702474], [-122.55292406, 37.89701573], [-122.55294681, 37.89701582], [-122.55294686, 37.8970068], [-122.55295824, 37.89700685], [-122.55295829, 37.89699783], [-122.55298104, 37.89699792], [-122.55298109, 37.89698891], [-122.55299247, 37.89698895], [-122.55299252, 37.89697994], [-122.55302664, 37.89698007], [-122.55302669, 37.89697106], [-122.55304944, 37.89697114], [-122.5530495, 37.89696213], [-122.55309499, 37.8969623], [-122.55309505, 37.89695329], [-122.55314054, 37.89695346], [-122.55314059, 37.89694445], [-122.55325433, 37.89694488], [-122.55325439, 37.89693587], [-122.55329988, 37.89693604], [-122.55329993, 37.89692703], [-122.55332268, 37.89692711], [-122.55332274, 37.8969181], [-122.55334548, 37.89691819], [-122.55334554, 37.89690917], [-122.55336829, 37.89690926], [-122.55336834, 37.89690025], [-122.55339109, 37.89690033], [-122.55339114, 37.89689132], [-122.55340251, 37.89689136], [-122.55340257, 37.89688235], [-122.55342532, 37.89688244], [-122.55342537, 37.89687343], [-122.55344812, 37.89687351], [-122.55344817, 37.8968645], [-122.55347092, 37.89686459], [-122.55347103, 37.89684656], [-122.5534824, 37.8968466], [-122.55348262, 37.89681055], [-122.55349399, 37.89681059], [-122.55349405, 37.89680158], [-122.55348267, 37.89680154], [-122.55348289, 37.89676549], [-122.55349427, 37.89676553], [-122.55349432, 37.89675652], [-122.55348295, 37.89675647], [-122.553483, 37.89674746], [-122.55346025, 37.89674738], [-122.5534602, 37.89675639], [-122.55343745, 37.8967563], [-122.5534374, 37.89676532], [-122.55340328, 37.89676519], [-122.55340322, 37.8967742], [-122.55333498, 37.89677394], [-122.55333504, 37.89676493], [-122.55331229, 37.89676484], [-122.55331234, 37.89675583], [-122.55330097, 37.89675578], [-122.55330102, 37.89674677], [-122.55328965, 37.89674673], [-122.5532897, 37.89673772], [-122.55327833, 37.89673767], [-122.55327849, 37.89671063], [-122.55326712, 37.89671059], [-122.55326734, 37.89667454], [-122.55325597, 37.8966745], [-122.55325624, 37.89662943], [-122.55324486, 37.89662939], [-122.55324508, 37.89659334], [-122.55323371, 37.8965933], [-122.55323382, 37.89657527], [-122.55322244, 37.89657523], [-122.55322255, 37.8965572], [-122.55319981, 37.89655711], [-122.55319986, 37.8965481], [-122.55317711, 37.89654802], [-122.55317717, 37.896539], [-122.55315442, 37.89653892], [-122.55315447, 37.8965299], [-122.55313173, 37.89652982], [-122.55313178, 37.8965208], [-122.55312041, 37.89652076], [-122.55312052, 37.89650274], [-122.55309777, 37.89650265], [-122.55309782, 37.89649364], [-122.55308645, 37.89649359], [-122.55308651, 37.89648458], [-122.55306376, 37.89648449], [-122.5530637, 37.89649351], [-122.55302958, 37.89649338], [-122.55302964, 37.89648436], [-122.55300689, 37.89648428], [-122.55300695, 37.89647527], [-122.55299557, 37.89647522], [-122.55299563, 37.89646621], [-122.55298425, 37.89646617], [-122.55298436, 37.89644814], [-122.55297299, 37.8964481], [-122.55297293, 37.89645711], [-122.55296156, 37.89645707], [-122.55296151, 37.89646608], [-122.55295013, 37.89646604], [-122.55295008, 37.89647505], [-122.5529387, 37.89647501], [-122.5529386, 37.89649303], [-122.55292722, 37.89649299], [-122.55292717, 37.896502], [-122.55290442, 37.89650192], [-122.55290437, 37.89651093], [-122.55285887, 37.89651076], [-122.55285882, 37.89651977], [-122.5528247, 37.89651964], [-122.55282464, 37.89652865], [-122.55279052, 37.89652852], [-122.55279047, 37.89653753], [-122.55276772, 37.89653745], [-122.55276766, 37.89654646], [-122.55275629, 37.89654642], [-122.55275624, 37.89655543], [-122.55274486, 37.89655539], [-122.55274481, 37.8965644], [-122.55273343, 37.89656436], [-122.55273338, 37.89657337], [-122.55272201, 37.89657333], [-122.55272195, 37.89658234], [-122.55271058, 37.8965823], [-122.55271052, 37.89659131], [-122.55269915, 37.89659127], [-122.5526991, 37.89660028], [-122.55268772, 37.89660023], [-122.55268767, 37.89660925], [-122.55267629, 37.8966092], [-122.55267624, 37.89661822], [-122.55266487, 37.89661817], [-122.55266481, 37.89662719], [-122.55264206, 37.8966271], [-122.55264201, 37.89663611], [-122.55263064, 37.89663607], [-122.55263058, 37.89664508], [-122.55260783, 37.896645], [-122.55260778, 37.89665401], [-122.55257366, 37.89665388], [-122.5525736, 37.89666289], [-122.55253948, 37.89666276], [-122.55253943, 37.89667178], [-122.55250531, 37.89667165], [-122.55250525, 37.89668066], [-122.55248251, 37.89668057], [-122.55248245, 37.89668958], [-122.55244833, 37.89668945], [-122.55244828, 37.89669847], [-122.5524369, 37.89669842], [-122.55243685, 37.89670744], [-122.5524141, 37.89670735], [-122.55241405, 37.89671636], [-122.55240267, 37.89671632], [-122.55240262, 37.89672533], [-122.55239125, 37.89672529], [-122.55239119, 37.8967343], [-122.55236844, 37.89673422], [-122.55236839, 37.89674323], [-122.55235702, 37.89674319], [-122.55235696, 37.8967522], [-122.55234559, 37.89675216], [-122.55234553, 37.89676117], [-122.55232279, 37.89676108], [-122.55232273, 37.89677009], [-122.55228861, 37.89676996], [-122.55228856, 37.89677898], [-122.55226581, 37.89677889], [-122.55226575, 37.8967879], [-122.55225438, 37.89678786], [-122.55225433, 37.89679687], [-122.55224295, 37.89679683], [-122.5522429, 37.89680584], [-122.55222015, 37.89680576], [-122.5522201, 37.89681477], [-122.55218597, 37.89681464], [-122.55218592, 37.89682365], [-122.55216317, 37.89682357], [-122.55216312, 37.89683258], [-122.55211762, 37.8968324], [-122.55211757, 37.89684142], [-122.55194697, 37.89684077], [-122.55194702, 37.89683176], [-122.55192427, 37.89683167], [-122.55192433, 37.89682266], [-122.55190158, 37.89682257], [-122.55190163, 37.89681356], [-122.55187889, 37.89681347], [-122.55187894, 37.89680446], [-122.55186757, 37.89680441], [-122.55186762, 37.8967954], [-122.55184488, 37.89679531], [-122.55184493, 37.8967863], [-122.55183356, 37.89678626], [-122.55183361, 37.89677725], [-122.55182224, 37.8967772], [-122.55182235, 37.89675918], [-122.55181097, 37.89675913], [-122.55181147, 37.89667802], [-122.55182284, 37.89667806], [-122.55182306, 37.89664201], [-122.55183443, 37.89664205], [-122.5518346, 37.89661502], [-122.55184597, 37.89661506], [-122.55184613, 37.89658802], [-122.55185751, 37.89658806], [-122.55185773, 37.89655201], [-122.5518691, 37.89655206], [-122.55186926, 37.89652502], [-122.55188064, 37.89652506], [-122.55188075, 37.89650704], [-122.55189212, 37.89650708], [-122.55189299, 37.89636287], [-122.55187025, 37.89636279], [-122.5518703, 37.89635377], [-122.55185893, 37.89635373], [-122.55185898, 37.89634472], [-122.55184761, 37.89634468], [-122.55184766, 37.89633566], [-122.55183629, 37.89633562], [-122.55183634, 37.89632661], [-122.5518136, 37.89632652], [-122.55181365, 37.89631751], [-122.55173404, 37.8963172], [-122.55173409, 37.89630819], [-122.5516886, 37.89630802], [-122.55168865, 37.89629901], [-122.55166591, 37.89629892], [-122.55166585, 37.89630793], [-122.55151799, 37.89630737], [-122.55151805, 37.89629836], [-122.55144981, 37.8962981], [-122.55144986, 37.89628908], [-122.55135887, 37.89628874], [-122.55135882, 37.89629775], [-122.55133607, 37.89629766], [-122.55133602, 37.89630667], [-122.55123366, 37.89630628], [-122.55123371, 37.89629727], [-122.55121096, 37.89629719], [-122.55121102, 37.89628817], [-122.55118827, 37.89628809], [-122.55118833, 37.89627907], [-122.55116558, 37.89627899], [-122.55116563, 37.89626997], [-122.55113151, 37.89626984], [-122.55113157, 37.89626083], [-122.55109745, 37.8962607], [-122.5510975, 37.89625169], [-122.55106338, 37.89625156], [-122.55106344, 37.89624254], [-122.55102932, 37.89624241], [-122.55102937, 37.8962334], [-122.55099525, 37.89623327], [-122.55099531, 37.89622426], [-122.55097256, 37.89622417], [-122.55097261, 37.89621516], [-122.55094987, 37.89621507], [-122.55094992, 37.89620606], [-122.55092717, 37.89620597], [-122.55092723, 37.89619696], [-122.55091586, 37.89619692], [-122.55091591, 37.8961879], [-122.55089316, 37.89618782], [-122.55089322, 37.8961788], [-122.55087047, 37.89617872], [-122.55087053, 37.8961697], [-122.55084778, 37.89616962], [-122.55084783, 37.89616061], [-122.55082509, 37.89616052], [-122.55082514, 37.89615151], [-122.55081377, 37.89615146], [-122.55081382, 37.89614245], [-122.55079108, 37.89614236], [-122.55079113, 37.89613335], [-122.55076838, 37.89613326], [-122.55076844, 37.89612425], [-122.55074569, 37.89612416], [-122.55074575, 37.89611515], [-122.550723, 37.89611506], [-122.55072305, 37.89610605], [-122.55071168, 37.89610601], [-122.55071173, 37.89609699], [-122.55070036, 37.89609695], [-122.55070042, 37.89608794], [-122.55068904, 37.8960879], [-122.5506891, 37.89607888], [-122.55067772, 37.89607884], [-122.55067778, 37.89606983], [-122.55065503, 37.89606974], [-122.55065509, 37.89606073], [-122.55064371, 37.89606068], [-122.55064377, 37.89605167], [-122.55062102, 37.89605158], [-122.55062108, 37.89604257], [-122.5506097, 37.89604253], [-122.55060976, 37.89603351], [-122.55059838, 37.89603347], [-122.55059844, 37.89602446], [-122.55058706, 37.89602441], [-122.55058712, 37.8960154], [-122.55057575, 37.89601536], [-122.55057586, 37.89599733], [-122.55056448, 37.89599729], [-122.55056465, 37.89597025], [-122.55055327, 37.89597021], [-122.55055333, 37.8959612], [-122.55054195, 37.89596115], [-122.55054206, 37.89594313], [-122.55053069, 37.89594308], [-122.5505308, 37.89592506], [-122.55051943, 37.89592501], [-122.55051948, 37.895916], [-122.55050811, 37.89591596], [-122.55050822, 37.89589793], [-122.55049684, 37.89589789], [-122.5504969, 37.89588888], [-122.55048553, 37.89588883], [-122.55048558, 37.89587982], [-122.55047421, 37.89587978], [-122.55047432, 37.89586175], [-122.55046294, 37.89586171], [-122.550463, 37.89585269], [-122.55045162, 37.89585265], [-122.55045168, 37.89584364], [-122.55044031, 37.89584359], [-122.55044036, 37.89583458], [-122.55042899, 37.89583454], [-122.55042904, 37.89582553], [-122.55041767, 37.89582548], [-122.55041772, 37.89581647], [-122.55039498, 37.89581638], [-122.55039503, 37.89580737], [-122.55036091, 37.89580724], [-122.55036097, 37.89579823], [-122.55031547, 37.89579805], [-122.55031553, 37.89578904], [-122.55025866, 37.89578882], [-122.55025871, 37.89577981], [-122.55019047, 37.89577955], [-122.55019053, 37.89577054], [-122.55014503, 37.89577036], [-122.55014509, 37.89576135], [-122.55012234, 37.89576126], [-122.5501224, 37.89575225], [-122.55009965, 37.89575216], [-122.55009971, 37.89574315], [-122.55007696, 37.89574306], [-122.55007701, 37.89573405], [-122.55006564, 37.89573401], [-122.5500657, 37.89572499], [-122.55005432, 37.89572495], [-122.55005438, 37.89571594], [-122.550043, 37.89571589], [-122.55004306, 37.89570688], [-122.55003168, 37.89570684], [-122.55003174, 37.89569783], [-122.55000899, 37.89569774], [-122.55000905, 37.89568873], [-122.54999767, 37.89568868], [-122.54999773, 37.89567967], [-122.54997498, 37.89567958], [-122.54997504, 37.89567057], [-122.54996366, 37.89567053], [-122.54996372, 37.89566151], [-122.54995235, 37.89566147], [-122.5499524, 37.89565246], [-122.54992965, 37.89565237], [-122.54992971, 37.89564336], [-122.54991833, 37.89564331], [-122.54991839, 37.8956343], [-122.54990702, 37.89563426], [-122.54990707, 37.89562525], [-122.54988432, 37.89562516], [-122.54988438, 37.89561615], [-122.54987301, 37.8956161], [-122.54987306, 37.89560709], [-122.54986169, 37.89560705], [-122.54986174, 37.89559803], [-122.54985037, 37.89559799], [-122.54985042, 37.89558898], [-122.54983905, 37.89558893], [-122.5498391, 37.89557992], [-122.54982773, 37.89557988], [-122.54982779, 37.89557086], [-122.54981641, 37.89557082], [-122.54981647, 37.89556181], [-122.54980509, 37.89556176], [-122.54980515, 37.89555275], [-122.54979378, 37.89555271], [-122.54979383, 37.8955437], [-122.54978246, 37.89554365], [-122.54978251, 37.89553464], [-122.54977114, 37.8955346], [-122.54977119, 37.89552558], [-122.54975982, 37.89552554], [-122.54975988, 37.89551653], [-122.5497485, 37.89551648], [-122.54974861, 37.89549846], [-122.54973724, 37.89549841], [-122.54973729, 37.8954894], [-122.54972592, 37.89548936], [-122.54972597, 37.89548034], [-122.5497146, 37.8954803], [-122.54971466, 37.89547129], [-122.54970328, 37.89547124], [-122.54970334, 37.89546223], [-122.54968059, 37.89546215], [-122.5496807, 37.89544412], [-122.54966933, 37.89544408], [-122.54966938, 37.89543506], [-122.54965801, 37.89543502], [-122.54965806, 37.89542601], [-122.54964669, 37.89542596], [-122.54964675, 37.89541695], [-122.54963537, 37.89541691], [-122.54963543, 37.89540789], [-122.54962405, 37.89540785], [-122.54962416, 37.89538983], [-122.54961279, 37.89538978], [-122.54961284, 37.89538077], [-122.54960147, 37.89538073], [-122.54960158, 37.8953627], [-122.54959021, 37.89536266], [-122.54959026, 37.89535364], [-122.54957889, 37.8953536], [-122.549579, 37.89533557], [-122.54956763, 37.89533553], [-122.54956774, 37.89531751], [-122.54955636, 37.89531746], [-122.54955647, 37.89529944], [-122.5495451, 37.89529939], [-122.54954515, 37.89529038], [-122.54953378, 37.89529034], [-122.54953389, 37.89527231], [-122.54952252, 37.89527227], [-122.54952257, 37.89526325], [-122.5495112, 37.89526321], [-122.54951147, 37.89521815], [-122.5495001, 37.8952181], [-122.54950032, 37.89518205], [-122.54948895, 37.89518201], [-122.54948906, 37.89516398], [-122.54947768, 37.89516394], [-122.5494779, 37.89512789], [-122.54948928, 37.89512793], [-122.54948944, 37.89510089], [-122.54947807, 37.89510085], [-122.54947829, 37.8950648], [-122.54948966, 37.89506484], [-122.54948977, 37.89504682], [-122.54951252, 37.8950469], [-122.54951257, 37.89503789], [-122.54953532, 37.89503798], [-122.54953537, 37.89502897], [-122.54958087, 37.89502914], [-122.54958092, 37.89502013], [-122.54960367, 37.89502021], [-122.54960372, 37.8950112], [-122.54962647, 37.89501129], [-122.54962652, 37.89500228], [-122.54967202, 37.89500245], [-122.54967207, 37.89499344], [-122.54971757, 37.89499361], [-122.54971762, 37.8949846], [-122.5498541, 37.89498512], [-122.54985405, 37.89499413], [-122.55008151, 37.894995], [-122.55008157, 37.89498599], [-122.55011569, 37.89498612], [-122.55011574, 37.89497711], [-122.55014986, 37.89497724], [-122.55014992, 37.89496823], [-122.55018404, 37.89496836], [-122.55018409, 37.89495934], [-122.55021821, 37.89495947], [-122.55021827, 37.89495046], [-122.55024101, 37.89495055], [-122.55024107, 37.89494153], [-122.55026381, 37.89494162], [-122.55026387, 37.89493261], [-122.55028662, 37.8949327], [-122.55028667, 37.89492368], [-122.55030942, 37.89492377], [-122.55030947, 37.89491476], [-122.55037771, 37.89491502], [-122.55037777, 37.894906], [-122.55043463, 37.89490622], [-122.55043469, 37.89489721], [-122.55044606, 37.89489725], [-122.55044612, 37.89488824], [-122.55042337, 37.89488815], [-122.55042342, 37.89487914], [-122.55041205, 37.8948791], [-122.55041211, 37.89487008], [-122.55040073, 37.89487004], [-122.55040084, 37.89485201], [-122.55038947, 37.89485197], [-122.55038958, 37.89483395], [-122.55037821, 37.8948339], [-122.55037842, 37.89479785], [-122.55036705, 37.89479781], [-122.55036711, 37.8947888], [-122.55035573, 37.89478875], [-122.55035584, 37.89477073], [-122.55034447, 37.89477068], [-122.55034452, 37.89476167], [-122.55033315, 37.89476163], [-122.55033326, 37.8947436], [-122.55032189, 37.89474356], [-122.55032194, 37.89473454], [-122.55031057, 37.8947345], [-122.55031062, 37.89472549], [-122.55028788, 37.8947254], [-122.55028793, 37.89471639], [-122.55027656, 37.89471635], [-122.55027661, 37.89470733], [-122.55026524, 37.89470729], [-122.55026529, 37.89469828], [-122.55025392, 37.89469823], [-122.55025409, 37.89467119], [-122.55024271, 37.89467115], [-122.55024277, 37.89466214], [-122.55023139, 37.89466209], [-122.55023145, 37.89465308], [-122.55022008, 37.89465304], [-122.55022013, 37.89464403], [-122.55020876, 37.89464398], [-122.55020881, 37.89463497], [-122.55019744, 37.89463493], [-122.55019749, 37.89462591], [-122.55018612, 37.89462587], [-122.55018623, 37.89460784], [-122.55017486, 37.8946078], [-122.55017491, 37.89459879], [-122.55016354, 37.89459874], [-122.55016359, 37.89458973], [-122.55015222, 37.89458969], [-122.55015228, 37.89458068], [-122.5501409, 37.89458063], [-122.55014096, 37.89457162], [-122.55012958, 37.89457158], [-122.55012964, 37.89456256], [-122.55011826, 37.89456252], [-122.55011832, 37.89455351], [-122.55010695, 37.89455346], [-122.550107, 37.89454445], [-122.55009563, 37.89454441], [-122.55009568, 37.89453539], [-122.55008431, 37.89453535], [-122.55008436, 37.89452634], [-122.55007299, 37.89452629], [-122.5500731, 37.89450827], [-122.55006173, 37.89450823], [-122.55006178, 37.89449921], [-122.55005041, 37.89449917], [-122.55005052, 37.89448114], [-122.55003915, 37.8944811], [-122.55003931, 37.89445406], [-122.55002794, 37.89445402], [-122.55002832, 37.89439093], [-122.55001695, 37.89439089], [-122.55001761, 37.89428273], [-122.55002898, 37.89428278], [-122.55002942, 37.89421067], [-122.55004079, 37.89421072], [-122.55004112, 37.89415664], [-122.55005249, 37.89415668], [-122.55005271, 37.89412063], [-122.55004134, 37.89412059], [-122.5500415, 37.89409355], [-122.55003013, 37.89409351], [-122.5500303, 37.89406647], [-122.55001892, 37.89406643], [-122.55001909, 37.89403939], [-122.55000771, 37.89403934], [-122.55000793, 37.89400329], [-122.55001931, 37.89400334], [-122.55001942, 37.89398531], [-122.55000804, 37.89398527], [-122.55000821, 37.89395823], [-122.54997409, 37.8939581], [-122.54997414, 37.89394908], [-122.5499514, 37.893949], [-122.54995145, 37.89393999], [-122.54994008, 37.89393994], [-122.54994013, 37.89393093], [-122.54992876, 37.89393089], [-122.54992882, 37.89392187], [-122.54991744, 37.89392183], [-122.5499175, 37.89391282], [-122.54990612, 37.89391277], [-122.54990618, 37.89390376], [-122.54989481, 37.89390372], [-122.54989486, 37.8938947], [-122.54988349, 37.89389466], [-122.54988354, 37.89388565], [-122.54987217, 37.8938856], [-122.54987228, 37.89386758], [-122.54986091, 37.89386754], [-122.54986102, 37.89384951], [-122.54984964, 37.89384947], [-122.5498497, 37.89384045], [-122.54983832, 37.89384041], [-122.54983843, 37.89382238], [-122.54982706, 37.89382234], [-122.54982717, 37.89380432], [-122.54979305, 37.89380418], [-122.549793, 37.8938132], [-122.54978162, 37.89381315], [-122.54978151, 37.89383118], [-122.54977014, 37.89383114], [-122.54977009, 37.89384015], [-122.54975871, 37.89384011], [-122.5497586, 37.89385813], [-122.54974723, 37.89385809], [-122.54974712, 37.89387611], [-122.54972437, 37.89387603], [-122.54972432, 37.89388504], [-122.54970157, 37.89388495], [-122.54970152, 37.89389396], [-122.5496674, 37.89389383], [-122.54966734, 37.89390285], [-122.54958773, 37.89390254], [-122.54958768, 37.89391155], [-122.54940571, 37.89391086], [-122.54940576, 37.89390185], [-122.54937164, 37.89390172], [-122.5493717, 37.8938927], [-122.54933758, 37.89389257], [-122.54933763, 37.89388356], [-122.5492239, 37.89388312], [-122.54922385, 37.89389214], [-122.54917835, 37.89389196], [-122.5491783, 37.89390097], [-122.54915555, 37.89390089], [-122.5491555, 37.8939099], [-122.54912138, 37.89390977], [-122.54912132, 37.89391878], [-122.54906446, 37.89391856], [-122.5490644, 37.89392758], [-122.54896204, 37.89392719], [-122.5489621, 37.89391817], [-122.54891661, 37.893918], [-122.54891666, 37.89390899], [-122.54889391, 37.8939089], [-122.54889397, 37.89389989], [-122.54887122, 37.8938998], [-122.54887128, 37.89389079], [-122.5488599, 37.89389074], [-122.54885996, 37.89388173], [-122.54884859, 37.89388169], [-122.5488487, 37.89386366], [-122.54883732, 37.89386362], [-122.54883738, 37.8938546], [-122.54882601, 37.89385456], [-122.54882612, 37.89383653], [-122.54881474, 37.89383649], [-122.5488148, 37.89382748], [-122.54880342, 37.89382743], [-122.54880353, 37.89380941], [-122.54879216, 37.89380937], [-122.54879238, 37.89377331], [-122.54878101, 37.89377327], [-122.54878117, 37.89374623], [-122.5487698, 37.89374619], [-122.54877013, 37.89369211], [-122.54875876, 37.89369207], [-122.54875903, 37.893647], [-122.54874766, 37.89364696], [-122.54874777, 37.89362894], [-122.5487364, 37.89362889], [-122.54873656, 37.89360185], [-122.54872519, 37.89360181], [-122.54872541, 37.89356576], [-122.54871403, 37.89356571], [-122.54871431, 37.89352065], [-122.54870294, 37.89352061], [-122.5487031, 37.89349357], [-122.54869173, 37.89349353], [-122.54869206, 37.89343945], [-122.54868069, 37.89343941], [-122.5486808, 37.89342138], [-122.54864668, 37.89342125], [-122.54864662, 37.89343026], [-122.54863525, 37.89343022], [-122.54863519, 37.89343923], [-122.54861245, 37.89343914], [-122.54861239, 37.89344816], [-122.54860102, 37.89344811], [-122.54860096, 37.89345713], [-122.54857822, 37.89345704], [-122.54857816, 37.89346605], [-122.54856679, 37.89346601], [-122.54856673, 37.89347502], [-122.54855536, 37.89347498], [-122.54855531, 37.89348399], [-122.54853256, 37.8934839], [-122.54853251, 37.89349291], [-122.54852113, 37.89349287], [-122.54852108, 37.89350188], [-122.5485097, 37.89350184], [-122.54850965, 37.89351085], [-122.54849828, 37.89351081], [-122.54849822, 37.89351982], [-122.54848685, 37.89351978], [-122.54848679, 37.89352879], [-122.54846405, 37.8935287], [-122.54846399, 37.89353772], [-122.54844125, 37.89353763], [-122.54844119, 37.89354664], [-122.54841844, 37.89354656], [-122.54841839, 37.89355557], [-122.54839564, 37.89355548], [-122.54839559, 37.89356449], [-122.54837284, 37.89356441], [-122.54837279, 37.89357342], [-122.54835004, 37.89357333], [-122.54834999, 37.89358234], [-122.54831587, 37.89358221], [-122.54831581, 37.89359123], [-122.54817933, 37.8935907], [-122.54817939, 37.89358169], [-122.54815664, 37.8935816], [-122.5481567, 37.89357259], [-122.54813395, 37.8935725], [-122.54813401, 37.89356349], [-122.54811126, 37.8935634], [-122.54811132, 37.89355439], [-122.54808857, 37.8935543], [-122.54808862, 37.89354529], [-122.54807725, 37.89354525], [-122.54807731, 37.89353623], [-122.54806593, 37.89353619], [-122.54806599, 37.89352718], [-122.54805462, 37.89352713], [-122.54805467, 37.89351812], [-122.5480433, 37.89351808], [-122.54804341, 37.89350005], [-122.54803203, 37.89350001], [-122.54803209, 37.89349099], [-122.54802072, 37.89349095], [-122.54802077, 37.89348194], [-122.5480094, 37.89348189], [-122.54800945, 37.89347288], [-122.54799808, 37.89347284], [-122.54799814, 37.89346383], [-122.54798676, 37.89346378], [-122.54798687, 37.89344576], [-122.5479755, 37.89344571], [-122.54797555, 37.8934367], [-122.54796418, 37.89343666], [-122.54796424, 37.89342764], [-122.54795286, 37.8934276], [-122.54795292, 37.89341859], [-122.54794155, 37.89341854], [-122.54794166, 37.89340052], [-122.54793028, 37.89340047], [-122.54793034, 37.89339146], [-122.54791896, 37.89339142], [-122.54791902, 37.8933824], [-122.54790765, 37.89338236], [-122.54790776, 37.89336434], [-122.54789638, 37.89336429], [-122.54789649, 37.89334627], [-122.54788512, 37.89334622], [-122.54788523, 37.8933282], [-122.54787386, 37.89332815], [-122.54787397, 37.89331013], [-122.5478626, 37.89331008], [-122.54786271, 37.89329206], [-122.54785133, 37.89329201], [-122.54785139, 37.893283], [-122.54784001, 37.89328296], [-122.54784007, 37.89327395], [-122.54780595, 37.89327381], [-122.5478059, 37.89328283], [-122.54777178, 37.8932827], [-122.54777172, 37.89329171], [-122.54774898, 37.89329162], [-122.54774892, 37.89330063], [-122.54772617, 37.89330055], [-122.54772612, 37.89330956], [-122.54771475, 37.89330952], [-122.54771469, 37.89331853], [-122.54768057, 37.8933184], [-122.54768052, 37.89332741], [-122.5476464, 37.89332728], [-122.54764634, 37.89333629], [-122.54752124, 37.89333581], [-122.54752129, 37.8933268], [-122.54749855, 37.89332671], [-122.5474986, 37.8933177], [-122.54747586, 37.89331761], [-122.54747591, 37.8933086], [-122.54745317, 37.89330851], [-122.54745322, 37.8932995], [-122.5474191, 37.89329937], [-122.54741916, 37.89329035], [-122.54740778, 37.89329031], [-122.54740784, 37.8932813], [-122.54738509, 37.89328121], [-122.54738515, 37.8932722], [-122.54737377, 37.89327215], [-122.54737383, 37.89326314], [-122.54736246, 37.8932631], [-122.54736251, 37.89325408], [-122.54735114, 37.89325404], [-122.54735119, 37.89324503], [-122.54733982, 37.89324498], [-122.54733988, 37.89323597], [-122.54731713, 37.89323588], [-122.54731719, 37.89322687], [-122.54729444, 37.89322678], [-122.54729455, 37.89320876], [-122.54728318, 37.89320871], [-122.54728323, 37.8931997], [-122.54727186, 37.89319966], [-122.54727191, 37.89319064], [-122.54726054, 37.8931906], [-122.54726065, 37.89317258], [-122.54724928, 37.89317253], [-122.54724944, 37.89314549], [-122.54723807, 37.89314545], [-122.54723813, 37.89313644], [-122.54722675, 37.89313639], [-122.54722692, 37.89310935], [-122.54721555, 37.89310931], [-122.54721566, 37.89309129], [-122.54720428, 37.89309124], [-122.5472045, 37.89305519], [-122.54719313, 37.89305515], [-122.54719319, 37.89304613], [-122.54718181, 37.89304609], [-122.54718198, 37.89301905], [-122.54717061, 37.89301901], [-122.54717105, 37.89294691], [-122.54715967, 37.89294686], [-122.54716006, 37.89288377], [-122.54714869, 37.89288373], [-122.54714907, 37.89282064], [-122.5471377, 37.8928206], [-122.54713831, 37.89272145], [-122.54714968, 37.8927215], [-122.54714979, 37.89270347], [-122.54716117, 37.89270352], [-122.54716133, 37.89267648], [-122.5471727, 37.89267652], [-122.54717276, 37.89266751], [-122.54718413, 37.89266755], [-122.54718424, 37.89264953], [-122.54719562, 37.89264957], [-122.54719567, 37.89264056], [-122.54720704, 37.8926406], [-122.5472071, 37.89263159], [-122.54721847, 37.89263163], [-122.54721853, 37.89262262], [-122.5472299, 37.89262266], [-122.54723001, 37.89260464], [-122.54724138, 37.89260468], [-122.54724144, 37.89259567], [-122.54725281, 37.89259571], [-122.54725287, 37.8925867], [-122.54726424, 37.89258674], [-122.54726429, 37.89257773], [-122.54727567, 37.89257778], [-122.54727572, 37.89256876], [-122.5472871, 37.89256881], [-122.54728715, 37.89255979], [-122.54729852, 37.89255984], [-122.54729858, 37.89255082], [-122.54732132, 37.89255091], [-122.54732138, 37.8925419], [-122.54733275, 37.89254194], [-122.54733286, 37.89252392], [-122.54735561, 37.892524], [-122.54735566, 37.89251499], [-122.54736704, 37.89251504], [-122.54736709, 37.89250602], [-122.54737847, 37.89250607], [-122.54737852, 37.89249705], [-122.54738989, 37.8924971], [-122.54738995, 37.89248808], [-122.54740132, 37.89248813], [-122.54740138, 37.89247912], [-122.54742412, 37.8924792], [-122.54742418, 37.89247019], [-122.54744692, 37.89247028], [-122.54744698, 37.89246127], [-122.54745835, 37.89246131], [-122.54745841, 37.8924523], [-122.54746978, 37.89245234], [-122.54746984, 37.89244333], [-122.54748121, 37.89244337], [-122.54748132, 37.89242535], [-122.54749269, 37.89242539], [-122.54749275, 37.89241638], [-122.54751549, 37.89241646], [-122.54751555, 37.89240745], [-122.54752692, 37.89240749], [-122.54752703, 37.89238947], [-122.5475384, 37.89238951], [-122.54753846, 37.8923805], [-122.54754983, 37.89238054], [-122.54754994, 37.89236252], [-122.54753857, 37.89236247], [-122.54753862, 37.89235346], [-122.54752725, 37.89235342], [-122.54752736, 37.89233539], [-122.54751599, 37.89233535], [-122.54751604, 37.89232634], [-122.54750467, 37.89232629], [-122.54750478, 37.89230827], [-122.54749341, 37.89230822], [-122.54749346, 37.89229921], [-122.54748209, 37.89229917], [-122.5474822, 37.89228114], [-122.54747083, 37.8922811], [-122.54747094, 37.89226307], [-122.54745957, 37.89226303], [-122.54745968, 37.892245], [-122.5474483, 37.89224496], [-122.54744841, 37.89222693], [-122.54743704, 37.89222689], [-122.54743715, 37.89220886], [-122.54742578, 37.89220882], [-122.54742611, 37.89215474], [-122.54741474, 37.8921547], [-122.54741485, 37.89213667], [-122.54740347, 37.89213663], [-122.54740386, 37.89207354], [-122.54741523, 37.89207358], [-122.5474154, 37.89204655], [-122.54742677, 37.89204659], [-122.54742683, 37.89203758], [-122.5474382, 37.89203762], [-122.54743831, 37.8920196], [-122.54744968, 37.89201964], [-122.54744974, 37.89201063], [-122.54746111, 37.89201067], [-122.54746117, 37.89200166], [-122.54747254, 37.8920017], [-122.54747281, 37.89195664], [-122.54748419, 37.89195668], [-122.5474843, 37.89193865], [-122.54749567, 37.8919387], [-122.54749573, 37.89192969], [-122.5475071, 37.89192973], [-122.54750721, 37.8919117], [-122.54751858, 37.89191175], [-122.54751864, 37.89190273], [-122.54753001, 37.89190278], [-122.54753006, 37.89189377], [-122.54754144, 37.89189381], [-122.54754149, 37.8918848], [-122.54755287, 37.89188484], [-122.54755292, 37.89187583], [-122.54756429, 37.89187587], [-122.54756435, 37.89186686], [-122.54757572, 37.8918669], [-122.54757578, 37.89185789], [-122.54758715, 37.89185793], [-122.5475872, 37.89184892], [-122.54759858, 37.89184896], [-122.54759863, 37.89183995], [-122.54758726, 37.89183991], [-122.54758737, 37.89182188], [-122.54759874, 37.89182193], [-122.5475988, 37.89181291], [-122.54761017, 37.89181296], [-122.54761023, 37.89180394], [-122.54763297, 37.89180403], [-122.54763303, 37.89179502], [-122.54765577, 37.89179511], [-122.54765583, 37.89178609], [-122.5476672, 37.89178614], [-122.54766726, 37.89177712], [-122.54767863, 37.89177717], [-122.54767879, 37.89175013], [-122.54770154, 37.89175022], [-122.54770159, 37.8917412], [-122.54773571, 37.89174134], [-122.54773566, 37.89175035], [-122.5477584, 37.89175044], [-122.54775835, 37.89175945], [-122.54776972, 37.89175949], [-122.54776967, 37.8917685], [-122.54781516, 37.89176868], [-122.54781521, 37.89175967], [-122.54789482, 37.89175997], [-122.54789493, 37.89174195], [-122.54790631, 37.89174199], [-122.54790642, 37.89172396], [-122.54791779, 37.89172401], [-122.5479179, 37.89170598], [-122.54792927, 37.89170603], [-122.54792955, 37.89166096], [-122.54791817, 37.89166092], [-122.54791867, 37.8915798], [-122.54793004, 37.89157985], [-122.5479301, 37.89157083], [-122.54794147, 37.89157088], [-122.54794164, 37.89154384], [-122.54795301, 37.89154388], [-122.54795328, 37.89149882], [-122.54796466, 37.89149886], [-122.54796482, 37.89147183], [-122.5479762, 37.89147187], [-122.54797631, 37.89145384], [-122.54798768, 37.89145389], [-122.54798784, 37.89142685], [-122.54799922, 37.89142689], [-122.54799933, 37.89140887], [-122.5480107, 37.89140891], [-122.54801081, 37.89139088], [-122.54802218, 37.89139093], [-122.54802229, 37.8913729], [-122.54803367, 37.89137295], [-122.54803372, 37.89136393], [-122.54804509, 37.89136398], [-122.5480452, 37.89134595], [-122.54805658, 37.891346], [-122.54805663, 37.89133698], [-122.548068, 37.89133703], [-122.54806806, 37.89132801], [-122.54807943, 37.89132806], [-122.54807949, 37.89131904], [-122.54809086, 37.89131909], [-122.54809091, 37.89131008], [-122.54813641, 37.89131025], [-122.54813646, 37.89130124], [-122.54814783, 37.89130128], [-122.54814789, 37.89129227], [-122.54817063, 37.89129236], [-122.54817069, 37.89128334], [-122.54818206, 37.89128339], [-122.54818212, 37.89127437], [-122.54819349, 37.89127442], [-122.54819371, 37.89123837], [-122.54820508, 37.89123841], [-122.54820514, 37.8912294], [-122.54821651, 37.89122944], [-122.54821657, 37.89122043], [-122.54822794, 37.89122047], [-122.54822799, 37.89121146], [-122.54823937, 37.8912115], [-122.54823942, 37.89120249], [-122.54825079, 37.89120253], [-122.54825085, 37.89119352], [-122.54826222, 37.89119356], [-122.54826228, 37.89118455], [-122.54827365, 37.89118459], [-122.54827376, 37.89116657], [-122.54829651, 37.89116666], [-122.54829656, 37.89115764], [-122.54830793, 37.89115769], [-122.54830799, 37.89114867], [-122.54831936, 37.89114872], [-122.54831947, 37.89113069], [-122.54833084, 37.89113074], [-122.5483309, 37.89112172], [-122.54834227, 37.89112177], [-122.54834238, 37.89110374], [-122.54835375, 37.89110379], [-122.54835381, 37.89109477], [-122.54836518, 37.89109482], [-122.54836524, 37.8910858], [-122.54837661, 37.89108585], [-122.54837666, 37.89107683], [-122.54838804, 37.89107688], [-122.54838809, 37.89106787], [-122.54839947, 37.89106791], [-122.54839952, 37.8910589], [-122.54842227, 37.89105898], [-122.54842232, 37.89104997], [-122.54843369, 37.89105001], [-122.54843375, 37.891041], [-122.54844512, 37.89104104], [-122.54844523, 37.89102302], [-122.5484566, 37.89102306], [-122.5484571, 37.89094195], [-122.54846847, 37.89094199], [-122.54846853, 37.89093298], [-122.5484799, 37.89093302], [-122.54847996, 37.89092401], [-122.54849133, 37.89092405], [-122.54849144, 37.89090603], [-122.54850281, 37.89090607], [-122.54850292, 37.89088805], [-122.54851429, 37.89088809], [-122.54851435, 37.89087908], [-122.54852572, 37.89087912], [-122.54852616, 37.89080702], [-122.54853753, 37.89080706], [-122.54853759, 37.89079805], [-122.54854896, 37.89079809], [-122.54854902, 37.89078908], [-122.54856039, 37.89078912], [-122.5485605, 37.8907711], [-122.54858324, 37.89077118], [-122.5485833, 37.89076217], [-122.54853781, 37.890762], [-122.54853775, 37.89077101], [-122.54850364, 37.89077088], [-122.54850358, 37.89077989], [-122.54849221, 37.89077985], [-122.54849215, 37.89078886], [-122.54846941, 37.89078877], [-122.54846935, 37.89079779], [-122.54844661, 37.8907977], [-122.54844655, 37.89080671], [-122.54841243, 37.89080658], [-122.54841238, 37.89081559], [-122.54838963, 37.89081551], [-122.54838958, 37.89082452], [-122.54836683, 37.89082443], [-122.54836678, 37.89083345], [-122.54834403, 37.89083336], [-122.54834398, 37.89084237], [-122.54833261, 37.89084233], [-122.54833255, 37.89085134], [-122.54828706, 37.89085117], [-122.54828711, 37.89084215], [-122.54827574, 37.89084211], [-122.54827569, 37.89085112], [-122.5482302, 37.89085095], [-122.54823014, 37.89085996], [-122.5482074, 37.89085987], [-122.54820734, 37.89086889], [-122.54817322, 37.89086875], [-122.54817317, 37.89087777], [-122.5481163, 37.89087755], [-122.54811625, 37.89088656], [-122.54805939, 37.89088634], [-122.54805944, 37.89087733], [-122.5480367, 37.89087724], [-122.54803675, 37.89086823], [-122.54801401, 37.89086814], [-122.54801406, 37.89085913], [-122.54800269, 37.89085909], [-122.54800296, 37.89081402], [-122.54799159, 37.89081398], [-122.54799165, 37.89080497], [-122.54788929, 37.89080457], [-122.54788935, 37.89079556], [-122.54785523, 37.89079543], [-122.54785528, 37.89078642], [-122.54784391, 37.89078637], [-122.54784397, 37.89077736], [-122.54779848, 37.89077719], [-122.54779853, 37.89076817], [-122.54778716, 37.89076813], [-122.5477871, 37.89077714], [-122.54774161, 37.89077697], [-122.54774156, 37.89078598], [-122.54771881, 37.89078589], [-122.54771876, 37.89079491], [-122.54770738, 37.89079486], [-122.54770733, 37.89080387], [-122.54767321, 37.89080374], [-122.54767316, 37.89081276], [-122.54766178, 37.89081271], [-122.54766173, 37.89082173], [-122.54765036, 37.89082168], [-122.5476503, 37.89083069], [-122.54762755, 37.89083061], [-122.5476275, 37.89083962], [-122.54761613, 37.89083958], [-122.54761607, 37.89084859], [-122.5476047, 37.89084855], [-122.54760464, 37.89085756], [-122.54759327, 37.89085751], [-122.54759316, 37.89087554], [-122.54758179, 37.8908755], [-122.54758173, 37.89088451], [-122.54757036, 37.89088447], [-122.54757025, 37.89090249], [-122.54755888, 37.89090245], [-122.54755882, 37.89091146], [-122.54753608, 37.89091137], [-122.54753602, 37.89092039], [-122.54752465, 37.89092034], [-122.54752454, 37.89093837], [-122.54750179, 37.89093828], [-122.54750174, 37.89094729], [-122.54749037, 37.89094725], [-122.54749031, 37.89095626], [-122.54747894, 37.89095622], [-122.54747883, 37.89097424], [-122.54746745, 37.8909742], [-122.5474674, 37.89098321], [-122.54745603, 37.89098317], [-122.54745597, 37.89099218], [-122.5474446, 37.89099214], [-122.54744454, 37.89100115], [-122.54741043, 37.89100102], [-122.54741037, 37.89101003], [-122.54719429, 37.8910092], [-122.54719423, 37.89101821], [-122.54716012, 37.89101808], [-122.54716006, 37.8910271], [-122.54713732, 37.89102701], [-122.54713726, 37.89103602], [-122.54711451, 37.89103593], [-122.54711446, 37.89104495], [-122.54709171, 37.89104486], [-122.54709166, 37.89105387], [-122.54708029, 37.89105383], [-122.54708023, 37.89106284], [-122.54705749, 37.89106275], [-122.54705743, 37.89107177], [-122.54704606, 37.89107172], [-122.547046, 37.89108073], [-122.54703463, 37.89108069], [-122.54703457, 37.8910897], [-122.5470232, 37.89108966], [-122.54702315, 37.89109867], [-122.54701177, 37.89109863], [-122.54701172, 37.89110764], [-122.54700035, 37.8911076], [-122.54700029, 37.89111661], [-122.54698892, 37.89111657], [-122.54698886, 37.89112558], [-122.54696612, 37.89112549], [-122.54696606, 37.8911345], [-122.54695469, 37.89113446], [-122.54695463, 37.89114347], [-122.54694326, 37.89114343], [-122.54694321, 37.89115244], [-122.54693183, 37.8911524], [-122.54693178, 37.89116141], [-122.54692041, 37.89116137], [-122.54692035, 37.89117038], [-122.54690898, 37.89117034], [-122.54690892, 37.89117935], [-122.54688618, 37.89117926], [-122.54688612, 37.89118828], [-122.54682926, 37.89118806], [-122.54682931, 37.89117904], [-122.54680657, 37.89117896], [-122.54680662, 37.89116994], [-122.54678388, 37.89116986], [-122.54678393, 37.89116084], [-122.54677256, 37.8911608], [-122.54677262, 37.89115179], [-122.54676124, 37.89115174], [-122.5467613, 37.89114273], [-122.54673855, 37.89114264], [-122.54673861, 37.89113363], [-122.54672723, 37.89113359], [-122.54672729, 37.89112457], [-122.54671592, 37.89112453], [-122.54671597, 37.89111552], [-122.54672735, 37.89111556], [-122.54672773, 37.89105247], [-122.54671636, 37.89105243], [-122.54671664, 37.89100736], [-122.54670526, 37.89100732], [-122.54670537, 37.89098929], [-122.546694, 37.89098925], [-122.54669428, 37.89094419], [-122.5466829, 37.89094414], [-122.54668296, 37.89093513], [-122.54666021, 37.89093504], [-122.54666027, 37.89092603], [-122.54663752, 37.89092594], [-122.54663758, 37.89091693], [-122.54661483, 37.89091684], [-122.54661489, 37.89090783], [-122.54650116, 37.89090739], [-122.54650122, 37.89089838], [-122.54639886, 37.89089798], [-122.54639881, 37.890907], [-122.54638744, 37.89090695], [-122.54638727, 37.89093399], [-122.5463759, 37.89093395], [-122.54637568, 37.89097], [-122.5463643, 37.89096995], [-122.54636419, 37.89098798], [-122.54635282, 37.89098794], [-122.54635265, 37.89101497], [-122.54634128, 37.89101493], [-122.54634117, 37.89103296], [-122.5463298, 37.89103291], [-122.54632963, 37.89105995], [-122.54631826, 37.89105991], [-122.54631815, 37.89107793], [-122.54630678, 37.89107789], [-122.54630672, 37.8910869], [-122.54629535, 37.89108686], [-122.54629529, 37.89109587], [-122.54628392, 37.89109583], [-122.54628386, 37.89110484], [-122.54627249, 37.89110479], [-122.54627244, 37.89111381], [-122.54626106, 37.89111376], [-122.54626101, 37.89112278], [-122.54624964, 37.89112273], [-122.54624953, 37.89114076], [-122.54623815, 37.89114071], [-122.5462381, 37.89114973], [-122.54622672, 37.89114968], [-122.54622667, 37.8911587], [-122.5462153, 37.89115865], [-122.54621519, 37.89117668], [-122.54620381, 37.89117663], [-122.54620376, 37.89118565], [-122.54619239, 37.8911856], [-122.54619227, 37.89120363], [-122.5461809, 37.89120358], [-122.54618085, 37.8912126], [-122.54616947, 37.89121255], [-122.54616936, 37.89123058], [-122.54615799, 37.89123054], [-122.54615794, 37.89123955], [-122.54614656, 37.8912395], [-122.54614645, 37.89125753], [-122.54613508, 37.89125749], [-122.54613497, 37.89127551], [-122.5461236, 37.89127547], [-122.54612354, 37.89128448], [-122.54611217, 37.89128444], [-122.54611211, 37.89129345], [-122.54610074, 37.89129341], [-122.54610063, 37.89131143], [-122.54608926, 37.89131139], [-122.54608915, 37.89132941], [-122.54607777, 37.89132937], [-122.54607766, 37.89134739], [-122.54606629, 37.89134735], [-122.54606618, 37.89136538], [-122.54605481, 37.89136533], [-122.5460547, 37.89138336], [-122.54604332, 37.89138331], [-122.5460431, 37.89141937], [-122.54603173, 37.89141932], [-122.54603112, 37.89151846], [-122.54601975, 37.89151842], [-122.54601936, 37.89158151], [-122.54600799, 37.89158146], [-122.54600788, 37.89159949], [-122.5459965, 37.89159945], [-122.54599639, 37.89161747], [-122.54598502, 37.89161743], [-122.54598496, 37.89162644], [-122.54597359, 37.8916264], [-122.54597354, 37.89163541], [-122.54596216, 37.89163536], [-122.54596211, 37.89164438], [-122.54595074, 37.89164433], [-122.54595068, 37.89165335], [-122.54591656, 37.89165321], [-122.54591651, 37.89166223], [-122.54589376, 37.89166214], [-122.5458937, 37.89167115], [-122.54584821, 37.89167098], [-122.54584816, 37.89167999], [-122.54580267, 37.89167981], [-122.54580272, 37.8916708], [-122.54573449, 37.89167054], [-122.54573454, 37.89166153], [-122.54567768, 37.89166131], [-122.54567773, 37.89165229], [-122.54564361, 37.89165216], [-122.54564367, 37.89164315], [-122.5456323, 37.89164311], [-122.54563235, 37.89163409], [-122.54562098, 37.89163405], [-122.54562103, 37.89162504], [-122.54559829, 37.89162495], [-122.54559834, 37.89161594], [-122.54558697, 37.89161589], [-122.54558703, 37.89160688], [-122.54557565, 37.89160683], [-122.54557571, 37.89159782], [-122.54556434, 37.89159778], [-122.54556439, 37.89158876], [-122.54555302, 37.89158872], [-122.54555308, 37.89157971], [-122.5455417, 37.89157966], [-122.54554176, 37.89157065], [-122.54553038, 37.89157061], [-122.54553044, 37.89156159], [-122.54551907, 37.89156155], [-122.54551912, 37.89155254], [-122.54549638, 37.89155245], [-122.54549643, 37.89154344], [-122.54548506, 37.89154339], [-122.54548512, 37.89153438], [-122.54547374, 37.89153434], [-122.5454738, 37.89152532], [-122.54546243, 37.89152528], [-122.54546248, 37.89151627], [-122.54545111, 37.89151622], [-122.54545116, 37.89150721], [-122.54543979, 37.89150717], [-122.54543985, 37.89149815], [-122.54542847, 37.89149811], [-122.54542853, 37.8914891], [-122.54541716, 37.89148905], [-122.54541721, 37.89148004], [-122.54540584, 37.89148], [-122.54540589, 37.89147098], [-122.54539452, 37.89147094], [-122.54539458, 37.89146193], [-122.5453832, 37.89146188], [-122.54538326, 37.89145287], [-122.54537189, 37.89145283], [-122.54537194, 37.89144381], [-122.54536057, 37.89144377], [-122.54536062, 37.89143476], [-122.54534925, 37.89143471], [-122.54534931, 37.8914257], [-122.54533793, 37.89142566], [-122.54533799, 37.89141664], [-122.54532662, 37.8914166], [-122.54532667, 37.89140759], [-122.5453153, 37.89140754], [-122.54531536, 37.89139853], [-122.54530398, 37.89139849], [-122.54530404, 37.89138947], [-122.54529267, 37.89138943], [-122.54529272, 37.89138042], [-122.54528135, 37.89138037], [-122.5452814, 37.89137136], [-122.54527003, 37.89137132], [-122.54527009, 37.8913623], [-122.54525871, 37.89136226], [-122.54525877, 37.89135325], [-122.5452474, 37.8913532], [-122.54524745, 37.89134419], [-122.54523608, 37.89134415], [-122.54523613, 37.89133513], [-122.54522476, 37.89133509], [-122.54522482, 37.89132608], [-122.54521344, 37.89132603], [-122.54521355, 37.89130801], [-122.54520218, 37.89130796], [-122.54520224, 37.89129895], [-122.54519086, 37.89129891], [-122.54519098, 37.89128088], [-122.5451796, 37.89128084], [-122.54517966, 37.89127182], [-122.54516829, 37.89127178], [-122.54516834, 37.89126277], [-122.54515697, 37.89126272], [-122.54515702, 37.89125371], [-122.54514565, 37.89125367], [-122.54514582, 37.89122663], [-122.54513444, 37.89122658], [-122.5451345, 37.89121757], [-122.54512313, 37.89121753], [-122.54512329, 37.89119049], [-122.54511192, 37.89119045], [-122.54511209, 37.89116341], [-122.54510071, 37.89116336], [-122.54510088, 37.89113632], [-122.54508951, 37.89113628], [-122.54508967, 37.89110924], [-122.5450783, 37.8911092], [-122.54507852, 37.89107315], [-122.54506715, 37.8910731], [-122.54506737, 37.89103705], [-122.545056, 37.89103701], [-122.54505628, 37.89099194], [-122.5450449, 37.8909919], [-122.54504502, 37.89097388], [-122.54503364, 37.89097383], [-122.5450337, 37.89096482], [-122.54502233, 37.89096477], [-122.54502227, 37.89097379], [-122.54487443, 37.89097322], [-122.54487431, 37.89099124], [-122.54486294, 37.8909912], [-122.54486283, 37.89100922], [-122.54485146, 37.89100918], [-122.54485135, 37.8910272], [-122.54483997, 37.89102716], [-122.54483992, 37.89103617], [-122.54482855, 37.89103613], [-122.54482849, 37.89104514], [-122.54481712, 37.8910451], [-122.54481706, 37.89105411], [-122.54479432, 37.89105402], [-122.54479426, 37.89106304], [-122.54477152, 37.89106295], [-122.54477146, 37.89107196], [-122.54472597, 37.89107178], [-122.54472591, 37.8910808], [-122.5446918, 37.89108067], [-122.54469174, 37.89108968], [-122.54455527, 37.89108915], [-122.54455532, 37.89108014], [-122.54450983, 37.89107996], [-122.54450989, 37.89107095], [-122.54445302, 37.89107073], [-122.54445308, 37.89106172], [-122.54441896, 37.89106158], [-122.54441891, 37.8910706], [-122.54439616, 37.89107051], [-122.54439611, 37.89107952], [-122.54438473, 37.89107948], [-122.54438468, 37.89108849], [-122.54436193, 37.8910884], [-122.54436188, 37.89109741], [-122.54433913, 37.89109733], [-122.54433908, 37.89110634], [-122.5443277, 37.8911063], [-122.54432765, 37.89111531], [-122.5443049, 37.89111522], [-122.54430479, 37.89113325], [-122.54429342, 37.8911332], [-122.54429336, 37.89114221], [-122.54430474, 37.89114226], [-122.54430462, 37.89116028], [-122.544316, 37.89116033], [-122.54431572, 37.89120539], [-122.54432709, 37.89120544], [-122.54432676, 37.89125951], [-122.54433813, 37.89125956], [-122.54433802, 37.89127758], [-122.54434939, 37.89127763], [-122.54434917, 37.89131368], [-122.54436054, 37.89131372], [-122.54436032, 37.89134977], [-122.54437169, 37.89134982], [-122.54437147, 37.89138587], [-122.54438284, 37.89138591], [-122.54438268, 37.89141295], [-122.54439405, 37.89141299], [-122.54439377, 37.89145806], [-122.54440515, 37.8914581], [-122.5444047, 37.8915302], [-122.54439333, 37.89153016], [-122.54439316, 37.8915572], [-122.54438179, 37.89155715], [-122.54438168, 37.89157518], [-122.54437031, 37.89157514], [-122.54437019, 37.89159316], [-122.54435882, 37.89159312], [-122.54435877, 37.89160213], [-122.54433602, 37.89160204], [-122.54433596, 37.89161106], [-122.54432459, 37.89161101], [-122.54432454, 37.89162002], [-122.54427905, 37.89161985], [-122.54427899, 37.89162886], [-122.54421075, 37.8916286], [-122.5442107, 37.89163761], [-122.54415383, 37.89163739], [-122.54415389, 37.89162838], [-122.5441084, 37.8916282], [-122.54410845, 37.89161919], [-122.54407434, 37.89161906], [-122.54407439, 37.89161004], [-122.54404027, 37.89160991], [-122.54404033, 37.8916009], [-122.54400621, 37.89160077], [-122.54400627, 37.89159175], [-122.54398352, 37.89159166], [-122.54398358, 37.89158265], [-122.54394946, 37.89158252], [-122.54394951, 37.89157351], [-122.54385853, 37.89157315], [-122.54385847, 37.89158217], [-122.54383573, 37.89158208], [-122.54383567, 37.89159109], [-122.54381293, 37.891591], [-122.54381287, 37.89160002], [-122.5438015, 37.89159997], [-122.54380144, 37.89160898], [-122.54379007, 37.89160894], [-122.54379002, 37.89161795], [-122.54377864, 37.89161791], [-122.54377853, 37.89163594], [-122.54376716, 37.89163589], [-122.54376705, 37.89165392], [-122.54375567, 37.89165387], [-122.54375562, 37.89166289], [-122.54374425, 37.89166284], [-122.54374413, 37.89168087], [-122.54373276, 37.89168082], [-122.54373265, 37.89169885], [-122.54372128, 37.8916988], [-122.54372117, 37.89171683], [-122.54370979, 37.89171679], [-122.54370957, 37.89175284], [-122.5436982, 37.89175279], [-122.54369803, 37.89177983], [-122.54368666, 37.89177979], [-122.54368644, 37.89181584], [-122.54367506, 37.89181579], [-122.54367479, 37.89186086], [-122.54366341, 37.89186081], [-122.54366302, 37.8919239], [-122.54365165, 37.89192386], [-122.54365104, 37.892023], [-122.54366241, 37.89202304], [-122.54366197, 37.89209515], [-122.54365059, 37.8920951], [-122.54365043, 37.89212214], [-122.54363905, 37.8921221], [-122.54363894, 37.89214012], [-122.54362757, 37.89214008], [-122.54362746, 37.8921581], [-122.54361609, 37.89215806], [-122.54361597, 37.89217608], [-122.5436046, 37.89217604], [-122.54360455, 37.89218505], [-122.54359317, 37.89218501], [-122.54359312, 37.89219402], [-122.54358174, 37.89219398], [-122.54358169, 37.89220299], [-122.54357032, 37.89220295], [-122.54357026, 37.89221196], [-122.54355889, 37.89221192], [-122.54355883, 37.89222093], [-122.54353609, 37.89222084], [-122.54353603, 37.89222985], [-122.54351328, 37.89222976], [-122.54351323, 37.89223878], [-122.54347911, 37.89223865], [-122.54347905, 37.89224766], [-122.54344494, 37.89224753], [-122.54344499, 37.89223851], [-122.54341087, 37.89223838], [-122.54341082, 37.89224739], [-122.54339944, 37.89224735], [-122.5433995, 37.89223834], [-122.54333126, 37.89223807], [-122.54333132, 37.89222906], [-122.54319484, 37.89222853], [-122.5431949, 37.89221952], [-122.54317215, 37.89221943], [-122.54317221, 37.89221042], [-122.54313809, 37.89221028], [-122.54313815, 37.89220127], [-122.5431154, 37.89220118], [-122.54311546, 37.89219217], [-122.54310408, 37.89219213], [-122.54310419, 37.8921741], [-122.54309282, 37.89217406], [-122.54309288, 37.89216504], [-122.5430815, 37.892165], [-122.54308156, 37.89215599], [-122.54307019, 37.89215594], [-122.54307024, 37.89214693], [-122.54305887, 37.89214688], [-122.54305898, 37.89212886], [-122.54304761, 37.89212881], [-122.54304766, 37.8921198], [-122.54303629, 37.89211976], [-122.5430364, 37.89210173], [-122.54302503, 37.89210169], [-122.54302509, 37.89209268], [-122.54301371, 37.89209263], [-122.54301382, 37.89207461], [-122.54300245, 37.89207456], [-122.54300256, 37.89205654], [-122.54299119, 37.89205649], [-122.5429913, 37.89203847], [-122.54297993, 37.89203842], [-122.54298004, 37.8920204], [-122.54296867, 37.89202035], [-122.54296878, 37.89200233], [-122.54295741, 37.89200228], [-122.54295746, 37.89199327], [-122.54294609, 37.89199323], [-122.5429462, 37.8919752], [-122.54293483, 37.89197516], [-122.54293488, 37.89196614], [-122.54292351, 37.8919661], [-122.54292357, 37.89195709], [-122.54291219, 37.89195704], [-122.5429123, 37.89193902], [-122.54290093, 37.89193897], [-122.54290099, 37.89192996], [-122.54288961, 37.89192992], [-122.54288967, 37.8919209], [-122.5428783, 37.89192086], [-122.54287835, 37.89191185], [-122.54286698, 37.8919118], [-122.54286704, 37.89190279], [-122.54285566, 37.89190274], [-122.54285572, 37.89189373], [-122.54284435, 37.89189369], [-122.5428444, 37.89188467], [-122.54283303, 37.89188463], [-122.54283308, 37.89187562], [-122.54282171, 37.89187557], [-122.54282177, 37.89186656], [-122.5428104, 37.89186652], [-122.54281045, 37.8918575], [-122.54279908, 37.89185746], [-122.54279913, 37.89184845], [-122.54278776, 37.8918484], [-122.54278787, 37.89183038], [-122.5427765, 37.89183033], [-122.54277656, 37.89182132], [-122.54276518, 37.89182128], [-122.54276529, 37.89180325], [-122.54275392, 37.89180321], [-122.54275398, 37.89179419], [-122.5427426, 37.89179415], [-122.54274272, 37.89177612], [-122.54273134, 37.89177608], [-122.54273151, 37.89174904], [-122.54272014, 37.891749], [-122.5427203, 37.89172196], [-122.54270893, 37.89172191], [-122.5427091, 37.89169488], [-122.54269773, 37.89169483], [-122.54269795, 37.89165878], [-122.54268658, 37.89165874], [-122.54268713, 37.89156861], [-122.54269851, 37.89156865], [-122.54269867, 37.89154162], [-122.54271005, 37.89154166], [-122.5427101, 37.89153265], [-122.54272148, 37.89153269], [-122.54272192, 37.89146059], [-122.54271055, 37.89146054], [-122.5427106, 37.89145153], [-122.54269923, 37.89145149], [-122.54269929, 37.89144247], [-122.54268791, 37.89144243], [-122.54268803, 37.8914244], [-122.54267665, 37.89142436], [-122.54267676, 37.89140634], [-122.54266539, 37.89140629], [-122.54266545, 37.89139728], [-122.54265407, 37.89139723], [-122.54265413, 37.89138822], [-122.54264276, 37.89138818], [-122.54264281, 37.89137916], [-122.54263144, 37.89137912], [-122.5426315, 37.89137011], [-122.54260875, 37.89137002], [-122.54260881, 37.89136101], [-122.54259743, 37.89136096], [-122.54259749, 37.89135195], [-122.54257474, 37.89135186], [-122.5425748, 37.89134285], [-122.54256343, 37.8913428], [-122.54256348, 37.89133379], [-122.54255211, 37.89133375], [-122.54255217, 37.89132473], [-122.54254079, 37.89132469], [-122.54254085, 37.89131568], [-122.54252948, 37.89131563], [-122.54252953, 37.89130662], [-122.54243855, 37.89130627], [-122.54243849, 37.89131528], [-122.54241575, 37.89131519], [-122.54241569, 37.8913242], [-122.54238158, 37.89132407], [-122.54238152, 37.89133308], [-122.5423474, 37.89133295], [-122.54234735, 37.89134196], [-122.5423246, 37.89134188], [-122.54232454, 37.89135089], [-122.54229043, 37.89135076], [-122.54229037, 37.89135977], [-122.54210841, 37.89135906], [-122.54210846, 37.89135005], [-122.54206297, 37.89134987], [-122.54206303, 37.89134086], [-122.54202891, 37.89134073], [-122.54202896, 37.89133171], [-122.54199485, 37.89133158], [-122.5419949, 37.89132257], [-122.54196078, 37.89132243], [-122.54196084, 37.89131342], [-122.54194947, 37.89131338], [-122.54194952, 37.89130436], [-122.54192678, 37.89130428], [-122.54192683, 37.89129526], [-122.54191546, 37.89129522], [-122.54191552, 37.89128621], [-122.54190414, 37.89128616], [-122.5419042, 37.89127715], [-122.54188145, 37.89127706], [-122.54188151, 37.89126805], [-122.54187014, 37.891268], [-122.54187019, 37.89125899], [-122.54183607, 37.89125886], [-122.54183613, 37.89124985], [-122.54182476, 37.8912498], [-122.54182481, 37.89124079], [-122.54181344, 37.89124074], [-122.54181355, 37.89122272], [-122.54180218, 37.89122267], [-122.54180224, 37.89121366], [-122.54179086, 37.89121362], [-122.54179092, 37.8912046], [-122.54177955, 37.89120456], [-122.54177966, 37.89118653], [-122.54176828, 37.89118649], [-122.54176851, 37.89115044], [-122.54175714, 37.89115039], [-122.5417573, 37.89112336], [-122.54174593, 37.89112331], [-122.5417461, 37.89109627], [-122.54173473, 37.89109623], [-122.54173489, 37.89106919], [-122.54172352, 37.89106915], [-122.54172369, 37.89104211], [-122.54171232, 37.89104206], [-122.54171243, 37.89102404], [-122.54170105, 37.89102399], [-122.54170117, 37.89100597], [-122.54168979, 37.89100592], [-122.54168985, 37.89099691], [-122.54167848, 37.89099687], [-122.54167859, 37.89097884], [-122.54166722, 37.8909788], [-122.54166727, 37.89096979], [-122.5416559, 37.89096974], [-122.54165595, 37.89096073], [-122.54163321, 37.89096064], [-122.54163327, 37.89095163], [-122.54161052, 37.89095154], [-122.54161058, 37.89094253], [-122.54157646, 37.89094239], [-122.54157651, 37.89093338], [-122.54155377, 37.89093329], [-122.54155382, 37.89092428], [-122.54153108, 37.89092419], [-122.54153113, 37.89091518], [-122.54142878, 37.89091478], [-122.54142884, 37.89090577], [-122.5413606, 37.8909055], [-122.54136066, 37.89089649], [-122.54129242, 37.89089622], [-122.54129248, 37.89088721], [-122.54125836, 37.89088708], [-122.54125841, 37.89087806], [-122.54121292, 37.89087789], [-122.54121298, 37.89086887], [-122.54117886, 37.89086874], [-122.54117892, 37.89085973], [-122.54115617, 37.89085964], [-122.54115623, 37.89085063], [-122.54114486, 37.89085058], [-122.54114491, 37.89084157], [-122.54112217, 37.89084148], [-122.54112222, 37.89083247], [-122.54111085, 37.89083242], [-122.5411109, 37.89082341], [-122.54109953, 37.89082337], [-122.54109959, 37.89081435], [-122.54108822, 37.89081431], [-122.54108827, 37.8908053], [-122.5410769, 37.89080525], [-122.54107695, 37.89079624], [-122.54106558, 37.89079619], [-122.54106569, 37.89077817], [-122.54105432, 37.89077812], [-122.54105438, 37.89076911], [-122.541043, 37.89076907], [-122.54104306, 37.89076005], [-122.54103169, 37.89076001], [-122.54103174, 37.890751], [-122.541009, 37.89075091], [-122.54100911, 37.89073288], [-122.54099774, 37.89073284], [-122.54099779, 37.89072383], [-122.54098642, 37.89072378], [-122.54098648, 37.89071477], [-122.5409751, 37.89071472], [-122.54097516, 37.89070571], [-122.54095242, 37.89070562], [-122.54095247, 37.89069661], [-122.54091835, 37.89069648], [-122.54091841, 37.89068746], [-122.54086155, 37.89068724], [-122.54086149, 37.89069626], [-122.54083874, 37.89069617], [-122.54083869, 37.89070518], [-122.54082732, 37.89070513], [-122.54082726, 37.89071415], [-122.54081589, 37.8907141], [-122.54081583, 37.89072312], [-122.54080446, 37.89072307], [-122.5408044, 37.89073208], [-122.54079303, 37.89073204], [-122.54079297, 37.89074105], [-122.5407816, 37.89074101], [-122.54078155, 37.89075002], [-122.54077017, 37.89074998], [-122.54077012, 37.89075899], [-122.54075874, 37.89075895], [-122.54075869, 37.89076796], [-122.54074732, 37.89076791], [-122.54074726, 37.89077693], [-122.54073589, 37.89077688], [-122.54073583, 37.89078589], [-122.54072446, 37.89078585], [-122.5407244, 37.89079486], [-122.54071303, 37.89079482], [-122.54071297, 37.89080383], [-122.5407016, 37.89080379], [-122.54070155, 37.8908128], [-122.54069017, 37.89081276], [-122.54069012, 37.89082177], [-122.54067874, 37.89082172], [-122.54067869, 37.89083074], [-122.54066732, 37.89083069], [-122.54066726, 37.89083971], [-122.54065589, 37.89083966], [-122.54065583, 37.89084867], [-122.54064446, 37.89084863], [-122.5406444, 37.89085764], [-122.54063303, 37.8908576], [-122.54063297, 37.89086661], [-122.5406216, 37.89086657], [-122.54062154, 37.89087558], [-122.54061017, 37.89087553], [-122.54061012, 37.89088455], [-122.54059874, 37.8908845], [-122.54059863, 37.89090253], [-122.54058726, 37.89090248], [-122.54058715, 37.89092051], [-122.54057577, 37.89092047], [-122.54057566, 37.89093849], [-122.54056429, 37.89093845], [-122.54056418, 37.89095647], [-122.5405528, 37.89095643], [-122.54055264, 37.89098347], [-122.54054126, 37.89098342], [-122.5405411, 37.89101046], [-122.54052972, 37.89101042], [-122.54052961, 37.89102844], [-122.54051824, 37.8910284], [-122.54051813, 37.89104642], [-122.54050675, 37.89104638], [-122.5405067, 37.89105539], [-122.54049532, 37.89105535], [-122.54049521, 37.89107337], [-122.54047247, 37.89107328], [-122.54047241, 37.8910823], [-122.54046104, 37.89108225], [-122.54046098, 37.89109126], [-122.54044961, 37.89109122], [-122.54044955, 37.89110023], [-122.54043818, 37.89110019], [-122.54043807, 37.89111821], [-122.54041532, 37.89111812], [-122.54041527, 37.89112714], [-122.54040389, 37.89112709], [-122.54040384, 37.89113611], [-122.54038109, 37.89113602], [-122.54038104, 37.89114503], [-122.54035829, 37.89114494], [-122.54035824, 37.89115395], [-122.54033549, 37.89115387], [-122.54033543, 37.89116288], [-122.54030132, 37.89116274], [-122.54030126, 37.89117176], [-122.54027851, 37.89117167], [-122.54027857, 37.89116266], [-122.54024445, 37.89116252], [-122.5402444, 37.89117154], [-122.54022165, 37.89117145], [-122.5402216, 37.89118046], [-122.54014199, 37.89118015], [-122.54014193, 37.89118916], [-122.54013056, 37.89118912], [-122.54013061, 37.8911801], [-122.54006238, 37.89117984], [-122.54006243, 37.89117082], [-122.54002832, 37.89117069], [-122.54002837, 37.89116168], [-122.540017, 37.89116163], [-122.54001705, 37.89115262], [-122.53999431, 37.89115253], [-122.53999437, 37.89114352], [-122.53998299, 37.89114348], [-122.53998305, 37.89113446], [-122.5399603, 37.89113437], [-122.53996036, 37.89112536], [-122.53993761, 37.89112527], [-122.53993767, 37.89111626], [-122.5399263, 37.89111621], [-122.53992635, 37.8911072], [-122.53991498, 37.89110716], [-122.53991504, 37.89109814], [-122.53990366, 37.8910981], [-122.53990372, 37.89108909], [-122.53988097, 37.891089], [-122.53988103, 37.89107999], [-122.53985829, 37.8910799], [-122.53985834, 37.89107088], [-122.53984697, 37.89107084], [-122.53984702, 37.89106183], [-122.53982428, 37.89106174], [-122.53982434, 37.89105273], [-122.53981296, 37.89105268], [-122.53981302, 37.89104367], [-122.53980165, 37.89104362], [-122.5398017, 37.89103461], [-122.53977896, 37.89103452], [-122.53977901, 37.89102551], [-122.53976764, 37.89102546], [-122.5397677, 37.89101645], [-122.53974495, 37.89101636], [-122.53974501, 37.89100735], [-122.53973363, 37.89100731], [-122.53973369, 37.89099829], [-122.53971095, 37.8909982], [-122.539711, 37.89098919], [-122.53969963, 37.89098915], [-122.53969968, 37.89098013], [-122.53967694, 37.89098004], [-122.539677, 37.89097103], [-122.53954052, 37.8909705], [-122.53954047, 37.89097951], [-122.53951772, 37.89097942], [-122.53951767, 37.89098843], [-122.53948355, 37.8909883], [-122.53948349, 37.89099731], [-122.53940388, 37.890997], [-122.53940394, 37.89098799], [-122.53939257, 37.89098795], [-122.53939251, 37.89099696], [-122.53936976, 37.89099687], [-122.53936971, 37.89100588], [-122.53934696, 37.89100579], [-122.53934691, 37.89101481], [-122.53930142, 37.89101463], [-122.5393013, 37.89103265], [-122.53928993, 37.89103261], [-122.53928971, 37.89106866], [-122.53927833, 37.89106862], [-122.53927817, 37.89109565], [-122.53926679, 37.89109561], [-122.53926657, 37.89113166], [-122.5392552, 37.89113162], [-122.53925508, 37.89114964], [-122.53924371, 37.8911496], [-122.5392436, 37.89116762], [-122.53923223, 37.89116758], [-122.53923211, 37.8911856], [-122.53922074, 37.89118556], [-122.53922068, 37.89119457], [-122.53920931, 37.89119453], [-122.53920926, 37.89120354], [-122.53919788, 37.8912035], [-122.53919783, 37.89121251], [-122.53918645, 37.89121246], [-122.5391864, 37.89122148], [-122.53916365, 37.89122139], [-122.5391636, 37.8912304], [-122.53914085, 37.89123031], [-122.53914079, 37.89123932], [-122.53912942, 37.89123928], [-122.53912937, 37.89124829], [-122.53911799, 37.89124825], [-122.53911794, 37.89125726], [-122.53910656, 37.89125722], [-122.53910651, 37.89126623], [-122.53908376, 37.89126614], [-122.53908359, 37.89129318], [-122.53906085, 37.89129309], [-122.53906079, 37.8913021], [-122.53903805, 37.89130201], [-122.53903799, 37.89131103], [-122.53902662, 37.89131098], [-122.53902656, 37.89131999], [-122.53901519, 37.89131995], [-122.53901513, 37.89132896], [-122.53900376, 37.89132892], [-122.5390037, 37.89133793], [-122.53899233, 37.89133789], [-122.53899222, 37.89135591], [-122.53898085, 37.89135587], [-122.53898079, 37.89136488], [-122.53896942, 37.89136483], [-122.53896925, 37.89139187], [-122.53895788, 37.89139183], [-122.53895776, 37.89140985], [-122.53896914, 37.8914099], [-122.53896902, 37.89142792], [-122.5389804, 37.89142797], [-122.53898028, 37.89144599], [-122.53899166, 37.89144604], [-122.53899098, 37.89155419], [-122.53897961, 37.89155415], [-122.53897899, 37.89165329], [-122.53896762, 37.89165324], [-122.53896756, 37.89166226], [-122.53895619, 37.89166221], [-122.5389558, 37.8917253], [-122.53896717, 37.89172535], [-122.53896711, 37.89173436], [-122.53895574, 37.89173431], [-122.53895563, 37.89175234], [-122.53894425, 37.89175229], [-122.5389442, 37.89176131], [-122.53888733, 37.89176108], [-122.53888739, 37.89175207], [-122.53885327, 37.89175194], [-122.53885333, 37.89174293], [-122.53880784, 37.89174275], [-122.53880778, 37.89175176], [-122.53878503, 37.89175167], [-122.53878515, 37.89173365], [-122.53879652, 37.89173369], [-122.53879674, 37.89169764], [-122.53878537, 37.89169759], [-122.53878548, 37.89167957], [-122.53877411, 37.89167952], [-122.53877422, 37.8916615], [-122.53876285, 37.89166145], [-122.53876291, 37.89165244], [-122.53872879, 37.89165231], [-122.53872885, 37.8916433], [-122.53871747, 37.89164325], [-122.53871753, 37.89163424], [-122.5387289, 37.89163428], [-122.53872896, 37.89162527], [-122.53871759, 37.89162523], [-122.53871764, 37.89161621], [-122.53870627, 37.89161617], [-122.53870633, 37.89160715], [-122.53868358, 37.89160707], [-122.53868364, 37.89159805], [-122.53867226, 37.89159801], [-122.53867232, 37.891589], [-122.5386382, 37.89158886], [-122.53863826, 37.89157985], [-122.53861551, 37.89157976], [-122.53861557, 37.89157075], [-122.5386042, 37.8915707], [-122.53860425, 37.89156169], [-122.53859288, 37.89156165], [-122.53859293, 37.89155263], [-122.53858156, 37.89155259], [-122.53858162, 37.89154358], [-122.53857025, 37.89154353], [-122.5385703, 37.89153452], [-122.53854756, 37.89153443], [-122.53854761, 37.89152542], [-122.53853624, 37.89152537], [-122.5385363, 37.89151636], [-122.53852492, 37.89151631], [-122.53852498, 37.8915073], [-122.53851361, 37.89150726], [-122.53851366, 37.89149824], [-122.53850229, 37.8914982], [-122.53850235, 37.89148919], [-122.53849097, 37.89148914], [-122.53849103, 37.89148013], [-122.53847966, 37.89148008], [-122.53847971, 37.89147107], [-122.53846834, 37.89147103], [-122.5384684, 37.89146201], [-122.53844565, 37.89146193], [-122.53844571, 37.89145291], [-122.53843433, 37.89145287], [-122.53843439, 37.89144386], [-122.5383889, 37.89144368], [-122.53838896, 37.89143466], [-122.53836621, 37.89143457], [-122.53836615, 37.89144359], [-122.53833204, 37.89144345], [-122.53833198, 37.89145247], [-122.53830923, 37.89145238], [-122.53830918, 37.89146139], [-122.53827506, 37.89146126], [-122.538275, 37.89147027], [-122.53825226, 37.89147018], [-122.5382522, 37.89147919], [-122.53824083, 37.89147915], [-122.53824077, 37.89148816], [-122.5382294, 37.89148812], [-122.53822934, 37.89149713], [-122.53821797, 37.89149708], [-122.53821791, 37.8915061], [-122.53819517, 37.89150601], [-122.53819511, 37.89151502], [-122.53818374, 37.89151498], [-122.53818368, 37.89152399], [-122.53817231, 37.89152394], [-122.53817225, 37.89153296], [-122.53816088, 37.89153291], [-122.53816077, 37.89155094], [-122.5381494, 37.89155089], [-122.53814934, 37.89155991], [-122.53813797, 37.89155986], [-122.53813791, 37.89156887], [-122.53812654, 37.89156883], [-122.53812648, 37.89157784], [-122.53809236, 37.89157771], [-122.53809231, 37.89158672], [-122.53806956, 37.89158663], [-122.53806951, 37.89159564], [-122.53804676, 37.89159556], [-122.53804653, 37.89163161], [-122.53803516, 37.89163156], [-122.53803511, 37.89164057], [-122.53802373, 37.89164053], [-122.53802368, 37.89164954], [-122.53798956, 37.89164941], [-122.5379895, 37.89165842], [-122.53795538, 37.89165829], [-122.53795533, 37.8916673], [-122.53789846, 37.89166708], [-122.53789841, 37.89167609], [-122.53787566, 37.891676], [-122.53787561, 37.89168501], [-122.53780737, 37.89168475], [-122.53780742, 37.89167573], [-122.53779605, 37.89167569], [-122.53779611, 37.89166668], [-122.53778474, 37.89166663], [-122.53778479, 37.89165762], [-122.53777342, 37.89165757], [-122.53777348, 37.89164856], [-122.5377621, 37.89164852], [-122.53776216, 37.8916395], [-122.53775079, 37.89163946], [-122.53775084, 37.89163045], [-122.53773947, 37.8916304], [-122.53773953, 37.89162139], [-122.53772815, 37.89162134], [-122.53772821, 37.89161233], [-122.53771684, 37.89161229], [-122.53771689, 37.89160327], [-122.53770552, 37.89160323], [-122.53770558, 37.89159422], [-122.53768283, 37.89159413], [-122.53768289, 37.89158511], [-122.53766014, 37.89158502], [-122.5376602, 37.89157601], [-122.53764883, 37.89157597], [-122.53764888, 37.89156695], [-122.53762614, 37.89156686], [-122.53762619, 37.89155785], [-122.53759207, 37.89155772], [-122.53759213, 37.89154871], [-122.53754664, 37.89154853], [-122.5375467, 37.89153951], [-122.53751258, 37.89153938], [-122.53751263, 37.89153037], [-122.53750126, 37.89153032], [-122.53750132, 37.89152131], [-122.53748995, 37.89152127], [-122.53749, 37.89151225], [-122.53746726, 37.89151216], [-122.53746731, 37.89150315], [-122.53745594, 37.89150311], [-122.537456, 37.89149409], [-122.53744462, 37.89149405], [-122.53744468, 37.89148504], [-122.53742193, 37.89148495], [-122.53742199, 37.89147593], [-122.53741062, 37.89147589], [-122.53741067, 37.89146688], [-122.53738793, 37.89146679], [-122.53738799, 37.89145777], [-122.53736524, 37.89145768], [-122.5373653, 37.89144867], [-122.53734255, 37.89144858], [-122.53734261, 37.89143957], [-122.53728574, 37.89143935], [-122.5372858, 37.89143033], [-122.53724031, 37.89143015], [-122.53724037, 37.89142114], [-122.5371835, 37.89142092], [-122.53718356, 37.8914119], [-122.53701297, 37.89141123], [-122.53701291, 37.89142025], [-122.53696742, 37.89142007], [-122.53696736, 37.89142908], [-122.53693324, 37.89142895], [-122.53693319, 37.89143796], [-122.53691044, 37.89143787], [-122.53691039, 37.89144688], [-122.53689901, 37.89144684], [-122.53689884, 37.89147388], [-122.53688747, 37.89147383], [-122.53688741, 37.89148284], [-122.53687604, 37.8914828], [-122.53687599, 37.89149181], [-122.53685324, 37.89149172], [-122.53685318, 37.89150074], [-122.53680769, 37.89150056], [-122.53680764, 37.89150957], [-122.53679626, 37.89150952], [-122.53679621, 37.89151854], [-122.53678483, 37.89151849], [-122.53678478, 37.89152751], [-122.5367734, 37.89152746], [-122.53677335, 37.89153647], [-122.53672786, 37.89153629], [-122.53672791, 37.89152728], [-122.53670517, 37.89152719], [-122.53670534, 37.89150015], [-122.53668259, 37.89150006], [-122.53668271, 37.89148204], [-122.53665996, 37.89148195], [-122.53666002, 37.89147294], [-122.53664864, 37.89147289], [-122.5366487, 37.89146388], [-122.53663733, 37.89146383], [-122.53663738, 37.89145482], [-122.53662601, 37.89145478], [-122.53662618, 37.89142774], [-122.53661481, 37.89142769], [-122.53661503, 37.89139164], [-122.53660366, 37.8913916], [-122.53660372, 37.89138258], [-122.53661509, 37.89138263], [-122.53661515, 37.89137362], [-122.53662652, 37.89137366], [-122.53662675, 37.89133761], [-122.53659263, 37.89133748], [-122.53659268, 37.89132846], [-122.53658131, 37.89132842], [-122.53658154, 37.89129237], [-122.53657016, 37.89129232], [-122.53657022, 37.89128331], [-122.53655885, 37.89128327], [-122.5365589, 37.89127425], [-122.53654753, 37.89127421], [-122.53654764, 37.89125618], [-122.53653627, 37.89125614], [-122.53653633, 37.89124712], [-122.53652496, 37.89124708], [-122.53652501, 37.89123807], [-122.53651364, 37.89123802], [-122.5365137, 37.89122901], [-122.53650232, 37.89122896], [-122.53650238, 37.89121995], [-122.53647963, 37.89121986], [-122.53647969, 37.89121085], [-122.53646832, 37.8912108], [-122.53646837, 37.89120179], [-122.536457, 37.89120175], [-122.53645706, 37.89119273], [-122.53644569, 37.89119269], [-122.53644574, 37.89118368], [-122.53643437, 37.89118363], [-122.53643443, 37.89117462], [-122.53642305, 37.89117457], [-122.536423, 37.89118359], [-122.53641162, 37.89118354], [-122.53641157, 37.89119256], [-122.53637745, 37.89119242], [-122.53637751, 37.89118341], [-122.53636613, 37.89118336], [-122.53636619, 37.89117435], [-122.53635482, 37.89117431], [-122.53635493, 37.89115628], [-122.5363663, 37.89115633], [-122.53636636, 37.89114731], [-122.53632087, 37.89114713], [-122.53632092, 37.89113812], [-122.53630955, 37.89113808], [-122.53630961, 37.89112906], [-122.53629824, 37.89112902], [-122.53629829, 37.89112001], [-122.53627555, 37.89111992], [-122.5362756, 37.8911109], [-122.53626423, 37.89111086], [-122.53626429, 37.89110185], [-122.53624154, 37.89110176], [-122.5362416, 37.89109274], [-122.53621885, 37.89109265], [-122.53621891, 37.89108364], [-122.53619616, 37.89108355], [-122.53619622, 37.89107454], [-122.53618485, 37.89107449], [-122.5361849, 37.89106548], [-122.53617353, 37.89106544], [-122.53617359, 37.89105642], [-122.53616222, 37.89105638], [-122.53616227, 37.89104737], [-122.53613953, 37.89104728], [-122.53613958, 37.89103826], [-122.53612821, 37.89103822], [-122.53612827, 37.89102921], [-122.53610552, 37.89102912], [-122.53610558, 37.8910201], [-122.53609421, 37.89102006], [-122.53609426, 37.89101105], [-122.53607152, 37.89101096], [-122.53607157, 37.89100194], [-122.5360602, 37.8910019], [-122.53606026, 37.89099289], [-122.53603751, 37.8909928], [-122.53603757, 37.89098378], [-122.5360262, 37.89098374], [-122.53602625, 37.89097473], [-122.53600351, 37.89097464], [-122.53600356, 37.89096562], [-122.53599219, 37.89096558], [-122.53599225, 37.89095657], [-122.53598088, 37.89095652], [-122.53598093, 37.89094751], [-122.53596956, 37.89094746], [-122.53596962, 37.89093845], [-122.53595824, 37.89093841], [-122.5359583, 37.89092939], [-122.53593555, 37.8909293], [-122.53593561, 37.89092029], [-122.53592424, 37.89092025], [-122.53592429, 37.89091123], [-122.53590155, 37.89091114], [-122.53590161, 37.89090213], [-122.53589023, 37.89090209], [-122.53589029, 37.89089307], [-122.53587892, 37.89089303], [-122.53587897, 37.89088401], [-122.53585623, 37.89088393], [-122.53585628, 37.89087491], [-122.53584491, 37.89087487], [-122.53584497, 37.89086585], [-122.5358336, 37.89086581], [-122.53583365, 37.8908568], [-122.53582228, 37.89085675], [-122.53582234, 37.89084774], [-122.53579959, 37.89084765], [-122.53579965, 37.89083864], [-122.53578828, 37.89083859], [-122.53578833, 37.89082958], [-122.53577696, 37.89082953], [-122.53577702, 37.89082052], [-122.53576564, 37.89082048], [-122.5357657, 37.89081146], [-122.53575433, 37.89081142], [-122.53575438, 37.89080241], [-122.53573164, 37.89080232], [-122.5357317, 37.8907933], [-122.53572032, 37.89079326], [-122.53572038, 37.89078425], [-122.53570901, 37.8907842], [-122.53570906, 37.89077519], [-122.53569769, 37.89077514], [-122.53569775, 37.89076613], [-122.53568637, 37.89076609], [-122.53568643, 37.89075707], [-122.53567506, 37.89075703], [-122.53567511, 37.89074802], [-122.53566374, 37.89074797], [-122.5356638, 37.89073896], [-122.53565243, 37.89073891], [-122.53565248, 37.8907299], [-122.53564111, 37.89072986], [-122.53564117, 37.89072084], [-122.53562979, 37.8907208], [-122.53562985, 37.89071179], [-122.53561848, 37.89071174], [-122.53561859, 37.89069372], [-122.53560722, 37.89069367], [-122.53560756, 37.89063959], [-122.53561893, 37.89063964], [-122.53561904, 37.89062161], [-122.53563042, 37.89062166], [-122.53563053, 37.89060363], [-122.5356419, 37.89060368], [-122.53564202, 37.89058565], [-122.53565339, 37.8905857], [-122.53565345, 37.89057668], [-122.53566482, 37.89057673], [-122.53566504, 37.89054068], [-122.53565367, 37.89054063], [-122.53565378, 37.89052261], [-122.53564241, 37.89052256], [-122.53564247, 37.89051355], [-122.5356311, 37.8905135], [-122.53563161, 37.89043239], [-122.53562023, 37.89043234], [-122.53562114, 37.89028814], [-122.53560977, 37.8902881], [-122.53560982, 37.89027908], [-122.53559845, 37.89027904], [-122.53559851, 37.89027003], [-122.53560988, 37.89027007], [-122.53560994, 37.89026106], [-122.53564405, 37.89026119], [-122.53564422, 37.89023415], [-122.5356556, 37.8902342], [-122.53565565, 37.89022519], [-122.53566703, 37.89022523], [-122.53566714, 37.8902072], [-122.53567851, 37.89020725], [-122.53567902, 37.89012613], [-122.53566765, 37.89012609], [-122.53566776, 37.89010806], [-122.53565639, 37.89010802], [-122.5356565, 37.89008999], [-122.53564513, 37.89008995], [-122.53564519, 37.89008094], [-122.53565656, 37.89008098], [-122.53565661, 37.89007197], [-122.53566799, 37.89007201], [-122.53566816, 37.89004497], [-122.53565678, 37.89004493], [-122.5356569, 37.8900269], [-122.53564553, 37.89002686], [-122.53564564, 37.89000883], [-122.53563427, 37.89000879], [-122.53563444, 37.88998175], [-122.53562306, 37.88998171], [-122.53562312, 37.88997269], [-122.53561175, 37.88997265], [-122.53561186, 37.88995462], [-122.53560049, 37.88995458], [-122.53560054, 37.88994557], [-122.53558917, 37.88994552], [-122.53558923, 37.88993651], [-122.53556648, 37.88993642], [-122.53556654, 37.88992741], [-122.53555517, 37.88992736], [-122.53555522, 37.88991835], [-122.53554385, 37.8899183], [-122.53554402, 37.88989126], [-122.53553265, 37.88989122], [-122.53553271, 37.88988221], [-122.53552133, 37.88988216], [-122.53552145, 37.88986414], [-122.53551007, 37.88986409], [-122.53551024, 37.88983705], [-122.53549887, 37.88983701], [-122.53549893, 37.889828], [-122.53548756, 37.88982795], [-122.53548761, 37.88981894], [-122.53547624, 37.88981889], [-122.53547635, 37.88980087], [-122.53546498, 37.88980082], [-122.53546526, 37.88975576], [-122.53547664, 37.8897558], [-122.53547669, 37.88974679], [-122.53548807, 37.88974684], [-122.53548818, 37.88972881], [-122.5355223, 37.88972894], [-122.53552224, 37.88973796], [-122.53554498, 37.88973805], [-122.53554493, 37.88974706], [-122.53556767, 37.88974715], [-122.53556762, 37.88975616], [-122.53557899, 37.88975621], [-122.53557893, 37.88976522], [-122.53560168, 37.88976531], [-122.53560162, 37.88977432], [-122.53561299, 37.88977437], [-122.53561294, 37.88978338], [-122.53562431, 37.88978343], [-122.53562448, 37.88975639], [-122.53561311, 37.88975634], [-122.53561316, 37.88974733], [-122.53560179, 37.88974728], [-122.53560185, 37.88973827], [-122.53556773, 37.88973814], [-122.53556779, 37.88972912], [-122.53555641, 37.88972908], [-122.53555647, 37.88972007], [-122.5355451, 37.88972002], [-122.53554521, 37.889702], [-122.53553384, 37.88970195], [-122.5355339, 37.88969294], [-122.53552252, 37.88969289], [-122.53552258, 37.88968388], [-122.53553395, 37.88968393], [-122.53553401, 37.88967491], [-122.53554538, 37.88967496], [-122.53554544, 37.88966594], [-122.53555681, 37.88966599], [-122.53555687, 37.88965698], [-122.53557961, 37.88965707], [-122.53557955, 37.88966608], [-122.5356023, 37.88966617], [-122.53560236, 37.88965716], [-122.53563647, 37.88965729], [-122.53563653, 37.88964828], [-122.53565928, 37.88964837], [-122.53565911, 37.88967541], [-122.53568185, 37.8896755], [-122.53568179, 37.88968451], [-122.53570454, 37.8896846], [-122.53570448, 37.88969361], [-122.53571585, 37.88969366], [-122.5357158, 37.88970267], [-122.53572717, 37.88970271], [-122.53572711, 37.88971173], [-122.53573849, 37.88971177], [-122.53573843, 37.88972078], [-122.53577255, 37.88972092], [-122.5357726, 37.88971191], [-122.53578398, 37.88971195], [-122.53578403, 37.88970294], [-122.53580678, 37.88970303], [-122.53580672, 37.88971204], [-122.53584084, 37.88971218], [-122.53584078, 37.88972119], [-122.53585215, 37.88972123], [-122.5358521, 37.88973025], [-122.53586347, 37.88973029], [-122.53586353, 37.88972128], [-122.53588627, 37.88972137], [-122.53588622, 37.88973038], [-122.53589759, 37.88973042], [-122.53589753, 37.88973944], [-122.5359089, 37.88973948], [-122.53590885, 37.8897485], [-122.53595434, 37.88974867], [-122.53595411, 37.88978473], [-122.53598823, 37.88978486], [-122.53598817, 37.88979387], [-122.53601092, 37.88979396], [-122.53601086, 37.88980298], [-122.53602223, 37.88980302], [-122.53602218, 37.88981203], [-122.53604492, 37.88981212], [-122.53604486, 37.88982114], [-122.53606761, 37.88982122], [-122.53606755, 37.88983024], [-122.53619265, 37.88983073], [-122.53619271, 37.88982172], [-122.53626094, 37.88982199], [-122.53626089, 37.889831], [-122.536295, 37.88983113], [-122.53629506, 37.88982212], [-122.53635192, 37.88982235], [-122.53635198, 37.88981333], [-122.5363861, 37.88981347], [-122.53638615, 37.88980445], [-122.5364089, 37.88980454], [-122.53640892, 37.88980031], [-122.53652867, 37.88981031], [-122.53654136, 37.8898154], [-122.53674786, 37.88989818], [-122.5367495, 37.88989871], [-122.53693289, 37.88995844], [-122.53719626, 37.88997418], [-122.53719645, 37.88997419], [-122.5371981, 37.88997268], [-122.53721645, 37.88995585], [-122.53737598, 37.88981917], [-122.53747376, 37.88974179], [-122.53749269, 37.88972681], [-122.53749321, 37.88972598], [-122.53749924, 37.88971628], [-122.53762767, 37.88954451], [-122.53769866, 37.88944701], [-122.53770944, 37.8894322], [-122.53770972, 37.88943181], [-122.53770985, 37.88943164], [-122.53770047, 37.88941417], [-122.53769092, 37.88939639], [-122.53762892, 37.88927964], [-122.53762887, 37.88927955], [-122.5376286, 37.88927903], [-122.53758049, 37.88918843], [-122.5375202, 37.88906941], [-122.53744955, 37.88892994], [-122.53744877, 37.88892838], [-122.53746512, 37.88892536], [-122.53784196, 37.88885582], [-122.53784228, 37.88885726], [-122.53784235, 37.88885757], [-122.53784264, 37.8888589], [-122.53784356, 37.88886305], [-122.53785153, 37.88889908], [-122.53786301, 37.88889699], [-122.53791013, 37.8888884], [-122.53791041, 37.88888835], [-122.53791117, 37.88888822], [-122.53791338, 37.88888781], [-122.53824367, 37.8887842], [-122.5387135, 37.88863784], [-122.53880029, 37.8886196], [-122.53881927, 37.88876357], [-122.53891703, 37.88887797], [-122.53899581, 37.88895847], [-122.53899579, 37.88895847], [-122.53899574, 37.88896748], [-122.53897299, 37.88896739], [-122.53897294, 37.8889764], [-122.53896156, 37.88897636], [-122.53896151, 37.88898537], [-122.53884778, 37.88898493], [-122.53884784, 37.88897591], [-122.53883647, 37.88897587], [-122.53883658, 37.88895784], [-122.53882521, 37.8889578], [-122.53882527, 37.88894879], [-122.53880252, 37.8889487], [-122.53880246, 37.88895771], [-122.53877972, 37.88895762], [-122.53877961, 37.88897565], [-122.53876823, 37.8889756], [-122.53876818, 37.88898462], [-122.53874543, 37.88898453], [-122.53874538, 37.88899354], [-122.53872263, 37.88899345], [-122.53872258, 37.88900246], [-122.5387112, 37.88900242], [-122.53871115, 37.88901143], [-122.53869978, 37.88901139], [-122.53869972, 37.8890204], [-122.53868835, 37.88902035], [-122.53868795, 37.88908344], [-122.53869933, 37.88908349], [-122.53869916, 37.88911053], [-122.53868778, 37.88911048], [-122.53868756, 37.88914653], [-122.53864207, 37.88914636], [-122.53864201, 37.88915537], [-122.53861927, 37.88915528], [-122.53861921, 37.88916429], [-122.53860784, 37.88916425], [-122.53860739, 37.88923635], [-122.53859602, 37.8892363], [-122.53859585, 37.88926334], [-122.53858448, 37.8892633], [-122.53858442, 37.88927231], [-122.53859579, 37.88927236], [-122.53859574, 37.88928137], [-122.53860711, 37.88928141], [-122.53860705, 37.88929043], [-122.5386298, 37.88929052], [-122.53862974, 37.88929953], [-122.53864111, 37.88929957], [-122.53864095, 37.88932661], [-122.53862957, 37.88932657], [-122.53862946, 37.88934459], [-122.53861809, 37.88934455], [-122.53861803, 37.88935356], [-122.53860666, 37.88935352], [-122.53860655, 37.88937154], [-122.53859517, 37.8893715], [-122.53859506, 37.88938952], [-122.53858369, 37.88938948], [-122.53858363, 37.88939849], [-122.53857226, 37.88939845], [-122.53857209, 37.88942548], [-122.53856072, 37.88942544], [-122.53856066, 37.88943445], [-122.53854929, 37.88943441], [-122.53854923, 37.88944342], [-122.53853786, 37.88944338], [-122.53853769, 37.88947041], [-122.53852632, 37.88947037], [-122.5385261, 37.88950642], [-122.53853747, 37.88950647], [-122.53853724, 37.88954252], [-122.53854862, 37.88954256], [-122.53854845, 37.8895696], [-122.53855982, 37.88956964], [-122.53855965, 37.88959668], [-122.53857102, 37.88959673], [-122.53857097, 37.88960574], [-122.53858234, 37.88960578], [-122.53858223, 37.88962381], [-122.5385936, 37.88962385], [-122.53859349, 37.88964188], [-122.53860486, 37.88964192], [-122.53860475, 37.88965995], [-122.53861612, 37.88965999], [-122.53861601, 37.88967802], [-122.53862738, 37.88967806], [-122.53862704, 37.88973214], [-122.53863841, 37.88973219], [-122.53863785, 37.88982231], [-122.53862648, 37.88982227], [-122.53862625, 37.88985832], [-122.53863763, 37.88985836], [-122.53863757, 37.88986738], [-122.53864894, 37.88986742], [-122.53864883, 37.88988545], [-122.5386602, 37.88988549], [-122.53866015, 37.8898945], [-122.53867152, 37.88989455], [-122.53867146, 37.88990356], [-122.53868284, 37.88990361], [-122.53868272, 37.88992163], [-122.5386941, 37.88992168], [-122.53869404, 37.88993069], [-122.53870541, 37.88993073], [-122.5387053, 37.88994876], [-122.53871667, 37.8899488], [-122.53871662, 37.88995782], [-122.53872799, 37.88995786], [-122.53872788, 37.88997589], [-122.53873925, 37.88997593], [-122.53873914, 37.88999396], [-122.53875051, 37.889994], [-122.53875045, 37.89000301], [-122.53876182, 37.89000306], [-122.53876166, 37.8900301], [-122.53877303, 37.89003014], [-122.53877292, 37.89004817], [-122.53878429, 37.89004821], [-122.53878423, 37.89005722], [-122.53880698, 37.89005731], [-122.53880703, 37.8900483], [-122.53882978, 37.89004839], [-122.53882984, 37.89003938], [-122.53884121, 37.89003942], [-122.53884126, 37.89003041], [-122.53893224, 37.89003077], [-122.53893219, 37.89003978], [-122.53897768, 37.89003996], [-122.53897762, 37.89004897], [-122.53904586, 37.89004924], [-122.53904591, 37.89004022], [-122.53908003, 37.89004036], [-122.53908009, 37.89003134], [-122.53909146, 37.89003139], [-122.53909152, 37.89002238], [-122.53910289, 37.89002242], [-122.539103, 37.8900044], [-122.53911437, 37.89000444], [-122.53911443, 37.88999543], [-122.5391258, 37.88999547], [-122.53912586, 37.88998646], [-122.53925096, 37.88998695], [-122.53925101, 37.88997794], [-122.53926238, 37.88997798], [-122.53926244, 37.88996897], [-122.53927381, 37.88996901], [-122.53927387, 37.88996], [-122.53933073, 37.88996022], [-122.53933068, 37.88996923], [-122.53934205, 37.88996928], [-122.53934182, 37.89000533], [-122.5393532, 37.89000537], [-122.53935297, 37.89004143], [-122.53938709, 37.89004156], [-122.53938715, 37.89003255], [-122.53943264, 37.89003272], [-122.53943269, 37.89002371], [-122.53944406, 37.89002376], [-122.53944401, 37.89003277], [-122.53945538, 37.89003281], [-122.53945532, 37.89004183], [-122.5394667, 37.89004187], [-122.53946664, 37.89005088], [-122.53955762, 37.89005124], [-122.53955757, 37.89006025], [-122.53956894, 37.8900603], [-122.53956888, 37.89006931], [-122.53958025, 37.89006935], [-122.5395802, 37.89007837], [-122.53960294, 37.89007846], [-122.53960283, 37.89009648], [-122.53962558, 37.89009657], [-122.53962552, 37.89010558], [-122.53968238, 37.89010581], [-122.53968233, 37.89011482], [-122.53972782, 37.890115], [-122.53972776, 37.89012401], [-122.53981874, 37.89012436], [-122.53981869, 37.89013338], [-122.53983006, 37.89013342], [-122.53983011, 37.89012441], [-122.53985286, 37.8901245], [-122.53985291, 37.89011549], [-122.53987566, 37.89011557], [-122.53987572, 37.89010656], [-122.53989846, 37.89010665], [-122.53989852, 37.89009764], [-122.53990989, 37.89009768], [-122.53990995, 37.89008867], [-122.53993269, 37.89008876], [-122.53993275, 37.89007975], [-122.53994412, 37.89007979], [-122.53994418, 37.89007078], [-122.53995555, 37.89007082], [-122.5399556, 37.89006181], [-122.53997835, 37.8900619], [-122.53997841, 37.89005288], [-122.53998978, 37.89005293], [-122.53998983, 37.89004392], [-122.54000121, 37.89004396], [-122.54000126, 37.89003495], [-122.54001264, 37.89003499], [-122.54001269, 37.89002598], [-122.54002406, 37.89002602], [-122.54002412, 37.89001701], [-122.54003549, 37.89001706], [-122.54003555, 37.89000804], [-122.54004692, 37.89000809], [-122.54004698, 37.88999907], [-122.54005835, 37.88999912], [-122.54005841, 37.88999011], [-122.54006978, 37.88999015], [-122.54006983, 37.88998114], [-122.54009258, 37.88998123], [-122.54009269, 37.8899632], [-122.54010406, 37.88996325], [-122.54010418, 37.88994522], [-122.54011555, 37.88994526], [-122.5401156, 37.88993625], [-122.54014972, 37.88993639], [-122.54014978, 37.88992737], [-122.5401839, 37.88992751], [-122.54018395, 37.88991849], [-122.5402067, 37.88991858], [-122.54020692, 37.88988253], [-122.54019555, 37.88988249], [-122.54019566, 37.88986446], [-122.54021841, 37.88986455], [-122.54021846, 37.88985554], [-122.54022983, 37.88985558], [-122.54022967, 37.88988262], [-122.5402979, 37.88988289], [-122.54029801, 37.88986486], [-122.54030939, 37.8898649], [-122.5403095, 37.88984688], [-122.54029813, 37.88984683], [-122.54029824, 37.88982881], [-122.54028687, 37.88982876], [-122.54028692, 37.88981975], [-122.54027555, 37.88981971], [-122.5402756, 37.88981069], [-122.54028698, 37.88981074], [-122.54028731, 37.88975666], [-122.54031006, 37.88975675], [-122.54031017, 37.88973873], [-122.54032154, 37.88973877], [-122.5403216, 37.88972976], [-122.54034434, 37.88972985], [-122.54034446, 37.88971182], [-122.5403672, 37.88971191], [-122.54036765, 37.88963981], [-122.54035628, 37.88963976], [-122.5403565, 37.88960371], [-122.54034513, 37.88960367], [-122.54034518, 37.88959465], [-122.54031107, 37.88959452], [-122.54031101, 37.88960353], [-122.54028827, 37.88960345], [-122.54028832, 37.88959443], [-122.54027695, 37.88959439], [-122.54027712, 37.88956735], [-122.54026575, 37.88956731], [-122.54026586, 37.88954928], [-122.54025449, 37.88954924], [-122.54025454, 37.88954022], [-122.54015219, 37.88953982], [-122.54015219, 37.88953925], [-122.54033286, 37.88953675], [-122.54035787, 37.88952612], [-122.54038313, 37.88951533], [-122.54039971, 37.88950824], [-122.54040422, 37.88950632], [-122.54055057, 37.8894438], [-122.54055645, 37.889452], [-122.54056629, 37.88946571], [-122.54058346, 37.88948965], [-122.54061093, 37.88952793], [-122.5406406, 37.88956928], [-122.54064119, 37.88957066], [-122.5406469, 37.88958401], [-122.54067168, 37.88964195], [-122.54067209, 37.8896428], [-122.54067221, 37.88964304], [-122.54067233, 37.88964329], [-122.54067521, 37.88964926], [-122.54069272, 37.88968548], [-122.54069317, 37.88968642], [-122.54069393, 37.88968799], [-122.54070598, 37.88971292], [-122.54070677, 37.88971456], [-122.54070851, 37.88971816], [-122.54071521, 37.88973203], [-122.54071532, 37.88973197], [-122.54071581, 37.88973173], [-122.54072374, 37.88972775], [-122.54086902, 37.88965499], [-122.54106143, 37.88955863], [-122.54107093, 37.889557], [-122.54113157, 37.88954654], [-122.54122798, 37.88952992], [-122.54125241, 37.88957703], [-122.54131233, 37.88964776], [-122.54136728, 37.88972333], [-122.54137542, 37.88972167], [-122.5416416, 37.88966758], [-122.54175557, 37.88961108], [-122.54176416, 37.88960682], [-122.54188673, 37.88954606], [-122.54189454, 37.88954108], [-122.54205476, 37.88943893], [-122.5420625, 37.88943392], [-122.54216982, 37.88936429], [-122.54221683, 37.88935339], [-122.54222693, 37.88935253], [-122.54233485, 37.88934335], [-122.54234499, 37.88934264], [-122.54250209, 37.88933174], [-122.54250598, 37.8893375], [-122.54258752, 37.8894581], [-122.54259386, 37.88946441], [-122.54284786, 37.88971708], [-122.54284872, 37.88971794], [-122.54285297, 37.88971428], [-122.54287833, 37.88969243], [-122.54292517, 37.88965208], [-122.5430105, 37.88957467], [-122.54301266, 37.88957271], [-122.54306405, 37.8895261], [-122.5430656, 37.88952739], [-122.54307111, 37.88953194], [-122.54307383, 37.8895342], [-122.54320374, 37.88964183], [-122.54319945, 37.88964182], [-122.5431994, 37.88965083], [-122.54318803, 37.88965079], [-122.54318797, 37.8896598], [-122.54314248, 37.88965962], [-122.54314254, 37.88965061], [-122.54313116, 37.88965057], [-122.54313122, 37.88964155], [-122.54304024, 37.8896412], [-122.54304018, 37.88965021], [-122.54299469, 37.88965004], [-122.54299464, 37.88965905], [-122.54297189, 37.88965896], [-122.54297184, 37.88966797], [-122.54294909, 37.88966788], [-122.54294904, 37.8896769], [-122.54292629, 37.88967681], [-122.54292624, 37.88968582], [-122.54291486, 37.88968578], [-122.54291481, 37.88969479], [-122.54290343, 37.88969475], [-122.54290338, 37.88970376], [-122.54288063, 37.88970367], [-122.54288052, 37.8897217], [-122.54286915, 37.88972165], [-122.54286898, 37.88974869], [-122.54285761, 37.88974865], [-122.5428575, 37.88976667], [-122.54284613, 37.88976663], [-122.54284607, 37.88977564], [-122.54282333, 37.88977555], [-122.54282327, 37.88978456], [-122.5428119, 37.88978452], [-122.54281184, 37.88979353], [-122.54280047, 37.88979349], [-122.54280041, 37.8898025], [-122.54278904, 37.88980246], [-122.54278898, 37.88981147], [-122.54277761, 37.88981143], [-122.54277733, 37.88985649], [-122.54276596, 37.88985645], [-122.54276591, 37.88986546], [-122.54274316, 37.88986537], [-122.5427431, 37.88987438], [-122.54273173, 37.88987434], [-122.54273168, 37.88988335], [-122.54270893, 37.88988326], [-122.5427086, 37.88993734], [-122.54269722, 37.8899373], [-122.54269717, 37.88994631], [-122.5426858, 37.88994626], [-122.54268574, 37.88995528], [-122.54267437, 37.88995523], [-122.54267442, 37.88994622], [-122.54266305, 37.88994618], [-122.54266311, 37.88993716], [-122.54261762, 37.88993699], [-122.54261751, 37.88995501], [-122.54262888, 37.88995506], [-122.54262877, 37.88997308], [-122.54264014, 37.88997313], [-122.54263997, 37.89000016], [-122.5426286, 37.89000012], [-122.54262849, 37.89001815], [-122.54261711, 37.8900181], [-122.54261706, 37.89002711], [-122.54260569, 37.89002707], [-122.54260558, 37.8900451], [-122.5425942, 37.89004505], [-122.54259404, 37.89007209], [-122.54258266, 37.89007205], [-122.54258244, 37.8901081], [-122.54259381, 37.89010814], [-122.54259376, 37.89011715], [-122.54260513, 37.8901172], [-122.54260502, 37.89013522], [-122.54262776, 37.89013531], [-122.54262765, 37.89015334], [-122.54263902, 37.89015338], [-122.54263891, 37.89017141], [-122.54265028, 37.89017145], [-122.54265023, 37.89018046], [-122.5426616, 37.89018051], [-122.54266149, 37.89019853], [-122.54267286, 37.89019858], [-122.54267281, 37.89020759], [-122.54268418, 37.89020764], [-122.54268412, 37.89021665], [-122.5426955, 37.89021669], [-122.54269544, 37.89022571], [-122.54270681, 37.89022575], [-122.54270676, 37.89023476], [-122.54274087, 37.89023489], [-122.54274082, 37.89024391], [-122.54275219, 37.89024395], [-122.54275214, 37.89025296], [-122.54276351, 37.89025301], [-122.54276345, 37.89026202], [-122.5427862, 37.89026211], [-122.54278614, 37.89027112], [-122.54279751, 37.89027117], [-122.54279746, 37.89028018], [-122.54280883, 37.89028022], [-122.54280878, 37.89028924], [-122.54282015, 37.89028928], [-122.54282009, 37.89029829], [-122.54283147, 37.89029834], [-122.54283141, 37.89030735], [-122.54285415, 37.89030744], [-122.5428541, 37.89031645], [-122.54286547, 37.8903165], [-122.54286542, 37.89032551], [-122.54287679, 37.89032555], [-122.54287673, 37.89033457], [-122.54288811, 37.89033461], [-122.54288805, 37.89034362], [-122.54291079, 37.89034371], [-122.54291074, 37.89035272], [-122.54293348, 37.89035281], [-122.54293343, 37.89036182], [-122.5429448, 37.89036187], [-122.54294475, 37.89037088], [-122.54296749, 37.89037097], [-122.54296744, 37.89037998], [-122.54299018, 37.89038007], [-122.54299012, 37.89038908], [-122.54301287, 37.89038917], [-122.54301281, 37.89039818], [-122.54302419, 37.89039823], [-122.54302413, 37.89040724], [-122.54304688, 37.89040733], [-122.54304682, 37.89041634], [-122.54306957, 37.89041643], [-122.54306951, 37.89042544], [-122.543115, 37.89042562], [-122.54311494, 37.89043463], [-122.54320593, 37.89043499], [-122.54320587, 37.890444], [-122.54322861, 37.89044409], [-122.54322856, 37.8904531], [-122.54323993, 37.89045314], [-122.54323999, 37.89044413], [-122.54325136, 37.89044418], [-122.5432513, 37.89045319], [-122.54331954, 37.89045345], [-122.54331948, 37.89046247], [-122.54337635, 37.89046269], [-122.54337629, 37.8904717], [-122.5434559, 37.89047201], [-122.54345584, 37.89048102], [-122.54352408, 37.89048129], [-122.54352402, 37.8904903], [-122.54362638, 37.89049069], [-122.54362632, 37.89049971], [-122.54372868, 37.8905001], [-122.54372862, 37.89050912], [-122.54378548, 37.89050934], [-122.54378543, 37.89051835], [-122.54381955, 37.89051848], [-122.54381949, 37.8905275], [-122.54391047, 37.89052785], [-122.54391053, 37.89051884], [-122.54394464, 37.89051897], [-122.5439447, 37.89050995], [-122.54396745, 37.89051004], [-122.5439675, 37.89050103], [-122.54397887, 37.89050107], [-122.54397893, 37.89049206], [-122.5439903, 37.89049211], [-122.54399036, 37.89048309], [-122.54400173, 37.89048314], [-122.54400179, 37.89047412], [-122.54401316, 37.89047417], [-122.54401321, 37.89046515], [-122.54403596, 37.89046524], [-122.54403601, 37.89045623], [-122.54404739, 37.89045627], [-122.54404744, 37.89044726], [-122.54405882, 37.89044731], [-122.54405887, 37.89043829], [-122.54409299, 37.89043842], [-122.54409304, 37.89042941], [-122.54417265, 37.89042972], [-122.5441726, 37.89043873], [-122.54420671, 37.89043887], [-122.54420666, 37.89044788], [-122.54424078, 37.89044801], [-122.54424072, 37.89045702], [-122.54426347, 37.89045711], [-122.54426341, 37.89046612], [-122.54428616, 37.89046621], [-122.5442861, 37.89047522], [-122.54432022, 37.89047536], [-122.54432016, 37.89048437], [-122.54436565, 37.89048455], [-122.5443656, 37.89049356], [-122.54444521, 37.89049387], [-122.54444526, 37.89048485], [-122.54446801, 37.89048494], [-122.54446806, 37.89047593], [-122.54449081, 37.89047602], [-122.54449086, 37.890467], [-122.54450224, 37.89046705], [-122.54450229, 37.89045804], [-122.54451366, 37.89045808], [-122.54451372, 37.89044907], [-122.54452509, 37.89044911], [-122.54452515, 37.8904401], [-122.54453652, 37.89044014], [-122.54453658, 37.89043113], [-122.54454795, 37.89043117], [-122.54454806, 37.89041315], [-122.54455943, 37.89041319], [-122.54455949, 37.89040418], [-122.54457086, 37.89040422], [-122.54457097, 37.8903862], [-122.54458234, 37.89038624], [-122.5445824, 37.89037723], [-122.54459377, 37.89037727], [-122.54459383, 37.89036826], [-122.5446052, 37.8903683], [-122.54460526, 37.89035929], [-122.54461663, 37.89035933], [-122.54461668, 37.89035032], [-122.54463943, 37.89035041], [-122.54463948, 37.8903414], [-122.54469635, 37.89034162], [-122.54469629, 37.89035063], [-122.54471904, 37.89035072], [-122.54471898, 37.89035973], [-122.54473035, 37.89035977], [-122.5447303, 37.89036879], [-122.54475304, 37.89036888], [-122.54475299, 37.89037789], [-122.54476436, 37.89037793], [-122.54476431, 37.89038694], [-122.54477568, 37.89038699], [-122.54477562, 37.890396], [-122.544787, 37.89039605], [-122.54478694, 37.89040506], [-122.54479831, 37.8904051], [-122.54479826, 37.89041412], [-122.544821, 37.8904142], [-122.54482095, 37.89042322], [-122.54484369, 37.8904233], [-122.54484364, 37.89043232], [-122.54486638, 37.8904324], [-122.54486633, 37.89044142], [-122.54490044, 37.89044155], [-122.54490039, 37.89045056], [-122.54493451, 37.89045069], [-122.54493445, 37.89045971], [-122.54504818, 37.89046015], [-122.54504823, 37.89045113], [-122.54508235, 37.89045127], [-122.54508241, 37.89044225], [-122.54510515, 37.89044234], [-122.54510521, 37.89043333], [-122.54512795, 37.89043342], [-122.54512801, 37.8904244], [-122.54515075, 37.89042449], [-122.54515081, 37.89041548], [-122.54517355, 37.89041557], [-122.54517361, 37.89040655], [-122.54527596, 37.89040695], [-122.54527591, 37.89041596], [-122.54529865, 37.89041605], [-122.5452986, 37.89042506], [-122.54532134, 37.89042515], [-122.54532129, 37.89043416], [-122.54534403, 37.89043425], [-122.54534398, 37.89044326], [-122.54536672, 37.89044335], [-122.54536667, 37.89045236], [-122.54537804, 37.89045241], [-122.54537798, 37.89046142], [-122.54540073, 37.89046151], [-122.54540067, 37.89047052], [-122.54541205, 37.89047057], [-122.54541199, 37.89047958], [-122.54542336, 37.89047962], [-122.54542331, 37.89048863], [-122.54543468, 37.89048868], [-122.54543462, 37.89049769], [-122.545446, 37.89049774], [-122.54544594, 37.89050675], [-122.54545731, 37.89050679], [-122.54545726, 37.8905158], [-122.54546863, 37.89051585], [-122.54546858, 37.89052486], [-122.54547995, 37.89052491], [-122.54547989, 37.89053392], [-122.54549127, 37.89053396], [-122.54549115, 37.89055199], [-122.54550253, 37.89055203], [-122.54550242, 37.89057006], [-122.54551379, 37.8905701], [-122.54551373, 37.89057911], [-122.54552511, 37.89057916], [-122.54552505, 37.89058817], [-122.54553642, 37.89058821], [-122.54553637, 37.89059723], [-122.54554774, 37.89059727], [-122.54554769, 37.89060628], [-122.54555906, 37.89060633], [-122.545559, 37.89061534], [-122.54557038, 37.89061538], [-122.54557032, 37.8906244], [-122.54558169, 37.89062444], [-122.54558164, 37.89063345], [-122.54559301, 37.8906335], [-122.54559295, 37.89064251], [-122.5456157, 37.8906426], [-122.54561564, 37.89065161], [-122.54564976, 37.89065174], [-122.54564971, 37.89066076], [-122.54568382, 37.89066089], [-122.54568388, 37.89065187], [-122.545718, 37.89065201], [-122.54571805, 37.89064299], [-122.54572943, 37.89064304], [-122.54572948, 37.89063402], [-122.54574085, 37.89063407], [-122.54574091, 37.89062506], [-122.54575228, 37.8906251], [-122.54575234, 37.89061609], [-122.54576371, 37.89061613], [-122.54576382, 37.89059811], [-122.54577519, 37.89059815], [-122.54577525, 37.89058914], [-122.54578662, 37.89058918], [-122.54578673, 37.89057115], [-122.54579811, 37.8905712], [-122.54579822, 37.89055317], [-122.54580959, 37.89055322], [-122.54580964, 37.8905442], [-122.54582102, 37.89054425], [-122.54582118, 37.89051721], [-122.54583256, 37.89051725], [-122.54583267, 37.89049923], [-122.54584404, 37.89049927], [-122.54584415, 37.89048125], [-122.54585552, 37.89048129], [-122.54585558, 37.89047228], [-122.54586695, 37.89047232], [-122.54586706, 37.8904543], [-122.54587843, 37.89045434], [-122.54587849, 37.89044533], [-122.54588986, 37.89044537], [-122.54588997, 37.89042734], [-122.54590134, 37.89042739], [-122.54590146, 37.89040936], [-122.54591283, 37.89040941], [-122.54591294, 37.89039138], [-122.54592431, 37.89039143], [-122.54592437, 37.89038241], [-122.54593574, 37.89038246], [-122.54593579, 37.89037344], [-122.54594717, 37.89037349], [-122.54594728, 37.89035546], [-122.54595865, 37.89035551], [-122.54595876, 37.89033748], [-122.54597013, 37.89033752], [-122.54597019, 37.89032851], [-122.54598156, 37.89032856], [-122.54598162, 37.89031954], [-122.54599299, 37.89031959], [-122.5459931, 37.89030156], [-122.54600447, 37.8903016], [-122.54600453, 37.89029259], [-122.5460159, 37.89029264], [-122.54601596, 37.89028362], [-122.54602733, 37.89028367], [-122.54602744, 37.89026564], [-122.54603881, 37.89026568], [-122.54603892, 37.89024766], [-122.5460503, 37.8902477], [-122.54605041, 37.89022968], [-122.54606178, 37.89022972], [-122.54606189, 37.8902117], [-122.54607326, 37.89021174], [-122.54607337, 37.89019371], [-122.54608474, 37.89019376], [-122.54608486, 37.89017573], [-122.54609623, 37.89017578], [-122.54609634, 37.89015775], [-122.54610771, 37.89015779], [-122.54610793, 37.89012174], [-122.54611931, 37.89012179], [-122.54611942, 37.89010376], [-122.54613079, 37.89010381], [-122.5461309, 37.89008578], [-122.54614227, 37.89008582], [-122.54614233, 37.89007681], [-122.5461537, 37.89007685], [-122.54615381, 37.89005883], [-122.54616518, 37.89005887], [-122.54616524, 37.89004986], [-122.54618798, 37.89004995], [-122.54618804, 37.89004094], [-122.54619941, 37.89004098], [-122.54619936, 37.89004999], [-122.5462221, 37.89005008], [-122.54622205, 37.89005909], [-122.54623342, 37.89005914], [-122.54623336, 37.89006815], [-122.54625611, 37.89006824], [-122.54625605, 37.89007725], [-122.54626743, 37.89007729], [-122.54626737, 37.89008631], [-122.54627874, 37.89008635], [-122.54627869, 37.89009536], [-122.54630143, 37.89009545], [-122.54630138, 37.89010446], [-122.54631275, 37.89010451], [-122.54631269, 37.89011352], [-122.54632407, 37.89011356], [-122.54632401, 37.89012258], [-122.54633538, 37.89012262], [-122.54633533, 37.89013163], [-122.5463467, 37.89013168], [-122.54634665, 37.89014069], [-122.54636939, 37.89014078], [-122.54636934, 37.89014979], [-122.54638071, 37.89014983], [-122.54638065, 37.89015885], [-122.54639203, 37.89015889], [-122.54639197, 37.8901679], [-122.54640334, 37.89016795], [-122.54640329, 37.89017696], [-122.54641466, 37.890177], [-122.5464146, 37.89018602], [-122.54642598, 37.89018606], [-122.54642592, 37.89019507], [-122.54643729, 37.89019512], [-122.54643724, 37.89020413], [-122.54644861, 37.89020417], [-122.54644856, 37.89021319], [-122.54645993, 37.89021323], [-122.54645987, 37.89022224], [-122.54647125, 37.89022229], [-122.54647119, 37.8902313], [-122.54648256, 37.89023134], [-122.54648251, 37.89024036], [-122.54650525, 37.89024044], [-122.5465052, 37.89024946], [-122.54651657, 37.8902495], [-122.54651652, 37.89025851], [-122.54653926, 37.8902586], [-122.54653921, 37.89026761], [-122.54657332, 37.89026774], [-122.54657327, 37.89027676], [-122.54661876, 37.89027693], [-122.5466187, 37.89028595], [-122.54667557, 37.89028616], [-122.54667562, 37.89027715], [-122.54669837, 37.89027724], [-122.54669842, 37.89026823], [-122.54670979, 37.89026827], [-122.54670985, 37.89025926], [-122.54673259, 37.89025935], [-122.54673265, 37.89025033], [-122.54674402, 37.89025038], [-122.54674408, 37.89024136], [-122.54675545, 37.89024141], [-122.54675551, 37.89023239], [-122.54676688, 37.89023244], [-122.54676693, 37.89022343], [-122.54677831, 37.89022347], [-122.54677836, 37.89021446], [-122.54678973, 37.8902145], [-122.54678984, 37.89019647], [-122.54680122, 37.89019652], [-122.54680127, 37.89018751], [-122.54681264, 37.89018755], [-122.5468127, 37.89017854], [-122.54682407, 37.89017858], [-122.54682413, 37.89016957], [-122.5468355, 37.89016961], [-122.54683556, 37.8901606], [-122.5468583, 37.89016069], [-122.54685836, 37.89015167], [-122.54686973, 37.89015172], [-122.54686978, 37.8901427], [-122.54689253, 37.89014279], [-122.54689258, 37.89013378], [-122.54690396, 37.89013382], [-122.54690401, 37.89012481], [-122.54692676, 37.8901249], [-122.54692681, 37.89011589], [-122.54696093, 37.89011602], [-122.54696099, 37.890107], [-122.5469951, 37.89010713], [-122.54699505, 37.89011615], [-122.54705191, 37.89011637], [-122.54705186, 37.89012538], [-122.54710872, 37.8901256], [-122.54710866, 37.89013461], [-122.54714278, 37.89013474], [-122.54714273, 37.89014375], [-122.54726782, 37.89014424], [-122.54726788, 37.89013522], [-122.547302, 37.89013535], [-122.54730205, 37.89012634], [-122.54731342, 37.89012639], [-122.54731348, 37.89011737], [-122.54733622, 37.89011746], [-122.54733628, 37.89010845], [-122.54734765, 37.89010849], [-122.54734771, 37.89009948], [-122.54735908, 37.89009952], [-122.54735914, 37.89009051], [-122.54738188, 37.8900906], [-122.54738194, 37.89008158], [-122.54739331, 37.89008163], [-122.54739336, 37.89007261], [-122.54740474, 37.89007266], [-122.54740479, 37.89006365], [-122.54741616, 37.89006369], [-122.54741622, 37.89005468], [-122.54742759, 37.89005472], [-122.54742765, 37.89004571], [-122.54743902, 37.89004575], [-122.54743907, 37.89003674], [-122.54745045, 37.89003678], [-122.5474505, 37.89002777], [-122.54746187, 37.89002781], [-122.54746193, 37.8900188], [-122.5474733, 37.89001884], [-122.54747336, 37.89000983], [-122.5474961, 37.89000992], [-122.54749616, 37.89000091], [-122.54750753, 37.89000095], [-122.54750759, 37.88999194], [-122.54751896, 37.88999198], [-122.54751901, 37.88998297], [-122.54753039, 37.88998301], [-122.54753044, 37.889974], [-122.54754181, 37.88997404], [-122.54754187, 37.88996503], [-122.54755324, 37.88996507], [-122.5475533, 37.88995606], [-122.54756467, 37.8899561], [-122.54756472, 37.88994709], [-122.5475761, 37.88994714], [-122.54757615, 37.88993812], [-122.54758752, 37.88993817], [-122.5475878, 37.8898931], [-122.54759917, 37.88989315], [-122.54759923, 37.88988413], [-122.54769021, 37.88988448], [-122.54769015, 37.8898935], [-122.54774702, 37.88989371], [-122.54774707, 37.8898847], [-122.54784942, 37.88988509], [-122.54784937, 37.88989411], [-122.54789486, 37.88989428], [-122.5478948, 37.88990329], [-122.54790618, 37.88990334], [-122.54790612, 37.88991235], [-122.54791749, 37.88991239], [-122.54791744, 37.88992141], [-122.54792881, 37.88992145], [-122.54792876, 37.88993046], [-122.54794013, 37.88993051], [-122.54794007, 37.88993952], [-122.54796282, 37.88993961], [-122.54796276, 37.88994862], [-122.54798551, 37.88994871], [-122.54798545, 37.88995772], [-122.5480082, 37.88995781], [-122.54800814, 37.88996682], [-122.54801952, 37.88996686], [-122.54801946, 37.88997588], [-122.54803083, 37.88997592], [-122.54803078, 37.88998493], [-122.54804215, 37.88998498], [-122.5480421, 37.88999399], [-122.54805347, 37.88999403], [-122.54805341, 37.89000305], [-122.54806479, 37.89000309], [-122.54806473, 37.8900121], [-122.5480761, 37.89001215], [-122.54807599, 37.89003017], [-122.54809874, 37.89003026], [-122.54809868, 37.89003927], [-122.54811005, 37.89003932], [-122.54811, 37.89004833], [-122.54813275, 37.89004842], [-122.54813269, 37.89005743], [-122.54815544, 37.89005752], [-122.54815538, 37.89006653], [-122.54816675, 37.89006657], [-122.5481667, 37.89007559], [-122.54817807, 37.89007563], [-122.54817801, 37.89008464], [-122.54820076, 37.89008473], [-122.5482007, 37.89009374], [-122.54823482, 37.89009387], [-122.54823477, 37.89010289], [-122.54825751, 37.89010297], [-122.54825746, 37.89011199], [-122.54831432, 37.8901122], [-122.54831427, 37.89012122], [-122.54837113, 37.89012144], [-122.54837107, 37.89013045], [-122.54842794, 37.89013067], [-122.54842799, 37.89012165], [-122.54846211, 37.89012178], [-122.54846216, 37.89011277], [-122.54850765, 37.89011295], [-122.54850771, 37.89010393], [-122.54856457, 37.89010415], [-122.54856463, 37.89009514], [-122.54867835, 37.89009557], [-122.5486783, 37.89010459], [-122.54870104, 37.89010467], [-122.54870099, 37.89011369], [-122.54871236, 37.89011373], [-122.54871231, 37.89012274], [-122.54872368, 37.89012279], [-122.54872362, 37.8901318], [-122.548735, 37.89013184], [-122.54873494, 37.89014086], [-122.54874631, 37.8901409], [-122.54874626, 37.89014991], [-122.54875763, 37.89014996], [-122.54875758, 37.89015897], [-122.54876895, 37.89015901], [-122.54876884, 37.89017704], [-122.54878021, 37.89017708], [-122.54878016, 37.89018609], [-122.54879153, 37.89018614], [-122.54879147, 37.89019515], [-122.54881422, 37.89019524], [-122.54881416, 37.89020425], [-122.54882554, 37.89020429], [-122.54882548, 37.89021331], [-122.54887097, 37.89021348], [-122.54887092, 37.89022249], [-122.5489619, 37.89022284], [-122.54896184, 37.89023186], [-122.54898459, 37.89023194], [-122.54898464, 37.89022293], [-122.54903013, 37.8902231], [-122.54903008, 37.89023212], [-122.54905282, 37.8902322], [-122.54905288, 37.89022319], [-122.54908978, 37.89022333], [-122.54913374, 37.89028087], [-122.54914076, 37.89029006], [-122.54915213, 37.89030496], [-122.54915292, 37.89030599], [-122.54915305, 37.89030617], [-122.54915785, 37.89031245], [-122.54929131, 37.89048714], [-122.54929942, 37.89049775], [-122.54930106, 37.8904999], [-122.54926979, 37.89062187], [-122.54926703, 37.89063261], [-122.5490951, 37.89078238], [-122.54909266, 37.8907845], [-122.54908361, 37.89093802], [-122.54908319, 37.89094507], [-122.54894175, 37.89115995], [-122.54873048, 37.8913363], [-122.54860539, 37.89142708], [-122.5484889, 37.89164053], [-122.54848702, 37.89164398], [-122.54848453, 37.89164854], [-122.54860962, 37.89190733], [-122.5486098, 37.89190768], [-122.54861349, 37.89191532], [-122.54861012, 37.89191676], [-122.54835536, 37.89202617], [-122.54835488, 37.89202664], [-122.54812252, 37.89225159], [-122.54812142, 37.89225266], [-122.54808664, 37.89243727], [-122.54808534, 37.89244421], [-122.54796567, 37.89273234], [-122.54796331, 37.89273804], [-122.54796241, 37.89274021], [-122.54796264, 37.8927425], [-122.54796415, 37.89275777], [-122.5479721, 37.89283773], [-122.54828079, 37.89301887], [-122.54828565, 37.89301916], [-122.54837197, 37.89302441], [-122.54886209, 37.89285189], [-122.54887338, 37.89285764], [-122.54906292, 37.89295419], [-122.54906409, 37.89295478], [-122.54907633, 37.89296102], [-122.5491108, 37.89297858], [-122.54928195, 37.89322646], [-122.54929276, 37.8932283], [-122.54936451, 37.89324052], [-122.54944708, 37.89320337], [-122.54945007, 37.89320203], [-122.54974288, 37.89278671], [-122.5497435, 37.89278582], [-122.55010799, 37.89268163], [-122.55016722, 37.8926647], [-122.55016744, 37.8926735], [-122.55017724, 37.89306172], [-122.55021797, 37.89313051], [-122.55021786, 37.89314786], [-122.55022826, 37.8931479], [-122.55022922, 37.89314953], [-122.55022912, 37.89316593], [-122.55023896, 37.89316597], [-122.55024048, 37.89316854], [-122.55024039, 37.893184], [-122.55024965, 37.89318403], [-122.55025174, 37.89318756], [-122.55025171, 37.89319305], [-122.550255, 37.89319307], [-122.550263, 37.89320657], [-122.55026297, 37.89321112], [-122.5502657, 37.89321113], [-122.55028594, 37.89324532], [-122.55029726, 37.89324748], [-122.55033095, 37.89325389], [-122.55033093, 37.89325645], [-122.55034469, 37.8932565], [-122.55035367, 37.89325821], [-122.55035362, 37.89326555], [-122.550365, 37.89326559], [-122.55036494, 37.8932746], [-122.55038769, 37.89327469], [-122.55038763, 37.8932837], [-122.55041038, 37.89328379], [-122.55041033, 37.8932928], [-122.55044444, 37.89329293], [-122.55044439, 37.89330195], [-122.550524, 37.89330225], [-122.55052395, 37.89331126], [-122.55061493, 37.89331161], [-122.55061488, 37.89332062], [-122.55068315, 37.89332088], [-122.55069447, 37.89332304], [-122.55069443, 37.89332994], [-122.55072855, 37.89333007]], [[-122.53559059, 37.8897202], [-122.53559053, 37.88972921], [-122.53561328, 37.8897293], [-122.53561333, 37.88972029], [-122.53559059, 37.8897202]]]}, "properties": {"id": 45, "elev_class": 4, "fill_color": "#e8dfa8", "elev_range_ft": "306-444 ft", "area_m2": 444731.9, "area_acres": 109.8956, "n_pixels": 446092, "elev_mean_ft": 371.4, "elev_min_ft": 306.1, "elev_max_ft": 444.3, "clipped_to_aoi": true}}]}