{
"type": "FeatureCollection",
"name": "homestead_streets",
"crs": { "type": "name", "properties": { "name": "urn:ogc:def:crs:OGC:1.3:CRS84" } },
"features": [
{ "type": "Feature", "properties": { "osm_id": 88159926, "osm_type": "ways_line", "opening_hours": null, "capacity": null, "power": null, "surface": null, "historic": null, "building": null, "amenity": null, "fuel": null, "tunnel": null, "railway": null, "width": null, "oneway": null, "highway": "footway", "smoothness": null, "water": null, "name": "Ridgewood Trail", "natural": null, "parking": null, "waterway": null, "landuse": null, "layer": null, "religion": null, "operator": null, "barrier": null, "bridge": null, "leisure": null, "denomination": null, "backup_generator": null }, "geometry": { "type": "MultiLineString", "coordinates": [ [ [ -122.5566999, 37.9006706 ], [ -122.5567099, 37.9005973 ] ] ] } },
{ "type": "Feature", "properties": { "osm_id": 88159864, "osm_type": "ways_line", "opening_hours": null, "capacity": null, "power": null, "surface": null, "historic": null, "building": null, "amenity": null, "fuel": null, "tunnel": null, "railway": null, "width": null, "oneway": null, "highway": "footway", "smoothness": null, "water": null, "name": "Stolte Grove", "natural": null, "parking": null, "waterway": null, "landuse": null, "layer": null, "religion": null, "operator": null, "barrier": null, "bridge": null, "leisure": null, "denomination": null, "backup_generator": null }, "geometry": { "type": "MultiLineString", "coordinates": [ [ [ -122.5565844, 37.90068 ], [ -122.5566452, 37.9006686 ], [ -122.5566999, 37.9006706 ] ] ] } },
{ "type": "Feature", "properties": { "osm_id": 88160087, "osm_type": "ways_line", "opening_hours": null, "capacity": null, "power": null, "surface": null, "historic": null, "building": null, "amenity": null, "fuel": null, "tunnel": null, "railway": null, "width": null, "oneway": null, "highway": "footway", "smoothness": null, "water": null, "name": "Cowboy Rock Trail", "natural": null, "parking": null, "waterway": null, "landuse": null, "layer": null, "religion": null, "operator": null, "barrier": null, "bridge": null, "leisure": null, "denomination": null, "backup_generator": null }, "geometry": { "type": "MultiLineString", "coordinates": [ [ [ -122.5566999, 37.9006706 ], [ -122.5566963, 37.9007378 ], [ -122.5567098, 37.9008071 ], [ -122.5566895, 37.9008482 ], [ -122.5566567, 37.9009189 ], [ -122.5566191, 37.9009509 ] ] ] } },
{ "type": "Feature", "properties": { "osm_id": 88159916, "osm_type": "ways_line", "opening_hours": null, "capacity": null, "power": null, "surface": null, "historic": null, "building": null, "amenity": null, "fuel": null, "tunnel": null, "railway": null, "width": null, "oneway": null, "highway": "steps", "smoothness": null, "water": null, "name": "Cowboy Rock Trail", "natural": null, "parking": null, "waterway": null, "landuse": null, "layer": null, "religion": null, "operator": null, "barrier": null, "bridge": null, "leisure": null, "denomination": null, "backup_generator": null }, "geometry": { "type": "MultiLineString", "coordinates": [ [ [ -122.5566191, 37.9009509 ], [ -122.5565921, 37.9009927 ], [ -122.5565815, 37.9010194 ], [ -122.5565844, 37.9010414 ], [ -122.5566374, 37.9010452 ], [ -122.5566857, 37.9010521 ], [ -122.5567088, 37.9010612 ], [ -122.5567686, 37.901062 ] ] ] } },
{ "type": "Feature", "properties": { "osm_id": 12187283, "osm_type": "ways_line", "opening_hours": null, "capacity": null, "power": null, "surface": null, "historic": null, "building": null, "amenity": null, "fuel": null, "tunnel": null, "railway": null, "width": null, "oneway": null, "highway": "residential", "smoothness": null, "water": null, "name": "Cherry Blossom Lane", "natural": null, "parking": null, "waterway": null, "landuse": null, "layer": null, "religion": null, "operator": null, "barrier": null, "bridge": null, "leisure": null, "denomination": null, "backup_generator": null }, "geometry": { "type": "MultiLineString", "coordinates": [ [ [ -122.5433628, 37.8970118 ], [ -122.5432768, 37.8977073 ], [ -122.543134, 37.8981426 ] ] ] } },
{ "type": "Feature", "properties": { "osm_id": 944962433, "osm_type": "ways_line", "opening_hours": null, "capacity": null, "power": null, "surface": null, "historic": null, "building": null, "amenity": null, "fuel": null, "tunnel": null, "railway": null, "width": null, "oneway": null, "highway": "service", "smoothness": null, "water": null, "name": null, "natural": null, "parking": null, "waterway": null, "landuse": null, "layer": null, "religion": null, "operator": null, "barrier": null, "bridge": null, "leisure": null, "denomination": null, "backup_generator": null }, "geometry": { "type": "MultiLineString", "coordinates": [ [ [ -122.5450797, 37.897691 ], [ -122.5450213, 37.8977052 ], [ -122.5449841, 37.8977052 ], [ -122.5449547, 37.8976975 ], [ -122.5449273, 37.8976815 ], [ -122.5448816, 37.8976465 ], [ -122.5448176, 37.8975805 ], [ -122.5447909, 37.8975553 ], [ -122.544725, 37.8974904 ], [ -122.5446675, 37.8974389 ], [ -122.5446349, 37.8974131 ], [ -122.5445644, 37.8973735 ] ] ] } },
{ "type": "Feature", "properties": { "osm_id": 12182407, "osm_type": "ways_line", "opening_hours": null, "capacity": null, "power": null, "surface": null, "historic": null, "building": null, "amenity": null, "fuel": null, "tunnel": null, "railway": null, "width": null, "oneway": null, "highway": "residential", "smoothness": null, "water": null, "name": "Montford Place", "natural": null, "parking": null, "waterway": null, "landuse": null, "layer": null, "religion": null, "operator": null, "barrier": null, "bridge": null, "leisure": null, "denomination": null, "backup_generator": null }, "geometry": { "type": "MultiLineString", "coordinates": [ [ [ -122.5450742, 37.8976619 ], [ -122.5450797, 37.897691 ], [ -122.5451421, 37.8980105 ], [ -122.545204, 37.8981942 ], [ -122.5452791, 37.8983307 ], [ -122.5453377, 37.898404 ] ] ] } },
{ "type": "Feature", "properties": { "osm_id": 12175192, "osm_type": "ways_line", "opening_hours": null, "capacity": null, "power": null, "surface": null, "historic": null, "building": null, "amenity": null, "fuel": null, "tunnel": null, "railway": null, "width": null, "oneway": null, "highway": "residential", "smoothness": null, "water": null, "name": "Bayview Drive", "natural": null, "parking": null, "waterway": null, "landuse": null, "layer": null, "religion": null, "operator": null, "barrier": null, "bridge": null, "leisure": null, "denomination": null, "backup_generator": null }, "geometry": { "type": "MultiLineString", "coordinates": [ [ [ -122.5597149, 37.8991393 ], [ -122.559749424636209, 37.899038027733774 ] ] ] } },
{ "type": "Feature", "properties": { "osm_id": 39210542, "osm_type": "ways_line", "opening_hours": null, "capacity": null, "power": null, "surface": null, "historic": null, "building": null, "amenity": null, "fuel": null, "tunnel": null, "railway": null, "width": null, "oneway": null, "highway": "residential", "smoothness": null, "water": null, "name": null, "natural": null, "parking": null, "waterway": null, "landuse": null, "layer": null, "religion": null, "operator": null, "barrier": null, "bridge": null, "leisure": null, "denomination": null, "backup_generator": null }, "geometry": { "type": "MultiLineString", "coordinates": [ [ [ -122.5582226, 37.8975063 ], [ -122.5582483, 37.8977501 ], [ -122.5578878, 37.8979533 ] ] ] } },
{ "type": "Feature", "properties": { "osm_id": 759537622, "osm_type": "ways_line", "opening_hours": null, "capacity": null, "power": null, "surface": null, "historic": null, "building": null, "amenity": null, "fuel": null, "tunnel": null, "railway": null, "width": null, "oneway": null, "highway": "service", "smoothness": null, "water": null, "name": null, "natural": null, "parking": null, "waterway": null, "landuse": null, "layer": null, "religion": null, "operator": null, "barrier": null, "bridge": null, "leisure": null, "denomination": null, "backup_generator": null }, "geometry": { "type": "MultiLineString", "coordinates": [ [ [ -122.5471822, 37.8975626 ], [ -122.5472181, 37.8975322 ], [ -122.5473138, 37.8975369 ], [ -122.5475043, 37.897587 ], [ -122.5476151, 37.89763 ], [ -122.5476957, 37.8976499 ], [ -122.5477622, 37.8976371 ], [ -122.5478066, 37.8976165 ], [ -122.5478388, 37.8975743 ], [ -122.5478721, 37.8975131 ], [ -122.5479426, 37.8972666 ], [ -122.5479839, 37.8972157 ] ] ] } },
{ "type": "Feature", "properties": { "osm_id": 759537623, "osm_type": "ways_line", "opening_hours": null, "capacity": null, "power": null, "surface": null, "historic": null, "building": null, "amenity": null, "fuel": null, "tunnel": null, "railway": null, "width": null, "oneway": null, "highway": "service", "smoothness": null, "water": null, "name": null, "natural": null, "parking": null, "waterway": null, "landuse": null, "layer": null, "religion": null, "operator": null, "barrier": null, "bridge": null, "leisure": null, "denomination": null, "backup_generator": null }, "geometry": { "type": "MultiLineString", "coordinates": [ [ [ -122.5506263, 37.8975693 ], [ -122.550389, 37.8976248 ], [ -122.5502049, 37.8976687 ], [ -122.5501426, 37.8976551 ], [ -122.5501122, 37.8975808 ], [ -122.5501294, 37.8975296 ], [ -122.5500963, 37.8974721 ], [ -122.5499903, 37.8974387 ], [ -122.5498711, 37.8973948 ] ] ] } },
{ "type": "Feature", "properties": { "osm_id": 944681385, "osm_type": "ways_line", "opening_hours": null, "capacity": null, "power": null, "surface": null, "historic": null, "building": null, "amenity": null, "fuel": null, "tunnel": null, "railway": null, "width": null, "oneway": null, "highway": "service", "smoothness": null, "water": null, "name": null, "natural": null, "parking": null, "waterway": null, "landuse": null, "layer": null, "religion": null, "operator": null, "barrier": null, "bridge": null, "leisure": null, "denomination": null, "backup_generator": null }, "geometry": { "type": "MultiLineString", "coordinates": [ [ [ -122.5497844, 37.898869 ], [ -122.5497745, 37.8987989 ], [ -122.5497522, 37.8985689 ], [ -122.5497591, 37.8983396 ] ] ] } },
{ "type": "Feature", "properties": { "osm_id": 725825493, "osm_type": "ways_line", "opening_hours": null, "capacity": null, "power": null, "surface": null, "historic": null, "building": null, "amenity": null, "fuel": null, "tunnel": null, "railway": null, "width": null, "oneway": null, "highway": "service", "smoothness": null, "water": null, "name": null, "natural": null, "parking": null, "waterway": null, "landuse": null, "layer": null, "religion": null, "operator": null, "barrier": null, "bridge": null, "leisure": null, "denomination": null, "backup_generator": null }, "geometry": { "type": "MultiLineString", "coordinates": [ [ [ -122.5510932, 37.8991595 ], [ -122.5511489, 37.8991084 ], [ -122.5513099, 37.8990355 ], [ -122.5515294, 37.8989443 ], [ -122.551692, 37.898875 ], [ -122.5517413, 37.898824 ], [ -122.5516719, 37.8987675 ] ] ] } },
{ "type": "Feature", "properties": { "osm_id": 790313189, "osm_type": "ways_line", "opening_hours": null, "capacity": null, "power": null, "surface": null, "historic": null, "building": null, "amenity": null, "fuel": null, "tunnel": null, "railway": null, "width": null, "oneway": null, "highway": "service", "smoothness": null, "water": null, "name": null, "natural": null, "parking": null, "waterway": null, "landuse": null, "layer": null, "religion": null, "operator": null, "barrier": null, "bridge": null, "leisure": null, "denomination": null, "backup_generator": null }, "geometry": { "type": "MultiLineString", "coordinates": [ [ [ -122.559422, 37.9006547 ], [ -122.5595198, 37.9005504 ], [ -122.559647, 37.900496 ], [ -122.5599097, 37.900414 ], [ -122.5601082, 37.9003348 ], [ -122.560246, 37.9002777 ], [ -122.5603732, 37.9001865 ], [ -122.5604047, 37.9001118 ] ] ] } },
{ "type": "Feature", "properties": { "osm_id": 654886896, "osm_type": "ways_line", "opening_hours": null, "capacity": null, "power": null, "surface": null, "historic": null, "building": null, "amenity": null, "fuel": null, "tunnel": null, "railway": null, "width": null, "oneway": null, "highway": "service", "smoothness": null, "water": null, "name": null, "natural": null, "parking": null, "waterway": null, "landuse": null, "layer": null, "religion": null, "operator": null, "barrier": null, "bridge": null, "leisure": null, "denomination": null, "backup_generator": null }, "geometry": { "type": "MultiLineString", "coordinates": [ [ [ -122.5557199, 37.9009605 ], [ -122.5556368, 37.90085 ], [ -122.5555427, 37.9007689 ], [ -122.5552662, 37.9005913 ], [ -122.5549621, 37.9004672 ] ] ] } },
{ "type": "Feature", "properties": { "osm_id": 442084912, "osm_type": "ways_line", "opening_hours": null, "capacity": null, "power": null, "surface": null, "historic": null, "building": null, "amenity": null, "fuel": null, "tunnel": null, "railway": null, "width": null, "oneway": null, "highway": "footway", "smoothness": null, "water": null, "name": null, "natural": null, "parking": null, "waterway": null, "landuse": null, "layer": null, "religion": null, "operator": null, "barrier": null, "bridge": null, "leisure": null, "denomination": null, "backup_generator": null }, "geometry": { "type": "MultiLineString", "coordinates": [ [ [ -122.5347199, 37.8900576 ], [ -122.534667686182345, 37.890081881204772 ] ] ] } },
{ "type": "Feature", "properties": { "osm_id": 442085352, "osm_type": "ways_line", "opening_hours": null, "capacity": null, "power": null, "surface": null, "historic": null, "building": null, "amenity": null, "fuel": null, "tunnel": null, "railway": null, "width": null, "oneway": null, "highway": "footway", "smoothness": null, "water": null, "name": null, "natural": null, "parking": null, "waterway": null, "landuse": null, "layer": null, "religion": null, "operator": null, "barrier": null, "bridge": null, "leisure": null, "denomination": null, "backup_generator": null }, "geometry": { "type": "MultiLineString", "coordinates": [ [ [ -122.5364641, 37.8931086 ], [ -122.5365274, 37.8926519 ] ] ] } },
{ "type": "Feature", "properties": { "osm_id": 847118967, "osm_type": "ways_line", "opening_hours": null, "capacity": null, "power": null, "surface": null, "historic": null, "building": null, "amenity": null, "fuel": null, "tunnel": null, "railway": null, "width": null, "oneway": null, "highway": "service", "smoothness": null, "water": null, "name": null, "natural": null, "parking": null, "waterway": null, "landuse": null, "layer": null, "religion": null, "operator": null, "barrier": null, "bridge": null, "leisure": null, "denomination": null, "backup_generator": null }, "geometry": { "type": "MultiLineString", "coordinates": [ [ [ -122.5341925, 37.8939987 ], [ -122.534193828720078, 37.894006057674389 ] ], [ [ -122.534195799652466, 37.894016971544914 ], [ -122.5342072, 37.8940801 ], [ -122.534265582902748, 37.894202187364684 ] ], [ [ -122.534409314370649, 37.894349738972679 ], [ -122.534433, 37.8943706 ] ] ] } },
{ "type": "Feature", "properties": { "osm_id": 570317962, "osm_type": "ways_line", "opening_hours": null, "capacity": null, "power": null, "surface": null, "historic": null, "building": null, "amenity": null, "fuel": null, "tunnel": null, "railway": null, "width": null, "oneway": null, "highway": "service", "smoothness": null, "water": null, "name": null, "natural": null, "parking": null, "waterway": null, "landuse": null, "layer": null, "religion": null, "operator": null, "barrier": null, "bridge": null, "leisure": null, "denomination": null, "backup_generator": null }, "geometry": { "type": "MultiLineString", "coordinates": [ [ [ -122.5369992, 37.8960216 ], [ -122.5366451, 37.8957314 ], [ -122.5366015, 37.89576 ], [ -122.5365049, 37.8956722 ], [ -122.536236, 37.8954203 ] ] ] } },
{ "type": "Feature", "properties": { "osm_id": 842795058, "osm_type": "ways_line", "opening_hours": null, "capacity": null, "power": null, "surface": null, "historic": null, "building": null, "amenity": null, "fuel": null, "tunnel": null, "railway": null, "width": null, "oneway": null, "highway": "service", "smoothness": null, "water": null, "name": null, "natural": null, "parking": null, "waterway": null, "landuse": null, "layer": null, "religion": null, "operator": null, "barrier": null, "bridge": null, "leisure": null, "denomination": null, "backup_generator": null }, "geometry": { "type": "MultiLineString", "coordinates": [ [ [ -122.5422619, 37.8950413 ], [ -122.542356, 37.895006 ], [ -122.5425981, 37.8949703 ], [ -122.5427259, 37.8949345 ], [ -122.5428165, 37.8948786 ], [ -122.5428578, 37.8947762 ], [ -122.5428676, 37.8946954 ], [ -122.5428263, 37.8946861 ] ] ] } },
{ "type": "Feature", "properties": { "osm_id": 502812655, "osm_type": "ways_line", "opening_hours": null, "capacity": null, "power": null, "surface": null, "historic": null, "building": null, "amenity": null, "fuel": null, "tunnel": null, "railway": null, "width": null, "oneway": null, "highway": "service", "smoothness": null, "water": null, "name": null, "natural": null, "parking": null, "waterway": null, "landuse": null, "layer": null, "religion": null, "operator": null, "barrier": null, "bridge": null, "leisure": null, "denomination": null, "backup_generator": null }, "geometry": { "type": "MultiLineString", "coordinates": [ [ [ -122.539057674844628, 37.896484233030343 ], [ -122.5391597, 37.8961452 ], [ -122.538983, 37.8960156 ] ] ] } },
{ "type": "Feature", "properties": { "osm_id": 944601205, "osm_type": "ways_line", "opening_hours": null, "capacity": null, "power": null, "surface": null, "historic": null, "building": null, "amenity": null, "fuel": null, "tunnel": null, "railway": null, "width": null, "oneway": null, "highway": "service", "smoothness": null, "water": null, "name": null, "natural": null, "parking": null, "waterway": null, "landuse": null, "layer": null, "religion": null, "operator": null, "barrier": null, "bridge": null, "leisure": null, "denomination": null, "backup_generator": null }, "geometry": { "type": "MultiLineString", "coordinates": [ [ [ -122.5437599, 37.894978 ], [ -122.5436055, 37.8949183 ], [ -122.543532, 37.8948711 ], [ -122.5434916, 37.8948087 ], [ -122.5434279, 37.8946519 ] ] ] } },
{ "type": "Feature", "properties": { "osm_id": 892245966, "osm_type": "ways_line", "opening_hours": null, "capacity": null, "power": null, "surface": null, "historic": null, "building": null, "amenity": null, "fuel": null, "tunnel": null, "railway": null, "width": null, "oneway": null, "highway": "service", "smoothness": null, "water": null, "name": null, "natural": null, "parking": null, "waterway": null, "landuse": null, "layer": null, "religion": null, "operator": null, "barrier": null, "bridge": null, "leisure": null, "denomination": null, "backup_generator": null }, "geometry": { "type": "MultiLineString", "coordinates": [ [ [ -122.5427176, 37.8951455 ], [ -122.5427875, 37.8950402 ], [ -122.5429074, 37.8948146 ], [ -122.5430003, 37.894614 ], [ -122.5430816, 37.8944435 ], [ -122.5431832, 37.8942676 ], [ -122.543251, 37.8941328 ], [ -122.5432435, 37.8940692 ] ] ] } },
{ "type": "Feature", "properties": { "osm_id": 442085979, "osm_type": "ways_line", "opening_hours": null, "capacity": null, "power": null, "surface": null, "historic": null, "building": null, "amenity": null, "fuel": null, "tunnel": null, "railway": null, "width": null, "oneway": null, "highway": "footway", "smoothness": null, "water": null, "name": null, "natural": null, "parking": null, "waterway": null, "landuse": null, "layer": null, "religion": null, "operator": null, "barrier": null, "bridge": null, "leisure": null, "denomination": null, "backup_generator": null }, "geometry": { "type": "MultiLineString", "coordinates": [ [ [ -122.546266, 37.8949892 ], [ -122.5448269, 37.8948097 ] ] ] } },
{ "type": "Feature", "properties": { "osm_id": 12185632, "osm_type": "ways_line", "opening_hours": null, "capacity": null, "power": null, "surface": null, "historic": null, "building": null, "amenity": null, "fuel": null, "tunnel": null, "railway": null, "width": null, "oneway": null, "highway": "residential", "smoothness": null, "water": null, "name": "Todd Way", "natural": null, "parking": null, "waterway": null, "landuse": null, "layer": null, "religion": null, "operator": null, "barrier": null, "bridge": null, "leisure": null, "denomination": null, "backup_generator": null }, "geometry": { "type": "MultiLineString", "coordinates": [ [ [ -122.5447414, 37.8956126 ], [ -122.54511, 37.895213 ], [ -122.5452219, 37.8951431 ], [ -122.5453034, 37.8950924 ] ] ] } },
{ "type": "Feature", "properties": { "osm_id": 12176776, "osm_type": "ways_line", "opening_hours": null, "capacity": null, "power": null, "surface": null, "historic": null, "building": null, "amenity": null, "fuel": null, "tunnel": null, "railway": null, "width": null, "oneway": null, "highway": "residential", "smoothness": null, "water": null, "name": "Wickham Drive", "natural": null, "parking": null, "waterway": null, "landuse": null, "layer": null, "religion": null, "operator": null, "barrier": null, "bridge": null, "leisure": null, "denomination": null, "backup_generator": null }, "geometry": { "type": "MultiLineString", "coordinates": [ [ [ -122.5439184, 37.8946161 ], [ -122.5439892, 37.8943729 ], [ -122.5440013, 37.8942893 ], [ -122.5439386, 37.8942513 ], [ -122.5438857, 37.8942019 ], [ -122.5438231, 37.8941146 ], [ -122.5438182, 37.89397 ], [ -122.5437481, 37.8939278 ], [ -122.543658, 37.8939305 ], [ -122.5435244, 37.8940137 ], [ -122.5433992, 37.8941106 ], [ -122.543298, 37.8942988 ] ] ] } },
{ "type": "Feature", "properties": { "osm_id": 442085681, "osm_type": "ways_line", "opening_hours": null, "capacity": null, "power": null, "surface": null, "historic": null, "building": null, "amenity": null, "fuel": null, "tunnel": null, "railway": null, "width": null, "oneway": null, "highway": "footway", "smoothness": null, "water": null, "name": null, "natural": null, "parking": null, "waterway": null, "landuse": null, "layer": null, "religion": null, "operator": null, "barrier": null, "bridge": null, "leisure": null, "denomination": null, "backup_generator": null }, "geometry": { "type": "MultiLineString", "coordinates": [ [ [ -122.5395634, 37.8940553 ], [ -122.5397321, 37.8944754 ] ] ] } },
{ "type": "Feature", "properties": { "osm_id": 12176352, "osm_type": "ways_line", "opening_hours": null, "capacity": null, "power": null, "surface": null, "historic": null, "building": null, "amenity": null, "fuel": null, "tunnel": null, "railway": null, "width": null, "oneway": null, "highway": "service", "smoothness": null, "water": null, "name": "Rhonda Way", "natural": null, "parking": null, "waterway": null, "landuse": null, "layer": null, "religion": null, "operator": null, "barrier": null, "bridge": null, "leisure": null, "denomination": null, "backup_generator": null }, "geometry": { "type": "MultiLineString", "coordinates": [ [ [ -122.540486, 37.8916593 ], [ -122.5405742, 37.8916817 ], [ -122.5406695, 37.8916775 ], [ -122.5408, 37.8916277 ], [ -122.5408893, 37.8915934 ], [ -122.5409297, 37.8915948 ], [ -122.5409792, 37.8916283 ], [ -122.5410054, 37.8917188 ], [ -122.5410077, 37.8918224 ], [ -122.5409788, 37.8918642 ], [ -122.5409258, 37.8918965 ], [ -122.5408994, 37.8919835 ] ] ] } },
{ "type": "Feature", "properties": { "osm_id": 442087391, "osm_type": "ways_line", "opening_hours": null, "capacity": null, "power": null, "surface": "ground", "historic": null, "building": null, "amenity": null, "fuel": null, "tunnel": null, "railway": null, "width": null, "oneway": null, "highway": "footway", "smoothness": null, "water": null, "name": null, "natural": null, "parking": null, "waterway": null, "landuse": null, "layer": null, "religion": null, "operator": null, "barrier": null, "bridge": null, "leisure": null, "denomination": null, "backup_generator": null }, "geometry": { "type": "MultiLineString", "coordinates": [ [ [ -122.5408893, 37.8915934 ], [ -122.5408917, 37.8915584 ], [ -122.5408897, 37.8915124 ], [ -122.5408917, 37.8914616 ], [ -122.5409064, 37.8914245 ], [ -122.5409064, 37.8913817 ], [ -122.5408897, 37.8913293 ], [ -122.5408702, 37.8913033 ], [ -122.5408817, 37.8911916 ], [ -122.5408333, 37.8910032 ], [ -122.5407247, 37.8907191 ] ] ] } },
{ "type": "Feature", "properties": { "osm_id": 655508477, "osm_type": "ways_line", "opening_hours": null, "capacity": null, "power": null, "surface": null, "historic": null, "building": null, "amenity": null, "fuel": null, "tunnel": null, "railway": null, "width": null, "oneway": null, "highway": "service", "smoothness": null, "water": null, "name": null, "natural": null, "parking": null, "waterway": null, "landuse": null, "layer": null, "religion": null, "operator": null, "barrier": null, "bridge": null, "leisure": null, "denomination": null, "backup_generator": null }, "geometry": { "type": "MultiLineString", "coordinates": [ [ [ -122.5449497, 37.8923729 ], [ -122.5449725, 37.8923189 ], [ -122.5449658, 37.8922202 ], [ -122.544975, 37.8921827 ], [ -122.5450167, 37.8921445 ], [ -122.5450367, 37.8920918 ], [ -122.5450818, 37.8920458 ] ] ] } },
{ "type": "Feature", "properties": { "osm_id": 782391557, "osm_type": "ways_line", "opening_hours": null, "capacity": null, "power": null, "surface": null, "historic": null, "building": null, "amenity": null, "fuel": null, "tunnel": null, "railway": null, "width": null, "oneway": null, "highway": "service", "smoothness": null, "water": null, "name": null, "natural": null, "parking": null, "waterway": null, "landuse": null, "layer": null, "religion": null, "operator": null, "barrier": null, "bridge": null, "leisure": null, "denomination": null, "backup_generator": null }, "geometry": { "type": "MultiLineString", "coordinates": [ [ [ -122.5581009, 37.897271 ], [ -122.5581617, 37.8972384 ], [ -122.5582139, 37.8971851 ], [ -122.5582553, 37.8970218 ], [ -122.558269648827348, 37.896935519469572 ] ], [ [ -122.55821155451433, 37.896659278535445 ], [ -122.558202, 37.8966272 ], [ -122.5581115, 37.896451 ], [ -122.558032, 37.8963504 ], [ -122.557971, 37.8962714 ], [ -122.5579046, 37.8961785 ] ] ] } },
{ "type": "Feature", "properties": { "osm_id": 761924739, "osm_type": "ways_line", "opening_hours": null, "capacity": null, "power": null, "surface": null, "historic": null, "building": null, "amenity": null, "fuel": null, "tunnel": null, "railway": null, "width": null, "oneway": null, "highway": "service", "smoothness": null, "water": null, "name": null, "natural": null, "parking": null, "waterway": null, "landuse": null, "layer": null, "religion": null, "operator": null, "barrier": null, "bridge": null, "leisure": null, "denomination": null, "backup_generator": null }, "geometry": { "type": "MultiLineString", "coordinates": [ [ [ -122.5573962, 37.8965655 ], [ -122.5572595, 37.8966476 ], [ -122.5570906, 37.8967766 ] ] ] } },
{ "type": "Feature", "properties": { "osm_id": 1117468893, "osm_type": "ways_line", "opening_hours": null, "capacity": null, "power": null, "surface": null, "historic": null, "building": null, "amenity": null, "fuel": null, "tunnel": null, "railway": null, "width": null, "oneway": null, "highway": "service", "smoothness": null, "water": null, "name": "Ridgewood Avenue", "natural": null, "parking": null, "waterway": null, "landuse": null, "layer": null, "religion": null, "operator": null, "barrier": null, "bridge": null, "leisure": null, "denomination": null, "backup_generator": null }, "geometry": { "type": "MultiLineString", "coordinates": [ [ [ -122.5499282, 37.8962176 ], [ -122.5499991, 37.8962529 ], [ -122.5503027, 37.8963904 ] ] ] } },
{ "type": "Feature", "properties": { "osm_id": 776899072, "osm_type": "ways_line", "opening_hours": null, "capacity": null, "power": null, "surface": null, "historic": null, "building": null, "amenity": null, "fuel": null, "tunnel": null, "railway": null, "width": null, "oneway": null, "highway": "service", "smoothness": null, "water": null, "name": null, "natural": null, "parking": null, "waterway": null, "landuse": null, "layer": null, "religion": null, "operator": null, "barrier": null, "bridge": null, "leisure": null, "denomination": null, "backup_generator": null }, "geometry": { "type": "MultiLineString", "coordinates": [ [ [ -122.5473458, 37.8953949 ], [ -122.5474504, 37.8953875 ], [ -122.5475322, 37.8953864 ], [ -122.54761, 37.8953864 ], [ -122.5477038, 37.8953705 ], [ -122.547783, 37.8953515 ], [ -122.5478339, 37.8953367 ], [ -122.5479211, 37.8953473 ], [ -122.5479922, 37.895378 ], [ -122.5480445, 37.8954256 ], [ -122.5480807, 37.8954626 ], [ -122.548133, 37.8955155 ], [ -122.5482094, 37.8955515 ], [ -122.5482698, 37.8955674 ], [ -122.5483435, 37.8955642 ], [ -122.5483677, 37.8955547 ] ] ] } },
{ "type": "Feature", "properties": { "osm_id": 847847041, "osm_type": "ways_line", "opening_hours": null, "capacity": null, "power": null, "surface": null, "historic": null, "building": null, "amenity": null, "fuel": null, "tunnel": null, "railway": null, "width": null, "oneway": null, "highway": "service", "smoothness": null, "water": null, "name": null, "natural": null, "parking": null, "waterway": null, "landuse": null, "layer": null, "religion": null, "operator": null, "barrier": null, "bridge": null, "leisure": null, "denomination": null, "backup_generator": null }, "geometry": { "type": "MultiLineString", "coordinates": [ [ [ -122.5390566, 37.8891798 ], [ -122.538978, 37.8892701 ], [ -122.5389022, 37.8893542 ], [ -122.5387696, 37.889485 ] ] ] } },
{ "type": "Feature", "properties": { "osm_id": 12183738, "osm_type": "ways_line", "opening_hours": null, "capacity": null, "power": null, "surface": null, "historic": null, "building": null, "amenity": null, "fuel": null, "tunnel": null, "railway": null, "width": null, "oneway": null, "highway": "residential", "smoothness": null, "water": null, "name": "Valley View Lane", "natural": null, "parking": null, "waterway": null, "landuse": null, "layer": null, "religion": null, "operator": null, "barrier": null, "bridge": null, "leisure": null, "denomination": null, "backup_generator": null }, "geometry": { "type": "MultiLineString", "coordinates": [ [ [ -122.5391229, 37.8892025 ], [ -122.5391147, 37.8891216 ], [ -122.539081893655037, 37.889046541781426 ] ], [ [ -122.538909278189564, 37.888868907459482 ], [ -122.5389077, 37.8888676 ], [ -122.5388769, 37.8888337 ], [ -122.53887327630315, 37.888826773575573 ] ], [ [ -122.538812216101633, 37.888710061585797 ], [ -122.538799, 37.8886848 ] ] ] } },
{ "type": "Feature", "properties": { "osm_id": 763512104, "osm_type": "ways_line", "opening_hours": null, "capacity": null, "power": null, "surface": null, "historic": null, "building": null, "amenity": null, "fuel": null, "tunnel": null, "railway": null, "width": null, "oneway": null, "highway": "service", "smoothness": null, "water": null, "name": null, "natural": null, "parking": null, "waterway": null, "landuse": null, "layer": null, "religion": null, "operator": null, "barrier": null, "bridge": null, "leisure": null, "denomination": null, "backup_generator": null }, "geometry": { "type": "MultiLineString", "coordinates": [ [ [ -122.5350448, 37.894658 ], [ -122.5351233, 37.8946017 ], [ -122.5351879, 37.8945674 ], [ -122.535254, 37.8945549 ], [ -122.5353047, 37.8945742 ], [ -122.5353229, 37.8946187 ], [ -122.5353258, 37.894658 ], [ -122.5352972, 37.8947194 ], [ -122.5352568, 37.8947838 ], [ -122.5352301, 37.8948437 ], [ -122.5351692, 37.8949298 ], [ -122.5351042, 37.8949825 ], [ -122.5350056, 37.8950653 ] ] ] } },
{ "type": "Feature", "properties": { "osm_id": 12186111, "osm_type": "ways_line", "opening_hours": null, "capacity": null, "power": null, "surface": null, "historic": null, "building": null, "amenity": null, "fuel": null, "tunnel": null, "railway": null, "width": null, "oneway": null, "highway": "residential", "smoothness": null, "water": null, "name": "Ethel Lane", "natural": null, "parking": null, "waterway": null, "landuse": null, "layer": null, "religion": null, "operator": null, "barrier": null, "bridge": null, "leisure": null, "denomination": null, "backup_generator": null }, "geometry": { "type": "MultiLineString", "coordinates": [ [ [ -122.5365873, 37.8944541 ], [ -122.5363947, 37.8945402 ], [ -122.5363266, 37.8945941 ], [ -122.536269, 37.8946619 ], [ -122.5362203, 37.8947339 ], [ -122.5361865, 37.8947696 ], [ -122.5361426, 37.8947973 ], [ -122.5360729, 37.8948128 ], [ -122.5360031, 37.8948213 ] ] ] } },
{ "type": "Feature", "properties": { "osm_id": 12171681, "osm_type": "ways_line", "opening_hours": null, "capacity": null, "power": null, "surface": null, "historic": null, "building": null, "amenity": null, "fuel": null, "tunnel": null, "railway": null, "width": null, "oneway": null, "highway": "residential", "smoothness": null, "water": null, "name": null, "natural": null, "parking": null, "waterway": null, "landuse": null, "layer": null, "religion": null, "operator": null, "barrier": null, "bridge": null, "leisure": null, "denomination": null, "backup_generator": null }, "geometry": { "type": "MultiLineString", "coordinates": [ [ [ -122.5375972, 37.8911689 ], [ -122.5373847, 37.8907958 ], [ -122.5373622, 37.8907392 ], [ -122.537352, 37.89066 ] ] ] } },
{ "type": "Feature", "properties": { "osm_id": 12177222, "osm_type": "ways_line", "opening_hours": null, "capacity": null, "power": null, "surface": null, "historic": null, "building": null, "amenity": null, "fuel": null, "tunnel": null, "railway": null, "width": null, "oneway": null, "highway": "residential", "smoothness": null, "water": null, "name": "Lehman Lane", "natural": null, "parking": null, "waterway": null, "landuse": null, "layer": null, "religion": null, "operator": null, "barrier": null, "bridge": null, "leisure": null, "denomination": null, "backup_generator": null }, "geometry": { "type": "MultiLineString", "coordinates": [ [ [ -122.5375566, 37.8947071 ], [ -122.5372292, 37.8941386 ], [ -122.5367497, 37.8943039 ] ] ] } },
{ "type": "Feature", "properties": { "osm_id": 12179035, "osm_type": "ways_line", "opening_hours": null, "capacity": null, "power": null, "surface": null, "historic": null, "building": null, "amenity": null, "fuel": null, "tunnel": null, "railway": null, "width": null, "oneway": null, "highway": "residential", "smoothness": null, "water": null, "name": "Midway Avenue", "natural": null, "parking": null, "waterway": null, "landuse": null, "layer": null, "religion": null, "operator": null, "barrier": null, "bridge": null, "leisure": null, "denomination": null, "backup_generator": null }, "geometry": { "type": "MultiLineString", "coordinates": [ [ [ -122.5377642, 37.8921841 ], [ -122.5377521, 37.8921089 ], [ -122.537675, 37.8919399 ], [ -122.5376211, 37.8918377 ], [ -122.5375116, 37.8917392 ], [ -122.5374037, 37.8916869 ], [ -122.537304, 37.8916741 ], [ -122.5372419, 37.8916844 ], [ -122.5371952, 37.8917108 ], [ -122.537023, 37.8918255 ], [ -122.5368722, 37.8918835 ], [ -122.5368129, 37.8918994 ], [ -122.5367888, 37.8919058 ], [ -122.5367203, 37.8919112 ], [ -122.5366624, 37.8919009 ], [ -122.5366046, 37.891873 ], [ -122.5365653, 37.8918292 ], [ -122.5365414, 37.891782 ], [ -122.536499, 37.8916248 ], [ -122.5364705, 37.8913841 ], [ -122.536442, 37.891322 ], [ -122.5363946, 37.8912598 ], [ -122.5359888, 37.8909911 ], [ -122.535653, 37.890784 ], [ -122.535584, 37.8907247 ], [ -122.5355594, 37.8906925 ], [ -122.5355719, 37.8906296 ], [ -122.5355714, 37.8905299 ] ] ] } },
{ "type": "Feature", "properties": { "osm_id": 12181759, "osm_type": "ways_line", "opening_hours": null, "capacity": null, "power": null, "surface": null, "historic": null, "building": null, "amenity": null, "fuel": null, "tunnel": null, "railway": null, "width": null, "oneway": null, "highway": "residential", "smoothness": null, "water": null, "name": "Circle Way", "natural": null, "parking": null, "waterway": null, "landuse": null, "layer": null, "religion": null, "operator": null, "barrier": null, "bridge": null, "leisure": null, "denomination": null, "backup_generator": null }, "geometry": { "type": "MultiLineString", "coordinates": [ [ [ -122.5355128, 37.8928411 ], [ -122.5354631, 37.8928176 ], [ -122.5347238, 37.8924681 ], [ -122.5346432, 37.8922838 ] ] ] } },
{ "type": "Feature", "properties": { "osm_id": 88160059, "osm_type": "ways_line", "opening_hours": null, "capacity": null, "power": null, "surface": null, "historic": null, "building": null, "amenity": null, "fuel": null, "tunnel": null, "railway": null, "width": null, "oneway": null, "highway": "residential", "smoothness": null, "water": null, "name": "Greenhill Road", "natural": null, "parking": null, "waterway": null, "landuse": null, "layer": null, "religion": null, "operator": null, "barrier": null, "bridge": null, "leisure": null, "denomination": null, "backup_generator": null }, "geometry": { "type": "MultiLineString", "coordinates": [ [ [ -122.5355714, 37.8905299 ], [ -122.5355187, 37.8902991 ], [ -122.5354861, 37.8902182 ], [ -122.5354315, 37.8901489 ], [ -122.5353599, 37.8900977 ], [ -122.534737699531405, 37.889753773602429 ] ] ] } },
{ "type": "Feature", "properties": { "osm_id": 702610074, "osm_type": "ways_line", "opening_hours": null, "capacity": null, "power": null, "surface": null, "historic": null, "building": null, "amenity": null, "fuel": null, "tunnel": null, "railway": null, "width": null, "oneway": null, "highway": "service", "smoothness": null, "water": null, "name": null, "natural": null, "parking": null, "waterway": null, "landuse": null, "layer": null, "religion": null, "operator": null, "barrier": null, "bridge": null, "leisure": null, "denomination": null, "backup_generator": null }, "geometry": { "type": "MultiLineString", "coordinates": [ [ [ -122.534190486258154, 37.8918055570267 ], [ -122.5344698, 37.8918587 ], [ -122.5346791, 37.8918681 ], [ -122.5349932, 37.8917701 ] ] ] } },
{ "type": "Feature", "properties": { "osm_id": 502812654, "osm_type": "ways_line", "opening_hours": null, "capacity": null, "power": null, "surface": null, "historic": null, "building": null, "amenity": null, "fuel": null, "tunnel": null, "railway": null, "width": null, "oneway": null, "highway": "service", "smoothness": null, "water": null, "name": null, "natural": null, "parking": null, "waterway": null, "landuse": null, "layer": null, "religion": null, "operator": null, "barrier": null, "bridge": null, "leisure": null, "denomination": null, "backup_generator": null }, "geometry": { "type": "MultiLineString", "coordinates": [ [ [ -122.5405009, 37.8931986 ], [ -122.5409728, 37.8932624 ], [ -122.5410613, 37.8933322 ], [ -122.5410801, 37.8935058 ] ] ] } },
{ "type": "Feature", "properties": { "osm_id": 12183167, "osm_type": "ways_line", "opening_hours": null, "capacity": null, "power": null, "surface": "asphalt", "historic": null, "building": null, "amenity": null, "fuel": null, "tunnel": null, "railway": null, "width": null, "oneway": null, "highway": "residential", "smoothness": null, "water": null, "name": "Lillian Lane", "natural": null, "parking": null, "waterway": null, "landuse": null, "layer": null, "religion": null, "operator": null, "barrier": null, "bridge": null, "leisure": null, "denomination": null, "backup_generator": null }, "geometry": { "type": "MultiLineString", "coordinates": [ [ [ -122.5397601, 37.8958499 ], [ -122.5396953, 37.8960302 ], [ -122.539717, 37.8960663 ], [ -122.5395748, 37.8964677 ], [ -122.5395739, 37.8965679 ], [ -122.539531468504535, 37.896681595751517 ] ] ] } },
{ "type": "Feature", "properties": { "osm_id": 12185797, "osm_type": "ways_line", "opening_hours": null, "capacity": null, "power": null, "surface": null, "historic": null, "building": null, "amenity": null, "fuel": null, "tunnel": null, "railway": null, "width": null, "oneway": null, "highway": "residential", "smoothness": null, "water": null, "name": "Linden Lane", "natural": null, "parking": null, "waterway": null, "landuse": null, "layer": null, "religion": null, "operator": null, "barrier": null, "bridge": null, "leisure": null, "denomination": null, "backup_generator": null }, "geometry": { "type": "MultiLineString", "coordinates": [ [ [ -122.53942, 37.8953404 ], [ -122.5394446, 37.8952807 ], [ -122.5397321, 37.8944754 ], [ -122.539786, 37.894326 ] ] ] } },
{ "type": "Feature", "properties": { "osm_id": 12186114, "osm_type": "ways_line", "opening_hours": null, "capacity": null, "power": null, "surface": null, "historic": null, "building": null, "amenity": null, "fuel": null, "tunnel": null, "railway": null, "width": null, "oneway": null, "highway": "residential", "smoothness": null, "water": null, "name": "Ethel Lane", "natural": null, "parking": null, "waterway": null, "landuse": null, "layer": null, "religion": null, "operator": null, "barrier": null, "bridge": null, "leisure": null, "denomination": null, "backup_generator": null }, "geometry": { "type": "MultiLineString", "coordinates": [ [ [ -122.5368845, 37.8950121 ], [ -122.5365873, 37.8944541 ], [ -122.5363775, 37.8941011 ], [ -122.5364054, 37.8939529 ], [ -122.5365523, 37.893721 ], [ -122.5367041, 37.8936484 ] ] ] } },
{ "type": "Feature", "properties": { "osm_id": 12189936, "osm_type": "ways_line", "opening_hours": null, "capacity": null, "power": null, "surface": null, "historic": null, "building": null, "amenity": null, "fuel": null, "tunnel": null, "railway": null, "width": null, "oneway": null, "highway": "residential", "smoothness": null, "water": null, "name": "Scott Street", "natural": null, "parking": null, "waterway": null, "landuse": null, "layer": null, "religion": null, "operator": null, "barrier": null, "bridge": null, "leisure": null, "denomination": null, "backup_generator": null }, "geometry": { "type": "MultiLineString", "coordinates": [ [ [ -122.5416622, 37.8958374 ], [ -122.5419779, 37.8949846 ] ] ] } },
{ "type": "Feature", "properties": { "osm_id": 761618310, "osm_type": "ways_line", "opening_hours": null, "capacity": null, "power": null, "surface": null, "historic": null, "building": null, "amenity": null, "fuel": null, "tunnel": null, "railway": null, "width": null, "oneway": null, "highway": "service", "smoothness": null, "water": null, "name": null, "natural": null, "parking": null, "waterway": null, "landuse": null, "layer": null, "religion": null, "operator": null, "barrier": null, "bridge": null, "leisure": null, "denomination": null, "backup_generator": null }, "geometry": { "type": "MultiLineString", "coordinates": [ [ [ -122.540527224001053, 37.89694291510682 ], [ -122.5405128, 37.8968497 ], [ -122.5407223, 37.8962732 ] ] ] } },
{ "type": "Feature", "properties": { "osm_id": 1416648487, "osm_type": "ways_line", "opening_hours": null, "capacity": null, "power": null, "surface": null, "historic": null, "building": null, "amenity": null, "fuel": null, "tunnel": null, "railway": null, "width": null, "oneway": null, "highway": null, "smoothness": null, "water": null, "name": null, "natural": null, "parking": null, "waterway": null, "landuse": null, "layer": null, "religion": null, "operator": null, "barrier": null, "bridge": null, "leisure": null, "denomination": null, "backup_generator": null }, "geometry": { "type": "MultiLineString", "coordinates": [ [ [ -122.541988232015896, 37.896792317005492 ], [ -122.5420272, 37.8967194 ] ] ] } },
{ "type": "Feature", "properties": { "osm_id": 1450162089, "osm_type": "ways_line", "opening_hours": null, "capacity": null, "power": null, "surface": null, "historic": null, "building": null, "amenity": null, "fuel": null, "tunnel": null, "railway": null, "width": null, "oneway": null, "highway": "residential", "smoothness": null, "water": null, "name": "Ethel Avenue", "natural": null, "parking": null, "waterway": null, "landuse": null, "layer": null, "religion": null, "operator": null, "barrier": null, "bridge": null, "leisure": null, "denomination": null, "backup_generator": null }, "geometry": { "type": "MultiLineString", "coordinates": [ [ [ -122.538397573074633, 37.896516087525541 ], [ -122.5383558, 37.8964848 ], [ -122.5375057, 37.8957312 ], [ -122.53746, 37.8956993 ], [ -122.5373893, 37.8956467 ], [ -122.536787, 37.8951036 ], [ -122.5367329, 37.8950594 ] ] ] } },
{ "type": "Feature", "properties": { "osm_id": 12183903, "osm_type": "ways_line", "opening_hours": null, "capacity": null, "power": null, "surface": null, "historic": null, "building": null, "amenity": null, "fuel": null, "tunnel": null, "railway": null, "width": null, "oneway": null, "highway": "residential", "smoothness": null, "water": null, "name": "Reed Street", "natural": null, "parking": null, "waterway": null, "landuse": null, "layer": null, "religion": null, "operator": null, "barrier": null, "bridge": null, "leisure": null, "denomination": null, "backup_generator": null }, "geometry": { "type": "MultiLineString", "coordinates": [ [ [ -122.53466063310249, 37.895196293534433 ], [ -122.5347396, 37.8951451 ], [ -122.534807, 37.8951213 ], [ -122.5348922, 37.8951039 ], [ -122.534971, 37.8950764 ], [ -122.5350056, 37.8950653 ], [ -122.5350871, 37.8950507 ], [ -122.5352124, 37.8950328 ], [ -122.5352961, 37.895022 ], [ -122.535358, 37.8950359 ], [ -122.5354327, 37.8950676 ], [ -122.5355674, 37.8951303 ], [ -122.5357037, 37.8951865 ], [ -122.535784, 37.8951961 ], [ -122.5358721, 37.8951973 ], [ -122.5359603, 37.8951929 ], [ -122.5360958, 37.8951725 ], [ -122.5367329, 37.8950594 ] ] ] } },
{ "type": "Feature", "properties": { "osm_id": 1382861758, "osm_type": "ways_line", "opening_hours": null, "capacity": null, "power": null, "surface": null, "historic": null, "building": null, "amenity": null, "fuel": null, "tunnel": null, "railway": null, "width": null, "oneway": null, "highway": null, "smoothness": null, "water": null, "name": null, "natural": null, "parking": null, "waterway": null, "landuse": null, "layer": null, "religion": null, "operator": null, "barrier": null, "bridge": null, "leisure": null, "denomination": null, "backup_generator": null }, "geometry": { "type": "MultiLineString", "coordinates": [ [ [ -122.558457149728312, 37.902181700934847 ], [ -122.5580792, 37.9014511 ], [ -122.5580898, 37.9010568 ], [ -122.5581424, 37.9006496 ], [ -122.558538, 37.9002751 ], [ -122.5586767, 37.9001137 ], [ -122.5580737, 37.8997937 ], [ -122.5585468, 37.8993247 ], [ -122.558550413076347, 37.899238026993423 ] ] ] } },
{ "type": "Feature", "properties": { "osm_id": 12175034, "osm_type": "ways_line", "opening_hours": null, "capacity": null, "power": null, "surface": null, "historic": null, "building": null, "amenity": null, "fuel": null, "tunnel": null, "railway": null, "width": null, "oneway": null, "highway": "residential", "smoothness": null, "water": null, "name": "Tamalpais Drive", "natural": null, "parking": null, "waterway": null, "landuse": null, "layer": null, "religion": null, "operator": null, "barrier": null, "bridge": null, "leisure": null, "denomination": null, "backup_generator": null }, "geometry": { "type": "MultiLineString", "coordinates": [ [ [ -122.5540281, 37.8987949 ], [ -122.5541445, 37.8987976 ], [ -122.5543868, 37.8988337 ], [ -122.5545267, 37.8989014 ], [ -122.5547074, 37.8990468 ], [ -122.5548444, 37.8991247 ], [ -122.5551258, 37.8992288 ], [ -122.5551823, 37.8993036 ], [ -122.5553052, 37.8994023 ], [ -122.555486, 37.8995364 ], [ -122.5556272, 37.8996027 ] ] ] } },
{ "type": "Feature", "properties": { "osm_id": 12178203, "osm_type": "ways_line", "opening_hours": null, "capacity": null, "power": null, "surface": null, "historic": null, "building": null, "amenity": null, "fuel": null, "tunnel": null, "railway": null, "width": null, "oneway": null, "highway": "residential", "smoothness": null, "water": null, "name": "Walsh Drive", "natural": null, "parking": null, "waterway": null, "landuse": null, "layer": null, "religion": null, "operator": null, "barrier": null, "bridge": null, "leisure": null, "denomination": null, "backup_generator": null }, "geometry": { "type": "MultiLineString", "coordinates": [ [ [ -122.558517031762733, 37.902173455250399 ], [ -122.5585805, 37.9021519 ], [ -122.5586249, 37.9021093 ], [ -122.5587024, 37.90204 ], [ -122.558825, 37.9019223 ], [ -122.5589882, 37.9017192 ], [ -122.5590558, 37.9015822 ], [ -122.5590873, 37.901478 ], [ -122.5591099, 37.9013604 ], [ -122.5590999, 37.9012353 ], [ -122.5590822, 37.9011239 ], [ -122.5590613, 37.9010243 ], [ -122.5590695, 37.9009386 ], [ -122.5590757, 37.9008889 ], [ -122.559099, 37.9008547 ], [ -122.5591611, 37.9007584 ], [ -122.5592986, 37.9006841 ], [ -122.559422, 37.9006547 ] ] ] } },
{ "type": "Feature", "properties": { "osm_id": 88159976, "osm_type": "ways_line", "opening_hours": null, "capacity": null, "power": null, "surface": null, "historic": null, "building": null, "amenity": null, "fuel": null, "tunnel": null, "railway": null, "width": null, "oneway": null, "highway": "residential", "smoothness": null, "water": null, "name": null, "natural": null, "parking": null, "waterway": null, "landuse": null, "layer": null, "religion": null, "operator": null, "barrier": null, "bridge": null, "leisure": null, "denomination": null, "backup_generator": null }, "geometry": { "type": "MultiLineString", "coordinates": [ [ [ -122.55684131355838, 37.902537444046423 ], [ -122.5568317, 37.9025298 ], [ -122.5567112, 37.9024993 ], [ -122.5565294, 37.9023929 ], [ -122.5557936, 37.9017452 ] ] ] } },
{ "type": "Feature", "properties": { "osm_id": 88159978, "osm_type": "ways_line", "opening_hours": null, "capacity": null, "power": null, "surface": null, "historic": null, "building": null, "amenity": null, "fuel": null, "tunnel": null, "railway": null, "width": null, "oneway": null, "highway": "footway", "smoothness": null, "water": null, "name": "Cowboy Rock Trail", "natural": null, "parking": null, "waterway": null, "landuse": null, "layer": null, "religion": null, "operator": null, "barrier": null, "bridge": null, "leisure": null, "denomination": null, "backup_generator": null }, "geometry": { "type": "MultiLineString", "coordinates": [ [ [ -122.5567686, 37.901062 ], [ -122.556811, 37.9010711 ], [ -122.5568178, 37.9010848 ], [ -122.5567155, 37.901167 ], [ -122.5567069, 37.9011761 ], [ -122.5567146, 37.9011982 ], [ -122.5567252, 37.9012157 ], [ -122.556703, 37.90124 ], [ -122.5566895, 37.9012743 ], [ -122.5566384, 37.9013382 ], [ -122.5565873, 37.901393 ], [ -122.5565458, 37.9014127 ], [ -122.5564957, 37.9014249 ], [ -122.5564552, 37.9014204 ], [ -122.5563848, 37.9014067 ], [ -122.5563501, 37.9013968 ], [ -122.5563289, 37.9014188 ], [ -122.5563289, 37.9014493 ], [ -122.5563636, 37.901498 ], [ -122.556433, 37.9015535 ], [ -122.5564745, 37.9015695 ], [ -122.5565208, 37.9015832 ], [ -122.5565622, 37.9015984 ], [ -122.5565892, 37.9016243 ], [ -122.5565998, 37.9016631 ], [ -122.5565989, 37.9017316 ], [ -122.5566085, 37.9018267 ], [ -122.5566249, 37.9018959 ], [ -122.5566452, 37.9019933 ], [ -122.5566664, 37.902042 ], [ -122.5566779, 37.9020747 ], [ -122.5566991, 37.9021044 ], [ -122.5567213, 37.9021683 ], [ -122.5567204, 37.9021911 ], [ -122.5567242, 37.9022094 ], [ -122.5567541, 37.9022307 ], [ -122.5567821, 37.9022649 ], [ -122.5567956, 37.9023007 ], [ -122.5568274, 37.9023578 ], [ -122.5568959, 37.9025061 ], [ -122.556897011013106, 37.902516416550299 ] ] ] } },
{ "type": "Feature", "properties": { "osm_id": 88159991, "osm_type": "ways_line", "opening_hours": null, "capacity": null, "power": null, "surface": null, "historic": null, "building": null, "amenity": null, "fuel": null, "tunnel": null, "railway": null, "width": null, "oneway": null, "highway": "footway", "smoothness": null, "water": null, "name": "Stolte Grove", "natural": null, "parking": null, "waterway": null, "landuse": null, "layer": null, "religion": null, "operator": null, "barrier": null, "bridge": null, "leisure": null, "denomination": null, "backup_generator": null }, "geometry": { "type": "MultiLineString", "coordinates": [ [ [ -122.5558827, 37.8997002 ], [ -122.5559115, 37.8997082 ] ] ] } },
{ "type": "Feature", "properties": { "osm_id": 88160060, "osm_type": "ways_line", "opening_hours": null, "capacity": null, "power": null, "surface": null, "historic": null, "building": null, "amenity": null, "fuel": null, "tunnel": null, "railway": null, "width": null, "oneway": null, "highway": "steps", "smoothness": null, "water": null, "name": "Stolte Grove", "natural": null, "parking": null, "waterway": null, "landuse": null, "layer": null, "religion": null, "operator": null, "barrier": null, "bridge": null, "leisure": null, "denomination": null, "backup_generator": null }, "geometry": { "type": "MultiLineString", "coordinates": [ [ [ -122.5561592, 37.9001397 ], [ -122.5561908, 37.9002073 ], [ -122.5562259, 37.9002629 ], [ -122.5562933, 37.9003664 ], [ -122.5563409, 37.9004529 ], [ -122.5564051, 37.9005179 ], [ -122.5564503, 37.900575 ], [ -122.5564552, 37.9006184 ], [ -122.5564783, 37.9006572 ], [ -122.5565179, 37.9006823 ], [ -122.5565487, 37.9006907 ], [ -122.5565844, 37.90068 ] ] ] } },
{ "type": "Feature", "properties": { "osm_id": 776373410, "osm_type": "ways_line", "opening_hours": null, "capacity": null, "power": null, "surface": "ground", "historic": null, "building": null, "amenity": null, "fuel": null, "tunnel": null, "railway": null, "width": null, "oneway": null, "highway": "footway", "smoothness": null, "water": null, "name": null, "natural": null, "parking": null, "waterway": null, "landuse": null, "layer": null, "religion": null, "operator": null, "barrier": null, "bridge": null, "leisure": null, "denomination": null, "backup_generator": null }, "geometry": { "type": "MultiLineString", "coordinates": [ [ [ -122.557321, 37.8986502 ], [ -122.5572499, 37.8986113 ], [ -122.5572114, 37.8985734 ], [ -122.5572002, 37.898484 ], [ -122.5572172, 37.898397 ], [ -122.5572343, 37.8983092 ], [ -122.5572589, 37.898183 ], [ -122.5572673, 37.8980565 ], [ -122.5572619, 37.8979486 ], [ -122.557219, 37.8978152 ], [ -122.5571787, 37.8977327 ], [ -122.5571546, 37.8976395 ], [ -122.5571269, 37.8975326 ], [ -122.5571358, 37.8974321 ], [ -122.5571278, 37.8973411 ], [ -122.5570993, 37.8972811 ], [ -122.5570956, 37.8972734 ], [ -122.5570178, 37.8972455 ], [ -122.556911, 37.8972537 ], [ -122.5568034, 37.8972619 ], [ -122.5566772, 37.8972501 ], [ -122.5566074, 37.8971972 ], [ -122.5565335, 37.8971411 ], [ -122.556417, 37.8970829 ], [ -122.5562936, 37.8970427 ], [ -122.5561836, 37.8970278 ], [ -122.5560576, 37.8970448 ], [ -122.5559315, 37.8970744 ], [ -122.555835, 37.8970892 ], [ -122.5557558, 37.8970882 ], [ -122.5556833, 37.8970421 ], [ -122.5556123, 37.8969728 ], [ -122.5555519, 37.8969068 ], [ -122.5554403, 37.8967287 ] ] ] } },
{ "type": "Feature", "properties": { "osm_id": 1416648479, "osm_type": "ways_line", "opening_hours": null, "capacity": null, "power": null, "surface": null, "historic": null, "building": null, "amenity": null, "fuel": null, "tunnel": null, "railway": null, "width": null, "oneway": null, "highway": null, "smoothness": null, "water": null, "name": null, "natural": null, "parking": null, "waterway": null, "landuse": null, "layer": null, "religion": null, "operator": null, "barrier": "fence", "bridge": null, "leisure": null, "denomination": null, "backup_generator": null }, "geometry": { "type": "MultiLineString", "coordinates": [ [ [ -122.5558098, 37.9013382 ], [ -122.5558768, 37.9012706 ] ] ] } },
{ "type": "Feature", "properties": { "osm_id": 1430462837, "osm_type": "ways_line", "opening_hours": null, "capacity": null, "power": null, "surface": null, "historic": null, "building": null, "amenity": null, "fuel": null, "tunnel": null, "railway": null, "width": null, "oneway": null, "highway": "footway", "smoothness": null, "water": null, "name": null, "natural": null, "parking": null, "waterway": null, "landuse": null, "layer": null, "religion": null, "operator": null, "barrier": null, "bridge": null, "leisure": null, "denomination": null, "backup_generator": null }, "geometry": { "type": "MultiLineString", "coordinates": [ [ [ -122.5556362, 37.8976576 ], [ -122.5555314, 37.897705 ], [ -122.5554445, 37.8977475 ], [ -122.5553612, 37.89779 ], [ -122.5552981, 37.8978192 ], [ -122.5552158, 37.897844 ], [ -122.5551544, 37.8978444 ], [ -122.5550999, 37.8978288 ], [ -122.5550323, 37.8977813 ], [ -122.5549983, 37.8977581 ], [ -122.5549785, 37.8977146 ], [ -122.5549819, 37.8976241 ], [ -122.554976, 37.8975518 ], [ -122.5549513, 37.8974799 ], [ -122.5549052, 37.8974132 ], [ -122.5548561, 37.8973627 ], [ -122.5547992, 37.8973175 ], [ -122.5547369, 37.8972769 ], [ -122.5546681, 37.8972402 ], [ -122.5545775, 37.8972402 ], [ -122.5544361, 37.8972382 ] ] ] } },
{ "type": "Feature", "properties": { "osm_id": 12188490, "osm_type": "ways_line", "opening_hours": null, "capacity": null, "power": null, "surface": null, "historic": null, "building": null, "amenity": null, "fuel": null, "tunnel": null, "railway": null, "width": null, "oneway": null, "highway": "residential", "smoothness": null, "water": null, "name": "Douglas Drive", "natural": null, "parking": null, "waterway": null, "landuse": null, "layer": null, "religion": null, "operator": null, "barrier": null, "bridge": null, "leisure": null, "denomination": null, "backup_generator": null }, "geometry": { "type": "MultiLineString", "coordinates": [ [ [ -122.554352154331383, 37.901317077094674 ], [ -122.5544011, 37.9012884 ], [ -122.554569, 37.9012238 ], [ -122.5546572, 37.9011885 ], [ -122.5547346, 37.9011443 ], [ -122.5548604, 37.9010581 ], [ -122.554955, 37.9010221 ], [ -122.5550362, 37.9010199 ], [ -122.555163, 37.9010471 ] ] ] } },
{ "type": "Feature", "properties": { "osm_id": 88160053, "osm_type": "ways_line", "opening_hours": null, "capacity": null, "power": null, "surface": null, "historic": null, "building": null, "amenity": null, "fuel": null, "tunnel": null, "railway": null, "width": null, "oneway": null, "highway": "residential", "smoothness": null, "water": null, "name": "Park Way", "natural": null, "parking": null, "waterway": null, "landuse": null, "layer": null, "religion": null, "operator": null, "barrier": null, "bridge": null, "leisure": null, "denomination": null, "backup_generator": null }, "geometry": { "type": "MultiLineString", "coordinates": [ [ [ -122.5551677, 37.8989163 ], [ -122.5549653, 37.8989474 ], [ -122.554777, 37.8989412 ], [ -122.5545267, 37.8989014 ] ] ] } },
{ "type": "Feature", "properties": { "osm_id": 1382861759, "osm_type": "ways_line", "opening_hours": null, "capacity": null, "power": null, "surface": null, "historic": null, "building": null, "amenity": null, "fuel": null, "tunnel": null, "railway": null, "width": null, "oneway": null, "highway": null, "smoothness": null, "water": null, "name": null, "natural": null, "parking": null, "waterway": null, "landuse": null, "layer": null, "religion": null, "operator": null, "barrier": null, "bridge": null, "leisure": null, "denomination": null, "backup_generator": null }, "geometry": { "type": "MultiLineString", "coordinates": [ [ [ -122.556347124659965, 37.902592705780243 ], [ -122.556319826393903, 37.902582056168676 ] ], [ [ -122.555656870516927, 37.902231101851868 ], [ -122.555650345617522, 37.902227304843159 ] ], [ [ -122.540224753680533, 37.896970389503863 ], [ -122.5402269, 37.8969284 ], [ -122.5398066, 37.8967699 ], [ -122.5393489, 37.8965812 ], [ -122.5388287, 37.8963645 ], [ -122.538787425457926, 37.896371658382627 ] ], [ [ -122.538536787649846, 37.896415127340518 ], [ -122.5383755, 37.8964431 ], [ -122.5382933, 37.896522 ], [ -122.5379349, 37.8968054 ], [ -122.537694779794862, 37.896971796492338 ] ] ] } },
{ "type": "Feature", "properties": { "osm_id": 422657598, "osm_type": "ways_line", "opening_hours": null, "capacity": null, "power": null, "surface": "ground", "historic": null, "building": null, "amenity": null, "fuel": null, "tunnel": null, "railway": null, "width": null, "oneway": null, "highway": "footway", "smoothness": null, "water": null, "name": null, "natural": null, "parking": null, "waterway": null, "landuse": null, "layer": null, "religion": null, "operator": null, "barrier": null, "bridge": null, "leisure": null, "denomination": null, "backup_generator": null }, "geometry": { "type": "MultiLineString", "coordinates": [ [ [ -122.5508474, 37.8953356 ], [ -122.5508353, 37.8953145 ], [ -122.5508286, 37.8952896 ], [ -122.5508342, 37.8952647 ], [ -122.5508326, 37.8952563 ], [ -122.55084, 37.8952277 ], [ -122.5508601, 37.8951922 ], [ -122.550889, 37.8951647 ], [ -122.5509614, 37.8950975 ], [ -122.5510043, 37.895043 ], [ -122.5510653, 37.8949848 ], [ -122.551176, 37.8948604 ], [ -122.5512484, 37.8948033 ], [ -122.551294, 37.8947334 ], [ -122.5512779, 37.8946107 ], [ -122.5512323, 37.8945048 ], [ -122.5511491, 37.8944117 ], [ -122.551066, 37.8943355 ], [ -122.5510043, 37.8942826 ], [ -122.5508916, 37.8942381 ], [ -122.5508407, 37.894181 ], [ -122.550838, 37.8941069 ], [ -122.5508299, 37.8939863 ], [ -122.5508165, 37.8938593 ], [ -122.5508273, 37.8937365 ], [ -122.5508031, 37.8936688 ], [ -122.5507656, 37.8935989 ], [ -122.5506637, 37.8935587 ], [ -122.550611, 37.8934968 ], [ -122.5505966, 37.8934634 ], [ -122.5506234, 37.8934402 ], [ -122.5507146, 37.8934105 ], [ -122.5507414, 37.8933682 ], [ -122.5507253, 37.8933449 ], [ -122.5506073, 37.8933068 ], [ -122.550605375912937, 37.893306089119349 ] ] ] } },
{ "type": "Feature", "properties": { "osm_id": 422657599, "osm_type": "ways_line", "opening_hours": null, "capacity": null, "power": null, "surface": "ground", "historic": null, "building": null, "amenity": null, "fuel": null, "tunnel": null, "railway": null, "width": null, "oneway": null, "highway": "footway", "smoothness": null, "water": null, "name": null, "natural": null, "parking": null, "waterway": null, "landuse": null, "layer": null, "religion": null, "operator": null, "barrier": null, "bridge": null, "leisure": null, "denomination": null, "backup_generator": null }, "geometry": { "type": "MultiLineString", "coordinates": [ [ [ -122.551959993942219, 37.894721183179918 ], [ -122.5519015, 37.8947684 ], [ -122.5517577, 37.8948486 ], [ -122.5515193, 37.8949197 ], [ -122.5513235, 37.895016 ], [ -122.551192, 37.8950594 ], [ -122.5511438, 37.895088 ], [ -122.5511089, 37.895106 ], [ -122.5510734, 37.8951287 ], [ -122.5509949, 37.8951758 ], [ -122.5509191, 37.8952182 ], [ -122.5508615, 37.8952525 ], [ -122.5508342, 37.8952647 ], [ -122.550785, 37.8952785 ], [ -122.5507247, 37.8952933 ], [ -122.5506464, 37.8953098 ] ] ] } },
{ "type": "Feature", "properties": { "osm_id": 12188759, "osm_type": "ways_line", "opening_hours": null, "capacity": null, "power": null, "surface": null, "historic": null, "building": null, "amenity": null, "fuel": null, "tunnel": null, "railway": null, "width": null, "oneway": null, "highway": "residential", "smoothness": null, "water": null, "name": "Cape Court", "natural": null, "parking": null, "waterway": null, "landuse": null, "layer": null, "religion": null, "operator": null, "barrier": null, "bridge": null, "leisure": null, "denomination": null, "backup_generator": null }, "geometry": { "type": "MultiLineString", "coordinates": [ [ [ -122.544979614334352, 37.900084570723983 ], [ -122.5449708, 37.9000249 ], [ -122.5449278, 37.8999547 ], [ -122.5448324, 37.8998927 ], [ -122.5447195, 37.899833 ], [ -122.5446069, 37.8997713 ], [ -122.5445431, 37.89973 ], [ -122.5444368, 37.8996464 ], [ -122.5443437, 37.8995718 ], [ -122.5442389, 37.8994618 ], [ -122.5442162, 37.8993966 ], [ -122.54423, 37.8993307 ], [ -122.5443045, 37.8992335 ] ] ] } },
{ "type": "Feature", "properties": { "osm_id": 655522972, "osm_type": "ways_line", "opening_hours": null, "capacity": null, "power": null, "surface": null, "historic": null, "building": null, "amenity": null, "fuel": null, "tunnel": null, "railway": null, "width": null, "oneway": null, "highway": "service", "smoothness": null, "water": null, "name": null, "natural": null, "parking": null, "waterway": null, "landuse": null, "layer": null, "religion": null, "operator": null, "barrier": null, "bridge": null, "leisure": null, "denomination": null, "backup_generator": null }, "geometry": { "type": "MultiLineString", "coordinates": [ [ [ -122.5590757, 37.9008889 ], [ -122.5592217, 37.9009329 ], [ -122.5594569, 37.9010459 ], [ -122.5595384, 37.9010861 ], [ -122.559663, 37.9012339 ] ] ] } },
{ "type": "Feature", "properties": { "osm_id": 12177638, "osm_type": "ways_line", "opening_hours": null, "capacity": null, "power": null, "surface": null, "historic": null, "building": null, "amenity": null, "fuel": null, "tunnel": null, "railway": null, "width": null, "oneway": null, "highway": "residential", "smoothness": null, "water": null, "name": "Holly Street", "natural": null, "parking": null, "waterway": null, "landuse": null, "layer": null, "religion": null, "operator": null, "barrier": null, "bridge": null, "leisure": null, "denomination": null, "backup_generator": null }, "geometry": { "type": "MultiLineString", "coordinates": [ [ [ -122.5453222, 37.8976951 ], [ -122.5456778, 37.896691 ] ] ] } },
{ "type": "Feature", "properties": { "osm_id": 1054091359, "osm_type": "ways_line", "opening_hours": null, "capacity": null, "power": null, "surface": "dirt", "historic": null, "building": null, "amenity": null, "fuel": null, "tunnel": null, "railway": null, "width": null, "oneway": null, "highway": "service", "smoothness": null, "water": null, "name": null, "natural": null, "parking": null, "waterway": null, "landuse": null, "layer": null, "religion": null, "operator": null, "barrier": null, "bridge": null, "leisure": null, "denomination": null, "backup_generator": null }, "geometry": { "type": "MultiLineString", "coordinates": [ [ [ -122.549839, 37.8998549 ], [ -122.5497646, 37.8998497 ], [ -122.5497114, 37.8998459 ], [ -122.5496546, 37.8998345 ], [ -122.5496119, 37.8998152 ], [ -122.5495709, 37.8997909 ], [ -122.5495389, 37.8997663 ], [ -122.5495205, 37.8997409 ], [ -122.5495074, 37.8996706 ], [ -122.5494922, 37.8996377 ], [ -122.5494559, 37.8995969 ], [ -122.5493088, 37.8994864 ], [ -122.5492588, 37.8994469 ], [ -122.5492106, 37.8994022 ], [ -122.5491728, 37.8993473 ], [ -122.5491342, 37.8992769 ], [ -122.549106, 37.8991902 ], [ -122.549102, 37.8991599 ], [ -122.549105, 37.8991301 ], [ -122.5491169, 37.8990955 ] ] ] } },
{ "type": "Feature", "properties": { "osm_id": 1432078656, "osm_type": "ways_line", "opening_hours": null, "capacity": null, "power": null, "surface": null, "historic": null, "building": null, "amenity": null, "fuel": null, "tunnel": null, "railway": null, "width": null, "oneway": null, "highway": "path", "smoothness": null, "water": null, "name": null, "natural": null, "parking": null, "waterway": null, "landuse": null, "layer": null, "religion": null, "operator": null, "barrier": null, "bridge": null, "leisure": null, "denomination": null, "backup_generator": null }, "geometry": { "type": "MultiLineString", "coordinates": [ [ [ -122.549356, 37.9002355 ], [ -122.5493745, 37.9002136 ], [ -122.5494036, 37.9002057 ], [ -122.5494355, 37.9002142 ], [ -122.5494716, 37.9002223 ], [ -122.5495127, 37.9002211 ], [ -122.5495506, 37.9002075 ], [ -122.5496205, 37.900197 ], [ -122.5497352, 37.900184 ], [ -122.5499006, 37.9001764 ], [ -122.550027, 37.9001762 ], [ -122.5501392, 37.900186 ], [ -122.5503079, 37.9002272 ], [ -122.5505443, 37.9002919 ], [ -122.5507196, 37.9003641 ], [ -122.5508674, 37.9004219 ], [ -122.5509829, 37.9004668 ], [ -122.5511049, 37.9005231 ], [ -122.5512156, 37.9006069 ], [ -122.5513332, 37.9007154 ], [ -122.5514591, 37.900936 ], [ -122.5515215, 37.9010776 ], [ -122.5515238, 37.9010921 ], [ -122.551541242688955, 37.901182166220956 ] ] ] } },
{ "type": "Feature", "properties": { "osm_id": 1149566971, "osm_type": "ways_line", "opening_hours": null, "capacity": null, "power": null, "surface": null, "historic": null, "building": null, "amenity": null, "fuel": null, "tunnel": null, "railway": null, "width": null, "oneway": null, "highway": null, "smoothness": null, "water": null, "name": null, "natural": null, "parking": null, "waterway": null, "landuse": null, "layer": null, "religion": null, "operator": null, "barrier": null, "bridge": null, "leisure": null, "denomination": null, "backup_generator": null }, "geometry": { "type": "MultiLineString", "coordinates": [ [ [ -122.543355706079154, 37.889773628654318 ], [ -122.5428761, 37.8897909 ], [ -122.5421839, 37.8898073 ], [ -122.541486, 37.8898549 ], [ -122.5408824, 37.8901206 ], [ -122.5405175, 37.8902419 ], [ -122.5403845, 37.8899896 ], [ -122.5402817, 37.8898475 ], [ -122.5396914, 37.8898661 ], [ -122.5391104, 37.8901757 ], [ -122.5388285, 37.8903052 ], [ -122.5383418, 37.8905009 ], [ -122.5381693, 37.8902211 ], [ -122.5377694, 37.8905545 ], [ -122.5371366, 37.8905835 ], [ -122.5366226, 37.8906252 ], [ -122.5359021, 37.890658 ], [ -122.5355202, 37.8906833 ], [ -122.5349223, 37.890722 ], [ -122.5347186, 37.8909467 ], [ -122.534106317077047, 37.89158518106175 ] ], [ [ -122.533566977527315, 37.892270355015398 ], [ -122.533553, 37.8922908 ], [ -122.533511151808142, 37.892354525027592 ] ], [ [ -122.5334488178828, 37.89280111612527 ], [ -122.5334992, 37.89298 ], [ -122.5339698, 37.8929383 ], [ -122.5344838, 37.8929071 ], [ -122.5345413, 37.8933342 ], [ -122.5346205, 37.8936498 ], [ -122.5354561, 37.8936602 ], [ -122.5360587, 37.8935262 ], [ -122.5361011, 37.8933811 ], [ -122.5361549, 37.8931802 ], [ -122.5364557, 37.8931817 ], [ -122.5366981, 37.8931601 ], [ -122.5371687, 37.8932777 ], [ -122.5374997, 37.8930894 ], [ -122.537726, 37.89362 ] ] ] } },
{ "type": "Feature", "properties": { "osm_id": 235550180, "osm_type": "ways_line", "opening_hours": null, "capacity": null, "power": null, "surface": "dirt", "historic": null, "building": null, "amenity": null, "fuel": null, "tunnel": null, "railway": null, "width": null, "oneway": null, "highway": "path", "smoothness": null, "water": null, "name": "Pixie Trail", "natural": null, "parking": null, "waterway": null, "landuse": null, "layer": null, "religion": null, "operator": null, "barrier": null, "bridge": null, "leisure": null, "denomination": null, "backup_generator": null }, "geometry": { "type": "MultiLineString", "coordinates": [ [ [ -122.5489462, 37.8989818 ], [ -122.5488347, 37.8989974 ], [ -122.5486772, 37.8990385 ], [ -122.5484967, 37.8991062 ], [ -122.5483598, 37.899178 ], [ -122.5482207, 37.8992377 ], [ -122.5481229, 37.8993074 ], [ -122.5480259, 37.8993896 ], [ -122.5479555, 37.899442 ], [ -122.5479117, 37.8994461 ], [ -122.547877, 37.8994317 ], [ -122.5477978, 37.8993856 ], [ -122.5476863, 37.8992973 ], [ -122.5475928, 37.8992132 ], [ -122.5475024, 37.8991279 ], [ -122.5473732, 37.8990421 ], [ -122.5472372, 37.8989777 ], [ -122.5470259, 37.898902 ], [ -122.5469705, 37.8988961 ], [ -122.5469114, 37.8988934 ], [ -122.5468027, 37.8988972 ], [ -122.5467215, 37.8989074 ], [ -122.5466868, 37.8989188 ], [ -122.5466439, 37.8989412 ], [ -122.546614, 37.8989707 ], [ -122.5465918, 37.8990041 ], [ -122.5465681, 37.8990511 ], [ -122.5465603, 37.8990886 ], [ -122.5465795, 37.8993355 ], [ -122.5465855, 37.8994308 ], [ -122.546573, 37.89948 ], [ -122.5465487, 37.8995138 ], [ -122.546498, 37.8995587 ], [ -122.5464526, 37.8995947 ], [ -122.5463867, 37.8996216 ], [ -122.5463348, 37.8996247 ], [ -122.5462564, 37.8996047 ], [ -122.5461712, 37.8995464 ], [ -122.5460473, 37.8994338 ], [ -122.5459855, 37.8993802 ], [ -122.5459273, 37.8993431 ], [ -122.545862, 37.8993064 ], [ -122.5457848, 37.8992893 ], [ -122.5456856, 37.8992886 ], [ -122.5455714, 37.8993457 ], [ -122.5454607, 37.8994526 ], [ -122.5454186, 37.8995002 ], [ -122.5453806, 37.8995194 ], [ -122.5453323, 37.8995294 ], [ -122.545231, 37.899539 ], [ -122.5451806, 37.8995186 ], [ -122.5451431, 37.8994626 ], [ -122.5450898, 37.8992884 ], [ -122.5450363, 37.899118 ], [ -122.5449317, 37.89898 ], [ -122.5448444, 37.8988832 ], [ -122.54475, 37.8987378 ], [ -122.5446291, 37.8986174 ], [ -122.5444966, 37.898527 ], [ -122.5443421, 37.8984544 ], [ -122.5441684, 37.8984019 ], [ -122.5440279, 37.8984036 ], [ -122.5438171, 37.8984285 ], [ -122.5437222, 37.898455 ] ] ] } },
{ "type": "Feature", "properties": { "osm_id": 235550181, "osm_type": "ways_line", "opening_hours": null, "capacity": null, "power": null, "surface": "dirt", "historic": null, "building": null, "amenity": null, "fuel": null, "tunnel": null, "railway": null, "width": null, "oneway": null, "highway": "path", "smoothness": null, "water": null, "name": null, "natural": null, "parking": null, "waterway": null, "landuse": null, "layer": null, "religion": null, "operator": null, "barrier": null, "bridge": null, "leisure": null, "denomination": null, "backup_generator": null }, "geometry": { "type": "MultiLineString", "coordinates": [ [ [ -122.5448444, 37.8988832 ], [ -122.5446906, 37.8987371 ], [ -122.5445281, 37.8986496 ], [ -122.5444395, 37.8986277 ], [ -122.5443657, 37.898626 ], [ -122.5442908, 37.8986383 ], [ -122.5442115, 37.8986719 ], [ -122.5440755, 37.898747 ], [ -122.5440268, 37.898781 ] ] ] } },
{ "type": "Feature", "properties": { "osm_id": 776373412, "osm_type": "ways_line", "opening_hours": null, "capacity": null, "power": null, "surface": "ground", "historic": null, "building": null, "amenity": null, "fuel": null, "tunnel": null, "railway": null, "width": null, "oneway": null, "highway": "footway", "smoothness": null, "water": null, "name": "Log Arch Trail", "natural": null, "parking": null, "waterway": null, "landuse": null, "layer": null, "religion": null, "operator": null, "barrier": null, "bridge": null, "leisure": null, "denomination": null, "backup_generator": null }, "geometry": { "type": "MultiLineString", "coordinates": [ [ [ -122.5569078, 37.8990936 ], [ -122.5567922, 37.8991291 ], [ -122.5566478, 37.8992023 ], [ -122.5564626, 37.8992841 ], [ -122.5561917, 37.8993433 ], [ -122.5560361, 37.899409 ], [ -122.5559449, 37.8994555 ], [ -122.5558247, 37.8994619 ], [ -122.5557232, 37.8994697 ], [ -122.555573, 37.8994946 ], [ -122.555486, 37.8995364 ] ] ] } },
{ "type": "Feature", "properties": { "osm_id": 1416638856, "osm_type": "ways_line", "opening_hours": null, "capacity": null, "power": null, "surface": null, "historic": null, "building": null, "amenity": null, "fuel": null, "tunnel": null, "railway": null, "width": null, "oneway": null, "highway": null, "smoothness": null, "water": null, "name": null, "natural": null, "parking": null, "waterway": null, "landuse": null, "layer": null, "religion": null, "operator": null, "barrier": "fence", "bridge": null, "leisure": null, "denomination": null, "backup_generator": null }, "geometry": { "type": "MultiLineString", "coordinates": [ [ [ -122.5483264, 37.8948457 ], [ -122.5482279, 37.894833 ], [ -122.5481471, 37.894819 ], [ -122.5481042, 37.8948201 ], [ -122.5480177, 37.8948328 ], [ -122.5479094, 37.8948587 ], [ -122.5478557, 37.8948934 ], [ -122.5478255, 37.8949558 ], [ -122.5478158, 37.8950021 ], [ -122.5478135, 37.8950661 ], [ -122.5478266, 37.8951159 ], [ -122.547855, 37.8951643 ], [ -122.5479131, 37.8952312 ] ] ] } },
{ "type": "Feature", "properties": { "osm_id": 1431862745, "osm_type": "ways_line", "opening_hours": null, "capacity": null, "power": null, "surface": "asphalt", "historic": null, "building": null, "amenity": null, "fuel": null, "tunnel": null, "railway": null, "width": null, "oneway": null, "highway": "residential", "smoothness": null, "water": null, "name": "Montford Avenue", "natural": null, "parking": null, "waterway": null, "landuse": null, "layer": null, "religion": null, "operator": null, "barrier": null, "bridge": null, "leisure": null, "denomination": null, "backup_generator": null }, "geometry": { "type": "MultiLineString", "coordinates": [ [ [ -122.5518461, 37.8991429 ], [ -122.5518813, 37.8991586 ], [ -122.5519472, 37.8992 ], [ -122.5520014, 37.8992581 ], [ -122.5520364, 37.8993216 ], [ -122.5520597, 37.8993843 ], [ -122.5520817, 37.8994543 ], [ -122.552105, 37.8995005 ], [ -122.5521414, 37.8995375 ], [ -122.5521954, 37.8995633 ], [ -122.5522574, 37.8995658 ], [ -122.552322, 37.8995414 ], [ -122.5523842, 37.8994891 ] ] ] } },
{ "type": "Feature", "properties": { "osm_id": 1432078646, "osm_type": "ways_line", "opening_hours": null, "capacity": null, "power": null, "surface": null, "historic": null, "building": null, "amenity": null, "fuel": null, "tunnel": null, "railway": null, "width": null, "oneway": null, "highway": "steps", "smoothness": null, "water": null, "name": "Dharma Way", "natural": null, "parking": null, "waterway": null, "landuse": null, "layer": null, "religion": null, "operator": null, "barrier": null, "bridge": null, "leisure": null, "denomination": null, "backup_generator": null }, "geometry": { "type": "MultiLineString", "coordinates": [ [ [ -122.5463743, 37.8994486 ], [ -122.5463462, 37.899442 ], [ -122.5463288, 37.899441 ], [ -122.5463074, 37.8994432 ], [ -122.5462938, 37.8994439 ] ] ] } },
{ "type": "Feature", "properties": { "osm_id": 1432078652, "osm_type": "ways_line", "opening_hours": null, "capacity": null, "power": null, "surface": null, "historic": null, "building": null, "amenity": null, "fuel": null, "tunnel": null, "railway": null, "width": null, "oneway": null, "highway": "service", "smoothness": null, "water": null, "name": null, "natural": null, "parking": null, "waterway": null, "landuse": null, "layer": null, "religion": null, "operator": null, "barrier": null, "bridge": null, "leisure": null, "denomination": null, "backup_generator": null }, "geometry": { "type": "MultiLineString", "coordinates": [ [ [ -122.5533421, 37.899137 ], [ -122.5534507, 37.8991578 ], [ -122.5535995, 37.8991836 ], [ -122.5537672, 37.8992055 ] ] ] } },
{ "type": "Feature", "properties": { "osm_id": 654886895, "osm_type": "ways_line", "opening_hours": null, "capacity": null, "power": null, "surface": null, "historic": null, "building": null, "amenity": null, "fuel": null, "tunnel": null, "railway": null, "width": null, "oneway": null, "highway": "service", "smoothness": null, "water": null, "name": null, "natural": null, "parking": null, "waterway": null, "landuse": null, "layer": null, "religion": null, "operator": null, "barrier": null, "bridge": null, "leisure": null, "denomination": null, "backup_generator": null }, "geometry": { "type": "MultiLineString", "coordinates": [ [ [ -122.555163, 37.9010471 ], [ -122.5552585, 37.9009729 ], [ -122.5553258, 37.9009711 ], [ -122.5555444, 37.9009654 ], [ -122.5557199, 37.9009605 ], [ -122.5557344, 37.90096 ], [ -122.5558645, 37.9009857 ] ] ] } },
{ "type": "Feature", "properties": { "osm_id": 425075847, "osm_type": "ways_line", "opening_hours": null, "capacity": null, "power": null, "surface": null, "historic": null, "building": null, "amenity": null, "fuel": null, "tunnel": null, "railway": null, "width": null, "oneway": null, "highway": "service", "smoothness": null, "water": null, "name": null, "natural": null, "parking": null, "waterway": null, "landuse": null, "layer": null, "religion": null, "operator": null, "barrier": null, "bridge": null, "leisure": null, "denomination": null, "backup_generator": null }, "geometry": { "type": "MultiLineString", "coordinates": [ [ [ -122.5437222, 37.898455 ], [ -122.543664, 37.8984879 ], [ -122.5436306, 37.898515 ], [ -122.5435231, 37.8986232 ], [ -122.5434974, 37.8986425 ], [ -122.5434616, 37.8986601 ] ] ] } },
{ "type": "Feature", "properties": { "osm_id": 844410946, "osm_type": "ways_line", "opening_hours": null, "capacity": null, "power": null, "surface": "asphalt", "historic": null, "building": null, "amenity": null, "fuel": null, "tunnel": null, "railway": null, "width": null, "oneway": "no", "highway": "service", "smoothness": null, "water": null, "name": null, "natural": null, "parking": null, "waterway": null, "landuse": null, "layer": null, "religion": null, "operator": null, "barrier": null, "bridge": null, "leisure": null, "denomination": null, "backup_generator": null }, "geometry": { "type": "MultiLineString", "coordinates": [ [ [ -122.5517178, 37.899169 ], [ -122.5518004, 37.8991982 ], [ -122.5518509, 37.8992261 ], [ -122.5518834, 37.8992618 ], [ -122.5518976, 37.8993117 ], [ -122.5518965, 37.8994048 ], [ -122.5518822, 37.899523 ], [ -122.5518607, 37.8995689 ], [ -122.5518455, 37.8996709 ], [ -122.5518432, 37.8997984 ], [ -122.5518541, 37.8998372 ], [ -122.5518823, 37.8998818 ], [ -122.5519491, 37.8999374 ], [ -122.5520431, 37.900033 ], [ -122.5520952, 37.9000621 ], [ -122.5521676, 37.9000675 ], [ -122.5522585, 37.9000586 ], [ -122.5523507, 37.9000277 ], [ -122.5524443, 37.899969 ], [ -122.5525106, 37.8999087 ], [ -122.5525478, 37.8998718 ] ] ] } },
{ "type": "Feature", "properties": { "osm_id": 1054091358, "osm_type": "ways_line", "opening_hours": null, "capacity": null, "power": null, "surface": "dirt", "historic": null, "building": null, "amenity": null, "fuel": null, "tunnel": null, "railway": null, "width": null, "oneway": null, "highway": "path", "smoothness": null, "water": null, "name": null, "natural": null, "parking": null, "waterway": null, "landuse": null, "layer": null, "religion": null, "operator": null, "barrier": null, "bridge": null, "leisure": null, "denomination": null, "backup_generator": null }, "geometry": { "type": "MultiLineString", "coordinates": [ [ [ -122.551745821212222, 37.901193189448684 ], [ -122.5517418, 37.9011654 ], [ -122.5517527, 37.9011434 ], [ -122.5517698, 37.9011281 ], [ -122.5517818, 37.9011119 ], [ -122.5517893, 37.901088 ], [ -122.551789, 37.9010535 ], [ -122.5517806, 37.901021 ], [ -122.5517607, 37.9009753 ], [ -122.5516773, 37.9008448 ], [ -122.5516543, 37.9007089 ], [ -122.5516479, 37.9006309 ], [ -122.5516318, 37.9005947 ], [ -122.5515795, 37.9005432 ], [ -122.5514733, 37.9004639 ], [ -122.5514047, 37.9003831 ], [ -122.5513825, 37.9003358 ], [ -122.5513663, 37.9002682 ], [ -122.5513095, 37.9002158 ], [ -122.5512137, 37.9001606 ], [ -122.5511395, 37.9001397 ], [ -122.551065, 37.9001292 ], [ -122.5509938, 37.9001286 ], [ -122.5509494, 37.9001267 ], [ -122.5508924, 37.9001172 ], [ -122.5508099, 37.9000619 ], [ -122.5506922, 37.8999976 ], [ -122.5505922, 37.8999591 ], [ -122.5504757, 37.8999356 ], [ -122.5503529, 37.8999064 ], [ -122.5502861, 37.8998813 ], [ -122.5502287, 37.8998601 ], [ -122.5501725, 37.8998389 ], [ -122.5500978, 37.8998305 ], [ -122.5500071, 37.8998321 ], [ -122.549839, 37.8998549 ] ] ] } },
{ "type": "Feature", "properties": { "osm_id": 1346349438, "osm_type": "ways_line", "opening_hours": null, "capacity": null, "power": null, "surface": null, "historic": null, "building": null, "amenity": null, "fuel": null, "tunnel": null, "railway": null, "width": null, "oneway": null, "highway": "service", "smoothness": null, "water": null, "name": null, "natural": null, "parking": null, "waterway": null, "landuse": null, "layer": null, "religion": null, "operator": null, "barrier": null, "bridge": null, "leisure": null, "denomination": null, "backup_generator": null }, "geometry": { "type": "MultiLineString", "coordinates": [ [ [ -122.5504515, 37.9004827 ], [ -122.5503091, 37.9005557 ], [ -122.5502767, 37.9005621 ], [ -122.5501718, 37.9005684 ], [ -122.5501589, 37.9005727 ], [ -122.5500862, 37.9006147 ], [ -122.5499948, 37.9006531 ], [ -122.5499797, 37.9006572 ], [ -122.5499668, 37.900659 ], [ -122.5499063, 37.9006634 ], [ -122.549867873726456, 37.900665578139026 ] ] ] } },
{ "type": "Feature", "properties": { "osm_id": 1432078649, "osm_type": "ways_line", "opening_hours": null, "capacity": null, "power": null, "surface": null, "historic": null, "building": null, "amenity": null, "fuel": null, "tunnel": null, "railway": null, "width": null, "oneway": null, "highway": "service", "smoothness": null, "water": null, "name": null, "natural": null, "parking": null, "waterway": null, "landuse": null, "layer": null, "religion": null, "operator": null, "barrier": null, "bridge": null, "leisure": null, "denomination": null, "backup_generator": null }, "geometry": { "type": "MultiLineString", "coordinates": [ [ [ -122.5512119, 37.8995195 ], [ -122.5511891, 37.8995224 ], [ -122.5511698, 37.8995291 ], [ -122.5511524, 37.8995403 ], [ -122.5511449, 37.8995532 ], [ -122.5511413, 37.8995733 ] ] ] } },
{ "type": "Feature", "properties": { "osm_id": 1432078653, "osm_type": "ways_line", "opening_hours": null, "capacity": null, "power": null, "surface": null, "historic": null, "building": null, "amenity": null, "fuel": null, "tunnel": null, "railway": null, "width": null, "oneway": null, "highway": "service", "smoothness": null, "water": null, "name": null, "natural": null, "parking": null, "waterway": null, "landuse": null, "layer": null, "religion": null, "operator": null, "barrier": null, "bridge": null, "leisure": null, "denomination": null, "backup_generator": null }, "geometry": { "type": "MultiLineString", "coordinates": [ [ [ -122.548767, 37.8997197 ], [ -122.5487949, 37.8996819 ] ] ] } },
{ "type": "Feature", "properties": { "osm_id": 12178112, "osm_type": "ways_line", "opening_hours": null, "capacity": null, "power": null, "surface": null, "historic": null, "building": null, "amenity": null, "fuel": null, "tunnel": null, "railway": null, "width": null, "oneway": null, "highway": "residential", "smoothness": null, "water": null, "name": "Laverne Avenue", "natural": null, "parking": null, "waterway": null, "landuse": null, "layer": null, "religion": null, "operator": null, "barrier": null, "bridge": null, "leisure": null, "denomination": null, "backup_generator": null }, "geometry": { "type": "MultiLineString", "coordinates": [ [ [ -122.5345319, 37.8930616 ], [ -122.5345237, 37.8934273 ], [ -122.5345303, 37.8934829 ], [ -122.5345418, 37.8935385 ], [ -122.5345614, 37.8935876 ], [ -122.5345925, 37.8936315 ], [ -122.5346189, 37.8936567 ], [ -122.5346318, 37.893669 ], [ -122.5346777, 37.8936909 ], [ -122.5347284, 37.8937 ], [ -122.5347808, 37.8937051 ], [ -122.535516, 37.893678 ], [ -122.5355651, 37.8936664 ], [ -122.5358386, 37.8935798 ], [ -122.5358992, 37.8935501 ], [ -122.5359401, 37.8935204 ], [ -122.5359797, 37.8934837 ], [ -122.5360008, 37.8934512 ], [ -122.5360187, 37.8934183 ], [ -122.536058, 37.8932348 ], [ -122.5360858, 37.8931896 ], [ -122.5361251, 37.8931598 ], [ -122.536171, 37.8931353 ], [ -122.5362299, 37.8931185 ], [ -122.5362905, 37.8931082 ], [ -122.5363478, 37.893103 ], [ -122.5364641, 37.8931086 ], [ -122.5366835, 37.8931191 ], [ -122.5369088, 37.893225 ], [ -122.5370701, 37.8932592 ], [ -122.5371689, 37.8932174 ], [ -122.5372459, 37.89313 ], [ -122.537335, 37.8930616 ], [ -122.5374217, 37.8930825 ], [ -122.5375017, 37.8931693 ], [ -122.5377826, 37.8936766 ], [ -122.5379564, 37.8938427 ], [ -122.5381009, 37.8938864 ], [ -122.5382117, 37.8938484 ], [ -122.5382526, 37.8937495 ], [ -122.5382682, 37.893693 ], [ -122.5382839, 37.8936412 ], [ -122.5383273, 37.8935329 ], [ -122.5383851, 37.8935006 ], [ -122.5384573, 37.8934987 ], [ -122.5386836, 37.8936054 ], [ -122.5389342, 37.8936963 ], [ -122.5392448, 37.8937609 ], [ -122.5396133, 37.8938313 ], [ -122.5398806, 37.8938142 ], [ -122.5401094, 37.8937781 ], [ -122.540368, 37.8937894 ], [ -122.5405212, 37.8938237 ], [ -122.5406272, 37.8938959 ], [ -122.5407163, 37.8940707 ], [ -122.5408941, 37.8943626 ], [ -122.5414653, 37.8947891 ], [ -122.5416131, 37.8948714 ], [ -122.5417639, 37.8949298 ], [ -122.5419779, 37.8949846 ], [ -122.5422619, 37.8950413 ], [ -122.5427176, 37.8951455 ], [ -122.5436171, 37.8953508 ], [ -122.5442943, 37.8954873 ], [ -122.5447414, 37.8956126 ], [ -122.5456221, 37.8958581 ], [ -122.5457882, 37.8959233 ], [ -122.5459593, 37.896017 ], [ -122.5463165, 37.8961007 ], [ -122.5466852, 37.896197 ], [ -122.5470444, 37.8962833 ], [ -122.5471076, 37.8962943 ], [ -122.5471714, 37.8962892 ], [ -122.5472324, 37.8962517 ], [ -122.5472879, 37.8962213 ], [ -122.5474498, 37.8962126 ], [ -122.5475622, 37.8962249 ], [ -122.5476424, 37.8962675 ], [ -122.5477873, 37.8963612 ], [ -122.547869, 37.8963624 ], [ -122.5479346, 37.8963514 ], [ -122.5482773, 37.8962838 ], [ -122.5483529, 37.8962845 ], [ -122.5484223, 37.8963222 ], [ -122.5484762, 37.8963599 ], [ -122.5485093, 37.8964056 ], [ -122.5485302, 37.8964816 ], [ -122.548552, 37.8965729 ], [ -122.5485918, 37.896664 ], [ -122.5486864, 37.8967523 ], [ -122.5488061, 37.8968331 ], [ -122.5489427, 37.8969042 ], [ -122.5491159, 37.8969876 ], [ -122.5493198, 37.8970646 ], [ -122.5493764, 37.8970873 ], [ -122.5494427, 37.8971007 ], [ -122.5495363, 37.8970924 ], [ -122.549634, 37.897044 ], [ -122.5497209, 37.8970325 ], [ -122.5498121, 37.8970495 ], [ -122.5499153, 37.8970783 ], [ -122.5500483, 37.8971092 ], [ -122.5503567, 37.8971254 ], [ -122.5505855, 37.8971309 ], [ -122.5506309, 37.897132 ], [ -122.550844, 37.8971268 ], [ -122.5509561, 37.8971078 ], [ -122.5510274, 37.897115 ], [ -122.5510833, 37.8971303 ], [ -122.5511438, 37.8971623 ], [ -122.5512429, 37.8972247 ], [ -122.5513446, 37.8972973 ], [ -122.5513736, 37.8973585 ], [ -122.5513688, 37.8974295 ], [ -122.551341, 37.8974904 ], [ -122.5512542, 37.8976008 ], [ -122.551214, 37.8976854 ], [ -122.5512051, 37.89773 ], [ -122.5512047, 37.8977841 ], [ -122.5512244, 37.8978402 ], [ -122.5512773, 37.8978973 ], [ -122.5513786, 37.8979849 ], [ -122.5514862, 37.898031 ], [ -122.5516144, 37.8980676 ], [ -122.5517716, 37.8981029 ], [ -122.5520659, 37.8981473 ], [ -122.552172, 37.8981703 ] ] ] } },
{ "type": "Feature", "properties": { "osm_id": 12183371, "osm_type": "ways_line", "opening_hours": null, "capacity": null, "power": null, "surface": null, "historic": null, "building": null, "amenity": null, "fuel": null, "tunnel": null, "railway": null, "width": null, "oneway": null, "highway": "residential", "smoothness": null, "water": null, "name": "Castle Rock Drive", "natural": null, "parking": null, "waterway": null, "landuse": null, "layer": null, "religion": null, "operator": null, "barrier": null, "bridge": null, "leisure": null, "denomination": null, "backup_generator": null }, "geometry": { "type": "MultiLineString", "coordinates": [ [ [ -122.5584343, 37.9020808 ], [ -122.5583467, 37.9020896 ], [ -122.5580355, 37.902024 ], [ -122.5578101, 37.9019584 ], [ -122.5576799, 37.901928 ], [ -122.5576004, 37.9019052 ], [ -122.5575582, 37.9018785 ], [ -122.5575401, 37.9018471 ], [ -122.557563, 37.9018072 ], [ -122.5576193, 37.9017602 ], [ -122.5576739, 37.9017178 ], [ -122.5576992, 37.9016617 ], [ -122.557704, 37.9015571 ], [ -122.5577016, 37.901442 ], [ -122.557657, 37.9013364 ], [ -122.55761, 37.9012527 ], [ -122.5575824, 37.901204 ], [ -122.557591, 37.9011505 ], [ -122.5576281, 37.9010996 ], [ -122.55771, 37.9010073 ], [ -122.5577619, 37.9008922 ], [ -122.557757, 37.9007695 ], [ -122.5577691, 37.9006678 ], [ -122.5577667, 37.9005631 ], [ -122.5576956, 37.9004328 ], [ -122.5576519, 37.900325 ], [ -122.5576058, 37.9002598 ], [ -122.557531, 37.9001917 ], [ -122.5573269, 37.9000729 ], [ -122.5572146, 37.9000294 ], [ -122.5571197, 37.8999938 ], [ -122.5570579, 37.8999453 ], [ -122.5570407, 37.8998714 ], [ -122.5570509, 37.8997973 ], [ -122.5571324, 37.8996994 ], [ -122.5572255, 37.8996434 ], [ -122.5573846, 37.8995626 ], [ -122.5574569, 37.8995065 ], [ -122.5575497, 37.8993942 ], [ -122.5576435, 37.8993372 ], [ -122.5576879, 37.8992538 ], [ -122.557739, 37.8991664 ], [ -122.557748, 37.8990918 ], [ -122.5577374, 37.8990272 ], [ -122.5576588, 37.8989004 ] ] ] } },
{ "type": "Feature", "properties": { "osm_id": 12183654, "osm_type": "ways_line", "opening_hours": null, "capacity": null, "power": null, "surface": null, "historic": null, "building": null, "amenity": null, "fuel": null, "tunnel": null, "railway": null, "width": null, "oneway": null, "highway": "residential", "smoothness": null, "water": null, "name": "Evergreen Lane", "natural": null, "parking": null, "waterway": null, "landuse": null, "layer": null, "religion": null, "operator": null, "barrier": null, "bridge": null, "leisure": null, "denomination": null, "backup_generator": null }, "geometry": { "type": "MultiLineString", "coordinates": [ [ [ -122.5451239, 37.8965587 ], [ -122.5451816, 37.8965725 ], [ -122.5456778, 37.896691 ], [ -122.5464593, 37.8968518 ] ] ] } },
{ "type": "Feature", "properties": { "osm_id": 1432078657, "osm_type": "ways_line", "opening_hours": null, "capacity": null, "power": null, "surface": null, "historic": null, "building": null, "amenity": null, "fuel": null, "tunnel": null, "railway": null, "width": null, "oneway": null, "highway": "path", "smoothness": null, "water": null, "name": null, "natural": null, "parking": null, "waterway": null, "landuse": null, "layer": null, "religion": null, "operator": null, "barrier": null, "bridge": null, "leisure": null, "denomination": null, "backup_generator": null }, "geometry": { "type": "MultiLineString", "coordinates": [ [ [ -122.5515238, 37.9010921 ], [ -122.5515624, 37.9011264 ], [ -122.5516017, 37.9011422 ], [ -122.5516453, 37.9011461 ], [ -122.5516679, 37.9011444 ], [ -122.551689, 37.9011413 ], [ -122.5517154, 37.9011425 ], [ -122.5517358, 37.9011374 ], [ -122.5517698, 37.9011281 ] ] ] } },
{ "type": "Feature", "properties": { "osm_id": 1450162087, "osm_type": "ways_line", "opening_hours": null, "capacity": null, "power": null, "surface": null, "historic": null, "building": null, "amenity": null, "fuel": null, "tunnel": null, "railway": null, "width": null, "oneway": null, "highway": "footway", "smoothness": null, "water": null, "name": null, "natural": null, "parking": null, "waterway": null, "landuse": null, "layer": null, "religion": null, "operator": null, "barrier": null, "bridge": null, "leisure": null, "denomination": null, "backup_generator": null }, "geometry": { "type": "MultiLineString", "coordinates": [ [ [ -122.538313, 37.89653 ], [ -122.538263, 37.8965648 ], [ -122.5380849, 37.8966932 ], [ -122.5378968, 37.8968328 ], [ -122.537691948931311, 37.896969095332558 ] ] ] } },
{ "type": "Feature", "properties": { "osm_id": 93776408, "osm_type": "ways_line", "opening_hours": null, "capacity": null, "power": null, "surface": "paved", "historic": null, "building": null, "amenity": null, "fuel": null, "tunnel": null, "railway": null, "width": null, "oneway": null, "highway": "residential", "smoothness": null, "water": null, "name": "Homestead Boulevard", "natural": null, "parking": null, "waterway": null, "landuse": null, "layer": null, "religion": null, "operator": null, "barrier": null, "bridge": null, "leisure": null, "denomination": null, "backup_generator": null }, "geometry": { "type": "MultiLineString", "coordinates": [ [ [ -122.533440846533694, 37.892808193067381 ], [ -122.5334545, 37.8928355 ], [ -122.5334823, 37.8928794 ], [ -122.5335184, 37.8929156 ], [ -122.5335642, 37.8929492 ], [ -122.5336101, 37.8929712 ], [ -122.5336559, 37.892988 ], [ -122.5337067, 37.8929983 ], [ -122.5337607, 37.8930009 ], [ -122.5341308, 37.8929867 ], [ -122.5341815, 37.8929906 ], [ -122.5345319, 37.8930616 ] ] ] } },
{ "type": "Feature", "properties": { "osm_id": 570317967, "osm_type": "ways_line", "opening_hours": null, "capacity": null, "power": null, "surface": null, "historic": null, "building": null, "amenity": null, "fuel": null, "tunnel": null, "railway": null, "width": null, "oneway": null, "highway": "service", "smoothness": null, "water": null, "name": null, "natural": null, "parking": null, "waterway": null, "landuse": null, "layer": null, "religion": null, "operator": null, "barrier": null, "bridge": null, "leisure": null, "denomination": null, "backup_generator": null }, "geometry": { "type": "MultiLineString", "coordinates": [ [ [ -122.5348922, 37.8951039 ], [ -122.534919656141369, 37.895157504847447 ] ] ] } },
{ "type": "Feature", "properties": { "osm_id": 1117468892, "osm_type": "ways_line", "opening_hours": null, "capacity": null, "power": null, "surface": null, "historic": null, "building": null, "amenity": null, "fuel": null, "tunnel": null, "railway": null, "width": null, "oneway": null, "highway": "service", "smoothness": null, "water": null, "name": null, "natural": null, "parking": null, "waterway": null, "landuse": null, "layer": null, "religion": null, "operator": null, "barrier": null, "bridge": null, "leisure": null, "denomination": null, "backup_generator": null }, "geometry": { "type": "MultiLineString", "coordinates": [ [ [ -122.5468138, 37.8921636 ], [ -122.546715, 37.8920098 ], [ -122.5466505, 37.8919611 ], [ -122.5465705, 37.8919298 ], [ -122.5464785, 37.891949 ], [ -122.5464218, 37.89198 ], [ -122.5463482, 37.8920241 ], [ -122.546247, 37.8921156 ], [ -122.5462049, 37.8921796 ], [ -122.5461767, 37.8922419 ], [ -122.5461049, 37.8923387 ], [ -122.5460205, 37.8924069 ], [ -122.5459434, 37.8924688 ], [ -122.5458974, 37.8925425 ], [ -122.5458217, 37.892613 ], [ -122.5457657, 37.8926745 ] ] ] } },
{ "type": "Feature", "properties": { "osm_id": 1319700637, "osm_type": "ways_line", "opening_hours": null, "capacity": null, "power": null, "surface": null, "historic": null, "building": null, "amenity": null, "fuel": null, "tunnel": null, "railway": null, "width": null, "oneway": null, "highway": "path", "smoothness": null, "water": null, "name": null, "natural": null, "parking": null, "waterway": null, "landuse": null, "layer": null, "religion": null, "operator": null, "barrier": null, "bridge": null, "leisure": null, "denomination": null, "backup_generator": null }, "geometry": { "type": "MultiLineString", "coordinates": [ [ [ -122.5449708, 37.9000249 ], [ -122.5451269, 37.8999032 ], [ -122.5452556, 37.8997991 ], [ -122.5453958, 37.899715 ], [ -122.5455055, 37.8996255 ], [ -122.5455805, 37.8995335 ], [ -122.5456201, 37.8994752 ], [ -122.5456505, 37.899427 ], [ -122.5456928, 37.89938 ], [ -122.5457456, 37.8993524 ], [ -122.5458289, 37.8993434 ], [ -122.5459273, 37.8993431 ] ] ] } },
{ "type": "Feature", "properties": { "osm_id": 1416638857, "osm_type": "ways_line", "opening_hours": null, "capacity": null, "power": null, "surface": null, "historic": null, "building": null, "amenity": null, "fuel": null, "tunnel": null, "railway": null, "width": null, "oneway": null, "highway": null, "smoothness": null, "water": null, "name": null, "natural": null, "parking": null, "waterway": null, "landuse": null, "layer": null, "religion": null, "operator": null, "barrier": "fence", "bridge": null, "leisure": null, "denomination": null, "backup_generator": null }, "geometry": { "type": "MultiLineString", "coordinates": [ [ [ -122.5460241, 37.8983237 ], [ -122.5459469, 37.8975416 ] ] ] } },
{ "type": "Feature", "properties": { "osm_id": 1432078644, "osm_type": "ways_line", "opening_hours": null, "capacity": null, "power": null, "surface": null, "historic": null, "building": null, "amenity": null, "fuel": null, "tunnel": null, "railway": null, "width": null, "oneway": null, "highway": "footway", "smoothness": null, "water": null, "name": "Dharma Way", "natural": null, "parking": null, "waterway": null, "landuse": null, "layer": null, "religion": null, "operator": null, "barrier": null, "bridge": null, "leisure": null, "denomination": null, "backup_generator": null }, "geometry": { "type": "MultiLineString", "coordinates": [ [ [ -122.5462938, 37.8994439 ], [ -122.5462729, 37.8994366 ], [ -122.5462513, 37.8994234 ], [ -122.5462335, 37.8994049 ], [ -122.5462173, 37.8993846 ], [ -122.5461971, 37.8993667 ], [ -122.5461672, 37.8993399 ], [ -122.5461447, 37.8993121 ], [ -122.5461336, 37.8992959 ], [ -122.5461286, 37.8992821 ], [ -122.5461235, 37.8992604 ], [ -122.5461176, 37.8992377 ], [ -122.5461053, 37.8992019 ], [ -122.5460813, 37.8991624 ], [ -122.5460259, 37.8990942 ], [ -122.5459721, 37.8990425 ], [ -122.5459001, 37.8989883 ], [ -122.5458101, 37.8989492 ], [ -122.5457121, 37.8989215 ], [ -122.5456135, 37.898903 ], [ -122.5455363, 37.8989051 ], [ -122.5454505, 37.8989194 ], [ -122.5453951, 37.8989358 ], [ -122.5453706, 37.8989467 ], [ -122.545354, 37.8989446 ], [ -122.545337, 37.8989307 ], [ -122.5453247, 37.8988975 ], [ -122.5453013, 37.8988597 ], [ -122.5452246, 37.8988046 ], [ -122.5451463, 37.8987546 ], [ -122.545077, 37.8987045 ], [ -122.5449113, 37.8985809 ], [ -122.5448586, 37.8985485 ], [ -122.544776, 37.8985099 ], [ -122.5446939, 37.8984775 ], [ -122.5446039, 37.8984497 ], [ -122.5444851, 37.8984191 ], [ -122.5443806, 37.8983968 ], [ -122.5442656, 37.8983871 ], [ -122.5441684, 37.8984019 ] ] ] } },
{ "type": "Feature", "properties": { "osm_id": 12178775, "osm_type": "ways_line", "opening_hours": null, "capacity": null, "power": null, "surface": "asphalt", "historic": null, "building": null, "amenity": null, "fuel": null, "tunnel": null, "railway": null, "width": null, "oneway": "no", "highway": "tertiary", "smoothness": null, "water": null, "name": "Sequoia Valley Road", "natural": null, "parking": null, "waterway": null, "landuse": null, "layer": null, "religion": null, "operator": null, "barrier": null, "bridge": null, "leisure": null, "denomination": null, "backup_generator": null }, "geometry": { "type": "MultiLineString", "coordinates": [ [ [ -122.558553959885288, 37.899236916512201 ], [ -122.558527, 37.8992787 ], [ -122.5584568, 37.899364 ], [ -122.5583223, 37.8995139 ], [ -122.5582325, 37.8996112 ], [ -122.5581801, 37.8996748 ], [ -122.5581494, 37.8997262 ], [ -122.5581435, 37.8997758 ], [ -122.5581635, 37.8998341 ], [ -122.5582016, 37.8998775 ], [ -122.558253, 37.8999185 ], [ -122.558322, 37.8999582 ], [ -122.5584102, 37.9000157 ], [ -122.5584715, 37.9000701 ], [ -122.5585005, 37.9001177 ], [ -122.5585086, 37.900176 ], [ -122.5584958, 37.9002255 ], [ -122.55846, 37.900284 ], [ -122.558382, 37.9003616 ], [ -122.5583174, 37.9004324 ], [ -122.5582708, 37.9004962 ], [ -122.5582209, 37.9005845 ], [ -122.5581878, 37.9007055 ], [ -122.5581713, 37.9008176 ], [ -122.5581524, 37.9009736 ], [ -122.5581336, 37.9011517 ], [ -122.5581251, 37.9012734 ], [ -122.5581302, 37.9015023 ], [ -122.5581379, 37.9016163 ], [ -122.5581494, 37.9017286 ], [ -122.5581763, 37.9018018 ], [ -122.5582133, 37.9018704 ], [ -122.558276, 37.901942 ], [ -122.5584343, 37.9020808 ], [ -122.5584615, 37.9021153 ], [ -122.5584737, 37.9021494 ], [ -122.558470757399476, 37.902175752622476 ] ] ] } },
{ "type": "Feature", "properties": { "osm_id": 1236772307, "osm_type": "ways_line", "opening_hours": null, "capacity": null, "power": null, "surface": null, "historic": null, "building": null, "amenity": null, "fuel": null, "tunnel": null, "railway": null, "width": null, "oneway": null, "highway": "footway", "smoothness": null, "water": null, "name": null, "natural": null, "parking": null, "waterway": null, "landuse": null, "layer": null, "religion": null, "operator": null, "barrier": null, "bridge": null, "leisure": null, "denomination": null, "backup_generator": null }, "geometry": { "type": "MultiLineString", "coordinates": [ [ [ -122.559513255569939, 37.901663192811995 ], [ -122.5594968, 37.9016484 ], [ -122.5594116, 37.9015937 ], [ -122.5593883, 37.901564 ], [ -122.5593719, 37.9015336 ], [ -122.5593325, 37.9015206 ], [ -122.5591875, 37.901504 ], [ -122.5590873, 37.901478 ] ] ] } },
{ "type": "Feature", "properties": { "osm_id": 88160061, "osm_type": "ways_line", "opening_hours": null, "capacity": null, "power": null, "surface": null, "historic": null, "building": null, "amenity": null, "fuel": null, "tunnel": null, "railway": null, "width": null, "oneway": null, "highway": "footway", "smoothness": null, "water": null, "name": "Stolte Grove", "natural": null, "parking": null, "waterway": null, "landuse": null, "layer": null, "religion": null, "operator": null, "barrier": null, "bridge": "yes", "leisure": null, "denomination": null, "backup_generator": null }, "geometry": { "type": "MultiLineString", "coordinates": [ [ [ -122.5561089, 37.8999657 ], [ -122.5561263, 37.9000297 ] ] ] } },
{ "type": "Feature", "properties": { "osm_id": 12187543, "osm_type": "ways_line", "opening_hours": null, "capacity": null, "power": null, "surface": "asphalt", "historic": null, "building": null, "amenity": null, "fuel": null, "tunnel": null, "railway": null, "width": null, "oneway": null, "highway": "residential", "smoothness": null, "water": null, "name": "Ridgewood Avenue", "natural": null, "parking": null, "waterway": null, "landuse": null, "layer": null, "religion": null, "operator": null, "barrier": null, "bridge": null, "leisure": null, "denomination": null, "backup_generator": null }, "geometry": { "type": "MultiLineString", "coordinates": [ [ [ -122.551867837994621, 37.901200867767272 ], [ -122.5520421, 37.9011522 ], [ -122.5522763, 37.9010791 ], [ -122.5524357, 37.9010049 ], [ -122.5525886, 37.9009033 ], [ -122.552699, 37.9008295 ], [ -122.5527975, 37.9007498 ], [ -122.552878, 37.9006822 ], [ -122.5529394, 37.9005829 ], [ -122.5530058, 37.9004976 ], [ -122.5530878, 37.900441 ], [ -122.5531694, 37.900398 ], [ -122.5532244, 37.9003756 ], [ -122.5532905, 37.900367 ], [ -122.5534762, 37.9003806 ], [ -122.5535695, 37.9003948 ], [ -122.5536289, 37.9003821 ], [ -122.553698, 37.9003271 ], [ -122.553776, 37.900276 ], [ -122.5538481, 37.9002588 ], [ -122.5540258, 37.9002647 ], [ -122.5541835, 37.9002551 ], [ -122.5542984, 37.9002376 ], [ -122.5543581, 37.9002041 ], [ -122.5544028, 37.9001658 ], [ -122.5544731, 37.9001426 ], [ -122.5545752, 37.9001333 ], [ -122.5547608, 37.9001444 ] ] ] } },
{ "type": "Feature", "properties": { "osm_id": 425075845, "osm_type": "ways_line", "opening_hours": null, "capacity": null, "power": null, "surface": null, "historic": null, "building": null, "amenity": null, "fuel": null, "tunnel": null, "railway": null, "width": null, "oneway": null, "highway": null, "smoothness": null, "water": null, "name": null, "natural": null, "parking": null, "waterway": null, "landuse": null, "layer": null, "religion": null, "operator": null, "barrier": "fence", "bridge": null, "leisure": null, "denomination": null, "backup_generator": null }, "geometry": { "type": "MultiLineString", "coordinates": [ [ [ -122.5517355, 37.901167 ], [ -122.551653282429029, 37.901187818757926 ] ] ] } },
{ "type": "Feature", "properties": { "osm_id": 1432078655, "osm_type": "ways_line", "opening_hours": null, "capacity": null, "power": null, "surface": null, "historic": null, "building": null, "amenity": null, "fuel": null, "tunnel": null, "railway": null, "width": null, "oneway": null, "highway": "service", "smoothness": null, "water": null, "name": null, "natural": null, "parking": null, "waterway": null, "landuse": null, "layer": null, "religion": null, "operator": null, "barrier": null, "bridge": null, "leisure": null, "denomination": null, "backup_generator": null }, "geometry": { "type": "MultiLineString", "coordinates": [ [ [ -122.5493423, 37.9002309 ], [ -122.5492924, 37.9003274 ] ] ] } },
{ "type": "Feature", "properties": { "osm_id": 12187337, "osm_type": "ways_line", "opening_hours": null, "capacity": null, "power": null, "surface": null, "historic": null, "building": null, "amenity": null, "fuel": null, "tunnel": null, "railway": null, "width": null, "oneway": null, "highway": "residential", "smoothness": null, "water": null, "name": "Cedarwood Lane", "natural": null, "parking": null, "waterway": null, "landuse": null, "layer": null, "religion": null, "operator": null, "barrier": null, "bridge": null, "leisure": null, "denomination": null, "backup_generator": null }, "geometry": { "type": "MultiLineString", "coordinates": [ [ [ -122.553971563210467, 37.901180863832614 ], [ -122.5537533, 37.9007009 ] ] ] } },
{ "type": "Feature", "properties": { "osm_id": 88159972, "osm_type": "ways_line", "opening_hours": null, "capacity": null, "power": null, "surface": null, "historic": null, "building": null, "amenity": null, "fuel": null, "tunnel": null, "railway": null, "width": null, "oneway": null, "highway": "footway", "smoothness": null, "water": null, "name": "Stolte Grove", "natural": null, "parking": null, "waterway": null, "landuse": null, "layer": null, "religion": null, "operator": null, "barrier": null, "bridge": "yes", "leisure": null, "denomination": null, "backup_generator": null }, "geometry": { "type": "MultiLineString", "coordinates": [ [ [ -122.5557815, 37.8996992 ], [ -122.5558827, 37.8997002 ] ] ] } },
{ "type": "Feature", "properties": { "osm_id": 733189373, "osm_type": "ways_line", "opening_hours": null, "capacity": null, "power": null, "surface": null, "historic": null, "building": null, "amenity": null, "fuel": null, "tunnel": null, "railway": null, "width": null, "oneway": null, "highway": "service", "smoothness": null, "water": null, "name": null, "natural": null, "parking": null, "waterway": null, "landuse": null, "layer": null, "religion": null, "operator": null, "barrier": null, "bridge": null, "leisure": null, "denomination": null, "backup_generator": null }, "geometry": { "type": "MultiLineString", "coordinates": [ [ [ -122.5382682, 37.893693 ], [ -122.5382449, 37.8936215 ], [ -122.5382297, 37.893538 ], [ -122.5382216, 37.8934536 ], [ -122.5382826, 37.8933672 ], [ -122.5383246, 37.8933225 ], [ -122.5383592, 37.893251 ], [ -122.5383779, 37.8931463 ], [ -122.5383839, 37.8929651 ] ] ] } },
{ "type": "Feature", "properties": { "osm_id": 352844127, "osm_type": "ways_line", "opening_hours": null, "capacity": null, "power": null, "surface": null, "historic": null, "building": null, "amenity": null, "fuel": null, "tunnel": null, "railway": null, "width": null, "oneway": null, "highway": "residential", "smoothness": null, "water": null, "name": "East Laverne Avenue", "natural": null, "parking": null, "waterway": null, "landuse": null, "layer": null, "religion": null, "operator": null, "barrier": null, "bridge": null, "leisure": null, "denomination": null, "backup_generator": null }, "geometry": { "type": "MultiLineString", "coordinates": [ [ [ -122.5346189, 37.8936567 ], [ -122.5341925, 37.8939987 ] ] ] } },
{ "type": "Feature", "properties": { "osm_id": 1323527853, "osm_type": "ways_line", "opening_hours": null, "capacity": null, "power": null, "surface": null, "historic": null, "building": null, "amenity": null, "fuel": null, "tunnel": null, "railway": null, "width": null, "oneway": null, "highway": "residential", "smoothness": null, "water": null, "name": "Lillian Lane", "natural": null, "parking": null, "waterway": null, "landuse": null, "layer": null, "religion": null, "operator": null, "barrier": null, "bridge": null, "leisure": null, "denomination": null, "backup_generator": null }, "geometry": { "type": "MultiLineString", "coordinates": [ [ [ -122.5399034, 37.8954508 ], [ -122.5397886, 37.8957704 ] ] ] } },
{ "type": "Feature", "properties": { "osm_id": 1323527854, "osm_type": "ways_line", "opening_hours": null, "capacity": null, "power": null, "surface": null, "historic": null, "building": null, "amenity": null, "fuel": null, "tunnel": null, "railway": null, "width": null, "oneway": null, "highway": "residential", "smoothness": null, "water": null, "name": "Lillian Lane", "natural": null, "parking": null, "waterway": null, "landuse": null, "layer": "1", "religion": null, "operator": null, "barrier": null, "bridge": "yes", "leisure": null, "denomination": null, "backup_generator": null }, "geometry": { "type": "MultiLineString", "coordinates": [ [ [ -122.5397886, 37.8957704 ], [ -122.5397601, 37.8958499 ] ] ] } },
{ "type": "Feature", "properties": { "osm_id": 1117468889, "osm_type": "ways_line", "opening_hours": null, "capacity": null, "power": null, "surface": null, "historic": null, "building": null, "amenity": null, "fuel": null, "tunnel": null, "railway": null, "width": null, "oneway": null, "highway": "service", "smoothness": null, "water": null, "name": "Chapman Road", "natural": null, "parking": null, "waterway": null, "landuse": null, "layer": null, "religion": null, "operator": null, "barrier": null, "bridge": null, "leisure": null, "denomination": null, "backup_generator": null }, "geometry": { "type": "MultiLineString", "coordinates": [ [ [ -122.5417567, 37.8937647 ], [ -122.5419219, 37.8937218 ], [ -122.5420511, 37.8937649 ], [ -122.5423914, 37.8938546 ] ] ] } },
{ "type": "Feature", "properties": { "osm_id": 1091663821, "osm_type": "ways_line", "opening_hours": null, "capacity": null, "power": null, "surface": null, "historic": null, "building": null, "amenity": null, "fuel": null, "tunnel": null, "railway": null, "width": null, "oneway": null, "highway": "service", "smoothness": null, "water": null, "name": "Brabo Terrace", "natural": null, "parking": null, "waterway": null, "landuse": null, "layer": null, "religion": null, "operator": null, "barrier": null, "bridge": null, "leisure": null, "denomination": null, "backup_generator": null }, "geometry": { "type": "MultiLineString", "coordinates": [ [ [ -122.5418579, 37.8922405 ], [ -122.541915, 37.892368 ], [ -122.5419739, 37.8925754 ], [ -122.5420048, 37.8926814 ], [ -122.5420144, 37.8928278 ], [ -122.5419855, 37.8930216 ] ] ] } },
{ "type": "Feature", "properties": { "osm_id": 654994402, "osm_type": "ways_line", "opening_hours": null, "capacity": null, "power": null, "surface": null, "historic": null, "building": null, "amenity": null, "fuel": null, "tunnel": null, "railway": null, "width": null, "oneway": null, "highway": "service", "smoothness": null, "water": null, "name": null, "natural": null, "parking": null, "waterway": null, "landuse": null, "layer": null, "religion": null, "operator": null, "barrier": null, "bridge": null, "leisure": null, "denomination": null, "backup_generator": null }, "geometry": { "type": "MultiLineString", "coordinates": [ [ [ -122.5426141, 37.8926418 ], [ -122.5425231, 37.8925553 ], [ -122.5423187, 37.8925037 ], [ -122.541915, 37.892368 ] ] ] } },
{ "type": "Feature", "properties": { "osm_id": 12178186, "osm_type": "ways_line", "opening_hours": null, "capacity": null, "power": null, "surface": null, "historic": null, "building": null, "amenity": null, "fuel": null, "tunnel": null, "railway": null, "width": null, "oneway": null, "highway": "residential", "smoothness": null, "water": null, "name": "Madrone Park Circle", "natural": null, "parking": null, "waterway": null, "landuse": null, "layer": null, "religion": null, "operator": null, "barrier": null, "bridge": null, "leisure": null, "denomination": null, "backup_generator": null }, "geometry": { "type": "MultiLineString", "coordinates": [ [ [ -122.5467473, 37.8922454 ], [ -122.5467731, 37.8922648 ], [ -122.5467817, 37.8922867 ], [ -122.5467694, 37.8923125 ], [ -122.5467148, 37.8923455 ], [ -122.5466563, 37.8923962 ], [ -122.5466113, 37.8924429 ], [ -122.5465788, 37.8924866 ], [ -122.5465494, 37.8925459 ], [ -122.5465344, 37.8925982 ], [ -122.5465352, 37.8926452 ], [ -122.5465427, 37.8927007 ], [ -122.546553, 37.8927415 ], [ -122.5466206, 37.8928081 ], [ -122.546679, 37.8929085 ], [ -122.5466918, 37.8929451 ], [ -122.5467072, 37.8930828 ], [ -122.5467242, 37.8932221 ], [ -122.5467394, 37.8932815 ], [ -122.5467558, 37.893321 ], [ -122.5468086, 37.8933749 ], [ -122.5468792, 37.8934138 ], [ -122.5469407, 37.8934385 ], [ -122.547014, 37.8934642 ], [ -122.5470718, 37.8934823 ], [ -122.5471174, 37.8934936 ], [ -122.5471551, 37.8934893 ], [ -122.5471541, 37.8934624 ], [ -122.5471226, 37.8934345 ], [ -122.5470539, 37.8934183 ], [ -122.5469997, 37.8933968 ], [ -122.5469626, 37.8933658 ], [ -122.5469356, 37.8933261 ], [ -122.5469305, 37.8932843 ], [ -122.5469692, 37.8930349 ], [ -122.5469919, 37.8929576 ], [ -122.5469966, 37.8928878 ], [ -122.5469959, 37.8927535 ], [ -122.5470125, 37.8927114 ], [ -122.5470414, 37.8926695 ], [ -122.5470909, 37.8926225 ], [ -122.5471505, 37.8925884 ], [ -122.5473358, 37.8924983 ], [ -122.5474242, 37.8924431 ], [ -122.5474655, 37.8924029 ], [ -122.5474793, 37.8923813 ], [ -122.5474806, 37.8923587 ], [ -122.5474679, 37.8923281 ], [ -122.5474213, 37.8922444 ], [ -122.5474011, 37.8922053 ], [ -122.5473884, 37.8921582 ], [ -122.5473886, 37.8921127 ], [ -122.5473992, 37.8920531 ], [ -122.5474297, 37.8919947 ], [ -122.547473, 37.8919392 ], [ -122.5475457, 37.891879 ], [ -122.5476067, 37.8918403 ], [ -122.547672, 37.8918202 ], [ -122.5477261, 37.8918058 ], [ -122.5477857, 37.8917962 ], [ -122.5478436, 37.8918047 ], [ -122.5478904, 37.8917985 ], [ -122.5479425, 37.8917825 ], [ -122.5479665, 37.8917615 ], [ -122.5479782, 37.8917414 ], [ -122.5479765, 37.8917129 ], [ -122.5479415, 37.8915289 ], [ -122.5479403, 37.8914871 ], [ -122.5479574, 37.8914474 ], [ -122.5479834, 37.8914062 ], [ -122.5480345, 37.8913434 ], [ -122.5481969, 37.8912097 ], [ -122.54829, 37.8911293 ], [ -122.5483514, 37.8910574 ], [ -122.5483966, 37.89102 ], [ -122.5484043, 37.8910012 ], [ -122.548404, 37.8909826 ], [ -122.5483891, 37.8909614 ], [ -122.54831, 37.8909058 ], [ -122.548293, 37.8908977 ], [ -122.5482671, 37.8909001 ], [ -122.5481729, 37.8909241 ], [ -122.5481014, 37.8909353 ], [ -122.5478283, 37.8909369 ], [ -122.547757, 37.8909373 ], [ -122.5476675, 37.890962 ], [ -122.5476134, 37.8909892 ] ] ] } },
{ "type": "Feature", "properties": { "osm_id": 12178768, "osm_type": "ways_line", "opening_hours": null, "capacity": null, "power": null, "surface": null, "historic": null, "building": null, "amenity": null, "fuel": null, "tunnel": null, "railway": null, "width": null, "oneway": null, "highway": "residential", "smoothness": null, "water": null, "name": "Melrose Avenue", "natural": null, "parking": null, "waterway": null, "landuse": null, "layer": null, "religion": null, "operator": null, "barrier": null, "bridge": null, "leisure": null, "denomination": null, "backup_generator": null }, "geometry": { "type": "MultiLineString", "coordinates": [ [ [ -122.5460412, 37.8934257 ], [ -122.5459578, 37.893369 ], [ -122.545888, 37.8932674 ], [ -122.5458537, 37.8931444 ], [ -122.5458247, 37.8930205 ], [ -122.5458278, 37.8929401 ], [ -122.5458578, 37.8927838 ], [ -122.5458579, 37.8927335 ], [ -122.5458438, 37.8926995 ], [ -122.5458157, 37.8926781 ], [ -122.5457657, 37.8926745 ], [ -122.5457186, 37.8926906 ], [ -122.5456252, 37.8927583 ], [ -122.5455284, 37.8928517 ], [ -122.5453935, 37.8929334 ], [ -122.5452754, 37.8930161 ], [ -122.5451069, 37.8931396 ], [ -122.5449803, 37.8932515 ], [ -122.5449302, 37.8933473 ], [ -122.5449095, 37.8934416 ], [ -122.5448652, 37.8935716 ], [ -122.5447456, 37.8937185 ], [ -122.5446295, 37.8938718 ], [ -122.5439184, 37.8946161 ], [ -122.5438254, 37.8948081 ], [ -122.5437599, 37.894978 ], [ -122.5436171, 37.8953508 ] ] ] } },
{ "type": "Feature", "properties": { "osm_id": 12180412, "osm_type": "ways_line", "opening_hours": null, "capacity": null, "power": null, "surface": null, "historic": null, "building": null, "amenity": null, "fuel": null, "tunnel": null, "railway": null, "width": null, "oneway": null, "highway": "residential", "smoothness": null, "water": null, "name": "Hawthorne Street", "natural": null, "parking": null, "waterway": null, "landuse": null, "layer": null, "religion": null, "operator": null, "barrier": null, "bridge": null, "leisure": null, "denomination": null, "backup_generator": null }, "geometry": { "type": "MultiLineString", "coordinates": [ [ [ -122.5401838, 37.8955094 ], [ -122.5403908, 37.8948462 ], [ -122.5405367, 37.8946387 ], [ -122.5408941, 37.8943626 ] ] ] } },
{ "type": "Feature", "properties": { "osm_id": 12182057, "osm_type": "ways_line", "opening_hours": null, "capacity": null, "power": null, "surface": null, "historic": null, "building": null, "amenity": null, "fuel": null, "tunnel": null, "railway": null, "width": null, "oneway": null, "highway": "service", "smoothness": null, "water": null, "name": "Curry Lane", "natural": null, "parking": null, "waterway": null, "landuse": null, "layer": null, "religion": null, "operator": null, "barrier": null, "bridge": null, "leisure": null, "denomination": null, "backup_generator": null }, "geometry": { "type": "MultiLineString", "coordinates": [ [ [ -122.5422619, 37.8950413 ], [ -122.5422381, 37.8949665 ], [ -122.5420842, 37.8948898 ], [ -122.5419951, 37.8948556 ], [ -122.5419157, 37.8948138 ], [ -122.5418554, 37.8947644 ], [ -122.5418579, 37.8947055 ], [ -122.5418892, 37.8946257 ], [ -122.5419686, 37.8945421 ], [ -122.5420385, 37.8944983 ], [ -122.5425515, 37.8943919 ], [ -122.5426935, 37.8943577 ], [ -122.5428019, 37.8942931 ], [ -122.5430596, 37.8939491 ], [ -122.5431728, 37.8938047 ], [ -122.5432426, 37.8937134 ], [ -122.5432812, 37.8935519 ], [ -122.5432884, 37.8934873 ], [ -122.5432523, 37.8934074 ] ] ] } },
{ "type": "Feature", "properties": { "osm_id": 12182412, "osm_type": "ways_line", "opening_hours": null, "capacity": null, "power": null, "surface": "asphalt", "historic": null, "building": null, "amenity": null, "fuel": null, "tunnel": null, "railway": null, "width": null, "oneway": null, "highway": "residential", "smoothness": null, "water": null, "name": "Janes Street", "natural": null, "parking": null, "waterway": null, "landuse": null, "layer": null, "religion": null, "operator": null, "barrier": null, "bridge": null, "leisure": null, "denomination": null, "backup_generator": null }, "geometry": { "type": "MultiLineString", "coordinates": [ [ [ -122.542687117437353, 37.899029162612813 ], [ -122.5426924, 37.8990207 ], [ -122.5427485, 37.8989364 ], [ -122.5428398, 37.8988689 ], [ -122.5429021, 37.8988379 ], [ -122.5429848, 37.8988157 ], [ -122.5430626, 37.8988123 ], [ -122.5431305, 37.8988263 ], [ -122.5431871, 37.8988571 ], [ -122.5432385, 37.8988775 ], [ -122.5432855, 37.898886 ], [ -122.543326, 37.8988755 ], [ -122.5433627, 37.898858 ], [ -122.5434005, 37.8988276 ], [ -122.5434278, 37.8987652 ], [ -122.5434493, 37.8987004 ], [ -122.5434616, 37.8986601 ], [ -122.5434738, 37.8986159 ], [ -122.5435359, 37.8984752 ], [ -122.5435594, 37.8984386 ], [ -122.5435833, 37.8984051 ], [ -122.5436208, 37.8983669 ], [ -122.5438772, 37.8981913 ], [ -122.5441117, 37.89806 ], [ -122.544158, 37.8980258 ], [ -122.544174, 37.8979865 ], [ -122.5441595, 37.8979473 ], [ -122.5441357, 37.8979227 ], [ -122.544067, 37.8979151 ], [ -122.5439709, 37.8979294 ], [ -122.543905, 37.8979528 ], [ -122.5438543, 37.8979875 ], [ -122.5436671, 37.8981192 ], [ -122.5434064, 37.8983139 ], [ -122.5432998, 37.8983839 ], [ -122.5431983, 37.8984423 ], [ -122.5431496, 37.8984545 ], [ -122.5430942, 37.8984479 ], [ -122.542984, 37.8984267 ], [ -122.5428714949973, 37.898409760326295 ] ], [ [ -122.542490808785118, 37.898342706424948 ], [ -122.5425066, 37.8982708 ], [ -122.5425621, 37.8981719 ], [ -122.5426113, 37.8980627 ], [ -122.5426786, 37.8978608 ], [ -122.5426944, 37.8977822 ], [ -122.5426949, 37.8976894 ], [ -122.5426779, 37.8975634 ], [ -122.542646, 37.8974428 ], [ -122.542607, 37.8973418 ], [ -122.542548206484142, 37.897229203399327 ] ], [ [ -122.542476071176907, 37.897113664784861 ], [ -122.5424625, 37.8970932 ], [ -122.542343669106032, 37.896967502914158 ] ] ] } },
{ "type": "Feature", "properties": { "osm_id": 12183774, "osm_type": "ways_line", "opening_hours": null, "capacity": null, "power": null, "surface": null, "historic": null, "building": null, "amenity": null, "fuel": null, "tunnel": null, "railway": null, "width": null, "oneway": null, "highway": "residential", "smoothness": null, "water": null, "name": "North Vernal Avenue", "natural": null, "parking": null, "waterway": null, "landuse": null, "layer": null, "religion": null, "operator": null, "barrier": null, "bridge": null, "leisure": null, "denomination": null, "backup_generator": null }, "geometry": { "type": "MultiLineString", "coordinates": [ [ [ -122.5382744, 37.8902266 ], [ -122.5383133, 37.8903591 ], [ -122.5383461, 37.8903914 ], [ -122.5383932, 37.8904044 ], [ -122.5384465, 37.8904044 ], [ -122.5384977, 37.8903898 ], [ -122.5387704, 37.8902426 ], [ -122.5388195, 37.8902216 ], [ -122.5396169, 37.8899013 ] ] ] } },
{ "type": "Feature", "properties": { "osm_id": 12183909, "osm_type": "ways_line", "opening_hours": null, "capacity": null, "power": null, "surface": null, "historic": null, "building": null, "amenity": null, "fuel": null, "tunnel": null, "railway": null, "width": null, "oneway": null, "highway": "residential", "smoothness": null, "water": null, "name": "Reed Street", "natural": null, "parking": null, "waterway": null, "landuse": null, "layer": null, "religion": null, "operator": null, "barrier": null, "bridge": null, "leisure": null, "denomination": null, "backup_generator": null }, "geometry": { "type": "MultiLineString", "coordinates": [ [ [ -122.5367329, 37.8950594 ], [ -122.5368845, 37.8950121 ], [ -122.5375566, 37.8947071 ], [ -122.537955, 37.89459 ], [ -122.5383339, 37.894502 ], [ -122.538557, 37.8944101 ], [ -122.5387716, 37.8943048 ], [ -122.5389896, 37.8941277 ], [ -122.539175, 37.8940764 ], [ -122.5395073, 37.894065 ], [ -122.5395634, 37.8940553 ], [ -122.5397884, 37.8940165 ], [ -122.5403286, 37.8938598 ], [ -122.540368, 37.8937894 ], [ -122.5403141, 37.8937058 ], [ -122.5404129, 37.8935177 ], [ -122.5404779, 37.8933428 ], [ -122.5405092, 37.8932288 ], [ -122.5405009, 37.8931986 ], [ -122.5404557, 37.8930338 ], [ -122.5403643, 37.8926792 ], [ -122.5403984, 37.8925807 ], [ -122.540502, 37.8925256 ], [ -122.5406995, 37.8924705 ], [ -122.5408608, 37.8923831 ], [ -122.5408632, 37.8922443 ], [ -122.5408343, 37.892117 ], [ -122.5408994, 37.8919835 ] ] ] } },
{ "type": "Feature", "properties": { "osm_id": 12185795, "osm_type": "ways_line", "opening_hours": null, "capacity": null, "power": null, "surface": "asphalt", "historic": null, "building": null, "amenity": null, "fuel": null, "tunnel": null, "railway": null, "width": null, "oneway": null, "highway": "residential", "smoothness": null, "water": null, "name": "Linden Lane", "natural": null, "parking": null, "waterway": null, "landuse": null, "layer": null, "religion": null, "operator": null, "barrier": null, "bridge": null, "leisure": null, "denomination": null, "backup_generator": null }, "geometry": { "type": "MultiLineString", "coordinates": [ [ [ -122.538671945684953, 37.896323554315046 ], [ -122.5387942, 37.8962013 ], [ -122.538926, 37.8961017 ], [ -122.538983, 37.8960156 ], [ -122.5392081, 37.8953514 ], [ -122.5392141, 37.8952962 ] ] ] } },
{ "type": "Feature", "properties": { "osm_id": 12188083, "osm_type": "ways_line", "opening_hours": null, "capacity": null, "power": null, "surface": null, "historic": null, "building": null, "amenity": null, "fuel": null, "tunnel": null, "railway": null, "width": null, "oneway": null, "highway": "residential", "smoothness": null, "water": null, "name": "Seymour Lane", "natural": null, "parking": null, "waterway": null, "landuse": null, "layer": null, "religion": null, "operator": null, "barrier": null, "bridge": null, "leisure": null, "denomination": null, "backup_generator": null }, "geometry": { "type": "MultiLineString", "coordinates": [ [ [ -122.543567068629727, 37.899828272225122 ], [ -122.5436431, 37.8995466 ], [ -122.5438152, 37.8990995 ], [ -122.543835, 37.8990281 ], [ -122.5438555, 37.8989676 ], [ -122.5438926, 37.8989021 ], [ -122.543959, 37.8988305 ], [ -122.5440268, 37.898781 ] ] ] } },
{ "type": "Feature", "properties": { "osm_id": 12189284, "osm_type": "ways_line", "opening_hours": null, "capacity": null, "power": null, "surface": null, "historic": null, "building": null, "amenity": null, "fuel": null, "tunnel": null, "railway": null, "width": null, "oneway": null, "highway": "residential", "smoothness": null, "water": null, "name": "Brabo Terrace", "natural": null, "parking": null, "waterway": null, "landuse": null, "layer": null, "religion": null, "operator": null, "barrier": null, "bridge": null, "leisure": null, "denomination": null, "backup_generator": null }, "geometry": { "type": "MultiLineString", "coordinates": [ [ [ -122.5408994, 37.8919835 ], [ -122.5410694, 37.8921478 ], [ -122.5411835, 37.8922671 ], [ -122.5412678, 37.8922975 ], [ -122.5412963, 37.8922975 ], [ -122.5413545, 37.8922975 ], [ -122.541487, 37.8922481 ], [ -122.5416411, 37.8921778 ], [ -122.5417736, 37.8921721 ], [ -122.5418579, 37.8922405 ] ] ] } },
{ "type": "Feature", "properties": { "osm_id": 88159888, "osm_type": "ways_line", "opening_hours": null, "capacity": null, "power": null, "surface": null, "historic": null, "building": null, "amenity": null, "fuel": null, "tunnel": null, "railway": null, "width": null, "oneway": null, "highway": "residential", "smoothness": null, "water": null, "name": "Greenhill Road", "natural": null, "parking": null, "waterway": null, "landuse": null, "layer": null, "religion": null, "operator": null, "barrier": null, "bridge": null, "leisure": null, "denomination": null, "backup_generator": null }, "geometry": { "type": "MultiLineString", "coordinates": [ [ [ -122.541316, 37.8898203 ], [ -122.5409398, 37.8900402 ], [ -122.5407268, 37.8901469 ], [ -122.5404386, 37.8902418 ], [ -122.5402737, 37.8903464 ], [ -122.5401276, 37.8904649 ], [ -122.5399978, 37.8905045 ], [ -122.5398714, 37.8905155 ], [ -122.5397635, 37.8904912 ], [ -122.5396356, 37.8904364 ], [ -122.5394568, 37.8903793 ], [ -122.5393535, 37.8903793 ], [ -122.5392903, 37.8904048 ], [ -122.5392179, 37.8904668 ], [ -122.539097, 37.8905686 ], [ -122.5389404, 37.8906724 ], [ -122.5388218, 37.8907053 ], [ -122.5387663, 37.890777 ], [ -122.5387524, 37.8908646 ], [ -122.5387524, 37.8909631 ], [ -122.53872, 37.8910118 ], [ -122.5386306, 37.8910434 ], [ -122.5385212, 37.8910507 ], [ -122.5383486, 37.8910556 ], [ -122.538085, 37.8911237 ], [ -122.5378751, 37.8912118 ], [ -122.5377598, 37.8912246 ], [ -122.5376704, 37.89121 ], [ -122.5375972, 37.8911689 ], [ -122.5373837, 37.8910762 ], [ -122.5371232, 37.8909534 ], [ -122.5369583, 37.890906 ], [ -122.5367394, 37.8908743 ], [ -122.5364851, 37.8908378 ], [ -122.5361291, 37.8907588 ], [ -122.5359487, 37.8907125 ], [ -122.5357946, 37.890656 ], [ -122.5356651, 37.8905994 ], [ -122.5355714, 37.8905299 ] ] ] } },
{ "type": "Feature", "properties": { "osm_id": 88159980, "osm_type": "ways_line", "opening_hours": null, "capacity": null, "power": null, "surface": null, "historic": null, "building": null, "amenity": null, "fuel": null, "tunnel": null, "railway": null, "width": null, "oneway": null, "highway": "residential", "smoothness": null, "water": null, "name": "Homestead Boulevard", "natural": null, "parking": null, "waterway": null, "landuse": null, "layer": null, "religion": null, "operator": null, "barrier": null, "bridge": null, "leisure": null, "denomination": null, "backup_generator": null }, "geometry": { "type": "MultiLineString", "coordinates": [ [ [ -122.5345319, 37.8930616 ], [ -122.5348103, 37.8932219 ], [ -122.5348823, 37.8932464 ], [ -122.5349413, 37.8932542 ], [ -122.5349986, 37.8932529 ], [ -122.5350552, 37.8932442 ], [ -122.535105, 37.8932335 ], [ -122.5353015, 37.8931624 ], [ -122.5353523, 37.8931301 ], [ -122.5353949, 37.8930888 ], [ -122.5354253, 37.8930416 ], [ -122.5354542, 37.8929802 ], [ -122.5355128, 37.8928411 ], [ -122.5355733, 37.892757 ], [ -122.5356597, 37.8926907 ], [ -122.5357876, 37.8926415 ], [ -122.5359254, 37.8926105 ], [ -122.536045, 37.8925904 ], [ -122.5361667, 37.8925879 ], [ -122.5365274, 37.8926519 ], [ -122.5366129, 37.8926671 ], [ -122.5366654, 37.8926636 ], [ -122.5367324, 37.8926488 ], [ -122.5367841, 37.8926332 ], [ -122.5368511, 37.892605 ], [ -122.5369352, 37.8925116 ], [ -122.5370122, 37.8924228 ], [ -122.5370616, 37.8923255 ], [ -122.5370831, 37.8922196 ], [ -122.5371386, 37.8921296 ], [ -122.5372527, 37.8920469 ], [ -122.5373698, 37.8919557 ], [ -122.5374461, 37.891933 ], [ -122.5374885, 37.8919314 ], [ -122.5375394, 37.8919508 ], [ -122.537601, 37.8919922 ], [ -122.5376349, 37.8920372 ], [ -122.5377012, 37.8921418 ], [ -122.5377642, 37.8921841 ] ] ] } },
{ "type": "Feature", "properties": { "osm_id": 262991202, "osm_type": "ways_line", "opening_hours": null, "capacity": null, "power": null, "surface": "asphalt", "historic": null, "building": null, "amenity": null, "fuel": null, "tunnel": null, "railway": null, "width": null, "oneway": null, "highway": "residential", "smoothness": null, "water": null, "name": "Montford Avenue", "natural": null, "parking": null, "waterway": null, "landuse": null, "layer": null, "religion": null, "operator": null, "barrier": null, "bridge": null, "leisure": null, "denomination": null, "backup_generator": null }, "geometry": { "type": "MultiLineString", "coordinates": [ [ [ -122.54146598425325, 37.896809061720006 ], [ -122.5414853, 37.8968058 ], [ -122.541509773612461, 37.896802818002271 ] ], [ [ -122.541881153334884, 37.896761552032892 ], [ -122.5419286, 37.8967571 ], [ -122.5422388, 37.8967735 ], [ -122.5425556, 37.8968276 ], [ -122.5427116, 37.8968716 ], [ -122.5428265, 37.896928 ], [ -122.5429526, 37.8969711 ], [ -122.5430799, 37.8969876 ], [ -122.5432374, 37.8970065 ], [ -122.5433628, 37.8970118 ], [ -122.5435523, 37.8970065 ], [ -122.5437572, 37.8969934 ], [ -122.543929, 37.8969994 ], [ -122.5441376, 37.8970296 ], [ -122.5445074, 37.8971286 ], [ -122.5446099, 37.8971814 ], [ -122.5446974, 37.8972431 ], [ -122.5447742, 37.8973204 ], [ -122.5448555, 37.8974232 ], [ -122.5448921, 37.8974694 ], [ -122.5449897, 37.8975879 ], [ -122.5450742, 37.8976619 ], [ -122.545169, 37.8977115 ], [ -122.5452526, 37.8977122 ], [ -122.5453222, 37.8976951 ], [ -122.5454274, 37.8976426 ], [ -122.5454952, 37.8975935 ], [ -122.5455881, 37.897509 ], [ -122.5457005, 37.8974553 ], [ -122.5458112, 37.8974207 ], [ -122.5459227, 37.8973914 ], [ -122.5460621, 37.8973855 ], [ -122.5462408, 37.8974054 ], [ -122.546919, 37.8975386 ], [ -122.5471412, 37.8975504 ], [ -122.5471822, 37.8975626 ], [ -122.5472874, 37.897594 ], [ -122.5474467, 37.8976416 ], [ -122.5475763, 37.8977035 ], [ -122.5476736, 37.8977813 ], [ -122.5477665, 37.8978789 ], [ -122.5478193, 37.897976 ], [ -122.5478564, 37.8980902 ], [ -122.547861, 37.8981935 ], [ -122.5478661, 37.8982846 ], [ -122.5479085, 37.8983347 ], [ -122.5479723, 37.8983554 ], [ -122.5480462, 37.8983427 ], [ -122.548136, 37.8983197 ], [ -122.5482605, 37.8982519 ], [ -122.5485131, 37.8981388 ], [ -122.5486691, 37.8981102 ], [ -122.5488078, 37.8981134 ], [ -122.5490399, 37.8981577 ], [ -122.5491983, 37.8982127 ], [ -122.5493402, 37.8982941 ], [ -122.5494563, 37.8983747 ], [ -122.5495445, 37.8984606 ], [ -122.5496647, 37.8986924 ], [ -122.5497161, 37.8988074 ], [ -122.5497671, 37.8988637 ], [ -122.5497844, 37.898869 ], [ -122.5498504, 37.898889 ], [ -122.549963, 37.8988949 ], [ -122.5500992, 37.8988908 ], [ -122.5506272, 37.8990617 ], [ -122.5508255, 37.8991312 ], [ -122.5510082, 37.8991609 ], [ -122.5510932, 37.8991595 ], [ -122.5511878, 37.899158 ], [ -122.5513594, 37.8991606 ], [ -122.5515425, 37.899146 ], [ -122.5517159, 37.8991286 ], [ -122.5517958, 37.8991308 ], [ -122.5518461, 37.8991429 ] ] ] } },
{ "type": "Feature", "properties": { "osm_id": 425075846, "osm_type": "ways_line", "opening_hours": null, "capacity": null, "power": null, "surface": null, "historic": null, "building": null, "amenity": null, "fuel": null, "tunnel": null, "railway": null, "width": null, "oneway": null, "highway": "path", "smoothness": null, "water": null, "name": null, "natural": null, "parking": null, "waterway": null, "landuse": null, "layer": null, "religion": null, "operator": null, "barrier": null, "bridge": null, "leisure": null, "denomination": null, "backup_generator": null }, "geometry": { "type": "MultiLineString", "coordinates": [ [ [ -122.547481990342192, 37.899941548124275 ], [ -122.5473365, 37.8997016 ], [ -122.5472706, 37.8996014 ], [ -122.5471647, 37.899482 ], [ -122.5471107, 37.8994047 ], [ -122.5470231, 37.8993145 ], [ -122.5469567, 37.8992336 ], [ -122.5468999, 37.8991421 ], [ -122.54688, 37.8990695 ], [ -122.5468891, 37.8990129 ], [ -122.5468876, 37.8989796 ], [ -122.5468757, 37.8989622 ], [ -122.5468402, 37.8989371 ], [ -122.5468027, 37.8988972 ] ] ] } },
{ "type": "Feature", "properties": { "osm_id": 502809919, "osm_type": "ways_line", "opening_hours": null, "capacity": null, "power": null, "surface": null, "historic": null, "building": null, "amenity": null, "fuel": null, "tunnel": null, "railway": null, "width": null, "oneway": "yes", "highway": "service", "smoothness": null, "water": null, "name": null, "natural": null, "parking": null, "waterway": null, "landuse": null, "layer": null, "religion": null, "operator": null, "barrier": null, "bridge": null, "leisure": null, "denomination": null, "backup_generator": null }, "geometry": { "type": "MultiLineString", "coordinates": [ [ [ -122.5448555, 37.8974232 ], [ -122.5448962, 37.8972432 ], [ -122.5448906, 37.8972126 ], [ -122.5447811, 37.8971051 ], [ -122.5447539, 37.8971027 ], [ -122.5447138, 37.8971066 ], [ -122.5446099, 37.8971814 ] ] ] } },
{ "type": "Feature", "properties": { "osm_id": 704823869, "osm_type": "ways_line", "opening_hours": null, "capacity": null, "power": null, "surface": null, "historic": null, "building": null, "amenity": null, "fuel": null, "tunnel": null, "railway": null, "width": null, "oneway": null, "highway": "service", "smoothness": null, "water": null, "name": null, "natural": null, "parking": null, "waterway": null, "landuse": null, "layer": null, "religion": null, "operator": null, "barrier": null, "bridge": null, "leisure": null, "denomination": null, "backup_generator": null }, "geometry": { "type": "MultiLineString", "coordinates": [ [ [ -122.550844, 37.8971268 ], [ -122.5508214, 37.8971965 ], [ -122.5507952, 37.897247 ], [ -122.5507494, 37.8972748 ], [ -122.550663, 37.8973029 ], [ -122.5506152, 37.8973466 ], [ -122.5505856, 37.8974077 ], [ -122.5505868, 37.8974881 ], [ -122.5506263, 37.8975693 ], [ -122.5506559, 37.897606 ], [ -122.5506718, 37.8976557 ], [ -122.5506551, 37.8977228 ], [ -122.5506282, 37.8977971 ], [ -122.5506205, 37.8979019 ], [ -122.5506036, 37.8980533 ] ] ] } },
{ "type": "Feature", "properties": { "osm_id": 704823870, "osm_type": "ways_line", "opening_hours": null, "capacity": null, "power": null, "surface": null, "historic": null, "building": null, "amenity": null, "fuel": null, "tunnel": null, "railway": null, "width": null, "oneway": null, "highway": "service", "smoothness": null, "water": null, "name": null, "natural": null, "parking": null, "waterway": null, "landuse": null, "layer": null, "religion": null, "operator": null, "barrier": null, "bridge": null, "leisure": null, "denomination": null, "backup_generator": null }, "geometry": { "type": "MultiLineString", "coordinates": [ [ [ -122.5532348, 37.8995199 ], [ -122.5531422, 37.8994172 ], [ -122.5530453, 37.8993509 ], [ -122.5529726, 37.8993066 ], [ -122.5528515, 37.8992527 ], [ -122.5527424, 37.8992238 ], [ -122.5526323, 37.8991913 ] ] ] } },
{ "type": "Feature", "properties": { "osm_id": 769204062, "osm_type": "ways_line", "opening_hours": null, "capacity": null, "power": null, "surface": null, "historic": null, "building": null, "amenity": null, "fuel": null, "tunnel": null, "railway": null, "width": null, "oneway": null, "highway": "service", "smoothness": null, "water": null, "name": null, "natural": null, "parking": null, "waterway": null, "landuse": null, "layer": null, "religion": null, "operator": null, "barrier": null, "bridge": null, "leisure": null, "denomination": null, "backup_generator": null }, "geometry": { "type": "MultiLineString", "coordinates": [ [ [ -122.5412963, 37.8922975 ], [ -122.5413061, 37.8922343 ], [ -122.5412866, 37.8921617 ], [ -122.5412264, 37.8920674 ], [ -122.5412043, 37.8919864 ], [ -122.5412264, 37.8918719 ], [ -122.5412671, 37.8916331 ], [ -122.5413224, 37.89155 ], [ -122.5413981, 37.8914362 ], [ -122.5414255, 37.8913824 ], [ -122.541422, 37.8913447 ] ] ] } },
{ "type": "Feature", "properties": { "osm_id": 776373417, "osm_type": "ways_line", "opening_hours": null, "capacity": null, "power": null, "surface": "ground", "historic": null, "building": null, "amenity": null, "fuel": null, "tunnel": null, "railway": null, "width": null, "oneway": null, "highway": "footway", "smoothness": null, "water": null, "name": null, "natural": null, "parking": null, "waterway": null, "landuse": null, "layer": null, "religion": null, "operator": null, "barrier": null, "bridge": null, "leisure": null, "denomination": null, "backup_generator": null }, "geometry": { "type": "MultiLineString", "coordinates": [ [ [ -122.5524207, 37.897063 ], [ -122.5523135, 37.8971166 ], [ -122.5521711, 37.8971792 ], [ -122.5520549, 37.8972213 ], [ -122.5519567, 37.8972457 ], [ -122.5518712, 37.8972782 ], [ -122.551764, 37.8973157 ] ] ] } },
{ "type": "Feature", "properties": { "osm_id": 776899068, "osm_type": "ways_line", "opening_hours": null, "capacity": null, "power": null, "surface": "ground", "historic": null, "building": null, "amenity": null, "fuel": null, "tunnel": null, "railway": null, "width": null, "oneway": null, "highway": "footway", "smoothness": null, "water": null, "name": null, "natural": null, "parking": null, "waterway": null, "landuse": null, "layer": null, "religion": null, "operator": null, "barrier": null, "bridge": null, "leisure": null, "denomination": null, "backup_generator": null }, "geometry": { "type": "MultiLineString", "coordinates": [ [ [ -122.5424487, 37.8909636 ], [ -122.5423866, 37.8909162 ] ] ] } },
{ "type": "Feature", "properties": { "osm_id": 944681386, "osm_type": "ways_line", "opening_hours": null, "capacity": null, "power": null, "surface": null, "historic": null, "building": null, "amenity": null, "fuel": null, "tunnel": null, "railway": null, "width": null, "oneway": null, "highway": "residential", "smoothness": null, "water": null, "name": "Cecily Lane", "natural": null, "parking": null, "waterway": null, "landuse": null, "layer": null, "religion": null, "operator": null, "barrier": null, "bridge": null, "leisure": null, "denomination": null, "backup_generator": null }, "geometry": { "type": "MultiLineString", "coordinates": [ [ [ -122.5486036, 37.8999612 ], [ -122.5488746, 37.9000646 ], [ -122.5491657, 37.900171 ], [ -122.5493423, 37.9002309 ], [ -122.549356, 37.9002355 ], [ -122.5493991, 37.9002502 ] ] ] } },
{ "type": "Feature", "properties": { "osm_id": 1416638847, "osm_type": "ways_line", "opening_hours": null, "capacity": null, "power": null, "surface": "ground", "historic": null, "building": null, "amenity": null, "fuel": null, "tunnel": null, "railway": null, "width": null, "oneway": null, "highway": "steps", "smoothness": null, "water": null, "name": null, "natural": null, "parking": null, "waterway": null, "landuse": null, "layer": null, "religion": null, "operator": null, "barrier": null, "bridge": null, "leisure": null, "denomination": null, "backup_generator": null }, "geometry": { "type": "MultiLineString", "coordinates": [ [ [ -122.5424459, 37.8910005 ], [ -122.5424487, 37.8909636 ] ] ] } },
{ "type": "Feature", "properties": { "osm_id": 1416638848, "osm_type": "ways_line", "opening_hours": null, "capacity": null, "power": null, "surface": null, "historic": null, "building": null, "amenity": null, "fuel": null, "tunnel": null, "railway": null, "width": null, "oneway": null, "highway": "service", "smoothness": null, "water": null, "name": null, "natural": null, "parking": null, "waterway": null, "landuse": null, "layer": null, "religion": null, "operator": null, "barrier": null, "bridge": null, "leisure": null, "denomination": null, "backup_generator": null }, "geometry": { "type": "MultiLineString", "coordinates": [ [ [ -122.5415465, 37.8916811 ], [ -122.5414962, 37.8916457 ], [ -122.541401, 37.8915832 ], [ -122.5413224, 37.89155 ] ] ] } },
{ "type": "Feature", "properties": { "osm_id": 1416638849, "osm_type": "ways_line", "opening_hours": null, "capacity": null, "power": null, "surface": null, "historic": null, "building": null, "amenity": null, "fuel": null, "tunnel": null, "railway": null, "width": null, "oneway": null, "highway": null, "smoothness": null, "water": null, "name": null, "natural": null, "parking": null, "waterway": null, "landuse": null, "layer": null, "religion": null, "operator": null, "barrier": "fence", "bridge": null, "leisure": null, "denomination": null, "backup_generator": null }, "geometry": { "type": "MultiLineString", "coordinates": [ [ [ -122.5430347, 37.8928265 ], [ -122.5432446, 37.8929009 ], [ -122.543262, 37.8929505 ], [ -122.5430444, 37.8932129 ] ] ] } },
{ "type": "Feature", "properties": { "osm_id": 1416638853, "osm_type": "ways_line", "opening_hours": null, "capacity": null, "power": null, "surface": null, "historic": null, "building": null, "amenity": null, "fuel": null, "tunnel": null, "railway": null, "width": null, "oneway": null, "highway": "service", "smoothness": null, "water": null, "name": null, "natural": null, "parking": null, "waterway": null, "landuse": null, "layer": null, "religion": null, "operator": null, "barrier": null, "bridge": null, "leisure": null, "denomination": null, "backup_generator": null }, "geometry": { "type": "MultiLineString", "coordinates": [ [ [ -122.5485295, 37.8950167 ], [ -122.548396, 37.8950581 ], [ -122.5483741, 37.8952234 ], [ -122.5483306, 37.8953172 ] ] ] } },
{ "type": "Feature", "properties": { "osm_id": 1416648482, "osm_type": "ways_line", "opening_hours": null, "capacity": null, "power": null, "surface": null, "historic": null, "building": null, "amenity": null, "fuel": null, "tunnel": null, "railway": null, "width": null, "oneway": null, "highway": null, "smoothness": null, "water": null, "name": null, "natural": null, "parking": null, "waterway": null, "landuse": null, "layer": null, "religion": null, "operator": null, "barrier": "fence", "bridge": null, "leisure": null, "denomination": null, "backup_generator": null }, "geometry": { "type": "MultiLineString", "coordinates": [ [ [ -122.545885763298102, 37.899920918604529 ], [ -122.5460071, 37.8995732 ], [ -122.5461898, 37.8996464 ] ] ] } },
{ "type": "Feature", "properties": { "osm_id": 1416648491, "osm_type": "ways_line", "opening_hours": null, "capacity": null, "power": null, "surface": null, "historic": null, "building": null, "amenity": null, "fuel": null, "tunnel": null, "railway": null, "width": null, "oneway": null, "highway": null, "smoothness": null, "water": null, "name": null, "natural": null, "parking": null, "waterway": null, "landuse": null, "layer": null, "religion": null, "operator": null, "barrier": "fence", "bridge": null, "leisure": null, "denomination": null, "backup_generator": null }, "geometry": { "type": "MultiLineString", "coordinates": [ [ [ -122.5354824, 37.8905024 ], [ -122.5350798, 37.8905179 ] ] ] } },
{ "type": "Feature", "properties": { "osm_id": 1416648492, "osm_type": "ways_line", "opening_hours": null, "capacity": null, "power": null, "surface": null, "historic": null, "building": null, "amenity": null, "fuel": null, "tunnel": null, "railway": null, "width": null, "oneway": null, "highway": null, "smoothness": null, "water": null, "name": null, "natural": null, "parking": null, "waterway": null, "landuse": null, "layer": null, "religion": null, "operator": null, "barrier": "fence", "bridge": null, "leisure": null, "denomination": null, "backup_generator": null }, "geometry": { "type": "MultiLineString", "coordinates": [ [ [ -122.5355079, 37.8906565 ], [ -122.5350917, 37.8906796 ], [ -122.5349012, 37.890688 ], [ -122.5348251, 37.8907746 ] ] ] } },
{ "type": "Feature", "properties": { "osm_id": 1430408525, "osm_type": "ways_line", "opening_hours": null, "capacity": null, "power": null, "surface": null, "historic": null, "building": null, "amenity": null, "fuel": null, "tunnel": null, "railway": null, "width": null, "oneway": null, "highway": "service", "smoothness": null, "water": null, "name": null, "natural": null, "parking": null, "waterway": null, "landuse": null, "layer": null, "religion": null, "operator": null, "barrier": null, "bridge": null, "leisure": null, "denomination": null, "backup_generator": null }, "geometry": { "type": "MultiLineString", "coordinates": [ [ [ -122.5478283, 37.8909369 ], [ -122.5478431, 37.8908931 ], [ -122.5478845, 37.8908598 ], [ -122.5479642, 37.8908388 ], [ -122.5480971, 37.8908222 ], [ -122.5481901, 37.8908006 ], [ -122.5482464, 37.8907796 ], [ -122.5482698, 37.8907525 ], [ -122.5482683, 37.8907192 ], [ -122.5482511, 37.8906877 ], [ -122.5482175, 37.8906741 ], [ -122.5480322, 37.890622 ] ] ] } },
{ "type": "Feature", "properties": { "osm_id": 1431862742, "osm_type": "ways_line", "opening_hours": null, "capacity": null, "power": null, "surface": null, "historic": null, "building": null, "amenity": null, "fuel": null, "tunnel": null, "railway": null, "width": null, "oneway": null, "highway": "residential", "smoothness": null, "water": null, "name": "Laverne Avenue", "natural": null, "parking": null, "waterway": null, "landuse": null, "layer": null, "religion": null, "operator": null, "barrier": null, "bridge": null, "leisure": null, "denomination": null, "backup_generator": null }, "geometry": { "type": "MultiLineString", "coordinates": [ [ [ -122.552172, 37.8981703 ], [ -122.5523576, 37.8982105 ], [ -122.5524161, 37.8982343 ], [ -122.552453, 37.8982504 ], [ -122.5524975, 37.8982554 ], [ -122.552555, 37.8982493 ], [ -122.5526013, 37.8982458 ], [ -122.5527461, 37.8982855 ], [ -122.5528726, 37.8983026 ], [ -122.5529886, 37.8983331 ], [ -122.5530693, 37.8983652 ], [ -122.5531549, 37.8984126 ], [ -122.5532459, 37.8984424 ], [ -122.5533415, 37.8984588 ], [ -122.5534932, 37.8984696 ], [ -122.5535473, 37.8984783 ], [ -122.5536103, 37.8984941 ], [ -122.5536838, 37.8984888 ], [ -122.5537214, 37.8984969 ], [ -122.5537514, 37.898522 ], [ -122.5538221, 37.8985399 ], [ -122.5539062, 37.8985683 ], [ -122.5539793, 37.8986089 ], [ -122.5540144, 37.8986362 ], [ -122.5540276, 37.8986893 ], [ -122.5540281, 37.8987949 ] ] ] } },
{ "type": "Feature", "properties": { "osm_id": 1432078647, "osm_type": "ways_line", "opening_hours": null, "capacity": null, "power": null, "surface": null, "historic": null, "building": null, "amenity": null, "fuel": null, "tunnel": null, "railway": null, "width": null, "oneway": null, "highway": "service", "smoothness": null, "water": null, "name": null, "natural": null, "parking": null, "waterway": null, "landuse": null, "layer": null, "religion": null, "operator": null, "barrier": null, "bridge": null, "leisure": null, "denomination": null, "backup_generator": null }, "geometry": { "type": "MultiLineString", "coordinates": [ [ [ -122.5490178, 37.8989931 ], [ -122.5490404, 37.8989693 ], [ -122.5490584, 37.8989475 ], [ -122.5490681, 37.8989221 ], [ -122.54907, 37.8988983 ], [ -122.549066, 37.8988615 ] ] ] } },
{ "type": "Feature", "properties": { "osm_id": 1432078651, "osm_type": "ways_line", "opening_hours": null, "capacity": null, "power": null, "surface": "asphalt", "historic": null, "building": null, "amenity": null, "fuel": null, "tunnel": null, "railway": null, "width": null, "oneway": "no", "highway": "service", "smoothness": null, "water": null, "name": null, "natural": null, "parking": null, "waterway": null, "landuse": null, "layer": null, "religion": null, "operator": null, "barrier": null, "bridge": null, "leisure": null, "denomination": null, "backup_generator": null }, "geometry": { "type": "MultiLineString", "coordinates": [ [ [ -122.5525478, 37.8998718 ], [ -122.5529216, 37.8997744 ] ] ] } },
{ "type": "Feature", "properties": { "osm_id": 1432142761, "osm_type": "ways_line", "opening_hours": null, "capacity": null, "power": null, "surface": null, "historic": null, "building": null, "amenity": null, "fuel": null, "tunnel": null, "railway": null, "width": null, "oneway": null, "highway": "footway", "smoothness": null, "water": null, "name": null, "natural": null, "parking": null, "waterway": null, "landuse": null, "layer": null, "religion": null, "operator": null, "barrier": null, "bridge": null, "leisure": null, "denomination": null, "backup_generator": null }, "geometry": { "type": "MultiLineString", "coordinates": [ [ [ -122.5447898, 37.896868 ], [ -122.5447766, 37.8968468 ], [ -122.5447779, 37.8967912 ], [ -122.5447713, 37.8967678 ], [ -122.5447305, 37.8967231 ], [ -122.5447175, 37.8967034 ], [ -122.544651, 37.8965588 ], [ -122.5446023, 37.8964572 ], [ -122.5445775, 37.8964438 ], [ -122.5445455, 37.8964384 ] ] ] } },
{ "type": "Feature", "properties": { "osm_id": 12188739, "osm_type": "ways_line", "opening_hours": null, "capacity": null, "power": null, "surface": "asphalt", "historic": null, "building": null, "amenity": null, "fuel": null, "tunnel": null, "railway": null, "width": null, "oneway": null, "highway": "residential", "smoothness": null, "water": null, "name": "Loring Avenue", "natural": null, "parking": null, "waterway": null, "landuse": null, "layer": null, "religion": null, "operator": null, "barrier": null, "bridge": null, "leisure": null, "denomination": null, "backup_generator": null }, "geometry": { "type": "MultiLineString", "coordinates": [ [ [ -122.5366129, 37.8926671 ], [ -122.5366014, 37.8926074 ], [ -122.5365613, 37.8925587 ], [ -122.536517, 37.8925345 ], [ -122.5364457, 37.8924955 ], [ -122.5358064, 37.8922496 ], [ -122.5357259, 37.8922096 ], [ -122.5356642, 37.8921408 ], [ -122.5356353, 37.892061 ], [ -122.5356473, 37.8919591 ], [ -122.535673, 37.8918671 ], [ -122.5356704, 37.8917912 ], [ -122.5356497, 37.891718 ], [ -122.5355286, 37.891596 ], [ -122.5349866, 37.8911865 ], [ -122.5347019, 37.8908974 ], [ -122.534604, 37.890798 ], [ -122.5345684, 37.8907378 ], [ -122.5345502, 37.8906836 ], [ -122.5345476, 37.8906321 ], [ -122.5345554, 37.8905786 ], [ -122.5345763, 37.8905374 ], [ -122.5347589, 37.8903315 ], [ -122.5347928, 37.8902821 ], [ -122.5348085, 37.890241 ], [ -122.5348059, 37.8901957 ], [ -122.5347788, 37.8901341 ], [ -122.5347199, 37.8900576 ], [ -122.5346575, 37.8899765 ], [ -122.5345632, 37.8898539 ], [ -122.534544, 37.8898213 ], [ -122.534543144444797, 37.889814644070533 ] ] ] } },
{ "type": "Feature", "properties": { "osm_id": 1519344096, "osm_type": "ways_line", "opening_hours": null, "capacity": null, "power": null, "surface": null, "historic": null, "building": null, "amenity": null, "fuel": null, "tunnel": null, "railway": null, "width": null, "oneway": null, "highway": "service", "smoothness": null, "water": null, "name": null, "natural": null, "parking": null, "waterway": null, "landuse": null, "layer": null, "religion": null, "operator": null, "barrier": null, "bridge": null, "leisure": null, "denomination": null, "backup_generator": null }, "geometry": { "type": "MultiLineString", "coordinates": [ [ [ -122.5346575, 37.8899765 ], [ -122.534417023873516, 37.890115877647155 ] ] ] } },
{ "type": "Feature", "properties": { "osm_id": 1117468891, "osm_type": "ways_line", "opening_hours": null, "capacity": null, "power": null, "surface": null, "historic": null, "building": null, "amenity": null, "fuel": null, "tunnel": null, "railway": null, "width": null, "oneway": null, "highway": "service", "smoothness": null, "water": null, "name": "Rydal Avenue", "natural": null, "parking": null, "waterway": null, "landuse": null, "layer": null, "religion": null, "operator": null, "barrier": null, "bridge": null, "leisure": null, "denomination": null, "backup_generator": null }, "geometry": { "type": "MultiLineString", "coordinates": [ [ [ -122.5449797, 37.892389 ], [ -122.5449497, 37.8923729 ] ] ] } },
{ "type": "Feature", "properties": { "osm_id": 776899065, "osm_type": "ways_line", "opening_hours": null, "capacity": null, "power": null, "surface": "ground", "historic": null, "building": null, "amenity": null, "fuel": null, "tunnel": null, "railway": null, "width": null, "oneway": null, "highway": "footway", "smoothness": null, "water": null, "name": null, "natural": null, "parking": null, "waterway": null, "landuse": null, "layer": null, "religion": null, "operator": null, "barrier": null, "bridge": null, "leisure": null, "denomination": null, "backup_generator": null }, "geometry": { "type": "MultiLineString", "coordinates": [ [ [ -122.5442629, 37.8925272 ], [ -122.5441352, 37.8925533 ], [ -122.5439769, 37.8925639 ], [ -122.5438374, 37.892549 ], [ -122.5437462, 37.8925406 ], [ -122.5435732, 37.8925363 ] ] ] } },
{ "type": "Feature", "properties": { "osm_id": 1450162088, "osm_type": "ways_line", "opening_hours": null, "capacity": null, "power": null, "surface": null, "historic": null, "building": null, "amenity": null, "fuel": null, "tunnel": null, "railway": null, "width": null, "oneway": null, "highway": "footway", "smoothness": null, "water": null, "name": null, "natural": null, "parking": null, "waterway": null, "landuse": null, "layer": null, "religion": null, "operator": null, "barrier": null, "bridge": null, "leisure": null, "denomination": null, "backup_generator": null }, "geometry": { "type": "MultiLineString", "coordinates": [ [ [ -122.5383423988944, 37.89655610048186 ], [ -122.538313, 37.89653 ] ] ] } },
{ "type": "Feature", "properties": { "osm_id": 12190132, "osm_type": "ways_line", "opening_hours": null, "capacity": null, "power": null, "surface": null, "historic": null, "building": null, "amenity": null, "fuel": null, "tunnel": null, "railway": null, "width": null, "oneway": null, "highway": "residential", "smoothness": null, "water": null, "name": "Park Way", "natural": null, "parking": null, "waterway": null, "landuse": null, "layer": null, "religion": null, "operator": null, "barrier": null, "bridge": null, "leisure": null, "denomination": null, "backup_generator": null }, "geometry": { "type": "MultiLineString", "coordinates": [ [ [ -122.5551258, 37.8992288 ], [ -122.5551677, 37.8989163 ], [ -122.5552566, 37.8987614 ] ] ] } },
{ "type": "Feature", "properties": { "osm_id": 422657600, "osm_type": "ways_line", "opening_hours": null, "capacity": null, "power": null, "surface": "ground", "historic": null, "building": null, "amenity": null, "fuel": null, "tunnel": null, "railway": null, "width": null, "oneway": null, "highway": "footway", "smoothness": null, "water": null, "name": null, "natural": null, "parking": null, "waterway": null, "landuse": null, "layer": null, "religion": null, "operator": null, "barrier": null, "bridge": null, "leisure": null, "denomination": null, "backup_generator": null }, "geometry": { "type": "MultiLineString", "coordinates": [ [ [ -122.5529838, 37.895669 ], [ -122.5529864, 37.8955102 ], [ -122.553016, 37.8953684 ], [ -122.5530213, 37.895252 ], [ -122.5530535, 37.8951906 ], [ -122.553134, 37.8950742 ], [ -122.5532386, 37.8949853 ], [ -122.5533271, 37.8948731 ], [ -122.5534022, 37.8947652 ], [ -122.55340977211597, 37.894755733384137 ] ] ] } },
{ "type": "Feature", "properties": { "osm_id": 12176502, "osm_type": "ways_line", "opening_hours": null, "capacity": null, "power": null, "surface": "gravel", "historic": null, "building": null, "amenity": null, "fuel": null, "tunnel": null, "railway": null, "width": "1", "oneway": null, "highway": "footway", "smoothness": "bad", "water": null, "name": "Dipsea Trail", "natural": null, "parking": null, "waterway": null, "landuse": null, "layer": null, "religion": null, "operator": null, "barrier": null, "bridge": null, "leisure": null, "denomination": null, "backup_generator": null }, "geometry": { "type": "MultiLineString", "coordinates": [ [ [ -122.559422, 37.9006547 ], [ -122.5594681, 37.9005531 ], [ -122.5595969, 37.9004727 ], [ -122.559672, 37.9003965 ], [ -122.5597685, 37.9003203 ], [ -122.5598007, 37.9002738 ], [ -122.5598865, 37.9001764 ], [ -122.5599563, 37.9000748 ], [ -122.5600045, 37.9000071 ], [ -122.5600528, 37.8999182 ], [ -122.5600636, 37.8998335 ], [ -122.5600314, 37.8997277 ], [ -122.5599992, 37.8996473 ], [ -122.5599831, 37.8995796 ], [ -122.5599348, 37.8995118 ], [ -122.5598543, 37.899478 ], [ -122.5597524, 37.8994229 ], [ -122.5596988, 37.8993425 ], [ -122.5596934, 37.8992494 ], [ -122.5597149, 37.8991393 ] ] ] } },
{ "type": "Feature", "properties": { "osm_id": 88159944, "osm_type": "ways_line", "opening_hours": null, "capacity": null, "power": null, "surface": null, "historic": null, "building": null, "amenity": null, "fuel": null, "tunnel": null, "railway": null, "width": null, "oneway": null, "highway": "steps", "smoothness": null, "water": null, "name": "Stolte Grove", "natural": null, "parking": null, "waterway": null, "landuse": null, "layer": null, "religion": null, "operator": null, "barrier": null, "bridge": null, "leisure": null, "denomination": null, "backup_generator": null }, "geometry": { "type": "MultiLineString", "coordinates": [ [ [ -122.5559115, 37.8997082 ], [ -122.5559592, 37.8997693 ] ] ] } },
{ "type": "Feature", "properties": { "osm_id": 88160015, "osm_type": "ways_line", "opening_hours": null, "capacity": null, "power": null, "surface": null, "historic": null, "building": null, "amenity": null, "fuel": null, "tunnel": null, "railway": null, "width": null, "oneway": null, "highway": "residential", "smoothness": null, "water": null, "name": "Melrose Avenue", "natural": null, "parking": null, "waterway": null, "landuse": null, "layer": null, "religion": null, "operator": null, "barrier": null, "bridge": null, "leisure": null, "denomination": null, "backup_generator": null }, "geometry": { "type": "MultiLineString", "coordinates": [ [ [ -122.5436171, 37.8953508 ], [ -122.5433857, 37.8960161 ], [ -122.5433492, 37.8961319 ] ] ] } },
{ "type": "Feature", "properties": { "osm_id": 776899066, "osm_type": "ways_line", "opening_hours": null, "capacity": null, "power": null, "surface": "ground", "historic": null, "building": null, "amenity": null, "fuel": null, "tunnel": null, "railway": null, "width": null, "oneway": null, "highway": "footway", "smoothness": null, "water": null, "name": null, "natural": null, "parking": null, "waterway": null, "landuse": null, "layer": null, "religion": null, "operator": null, "barrier": null, "bridge": null, "leisure": null, "denomination": null, "backup_generator": null }, "geometry": { "type": "MultiLineString", "coordinates": [ [ [ -122.542904, 37.8925554 ], [ -122.5429389, 37.8926083 ], [ -122.5429805, 37.8926591 ], [ -122.5430301, 37.8927088 ], [ -122.5430851, 37.8927342 ], [ -122.5431508, 37.8927618 ], [ -122.5432017, 37.8927829 ], [ -122.5432567, 37.8928041 ], [ -122.5432862, 37.8928073 ], [ -122.5433519, 37.8927967 ], [ -122.5434069, 37.8927776 ], [ -122.5434606, 37.8927448 ], [ -122.5435048, 37.8927067 ], [ -122.5435317, 37.8926475 ], [ -122.5435638, 37.8925818 ], [ -122.5435732, 37.8925363 ], [ -122.5435799, 37.892494 ], [ -122.5436041, 37.8924432 ], [ -122.5436912, 37.8923861 ], [ -122.5438938, 37.8921892 ] ] ] } },
{ "type": "Feature", "properties": { "osm_id": 776899067, "osm_type": "ways_line", "opening_hours": null, "capacity": null, "power": null, "surface": "ground", "historic": null, "building": null, "amenity": null, "fuel": null, "tunnel": null, "railway": null, "width": null, "oneway": null, "highway": "footway", "smoothness": null, "water": null, "name": null, "natural": null, "parking": null, "waterway": null, "landuse": null, "layer": null, "religion": null, "operator": null, "barrier": null, "bridge": null, "leisure": null, "denomination": null, "backup_generator": null }, "geometry": { "type": "MultiLineString", "coordinates": [ [ [ -122.5432755, 37.8913647 ], [ -122.5432983, 37.891569 ], [ -122.5432849, 37.8917045 ], [ -122.5432929, 37.8917976 ], [ -122.5432661, 37.8918886 ], [ -122.5432098, 37.8920072 ], [ -122.5431696, 37.8921659 ], [ -122.5431857, 37.8922485 ], [ -122.5432192, 37.8923321 ], [ -122.5432125, 37.8924453 ], [ -122.5431548, 37.8925205 ], [ -122.5431387, 37.8925406 ], [ -122.5431401, 37.8925893 ], [ -122.5431481, 37.8926348 ], [ -122.5431468, 37.892676 ], [ -122.5431508, 37.892729 ], [ -122.5431508, 37.8927618 ] ] ] } },
{ "type": "Feature", "properties": { "osm_id": 944601204, "osm_type": "ways_line", "opening_hours": null, "capacity": null, "power": null, "surface": null, "historic": null, "building": null, "amenity": null, "fuel": null, "tunnel": null, "railway": null, "width": null, "oneway": null, "highway": "service", "smoothness": null, "water": null, "name": null, "natural": null, "parking": null, "waterway": null, "landuse": null, "layer": null, "religion": null, "operator": null, "barrier": null, "bridge": null, "leisure": null, "denomination": null, "backup_generator": null }, "geometry": { "type": "MultiLineString", "coordinates": [ [ [ -122.5452219, 37.8951431 ], [ -122.5453658, 37.89537 ], [ -122.5454262, 37.8954117 ], [ -122.545519, 37.8954504 ], [ -122.5460163, 37.8955159 ] ] ] } },
{ "type": "Feature", "properties": { "osm_id": 445627179, "osm_type": "ways_line", "opening_hours": null, "capacity": null, "power": null, "surface": "ground", "historic": null, "building": null, "amenity": null, "fuel": null, "tunnel": null, "railway": null, "width": null, "oneway": null, "highway": "footway", "smoothness": null, "water": null, "name": "Eagle Trail", "natural": null, "parking": null, "waterway": null, "landuse": null, "layer": null, "religion": null, "operator": null, "barrier": null, "bridge": null, "leisure": null, "denomination": null, "backup_generator": null }, "geometry": { "type": "MultiLineString", "coordinates": [ [ [ -122.5533432, 37.8973496 ], [ -122.553366, 37.897465 ], [ -122.5533646, 37.8975189 ], [ -122.5533378, 37.8975718 ], [ -122.5532788, 37.8975782 ], [ -122.5532278, 37.8975591 ], [ -122.5531474, 37.8975549 ], [ -122.5530186, 37.897593 ], [ -122.552906, 37.8976819 ], [ -122.5528845, 37.897739 ], [ -122.5528845, 37.8978025 ], [ -122.5529113, 37.897866 ], [ -122.5529784, 37.8979486 ], [ -122.5530776, 37.8980459 ], [ -122.5532305, 37.8981475 ], [ -122.5533325, 37.8982089 ], [ -122.553507, 37.898284 ], [ -122.5537643, 37.8983465 ], [ -122.5540011, 37.8984571 ], [ -122.5540193, 37.8985223 ], [ -122.5540152, 37.8985928 ], [ -122.5540144, 37.8986362 ] ] ] } },
{ "type": "Feature", "properties": { "osm_id": 776899070, "osm_type": "ways_line", "opening_hours": null, "capacity": null, "power": null, "surface": "ground", "historic": null, "building": null, "amenity": null, "fuel": null, "tunnel": null, "railway": null, "width": null, "oneway": null, "highway": "footway", "smoothness": null, "water": null, "name": "Maverick Trail", "natural": null, "parking": null, "waterway": null, "landuse": null, "layer": null, "religion": null, "operator": null, "barrier": null, "bridge": null, "leisure": null, "denomination": null, "backup_generator": null }, "geometry": { "type": "MultiLineString", "coordinates": [ [ [ -122.5496887, 37.895125 ], [ -122.5497068, 37.8950848 ], [ -122.5497262, 37.895025 ], [ -122.5497517, 37.8949843 ], [ -122.549808, 37.8949504 ], [ -122.5498939, 37.8949366 ], [ -122.5500038, 37.8949292 ], [ -122.5500722, 37.8949197 ], [ -122.5501393, 37.8948837 ], [ -122.5501567, 37.8948308 ], [ -122.5501554, 37.8947599 ], [ -122.5501098, 37.8946996 ], [ -122.5500172, 37.8946583 ], [ -122.5499113, 37.8946329 ], [ -122.549855, 37.8945874 ], [ -122.5498161, 37.8945398 ], [ -122.5497852, 37.8944562 ], [ -122.5497437, 37.894381 ], [ -122.5496887, 37.8943429 ], [ -122.5496122, 37.8943069 ], [ -122.5495479, 37.8942964 ], [ -122.5494835, 37.8943165 ], [ -122.5494057, 37.8943609 ], [ -122.5493319, 37.8943937 ], [ -122.5492649, 37.8944054 ], [ -122.5491898, 37.8943831 ], [ -122.5491348, 37.8943577 ], [ -122.5490275, 37.8943281 ], [ -122.5488733, 37.8943355 ], [ -122.548715, 37.8943323 ], [ -122.5485782, 37.8943472 ], [ -122.5484428, 37.8943757 ], [ -122.548373, 37.8943757 ], [ -122.5482537, 37.8943461 ], [ -122.5481182, 37.8943069 ], [ -122.5479722, 37.8942618 ] ] ] } },
{ "type": "Feature", "properties": { "osm_id": 776899071, "osm_type": "ways_line", "opening_hours": null, "capacity": null, "power": null, "surface": "ground", "historic": null, "building": null, "amenity": null, "fuel": null, "tunnel": null, "railway": null, "width": null, "oneway": null, "highway": "footway", "smoothness": null, "water": null, "name": "Homestead Trail", "natural": null, "parking": null, "waterway": null, "landuse": null, "layer": null, "religion": null, "operator": null, "barrier": null, "bridge": null, "leisure": null, "denomination": null, "backup_generator": null }, "geometry": { "type": "MultiLineString", "coordinates": [ [ [ -122.5523718, 37.895793 ], [ -122.5523186, 37.8956732 ], [ -122.5522515, 37.8956034 ], [ -122.5521898, 37.8955695 ], [ -122.5521067, 37.8955441 ], [ -122.551994, 37.8955462 ], [ -122.5519082, 37.8955695 ], [ -122.5518224, 37.8955759 ], [ -122.5517298, 37.8955907 ], [ -122.5516507, 37.8955981 ], [ -122.55153, 37.8955928 ], [ -122.5513798, 37.8955431 ], [ -122.5512511, 37.8955071 ], [ -122.5510982, 37.8954415 ], [ -122.5509386, 37.8953843 ], [ -122.5508474, 37.8953356 ], [ -122.5507093, 37.8953155 ], [ -122.5506464, 37.8953098 ], [ -122.5505698, 37.8953028 ], [ -122.5504115, 37.8952944 ], [ -122.5501688, 37.8952584 ], [ -122.5500038, 37.8952118 ], [ -122.5498335, 37.8951557 ], [ -122.5496887, 37.895125 ], [ -122.549513, 37.8951081 ], [ -122.5493185, 37.8951081 ], [ -122.5492287, 37.8951187 ], [ -122.549167, 37.8951472 ], [ -122.5490785, 37.8952298 ], [ -122.5490221, 37.8952944 ], [ -122.5489363, 37.8953557 ], [ -122.548774, 37.8954266 ], [ -122.548656, 37.8954669 ], [ -122.5485313, 37.8954986 ], [ -122.5483677, 37.8955547 ] ] ] } },
{ "type": "Feature", "properties": { "osm_id": 1323527846, "osm_type": "ways_line", "opening_hours": null, "capacity": null, "power": null, "surface": "ground", "historic": null, "building": null, "amenity": null, "fuel": null, "tunnel": null, "railway": null, "width": null, "oneway": null, "highway": "footway", "smoothness": null, "water": null, "name": null, "natural": null, "parking": null, "waterway": null, "landuse": null, "layer": null, "religion": null, "operator": null, "barrier": null, "bridge": null, "leisure": null, "denomination": null, "backup_generator": null }, "geometry": { "type": "MultiLineString", "coordinates": [ [ [ -122.5537655, 37.8989715 ], [ -122.5537106, 37.8988798 ], [ -122.553598, 37.8987909 ], [ -122.5534666, 37.8987634 ], [ -122.5532815, 37.898774 ], [ -122.5530803, 37.898793 ], [ -122.5529489, 37.8987613 ], [ -122.5529167, 37.8987446 ] ] ] } },
{ "type": "Feature", "properties": { "osm_id": 1323527847, "osm_type": "ways_line", "opening_hours": null, "capacity": null, "power": null, "surface": "ground", "historic": null, "building": null, "amenity": null, "fuel": null, "tunnel": null, "railway": null, "width": null, "oneway": null, "highway": "footway", "smoothness": null, "water": null, "name": null, "natural": null, "parking": null, "waterway": null, "landuse": null, "layer": "1", "religion": null, "operator": null, "barrier": null, "bridge": "yes", "leisure": null, "denomination": null, "backup_generator": null }, "geometry": { "type": "MultiLineString", "coordinates": [ [ [ -122.5529167, 37.8987446 ], [ -122.5528177, 37.8986932 ] ] ] } },
{ "type": "Feature", "properties": { "osm_id": 1323527848, "osm_type": "ways_line", "opening_hours": null, "capacity": null, "power": null, "surface": "ground", "historic": null, "building": null, "amenity": null, "fuel": null, "tunnel": null, "railway": null, "width": null, "oneway": null, "highway": "footway", "smoothness": null, "water": null, "name": null, "natural": null, "parking": null, "waterway": null, "landuse": null, "layer": null, "religion": null, "operator": null, "barrier": null, "bridge": null, "leisure": null, "denomination": null, "backup_generator": null }, "geometry": { "type": "MultiLineString", "coordinates": [ [ [ -122.5528177, 37.8986932 ], [ -122.552745, 37.8986555 ], [ -122.5526297, 37.8985856 ], [ -122.552509, 37.8985496 ], [ -122.5523883, 37.8985454 ], [ -122.5522247, 37.8985264 ], [ -122.5521362, 37.8985496 ], [ -122.5521254, 37.8985655 ] ] ] } },
{ "type": "Feature", "properties": { "osm_id": 1323527849, "osm_type": "ways_line", "opening_hours": null, "capacity": null, "power": null, "surface": "ground", "historic": null, "building": null, "amenity": null, "fuel": null, "tunnel": null, "railway": null, "width": null, "oneway": null, "highway": "footway", "smoothness": null, "water": null, "name": null, "natural": null, "parking": null, "waterway": null, "landuse": null, "layer": "1", "religion": null, "operator": null, "barrier": null, "bridge": "yes", "leisure": null, "denomination": null, "backup_generator": null }, "geometry": { "type": "MultiLineString", "coordinates": [ [ [ -122.5521254, 37.8985655 ], [ -122.552096, 37.8986089 ] ] ] } },
{ "type": "Feature", "properties": { "osm_id": 1323527852, "osm_type": "ways_line", "opening_hours": null, "capacity": null, "power": null, "surface": null, "historic": null, "building": null, "amenity": null, "fuel": null, "tunnel": null, "railway": null, "width": null, "oneway": null, "highway": "residential", "smoothness": null, "water": null, "name": "Melrose Avenue", "natural": null, "parking": null, "waterway": null, "landuse": null, "layer": "1", "religion": null, "operator": null, "barrier": null, "bridge": "yes", "leisure": null, "denomination": null, "backup_generator": null }, "geometry": { "type": "MultiLineString", "coordinates": [ [ [ -122.5433492, 37.8961319 ], [ -122.5433315, 37.8961882 ] ] ] } },
{ "type": "Feature", "properties": { "osm_id": 12180893, "osm_type": "ways_line", "opening_hours": null, "capacity": null, "power": null, "surface": null, "historic": null, "building": null, "amenity": null, "fuel": null, "tunnel": null, "railway": null, "width": null, "oneway": null, "highway": "residential", "smoothness": null, "water": null, "name": "Pixie Trail", "natural": null, "parking": null, "waterway": null, "landuse": null, "layer": null, "religion": null, "operator": null, "barrier": null, "bridge": null, "leisure": null, "denomination": null, "backup_generator": null }, "geometry": { "type": "MultiLineString", "coordinates": [ [ [ -122.5489462, 37.8989818 ], [ -122.5489934, 37.8989853 ], [ -122.5490178, 37.8989931 ], [ -122.5490383, 37.8989996 ], [ -122.5490665, 37.8990182 ], [ -122.5490846, 37.8990469 ], [ -122.5491169, 37.8990955 ], [ -122.5491525, 37.8991492 ], [ -122.5491812, 37.8991894 ], [ -122.5492222, 37.8992421 ], [ -122.5492759, 37.8993032 ], [ -122.5493228, 37.8993421 ], [ -122.5493938, 37.899372 ], [ -122.5495147, 37.8993998 ], [ -122.5496032, 37.8994324 ], [ -122.5496542, 37.8994521 ], [ -122.5497045, 37.8994591 ], [ -122.5497446, 37.8994546 ], [ -122.5497948, 37.8994434 ], [ -122.5498539, 37.8994246 ], [ -122.5499956, 37.8994021 ], [ -122.5501977, 37.8993904 ], [ -122.5505, 37.8994054 ], [ -122.5508855, 37.8994028 ], [ -122.5510299, 37.8993994 ], [ -122.5511154, 37.8993799 ], [ -122.5515202, 37.8992399 ], [ -122.55166, 37.8991974 ], [ -122.5517178, 37.899169 ] ] ] } },
{ "type": "Feature", "properties": { "osm_id": 12184092, "osm_type": "ways_line", "opening_hours": null, "capacity": null, "power": null, "surface": "asphalt", "historic": null, "building": null, "amenity": null, "fuel": null, "tunnel": null, "railway": null, "width": null, "oneway": null, "highway": "residential", "smoothness": null, "water": null, "name": "Hart Lane", "natural": null, "parking": null, "waterway": null, "landuse": null, "layer": null, "religion": null, "operator": null, "barrier": null, "bridge": null, "leisure": null, "denomination": null, "backup_generator": null }, "geometry": { "type": "MultiLineString", "coordinates": [ [ [ -122.54847289202084, 37.900226724162927 ], [ -122.5486036, 37.8999612 ], [ -122.5486795, 37.8998313 ], [ -122.548767, 37.8997197 ] ] ] } },
{ "type": "Feature", "properties": { "osm_id": 12184883, "osm_type": "ways_line", "opening_hours": null, "capacity": null, "power": null, "surface": null, "historic": null, "building": null, "amenity": null, "fuel": null, "tunnel": null, "railway": null, "width": null, "oneway": null, "highway": "residential", "smoothness": null, "water": null, "name": "North Ferndale Avenue", "natural": null, "parking": null, "waterway": null, "landuse": null, "layer": null, "religion": null, "operator": null, "barrier": null, "bridge": null, "leisure": null, "denomination": null, "backup_generator": null }, "geometry": { "type": "MultiLineString", "coordinates": [ [ [ -122.5442943, 37.8954873 ], [ -122.544475, 37.8952264 ], [ -122.5448269, 37.8948097 ], [ -122.5449065, 37.8947155 ], [ -122.5451054, 37.8945708 ], [ -122.5451624, 37.8945099 ], [ -122.545258, 37.8944126 ], [ -122.5453674, 37.8943567 ], [ -122.545466, 37.894319 ], [ -122.5456502, 37.8942929 ], [ -122.5458651, 37.8942587 ], [ -122.5460045, 37.8942434 ], [ -122.5461204, 37.8942459 ], [ -122.5463337, 37.8942695 ], [ -122.5466746, 37.8943149 ], [ -122.5467754, 37.8943209 ], [ -122.5468563, 37.8943056 ], [ -122.5469158, 37.8942741 ], [ -122.5469561, 37.894228 ], [ -122.5469787, 37.8941745 ], [ -122.5469381, 37.8941304 ], [ -122.5460412, 37.8934257 ] ] ] } },
{ "type": "Feature", "properties": { "osm_id": 39210538, "osm_type": "ways_line", "opening_hours": null, "capacity": null, "power": null, "surface": null, "historic": null, "building": null, "amenity": null, "fuel": null, "tunnel": null, "railway": null, "width": null, "oneway": null, "highway": "residential", "smoothness": null, "water": null, "name": "Amaranth Boulevard", "natural": null, "parking": null, "waterway": null, "landuse": null, "layer": null, "religion": null, "operator": null, "barrier": null, "bridge": null, "leisure": null, "denomination": null, "backup_generator": null }, "geometry": { "type": "MultiLineString", "coordinates": [ [ [ -122.558255195375921, 37.897508616905981 ], [ -122.5582226, 37.8975063 ], [ -122.5581009, 37.897271 ], [ -122.558037, 37.8971474 ], [ -122.5579673, 37.896976 ], [ -122.5578878, 37.8968425 ], [ -122.557699, 37.8967477 ], [ -122.5574193, 37.8965883 ], [ -122.5573962, 37.8965655 ], [ -122.5573742, 37.8965437 ], [ -122.5572767, 37.8964044 ], [ -122.5572293, 37.8963428 ], [ -122.557172, 37.8962976 ], [ -122.5571215, 37.8962848 ], [ -122.5567835, 37.8962392 ], [ -122.556531, 37.8962098 ], [ -122.5564562, 37.8962111 ], [ -122.5564025, 37.8962506 ], [ -122.5558698, 37.8966733 ] ] ] } },
{ "type": "Feature", "properties": { "osm_id": 88159885, "osm_type": "ways_line", "opening_hours": null, "capacity": null, "power": null, "surface": null, "historic": null, "building": null, "amenity": null, "fuel": null, "tunnel": null, "railway": null, "width": null, "oneway": null, "highway": "footway", "smoothness": null, "water": null, "name": "Stolte Grove", "natural": null, "parking": null, "waterway": null, "landuse": null, "layer": null, "religion": null, "operator": null, "barrier": null, "bridge": null, "leisure": null, "denomination": null, "backup_generator": null }, "geometry": { "type": "MultiLineString", "coordinates": [ [ [ -122.5561263, 37.9000297 ], [ -122.5561518, 37.9000757 ], [ -122.5561592, 37.9001397 ] ] ] } },
{ "type": "Feature", "properties": { "osm_id": 88159910, "osm_type": "ways_line", "opening_hours": null, "capacity": null, "power": null, "surface": null, "historic": null, "building": null, "amenity": null, "fuel": null, "tunnel": null, "railway": null, "width": null, "oneway": null, "highway": "footway", "smoothness": null, "water": null, "name": "Stolte Grove", "natural": null, "parking": null, "waterway": null, "landuse": null, "layer": null, "religion": null, "operator": null, "barrier": null, "bridge": null, "leisure": null, "denomination": null, "backup_generator": null }, "geometry": { "type": "MultiLineString", "coordinates": [ [ [ -122.5556272, 37.8996027 ], [ -122.5557815, 37.8996992 ] ] ] } },
{ "type": "Feature", "properties": { "osm_id": 88159987, "osm_type": "ways_line", "opening_hours": null, "capacity": null, "power": null, "surface": null, "historic": null, "building": null, "amenity": null, "fuel": null, "tunnel": null, "railway": null, "width": null, "oneway": null, "highway": "footway", "smoothness": null, "water": null, "name": "Stolte Grove", "natural": null, "parking": null, "waterway": null, "landuse": null, "layer": null, "religion": null, "operator": null, "barrier": null, "bridge": null, "leisure": null, "denomination": null, "backup_generator": null }, "geometry": { "type": "MultiLineString", "coordinates": [ [ [ -122.5559592, 37.8997693 ], [ -122.5560579, 37.8998824 ], [ -122.5561089, 37.8999657 ] ] ] } },
{ "type": "Feature", "properties": { "osm_id": 342364670, "osm_type": "ways_line", "opening_hours": null, "capacity": null, "power": null, "surface": null, "historic": null, "building": null, "amenity": null, "fuel": null, "tunnel": null, "railway": null, "width": null, "oneway": null, "highway": "path", "smoothness": null, "water": null, "name": null, "natural": null, "parking": null, "waterway": null, "landuse": null, "layer": null, "religion": null, "operator": null, "barrier": null, "bridge": null, "leisure": null, "denomination": null, "backup_generator": null }, "geometry": { "type": "MultiLineString", "coordinates": [ [ [ -122.5472874, 37.897594 ], [ -122.5472649, 37.8977047 ], [ -122.5472662, 37.8978322 ], [ -122.5472825, 37.8979377 ], [ -122.5473123, 37.8979944 ], [ -122.5473097, 37.8980417 ], [ -122.5472836, 37.8980808 ], [ -122.5472208, 37.8981416 ], [ -122.547207, 37.8982285 ], [ -122.5471818, 37.8982919 ], [ -122.5471823, 37.8983237 ], [ -122.5471794, 37.8983495 ], [ -122.5471539, 37.8984393 ], [ -122.5471371, 37.8984982 ], [ -122.5471179, 37.8985307 ], [ -122.5471034, 37.8985613 ], [ -122.5470891, 37.8986125 ], [ -122.5470771, 37.8986862 ], [ -122.5470658, 37.8987365 ], [ -122.5470618, 37.898764 ], [ -122.5470527, 37.8987941 ], [ -122.5470455, 37.8988217 ], [ -122.5470409, 37.8988669 ], [ -122.5470259, 37.898902 ] ] ] } },
{ "type": "Feature", "properties": { "osm_id": 422656384, "osm_type": "ways_line", "opening_hours": null, "capacity": null, "power": null, "surface": "ground", "historic": null, "building": null, "amenity": null, "fuel": null, "tunnel": null, "railway": null, "width": null, "oneway": null, "highway": "footway", "smoothness": null, "water": null, "name": null, "natural": null, "parking": null, "waterway": null, "landuse": null, "layer": null, "religion": null, "operator": null, "barrier": null, "bridge": null, "leisure": null, "denomination": null, "backup_generator": null }, "geometry": { "type": "MultiLineString", "coordinates": [ [ [ -122.5567099, 37.9005973 ], [ -122.5567469, 37.9005053 ], [ -122.5567228, 37.9003868 ], [ -122.5566772, 37.9003021 ], [ -122.5566182, 37.9002429 ], [ -122.5565672, 37.900118 ], [ -122.5565538, 37.8999825 ], [ -122.5565538, 37.8998534 ], [ -122.5565994, 37.8997539 ], [ -122.5566638, 37.8996608 ], [ -122.5567549, 37.899555 ], [ -122.5568274, 37.8994957 ], [ -122.5569025, 37.8993793 ], [ -122.5569642, 37.8992841 ], [ -122.5569937, 37.8992121 ], [ -122.5569695, 37.8991571 ], [ -122.5569078, 37.8990936 ], [ -122.5567925, 37.8990682 ], [ -122.5566745, 37.899028 ], [ -122.5565243, 37.8989984 ], [ -122.5564036, 37.8989391 ], [ -122.5563151, 37.8989031 ], [ -122.5562695, 37.8988629 ], [ -122.5562507, 37.89881 ], [ -122.5562829, 37.8987253 ], [ -122.556366, 37.8986407 ], [ -122.5564411, 37.8985052 ], [ -122.5565168, 37.8983777 ], [ -122.556597, 37.8982903 ], [ -122.5566086, 37.8982572 ], [ -122.5565988, 37.8981702 ], [ -122.5565618, 37.8980332 ], [ -122.5565296, 37.8979105 ], [ -122.5564626, 37.8977686 ], [ -122.5563758, 37.8976389 ], [ -122.5563438, 37.8975911 ], [ -122.5562446, 37.8975607 ], [ -122.5561425, 37.8975317 ], [ -122.5560341, 37.8975035 ], [ -122.5558984, 37.8975287 ], [ -122.555804, 37.897564 ], [ -122.5557042, 37.8976201 ], [ -122.5556362, 37.8976576 ], [ -122.5555281, 37.8976699 ], [ -122.5554246, 37.897667 ], [ -122.5553682, 37.8976586 ], [ -122.5552768, 37.8976362 ], [ -122.5552258, 37.8976003 ], [ -122.5552154, 37.8975586 ], [ -122.5552351, 37.8975279 ], [ -122.5552322, 37.8974962 ], [ -122.555202, 37.8974385 ], [ -122.5551778, 37.8973665 ], [ -122.5551134, 37.8973115 ], [ -122.5550196, 37.8972247 ], [ -122.5548962, 37.8971379 ], [ -122.5548353, 37.8970809 ], [ -122.5548119, 37.8970078 ], [ -122.5548039, 37.8969722 ], [ -122.5548127, 37.8969429 ], [ -122.5548211, 37.8969167 ], [ -122.5548224, 37.8968892 ], [ -122.5548278, 37.8968628 ], [ -122.5548439, 37.8968437 ], [ -122.5548814, 37.8968056 ], [ -122.5549217, 37.8967844 ], [ -122.5549659, 37.8967675 ], [ -122.5549994, 37.896759 ], [ -122.5550517, 37.8967485 ], [ -122.5551309, 37.8967315 ], [ -122.5551885, 37.896722 ], [ -122.5552395, 37.8967368 ], [ -122.5552891, 37.8967241 ], [ -122.5553294, 37.8967209 ], [ -122.5553642, 37.8967347 ], [ -122.5554403, 37.8967287 ], [ -122.5555667, 37.8967104 ], [ -122.5556237, 37.8967008 ], [ -122.5556894, 37.8966728 ], [ -122.5557484, 37.8966236 ], [ -122.5558195, 37.8965622 ], [ -122.5558785, 37.8965008 ], [ -122.5559442, 37.8964405 ], [ -122.5560066, 37.8963363 ], [ -122.5561179, 37.8961537 ], [ -122.5562024, 37.8960436 ], [ -122.556209495880182, 37.896032679390075 ] ] ] } },
{ "type": "Feature", "properties": { "osm_id": 502809918, "osm_type": "ways_line", "opening_hours": null, "capacity": null, "power": null, "surface": null, "historic": null, "building": null, "amenity": null, "fuel": null, "tunnel": null, "railway": null, "width": null, "oneway": null, "highway": "service", "smoothness": null, "water": null, "name": null, "natural": null, "parking": null, "waterway": null, "landuse": null, "layer": null, "religion": null, "operator": null, "barrier": null, "bridge": null, "leisure": null, "denomination": null, "backup_generator": null }, "geometry": { "type": "MultiLineString", "coordinates": [ [ [ -122.5433199, 37.8962231 ], [ -122.5445455, 37.8964384 ] ] ] } },
{ "type": "Feature", "properties": { "osm_id": 759537624, "osm_type": "ways_line", "opening_hours": null, "capacity": null, "power": null, "surface": null, "historic": null, "building": null, "amenity": null, "fuel": null, "tunnel": null, "railway": null, "width": null, "oneway": null, "highway": "service", "smoothness": null, "water": null, "name": null, "natural": null, "parking": null, "waterway": null, "landuse": null, "layer": null, "religion": null, "operator": null, "barrier": null, "bridge": null, "leisure": null, "denomination": null, "backup_generator": null }, "geometry": { "type": "MultiLineString", "coordinates": [ [ [ -122.5512051, 37.89773 ], [ -122.5513045, 37.8976762 ], [ -122.5514111, 37.8976076 ], [ -122.5514873, 37.897557 ], [ -122.5515537, 37.897489 ], [ -122.5516501, 37.8973805 ], [ -122.5517032, 37.8973423 ], [ -122.551764, 37.8973157 ] ] ] } },
{ "type": "Feature", "properties": { "osm_id": 771222336, "osm_type": "ways_line", "opening_hours": null, "capacity": null, "power": null, "surface": null, "historic": null, "building": null, "amenity": null, "fuel": null, "tunnel": null, "railway": null, "width": null, "oneway": null, "highway": "service", "smoothness": null, "water": null, "name": null, "natural": null, "parking": null, "waterway": null, "landuse": null, "layer": null, "religion": null, "operator": null, "barrier": null, "bridge": null, "leisure": null, "denomination": null, "backup_generator": null }, "geometry": { "type": "MultiLineString", "coordinates": [ [ [ -122.55166, 37.8991974 ], [ -122.5515778, 37.8992771 ], [ -122.5514651, 37.8993488 ], [ -122.5513478, 37.8994099 ], [ -122.5512496, 37.8994763 ], [ -122.5512204, 37.8995015 ], [ -122.5512119, 37.8995195 ], [ -122.5512146, 37.899621 ] ] ] } },
{ "type": "Feature", "properties": { "osm_id": 776373407, "osm_type": "ways_line", "opening_hours": null, "capacity": null, "power": null, "surface": "ground", "historic": null, "building": null, "amenity": null, "fuel": null, "tunnel": null, "railway": null, "width": null, "oneway": null, "highway": "footway", "smoothness": null, "water": null, "name": null, "natural": null, "parking": null, "waterway": null, "landuse": null, "layer": null, "religion": null, "operator": null, "barrier": null, "bridge": null, "leisure": null, "denomination": null, "backup_generator": null }, "geometry": { "type": "MultiLineString", "coordinates": [ [ [ -122.5542274, 37.896199 ], [ -122.5541762, 37.8961893 ], [ -122.5540875, 37.8961611 ], [ -122.5539836, 37.8961071 ] ] ] } },
{ "type": "Feature", "properties": { "osm_id": 776373408, "osm_type": "ways_line", "opening_hours": null, "capacity": null, "power": null, "surface": "ground", "historic": null, "building": null, "amenity": null, "fuel": null, "tunnel": null, "railway": null, "width": null, "oneway": null, "highway": "footway", "smoothness": null, "water": null, "name": null, "natural": null, "parking": null, "waterway": null, "landuse": null, "layer": null, "religion": null, "operator": null, "barrier": null, "bridge": null, "leisure": null, "denomination": null, "backup_generator": null }, "geometry": { "type": "MultiLineString", "coordinates": [ [ [ -122.5548278, 37.8968628 ], [ -122.5548077, 37.8968559 ], [ -122.5547869, 37.8968495 ], [ -122.5547627, 37.8968389 ], [ -122.554746, 37.8968281 ], [ -122.5547369, 37.896818 ], [ -122.5547242, 37.8968069 ], [ -122.5547165, 37.8967963 ], [ -122.554701, 37.8967889 ], [ -122.5546893, 37.8967794 ], [ -122.5546782, 37.8967686 ], [ -122.5546679, 37.8967543 ], [ -122.5546622, 37.8967421 ], [ -122.5546508, 37.8967286 ], [ -122.5546383, 37.8967215 ], [ -122.5546273, 37.8967109 ], [ -122.5546152, 37.8966929 ], [ -122.5546035, 37.8966776 ], [ -122.5545891, 37.8966662 ], [ -122.5545733, 37.8966566 ], [ -122.5545461, 37.8966432 ], [ -122.5545361, 37.896632 ], [ -122.5545207, 37.8966193 ], [ -122.5544985, 37.8966059 ], [ -122.5544778, 37.8965939 ], [ -122.5544593, 37.8965783 ], [ -122.5544368, 37.8965537 ], [ -122.5544174, 37.8965209 ], [ -122.554403, 37.8964987 ], [ -122.5543866, 37.8964651 ], [ -122.5543708, 37.8964326 ], [ -122.5543554, 37.8963913 ], [ -122.5543403, 37.8963574 ], [ -122.554294, 37.896277 ], [ -122.5542553, 37.8962396 ], [ -122.5542274, 37.896199 ], [ -122.5542207, 37.8961541 ], [ -122.554228, 37.8960809 ], [ -122.5542662, 37.8960064 ], [ -122.554333, 37.8959452 ], [ -122.5544092, 37.8959115 ], [ -122.5545008, 37.8958769 ], [ -122.5545877, 37.8958246 ], [ -122.5546749, 37.8957854 ], [ -122.5548533, 37.8956711 ], [ -122.5548854, 37.8956097 ], [ -122.5549163, 37.8955536 ], [ -122.5549686, 37.8954732 ], [ -122.5550222, 37.8954065 ], [ -122.5550866, 37.8953494 ], [ -122.5551443, 37.8952965 ], [ -122.5551483, 37.8952563 ], [ -122.5551295, 37.8952319 ], [ -122.5550786, 37.8952129 ], [ -122.5549847, 37.8952076 ], [ -122.5548935, 37.8951832 ], [ -122.5547916, 37.8951515 ], [ -122.5547366, 37.8950954 ], [ -122.5546615, 37.8950499 ], [ -122.5545448, 37.8950361 ], [ -122.5544509, 37.8950372 ], [ -122.5542806, 37.8950266 ], [ -122.5541277, 37.8949853 ], [ -122.5539963, 37.8949282 ], [ -122.5538796, 37.8948816 ], [ -122.5538072, 37.8948583 ], [ -122.5537039, 37.8948805 ], [ -122.5536275, 37.8949239 ], [ -122.5535256, 37.8949821 ], [ -122.5534344, 37.8950298 ], [ -122.5533485, 37.8950404 ], [ -122.5532386, 37.8949853 ] ] ] } },
{ "type": "Feature", "properties": { "osm_id": 776373411, "osm_type": "ways_line", "opening_hours": null, "capacity": null, "power": null, "surface": "ground", "historic": null, "building": null, "amenity": null, "fuel": null, "tunnel": null, "railway": null, "width": null, "oneway": null, "highway": "footway", "smoothness": null, "water": null, "name": null, "natural": null, "parking": null, "waterway": null, "landuse": null, "layer": null, "religion": null, "operator": null, "barrier": null, "bridge": null, "leisure": null, "denomination": null, "backup_generator": null }, "geometry": { "type": "MultiLineString", "coordinates": [ [ [ -122.556597, 37.8982903 ], [ -122.5565922, 37.8984003 ], [ -122.5565716, 37.8984917 ], [ -122.5565565, 37.898556 ], [ -122.5565779, 37.8986258 ], [ -122.5566423, 37.8986872 ], [ -122.5567389, 37.8987359 ], [ -122.5568327, 37.8987634 ], [ -122.556972, 37.8987618 ], [ -122.5570989, 37.8987416 ], [ -122.5572132, 37.898704 ], [ -122.557321, 37.8986502 ], [ -122.5574263, 37.8986428 ], [ -122.5575037, 37.8986358 ], [ -122.5575487, 37.8986575 ], [ -122.5575918, 37.8987084 ], [ -122.5576275, 37.898761 ], [ -122.5576588, 37.8989004 ] ] ] } },
{ "type": "Feature", "properties": { "osm_id": 776373413, "osm_type": "ways_line", "opening_hours": null, "capacity": null, "power": null, "surface": "ground", "historic": null, "building": null, "amenity": null, "fuel": null, "tunnel": null, "railway": null, "width": null, "oneway": null, "highway": "footway", "smoothness": null, "water": null, "name": null, "natural": null, "parking": null, "waterway": null, "landuse": null, "layer": null, "religion": null, "operator": null, "barrier": null, "bridge": null, "leisure": null, "denomination": null, "backup_generator": null }, "geometry": { "type": "MultiLineString", "coordinates": [ [ [ -122.5548353, 37.8970809 ], [ -122.5547232, 37.8971358 ], [ -122.5546147, 37.8971565 ], [ -122.5545439, 37.8971659 ], [ -122.5544724, 37.8972152 ], [ -122.5544361, 37.8972382 ], [ -122.5543873, 37.8972452 ], [ -122.5542775, 37.8972387 ], [ -122.5542337, 37.8972465 ], [ -122.5542007, 37.8972727 ], [ -122.5541118, 37.8972709 ], [ -122.5540833, 37.8972593 ], [ -122.5539668, 37.8972691 ], [ -122.5538367, 37.8972691 ], [ -122.5537438, 37.8972763 ], [ -122.5537072, 37.8972962 ], [ -122.5535713, 37.8972887 ], [ -122.5535013, 37.8972937 ], [ -122.5534779, 37.8973177 ], [ -122.5534449, 37.8973417 ], [ -122.5533432, 37.8973496 ] ] ] } },
{ "type": "Feature", "properties": { "osm_id": 776373414, "osm_type": "ways_line", "opening_hours": null, "capacity": null, "power": null, "surface": "ground", "historic": null, "building": null, "amenity": null, "fuel": null, "tunnel": null, "railway": null, "width": null, "oneway": null, "highway": "footway", "smoothness": null, "water": null, "name": null, "natural": null, "parking": null, "waterway": null, "landuse": null, "layer": null, "religion": null, "operator": null, "barrier": null, "bridge": null, "leisure": null, "denomination": null, "backup_generator": null }, "geometry": { "type": "MultiLineString", "coordinates": [ [ [ -122.5528845, 37.897739 ], [ -122.552788, 37.8977432 ], [ -122.5526565, 37.8977369 ], [ -122.5525278, 37.8977242 ], [ -122.5524098, 37.8976882 ], [ -122.5523454, 37.8976459 ], [ -122.5523105, 37.8975739 ], [ -122.5523105, 37.897449 ], [ -122.5523105, 37.897339 ], [ -122.5523293, 37.8972353 ], [ -122.5523543, 37.8971784 ], [ -122.5523763, 37.8971343 ], [ -122.5524207, 37.897063 ], [ -122.5524527, 37.8970427 ], [ -122.5525115, 37.8969914 ], [ -122.5525412, 37.8969548 ], [ -122.5525385, 37.8969146 ], [ -122.5525264, 37.8968744 ], [ -122.5524862, 37.8968617 ], [ -122.5524353, 37.8968638 ], [ -122.5523762, 37.8968755 ], [ -122.5522944, 37.8968807 ], [ -122.5522193, 37.8968659 ], [ -122.5521389, 37.8968437 ], [ -122.5520745, 37.8968014 ], [ -122.5520449, 37.8967136 ], [ -122.5520557, 37.896649 ], [ -122.5521389, 37.8965728 ], [ -122.5522381, 37.8965241 ], [ -122.5523025, 37.8964733 ], [ -122.5523615, 37.8964119 ], [ -122.5524125, 37.8963442 ], [ -122.5524929, 37.8962934 ], [ -122.5525627, 37.8962257 ], [ -122.5525573, 37.896141 ], [ -122.5525197, 37.8960711 ], [ -122.5524661, 37.8960267 ], [ -122.5523803, 37.8959823 ], [ -122.5523534, 37.8959378 ], [ -122.5523718, 37.895793 ] ] ] } },
{ "type": "Feature", "properties": { "osm_id": 776373415, "osm_type": "ways_line", "opening_hours": null, "capacity": null, "power": null, "surface": "ground", "historic": null, "building": null, "amenity": null, "fuel": null, "tunnel": null, "railway": null, "width": null, "oneway": null, "highway": "footway", "smoothness": null, "water": null, "name": null, "natural": null, "parking": null, "waterway": null, "landuse": null, "layer": null, "religion": null, "operator": null, "barrier": null, "bridge": null, "leisure": null, "denomination": null, "backup_generator": null }, "geometry": { "type": "MultiLineString", "coordinates": [ [ [ -122.5533432, 37.8973496 ], [ -122.553319, 37.8973009 ], [ -122.553319, 37.8972056 ], [ -122.5533861, 37.8970977 ], [ -122.5534692, 37.8970596 ], [ -122.553539, 37.8970067 ], [ -122.5536275, 37.8969178 ], [ -122.5537106, 37.8968162 ], [ -122.5537609, 37.896728 ], [ -122.5538387, 37.8966048 ], [ -122.5538844, 37.896529 ], [ -122.5539309, 37.8964635 ], [ -122.5539494, 37.8963929 ], [ -122.5538904, 37.8963188 ], [ -122.5539011, 37.8962659 ], [ -122.553921, 37.8962397 ], [ -122.5539589, 37.8962123 ], [ -122.5539648, 37.8961507 ], [ -122.5539836, 37.8961071 ], [ -122.5540043, 37.8960685 ], [ -122.5540573, 37.8960061 ], [ -122.5540662, 37.8959586 ], [ -122.5540593, 37.8959039 ], [ -122.5540459, 37.895815 ], [ -122.5539655, 37.8957664 ], [ -122.5538769, 37.8957283 ], [ -122.5537911, 37.8956563 ], [ -122.5536892, 37.8955759 ], [ -122.5535873, 37.8955737 ], [ -122.5534907, 37.8955272 ], [ -122.5533912, 37.8955356 ], [ -122.5533164, 37.8955441 ], [ -122.5532708, 37.8955843 ], [ -122.5532278, 37.8956182 ], [ -122.5531447, 37.8956203 ], [ -122.5529838, 37.895669 ], [ -122.5529274, 37.8957431 ], [ -122.5528389, 37.8957939 ], [ -122.5527585, 37.8958108 ], [ -122.5526539, 37.8958066 ], [ -122.5525761, 37.8957981 ], [ -122.5524527, 37.8957833 ], [ -122.5523718, 37.895793 ] ] ] } },
{ "type": "Feature", "properties": { "osm_id": 776373416, "osm_type": "ways_line", "opening_hours": null, "capacity": null, "power": null, "surface": "ground", "historic": null, "building": null, "amenity": null, "fuel": null, "tunnel": null, "railway": null, "width": null, "oneway": null, "highway": "footway", "smoothness": null, "water": null, "name": null, "natural": null, "parking": null, "waterway": null, "landuse": null, "layer": null, "religion": null, "operator": null, "barrier": null, "bridge": null, "leisure": null, "denomination": null, "backup_generator": null }, "geometry": { "type": "MultiLineString", "coordinates": [ [ [ -122.5520449, 37.8967136 ], [ -122.5519881, 37.8967415 ], [ -122.5519302, 37.8967529 ], [ -122.5518536, 37.8967529 ], [ -122.5518411, 37.8967146 ], [ -122.5518465, 37.8966532 ], [ -122.551817, 37.8965812 ], [ -122.551766, 37.8965241 ], [ -122.5517077, 37.8964755 ], [ -122.5516695, 37.8964437 ], [ -122.5515756, 37.8964056 ], [ -122.5514576, 37.896395 ], [ -122.5513396, 37.8964035 ], [ -122.5511797, 37.8964149 ], [ -122.5509802, 37.8964056 ], [ -122.5508353, 37.8963886 ], [ -122.5506098, 37.8963623 ], [ -122.5504383, 37.896323 ], [ -122.5502238, 37.8962426 ], [ -122.5500602, 37.8961643 ], [ -122.5499579, 37.8961153 ], [ -122.5498349, 37.8960436 ], [ -122.5497195, 37.8960077 ], [ -122.5495955, 37.896008 ] ] ] } },
{ "type": "Feature", "properties": { "osm_id": 776899063, "osm_type": "ways_line", "opening_hours": null, "capacity": null, "power": null, "surface": "ground", "historic": null, "building": null, "amenity": null, "fuel": null, "tunnel": null, "railway": null, "width": null, "oneway": null, "highway": "footway", "smoothness": null, "water": null, "name": null, "natural": null, "parking": null, "waterway": null, "landuse": null, "layer": null, "religion": null, "operator": null, "barrier": null, "bridge": null, "leisure": null, "denomination": null, "backup_generator": null }, "geometry": { "type": "MultiLineString", "coordinates": [ [ [ -122.552096, 37.8986089 ], [ -122.5520638, 37.8986936 ], [ -122.5520691, 37.89881 ], [ -122.552104, 37.8988819 ], [ -122.5521442, 37.8989539 ], [ -122.5521764, 37.8990132 ], [ -122.5522113, 37.8990661 ], [ -122.5522274, 37.8991021 ], [ -122.5522327, 37.8991507 ], [ -122.5522167, 37.8992037 ], [ -122.5521764, 37.8992312 ], [ -122.5521308, 37.8992269 ], [ -122.5520799, 37.8991994 ], [ -122.5520584, 37.8991571 ], [ -122.5520182, 37.8991105 ], [ -122.5519672, 37.8991126 ], [ -122.5519216, 37.8991253 ], [ -122.5518813, 37.8991586 ] ] ] } },
{ "type": "Feature", "properties": { "osm_id": 776899069, "osm_type": "ways_line", "opening_hours": null, "capacity": null, "power": null, "surface": "ground", "historic": null, "building": null, "amenity": null, "fuel": null, "tunnel": null, "railway": null, "width": null, "oneway": null, "highway": "footway", "smoothness": null, "water": null, "name": "Madrone Trail", "natural": null, "parking": null, "waterway": null, "landuse": null, "layer": null, "religion": null, "operator": null, "barrier": null, "bridge": null, "leisure": null, "denomination": null, "backup_generator": null }, "geometry": { "type": "MultiLineString", "coordinates": [ [ [ -122.548138282678622, 37.892935244477698 ], [ -122.5481504, 37.8929565 ], [ -122.5481612, 37.8930137 ], [ -122.5481585, 37.8930708 ], [ -122.5481424, 37.8931047 ], [ -122.5481008, 37.8931195 ], [ -122.5480512, 37.8931142 ], [ -122.5479667, 37.8930909 ], [ -122.547909, 37.8931026 ], [ -122.547897, 37.8931481 ], [ -122.5479412, 37.8932094 ], [ -122.5479774, 37.8932782 ], [ -122.547968, 37.893419 ], [ -122.5479747, 37.8935058 ], [ -122.5479922, 37.8936233 ], [ -122.5480056, 37.8936264 ], [ -122.5480686, 37.8936497 ], [ -122.5480941, 37.8936762 ], [ -122.548131, 37.8937122 ], [ -122.5481384, 37.8937354 ], [ -122.5481665, 37.893763 ], [ -122.5481571, 37.8938021 ], [ -122.5481129, 37.8938228 ], [ -122.5480565, 37.8938164 ], [ -122.5480089, 37.8937995 ], [ -122.547968, 37.8937936 ], [ -122.5479117, 37.8937852 ], [ -122.5478748, 37.8937725 ], [ -122.547848, 37.893745 ], [ -122.5478346, 37.8937153 ], [ -122.5478185, 37.893691 ], [ -122.5478078, 37.8936868 ], [ -122.547783, 37.8936767 ], [ -122.5477602, 37.8936561 ], [ -122.5477394, 37.8936275 ], [ -122.5477199, 37.8936079 ], [ -122.5477025, 37.8936116 ], [ -122.5476562, 37.8936217 ], [ -122.5476033, 37.8936301 ], [ -122.5475181, 37.8936344 ], [ -122.5474376, 37.8936243 ], [ -122.5473545, 37.8935857 ], [ -122.5472997, 37.8935593 ], [ -122.5472497, 37.8935351 ], [ -122.5471551, 37.8934893 ] ] ] } },
{ "type": "Feature", "properties": { "osm_id": 1054091356, "osm_type": "ways_line", "opening_hours": null, "capacity": null, "power": null, "surface": "paved", "historic": null, "building": null, "amenity": null, "fuel": null, "tunnel": null, "railway": null, "width": null, "oneway": null, "highway": "service", "smoothness": null, "water": null, "name": null, "natural": null, "parking": null, "waterway": null, "landuse": null, "layer": null, "religion": null, "operator": null, "barrier": null, "bridge": null, "leisure": null, "denomination": null, "backup_generator": null }, "geometry": { "type": "MultiLineString", "coordinates": [ [ [ -122.5525478, 37.8998718 ], [ -122.5526458, 37.8997265 ], [ -122.5526924, 37.8996992 ] ] ] } },
{ "type": "Feature", "properties": { "osm_id": 1323527851, "osm_type": "ways_line", "opening_hours": null, "capacity": null, "power": null, "surface": null, "historic": null, "building": null, "amenity": null, "fuel": null, "tunnel": null, "railway": null, "width": null, "oneway": null, "highway": "residential", "smoothness": null, "water": null, "name": "Melrose Avenue", "natural": null, "parking": null, "waterway": null, "landuse": null, "layer": null, "religion": null, "operator": null, "barrier": null, "bridge": null, "leisure": null, "denomination": null, "backup_generator": null }, "geometry": { "type": "MultiLineString", "coordinates": [ [ [ -122.5433315, 37.8961882 ], [ -122.5433199, 37.8962231 ], [ -122.5430799, 37.8969876 ] ] ] } },
{ "type": "Feature", "properties": { "osm_id": 1346349439, "osm_type": "ways_line", "opening_hours": null, "capacity": null, "power": null, "surface": null, "historic": null, "building": null, "amenity": null, "fuel": null, "tunnel": null, "railway": null, "width": null, "oneway": null, "highway": "service", "smoothness": null, "water": null, "name": null, "natural": null, "parking": null, "waterway": null, "landuse": null, "layer": null, "religion": null, "operator": null, "barrier": null, "bridge": null, "leisure": null, "denomination": null, "backup_generator": null }, "geometry": { "type": "MultiLineString", "coordinates": [ [ [ -122.549396959886479, 37.900517143707191 ], [ -122.5494118, 37.900492 ], [ -122.5494977, 37.9003251 ], [ -122.5495114, 37.9003136 ], [ -122.549528, 37.9003068 ], [ -122.549572, 37.9003047 ] ] ] } },
{ "type": "Feature", "properties": { "osm_id": 1416638845, "osm_type": "ways_line", "opening_hours": null, "capacity": null, "power": null, "surface": null, "historic": null, "building": null, "amenity": null, "fuel": null, "tunnel": null, "railway": null, "width": null, "oneway": null, "highway": "service", "smoothness": null, "water": null, "name": null, "natural": null, "parking": null, "waterway": null, "landuse": null, "layer": null, "religion": null, "operator": null, "barrier": null, "bridge": null, "leisure": null, "denomination": null, "backup_generator": null }, "geometry": { "type": "MultiLineString", "coordinates": [ [ [ -122.5432457, 37.8900189 ], [ -122.5431686, 37.8899665 ], [ -122.5431277, 37.8899322 ], [ -122.5430962, 37.8898903 ], [ -122.5430754, 37.8898427 ], [ -122.5430719, 37.8897931 ] ] ] } },
{ "type": "Feature", "properties": { "osm_id": 1416638854, "osm_type": "ways_line", "opening_hours": null, "capacity": null, "power": null, "surface": null, "historic": null, "building": null, "amenity": null, "fuel": null, "tunnel": null, "railway": null, "width": null, "oneway": null, "highway": "service", "smoothness": null, "water": null, "name": null, "natural": null, "parking": null, "waterway": null, "landuse": null, "layer": null, "religion": null, "operator": null, "barrier": null, "bridge": null, "leisure": null, "denomination": null, "backup_generator": null }, "geometry": { "type": "MultiLineString", "coordinates": [ [ [ -122.5483677, 37.8955547 ], [ -122.5483337, 37.8954462 ] ] ] } },
{ "type": "Feature", "properties": { "osm_id": 1416648483, "osm_type": "ways_line", "opening_hours": null, "capacity": null, "power": null, "surface": null, "historic": null, "building": null, "amenity": null, "fuel": null, "tunnel": null, "railway": null, "width": null, "oneway": null, "highway": null, "smoothness": null, "water": null, "name": null, "natural": null, "parking": null, "waterway": null, "landuse": null, "layer": null, "religion": null, "operator": null, "barrier": "fence", "bridge": null, "leisure": null, "denomination": null, "backup_generator": null }, "geometry": { "type": "MultiLineString", "coordinates": [ [ [ -122.545739154614665, 37.899917639067681 ], [ -122.5457183, 37.8996507 ] ] ] } },
{ "type": "Feature", "properties": { "osm_id": 1416648486, "osm_type": "ways_line", "opening_hours": null, "capacity": null, "power": null, "surface": null, "historic": null, "building": null, "amenity": null, "fuel": null, "tunnel": null, "railway": null, "width": null, "oneway": null, "highway": null, "smoothness": null, "water": null, "name": null, "natural": null, "parking": null, "waterway": null, "landuse": null, "layer": null, "religion": null, "operator": null, "barrier": "fence", "bridge": null, "leisure": null, "denomination": null, "backup_generator": null }, "geometry": { "type": "MultiLineString", "coordinates": [ [ [ -122.5436178, 37.8994871 ], [ -122.543145, 37.8993894 ] ] ] } },
{ "type": "Feature", "properties": { "osm_id": 1430408524, "osm_type": "ways_line", "opening_hours": null, "capacity": null, "power": null, "surface": null, "historic": null, "building": null, "amenity": null, "fuel": null, "tunnel": null, "railway": null, "width": null, "oneway": null, "highway": "service", "smoothness": null, "water": null, "name": null, "natural": null, "parking": null, "waterway": null, "landuse": null, "layer": null, "religion": null, "operator": null, "barrier": null, "bridge": null, "leisure": null, "denomination": null, "backup_generator": null }, "geometry": { "type": "MultiLineString", "coordinates": [ [ [ -122.5476134, 37.8909892 ], [ -122.5475789, 37.8910328 ], [ -122.5475383, 37.8910754 ], [ -122.5474937, 37.8911068 ], [ -122.5474539, 37.8911148 ], [ -122.5474125, 37.8911247 ], [ -122.5473734, 37.8911438 ], [ -122.5473155, 37.8911586 ], [ -122.547253, 37.8911629 ], [ -122.5471913, 37.8911802 ] ] ] } },
{ "type": "Feature", "properties": { "osm_id": 1430462828, "osm_type": "ways_line", "opening_hours": null, "capacity": null, "power": null, "surface": null, "historic": null, "building": null, "amenity": null, "fuel": null, "tunnel": null, "railway": null, "width": null, "oneway": null, "highway": "service", "smoothness": null, "water": null, "name": null, "natural": null, "parking": null, "waterway": null, "landuse": null, "layer": null, "religion": null, "operator": null, "barrier": null, "bridge": null, "leisure": null, "denomination": null, "backup_generator": null }, "geometry": { "type": "MultiLineString", "coordinates": [ [ [ -122.5505855, 37.8971309 ], [ -122.5506709, 37.8970896 ], [ -122.5507735, 37.8970571 ], [ -122.5508914, 37.8970367 ], [ -122.5509902, 37.8970125 ], [ -122.55104, 37.8969958 ], [ -122.5510862, 37.8969661 ], [ -122.5511472, 37.8969259 ] ] ] } },
{ "type": "Feature", "properties": { "osm_id": 1431862740, "osm_type": "ways_line", "opening_hours": null, "capacity": null, "power": null, "surface": "asphalt", "historic": null, "building": null, "amenity": null, "fuel": null, "tunnel": null, "railway": null, "width": null, "oneway": null, "highway": "residential", "smoothness": null, "water": null, "name": "Montford Avenue", "natural": null, "parking": null, "waterway": null, "landuse": null, "layer": null, "religion": null, "operator": null, "barrier": null, "bridge": null, "leisure": null, "denomination": null, "backup_generator": null }, "geometry": { "type": "MultiLineString", "coordinates": [ [ [ -122.5534043, 37.8991181 ], [ -122.5535608, 37.8990706 ], [ -122.5536801, 37.8990093 ], [ -122.5537655, 37.8989715 ], [ -122.5538913, 37.898924 ], [ -122.5539692, 37.8988587 ], [ -122.5540281, 37.8987949 ] ] ] } },
{ "type": "Feature", "properties": { "osm_id": 1431862744, "osm_type": "ways_line", "opening_hours": null, "capacity": null, "power": null, "surface": "asphalt", "historic": null, "building": null, "amenity": null, "fuel": null, "tunnel": null, "railway": null, "width": null, "oneway": null, "highway": "residential", "smoothness": null, "water": null, "name": "Montford Avenue", "natural": null, "parking": null, "waterway": null, "landuse": null, "layer": null, "religion": null, "operator": null, "barrier": null, "bridge": null, "leisure": null, "denomination": null, "backup_generator": null }, "geometry": { "type": "MultiLineString", "coordinates": [ [ [ -122.5523842, 37.8994891 ], [ -122.5524506, 37.8993724 ], [ -122.5525108, 37.8992871 ], [ -122.5525752, 37.8992243 ], [ -122.5526323, 37.8991913 ], [ -122.552746, 37.8991789 ], [ -122.5529353, 37.8991791 ], [ -122.5531195, 37.8991689 ], [ -122.5533421, 37.899137 ], [ -122.5534043, 37.8991181 ] ] ] } },
{ "type": "Feature", "properties": { "osm_id": 1431893751, "osm_type": "ways_line", "opening_hours": null, "capacity": null, "power": null, "surface": null, "historic": null, "building": null, "amenity": null, "fuel": null, "tunnel": null, "railway": null, "width": null, "oneway": null, "highway": "service", "smoothness": null, "water": null, "name": null, "natural": null, "parking": null, "waterway": null, "landuse": null, "layer": null, "religion": null, "operator": null, "barrier": null, "bridge": null, "leisure": null, "denomination": null, "backup_generator": null }, "geometry": { "type": "MultiLineString", "coordinates": [ [ [ -122.5436306, 37.898515 ], [ -122.5436499, 37.8985326 ], [ -122.5436648, 37.8985553 ], [ -122.5436676, 37.8985809 ], [ -122.5436585, 37.8986103 ], [ -122.5436497, 37.8986364 ], [ -122.5436433, 37.898654 ], [ -122.5436317, 37.8986808 ], [ -122.5436309, 37.8986892 ], [ -122.5436383, 37.8986935 ], [ -122.5436571, 37.8986887 ], [ -122.543722, 37.8986451 ] ] ] } },
{ "type": "Feature", "properties": { "osm_id": 1432078645, "osm_type": "ways_line", "opening_hours": null, "capacity": null, "power": null, "surface": null, "historic": null, "building": null, "amenity": null, "fuel": null, "tunnel": null, "railway": null, "width": null, "oneway": null, "highway": "footway", "smoothness": null, "water": null, "name": "Dharma Way", "natural": null, "parking": null, "waterway": null, "landuse": null, "layer": null, "religion": null, "operator": null, "barrier": null, "bridge": null, "leisure": null, "denomination": null, "backup_generator": null }, "geometry": { "type": "MultiLineString", "coordinates": [ [ [ -122.5465487, 37.8995138 ], [ -122.5464473, 37.8995372 ], [ -122.5464187, 37.8995461 ], [ -122.5464074, 37.8995433 ], [ -122.5464034, 37.899536 ], [ -122.5464012, 37.8995241 ], [ -122.5464004, 37.8995143 ], [ -122.546401, 37.8995009 ], [ -122.5464, 37.8994941 ], [ -122.5463981, 37.8994876 ], [ -122.5463926, 37.8994813 ], [ -122.5463863, 37.8994747 ], [ -122.5463811, 37.8994687 ], [ -122.5463787, 37.8994588 ], [ -122.5463743, 37.8994486 ] ] ] } },
{ "type": "Feature", "properties": { "osm_id": 1432078648, "osm_type": "ways_line", "opening_hours": null, "capacity": null, "power": null, "surface": null, "historic": null, "building": null, "amenity": null, "fuel": null, "tunnel": null, "railway": null, "width": null, "oneway": null, "highway": "service", "smoothness": null, "water": null, "name": null, "natural": null, "parking": null, "waterway": null, "landuse": null, "layer": null, "religion": null, "operator": null, "barrier": null, "bridge": null, "leisure": null, "denomination": null, "backup_generator": null }, "geometry": { "type": "MultiLineString", "coordinates": [ [ [ -122.5497646, 37.8998497 ], [ -122.5497635, 37.8997985 ] ] ] } },
{ "type": "Feature", "properties": { "osm_id": 1432078650, "osm_type": "ways_line", "opening_hours": null, "capacity": null, "power": null, "surface": null, "historic": null, "building": null, "amenity": null, "fuel": null, "tunnel": null, "railway": null, "width": null, "oneway": null, "highway": "residential", "smoothness": null, "water": null, "name": null, "natural": null, "parking": null, "waterway": null, "landuse": null, "layer": null, "religion": null, "operator": null, "barrier": null, "bridge": null, "leisure": null, "denomination": null, "backup_generator": null }, "geometry": { "type": "MultiLineString", "coordinates": [ [ [ -122.5517159, 37.8991286 ], [ -122.5517178, 37.899169 ] ] ] } },
{ "type": "Feature", "properties": { "osm_id": 1432078654, "osm_type": "ways_line", "opening_hours": null, "capacity": null, "power": null, "surface": null, "historic": null, "building": null, "amenity": null, "fuel": null, "tunnel": null, "railway": null, "width": null, "oneway": null, "highway": "path", "smoothness": null, "water": null, "name": null, "natural": null, "parking": null, "waterway": null, "landuse": null, "layer": null, "religion": null, "operator": null, "barrier": null, "bridge": null, "leisure": null, "denomination": null, "backup_generator": null }, "geometry": { "type": "MultiLineString", "coordinates": [ [ [ -122.548767, 37.8997197 ], [ -122.5490015, 37.8998231 ], [ -122.5493638, 37.8999855 ], [ -122.5494443, 37.9000147 ], [ -122.549532, 37.9000295 ], [ -122.5496479, 37.9000364 ], [ -122.5497479, 37.9000233 ], [ -122.5498393, 37.8999867 ], [ -122.5499385, 37.8999392 ], [ -122.550048, 37.8998957 ], [ -122.5501213, 37.8998786 ], [ -122.5502287, 37.8998601 ] ] ] } },
{ "type": "Feature", "properties": { "osm_id": 1432142759, "osm_type": "ways_line", "opening_hours": null, "capacity": null, "power": null, "surface": null, "historic": null, "building": null, "amenity": null, "fuel": null, "tunnel": null, "railway": null, "width": null, "oneway": null, "highway": "footway", "smoothness": null, "water": null, "name": null, "natural": null, "parking": null, "waterway": null, "landuse": null, "layer": null, "religion": null, "operator": null, "barrier": null, "bridge": null, "leisure": null, "denomination": null, "backup_generator": null }, "geometry": { "type": "MultiLineString", "coordinates": [ [ [ -122.5451816, 37.8965725 ], [ -122.5451714, 37.8965983 ], [ -122.5451647, 37.8966113 ], [ -122.5451442, 37.8966326 ], [ -122.5451237, 37.8966424 ], [ -122.5450744, 37.896656 ], [ -122.5449585, 37.8966861 ], [ -122.544935, 37.8967001 ], [ -122.5449133, 37.8967173 ], [ -122.5448961, 37.8967436 ], [ -122.5448834, 37.896779 ], [ -122.5448743, 37.8968215 ], [ -122.5448662, 37.8968321 ], [ -122.5447956, 37.896856 ], [ -122.5447898, 37.896868 ], [ -122.5447931, 37.8968816 ], [ -122.5448225, 37.8969353 ], [ -122.5448499, 37.896957 ], [ -122.5448883, 37.8969838 ], [ -122.5449223, 37.8970051 ], [ -122.5449706, 37.8970325 ], [ -122.5449951, 37.8970467 ], [ -122.5449994, 37.8970599 ], [ -122.5449969, 37.897068 ], [ -122.5449852, 37.8970709 ], [ -122.5449673, 37.897068 ], [ -122.5447855, 37.8969992 ], [ -122.5447694, 37.8970017 ], [ -122.5447598, 37.8970123 ], [ -122.5447549, 37.8970258 ], [ -122.5447537, 37.897035 ] ] ] } },
{ "type": "Feature", "properties": { "osm_id": 1432142760, "osm_type": "ways_line", "opening_hours": null, "capacity": null, "power": null, "surface": null, "historic": null, "building": null, "amenity": null, "fuel": null, "tunnel": null, "railway": null, "width": null, "oneway": null, "highway": null, "smoothness": null, "water": null, "name": null, "natural": null, "parking": null, "waterway": null, "landuse": null, "layer": null, "religion": null, "operator": null, "barrier": "fence", "bridge": null, "leisure": null, "denomination": null, "backup_generator": null }, "geometry": { "type": "MultiLineString", "coordinates": [ [ [ -122.5446004, 37.8969022 ], [ -122.5445884, 37.896875 ], [ -122.5445979, 37.8968637 ], [ -122.5446088, 37.8968594 ], [ -122.5447051, 37.8968921 ], [ -122.5447579, 37.896869 ], [ -122.5447521, 37.8967809 ], [ -122.5446864, 37.896699 ] ] ] } },
{ "type": "Feature", "properties": { "osm_id": 12176985, "osm_type": "ways_line", "opening_hours": null, "capacity": null, "power": null, "surface": null, "historic": null, "building": null, "amenity": null, "fuel": null, "tunnel": null, "railway": null, "width": null, "oneway": null, "highway": "service", "smoothness": null, "water": null, "name": "Rydal Avenue", "natural": null, "parking": null, "waterway": null, "landuse": null, "layer": null, "religion": null, "operator": null, "barrier": null, "bridge": null, "leisure": null, "denomination": null, "backup_generator": null }, "geometry": { "type": "MultiLineString", "coordinates": [ [ [ -122.5449497, 37.8923729 ], [ -122.5445247, 37.8921456 ], [ -122.5442629, 37.8925272 ], [ -122.5441771, 37.8925828 ], [ -122.5439638, 37.8926158 ] ] ] } },
{ "type": "Feature", "properties": { "osm_id": 1416648493, "osm_type": "ways_line", "opening_hours": null, "capacity": null, "power": null, "surface": null, "historic": null, "building": null, "amenity": null, "fuel": null, "tunnel": null, "railway": null, "width": null, "oneway": null, "highway": null, "smoothness": null, "water": null, "name": null, "natural": null, "parking": null, "waterway": null, "landuse": null, "layer": null, "religion": null, "operator": null, "barrier": null, "bridge": null, "leisure": null, "denomination": null, "backup_generator": null }, "geometry": { "type": "MultiLineString", "coordinates": [ [ [ -122.534693869737453, 37.889775384084714 ], [ -122.5346771, 37.8898005 ] ] ] } },
{ "type": "Feature", "properties": { "osm_id": 12178982, "osm_type": "ways_line", "opening_hours": null, "capacity": null, "power": null, "surface": null, "historic": null, "building": null, "amenity": null, "fuel": null, "tunnel": null, "railway": null, "width": null, "oneway": null, "highway": "residential", "smoothness": null, "water": null, "name": "Greenhill Road", "natural": null, "parking": null, "waterway": null, "landuse": null, "layer": null, "religion": null, "operator": null, "barrier": null, "bridge": null, "leisure": null, "denomination": null, "backup_generator": null }, "geometry": { "type": "MultiLineString", "coordinates": [ [ [ -122.5423866, 37.8909162 ], [ -122.5420218, 37.8905886 ], [ -122.5419694, 37.8905562 ], [ -122.5416478, 37.8904248 ], [ -122.5415954, 37.8904014 ], [ -122.5415495, 37.8903676 ], [ -122.5415182, 37.8903086 ], [ -122.5413862, 37.8898847 ], [ -122.541316, 37.8898203 ] ] ] } },
{ "type": "Feature", "properties": { "osm_id": 12174878, "osm_type": "ways_line", "opening_hours": null, "capacity": null, "power": null, "surface": null, "historic": null, "building": null, "amenity": null, "fuel": null, "tunnel": null, "railway": null, "width": null, "oneway": null, "highway": "residential", "smoothness": null, "water": null, "name": "Princess Lane", "natural": null, "parking": null, "waterway": null, "landuse": null, "layer": null, "religion": null, "operator": null, "barrier": null, "bridge": null, "leisure": null, "denomination": null, "backup_generator": null }, "geometry": { "type": "MultiLineString", "coordinates": [ [ [ -122.5404557, 37.8930338 ], [ -122.5399776, 37.8930438 ] ] ] } },
{ "type": "Feature", "properties": { "osm_id": 12177960, "osm_type": "ways_line", "opening_hours": null, "capacity": null, "power": null, "surface": null, "historic": null, "building": null, "amenity": null, "fuel": null, "tunnel": null, "railway": null, "width": null, "oneway": null, "highway": "residential", "smoothness": null, "water": null, "name": "Vernal Way", "natural": null, "parking": null, "waterway": null, "landuse": null, "layer": null, "religion": null, "operator": null, "barrier": null, "bridge": null, "leisure": null, "denomination": null, "backup_generator": null }, "geometry": { "type": "MultiLineString", "coordinates": [ [ [ -122.5396169, 37.8899013 ], [ -122.5398116, 37.8898253 ], [ -122.5398792, 37.8898091 ], [ -122.540074, 37.8897913 ], [ -122.5401642, 37.8897638 ] ] ] } },
{ "type": "Feature", "properties": { "osm_id": 442085419, "osm_type": "ways_line", "opening_hours": null, "capacity": null, "power": null, "surface": null, "historic": null, "building": null, "amenity": null, "fuel": null, "tunnel": null, "railway": null, "width": null, "oneway": null, "highway": "footway", "smoothness": null, "water": null, "name": null, "natural": null, "parking": null, "waterway": null, "landuse": null, "layer": null, "religion": null, "operator": null, "barrier": null, "bridge": null, "leisure": null, "denomination": null, "backup_generator": null }, "geometry": { "type": "MultiLineString", "coordinates": [ [ [ -122.5368129, 37.8918994 ], [ -122.536517, 37.8925345 ] ] ] } },
{ "type": "Feature", "properties": { "osm_id": 12176425, "osm_type": "ways_line", "opening_hours": null, "capacity": null, "power": null, "surface": null, "historic": null, "building": null, "amenity": null, "fuel": null, "tunnel": null, "railway": null, "width": null, "oneway": null, "highway": "residential", "smoothness": null, "water": null, "name": "Chapman Road", "natural": null, "parking": null, "waterway": null, "landuse": null, "layer": null, "religion": null, "operator": null, "barrier": null, "bridge": null, "leisure": null, "denomination": null, "backup_generator": null }, "geometry": { "type": "MultiLineString", "coordinates": [ [ [ -122.5416131, 37.8948714 ], [ -122.5416218, 37.8947378 ], [ -122.5415954, 37.8946599 ], [ -122.5415207, 37.8945573 ], [ -122.5414629, 37.8944641 ], [ -122.5414269, 37.8943609 ], [ -122.541422, 37.8942285 ], [ -122.5414846, 37.8940631 ], [ -122.5415303, 37.8939757 ], [ -122.5416074, 37.8938693 ], [ -122.5417567, 37.8937647 ] ] ] } },
{ "type": "Feature", "properties": { "osm_id": 12189283, "osm_type": "ways_line", "opening_hours": null, "capacity": null, "power": null, "surface": null, "historic": null, "building": null, "amenity": null, "fuel": null, "tunnel": null, "railway": null, "width": null, "oneway": null, "highway": "residential", "smoothness": null, "water": null, "name": "Brabo Terrace", "natural": null, "parking": null, "waterway": null, "landuse": null, "layer": null, "religion": null, "operator": null, "barrier": null, "bridge": null, "leisure": null, "denomination": null, "backup_generator": null }, "geometry": { "type": "MultiLineString", "coordinates": [ [ [ -122.5403643, 37.8926792 ], [ -122.5406896, 37.8928036 ], [ -122.5409042, 37.8929342 ], [ -122.5410284, 37.8929397 ], [ -122.541157, 37.8929057 ], [ -122.5412461, 37.8928886 ], [ -122.5413015, 37.8929228 ], [ -122.5414701, 37.8933485 ] ] ] } },
{ "type": "Feature", "properties": { "osm_id": 442085470, "osm_type": "ways_line", "opening_hours": null, "capacity": null, "power": null, "surface": null, "historic": null, "building": null, "amenity": null, "fuel": null, "tunnel": null, "railway": null, "width": null, "oneway": null, "highway": "footway", "smoothness": null, "water": null, "name": null, "natural": null, "parking": null, "waterway": null, "landuse": null, "layer": null, "religion": null, "operator": null, "barrier": null, "bridge": null, "leisure": null, "denomination": null, "backup_generator": null }, "geometry": { "type": "MultiLineString", "coordinates": [ [ [ -122.5363775, 37.8941011 ], [ -122.5359797, 37.8934837 ] ] ] } },
{ "type": "Feature", "properties": { "osm_id": 12177945, "osm_type": "ways_line", "opening_hours": null, "capacity": null, "power": null, "surface": null, "historic": null, "building": null, "amenity": null, "fuel": null, "tunnel": null, "railway": null, "width": null, "oneway": null, "highway": "residential", "smoothness": null, "water": null, "name": "Centro Way", "natural": null, "parking": null, "waterway": null, "landuse": null, "layer": null, "religion": null, "operator": null, "barrier": null, "bridge": null, "leisure": null, "denomination": null, "backup_generator": null }, "geometry": { "type": "MultiLineString", "coordinates": [ [ [ -122.5357946, 37.890656 ], [ -122.5359991, 37.8904087 ], [ -122.5362035, 37.8900938 ], [ -122.536253, 37.8900587 ], [ -122.5363024, 37.8900366 ], [ -122.5363552, 37.8900171 ], [ -122.5364129, 37.8900079 ], [ -122.536896, 37.8900014 ], [ -122.5369719, 37.8899884 ], [ -122.537047282225217, 37.889965277137662 ] ] ] } },
{ "type": "Feature", "properties": { "osm_id": 12187544, "osm_type": "ways_line", "opening_hours": null, "capacity": null, "power": null, "surface": null, "historic": null, "building": null, "amenity": null, "fuel": null, "tunnel": null, "railway": null, "width": null, "oneway": null, "highway": "residential", "smoothness": null, "water": null, "name": "Ridgewood Avenue", "natural": null, "parking": null, "waterway": null, "landuse": null, "layer": null, "religion": null, "operator": null, "barrier": null, "bridge": null, "leisure": null, "denomination": null, "backup_generator": null }, "geometry": { "type": "MultiLineString", "coordinates": [ [ [ -122.5469787, 37.8941745 ], [ -122.5470996, 37.8941698 ], [ -122.5473249, 37.8941669 ], [ -122.5475699, 37.8941596 ], [ -122.5478258, 37.8941742 ], [ -122.5479383, 37.8941913 ], [ -122.5479676, 37.8942205 ], [ -122.5479722, 37.8942618 ], [ -122.5479245, 37.894308 ], [ -122.5476455, 37.8944126 ], [ -122.5474466, 37.8944966 ], [ -122.5472663, 37.8945245 ], [ -122.5470397, 37.8945501 ], [ -122.5465234, 37.8945951 ], [ -122.546414, 37.8946316 ], [ -122.5463508, 37.8946887 ], [ -122.5463107, 37.8947581 ], [ -122.5462552, 37.8948797 ], [ -122.5462444, 37.8949551 ], [ -122.546266, 37.8949892 ], [ -122.5462783, 37.8950086 ], [ -122.5463631, 37.8950463 ], [ -122.5467006, 37.8951376 ], [ -122.547032, 37.8952349 ], [ -122.5471831, 37.8953042 ], [ -122.5473458, 37.8953949 ], [ -122.5473927, 37.895421 ], [ -122.5474651, 37.8954453 ], [ -122.5475638, 37.8954307 ], [ -122.5476748, 37.8954246 ], [ -122.5477842, 37.8954283 ], [ -122.5478705, 37.8954453 ], [ -122.5479537, 37.8954952 ], [ -122.5480678, 37.8956131 ], [ -122.5481372, 37.8956727 ], [ -122.5481957, 37.8956934 ], [ -122.5482605, 37.8957056 ], [ -122.548393, 37.8956958 ], [ -122.5485888, 37.8956727 ], [ -122.5487121, 37.8956557 ], [ -122.5487907, 37.8956618 ], [ -122.548877, 37.8956861 ], [ -122.549065, 37.8957603 ], [ -122.5492592, 37.8958455 ], [ -122.5494519, 37.8959269 ], [ -122.5495955, 37.896008 ], [ -122.5497663, 37.8961045 ], [ -122.5499282, 37.8962176 ] ] ] } },
{ "type": "Feature", "properties": { "osm_id": 12191547, "osm_type": "ways_line", "opening_hours": null, "capacity": null, "power": null, "surface": null, "historic": null, "building": null, "amenity": null, "fuel": null, "tunnel": null, "railway": null, "width": null, "oneway": null, "highway": "residential", "smoothness": null, "water": null, "name": "South Vernal Avenue", "natural": null, "parking": null, "waterway": null, "landuse": null, "layer": null, "religion": null, "operator": null, "barrier": null, "bridge": null, "leisure": null, "denomination": null, "backup_generator": null }, "geometry": { "type": "MultiLineString", "coordinates": [ [ [ -122.5382744, 37.8902266 ], [ -122.5378902, 37.8904465 ], [ -122.5378276, 37.890479 ], [ -122.5377715, 37.8905037 ], [ -122.537352, 37.89066 ], [ -122.5368208, 37.890579 ] ] ] } },
{ "type": "Feature", "properties": { "osm_id": 88160079, "osm_type": "ways_line", "opening_hours": null, "capacity": null, "power": null, "surface": null, "historic": null, "building": null, "amenity": null, "fuel": null, "tunnel": null, "railway": null, "width": null, "oneway": null, "highway": "residential", "smoothness": null, "water": null, "name": "Homestead Boulevard", "natural": null, "parking": null, "waterway": null, "landuse": null, "layer": null, "religion": null, "operator": null, "barrier": null, "bridge": null, "leisure": null, "denomination": null, "backup_generator": null }, "geometry": { "type": "MultiLineString", "coordinates": [ [ [ -122.5377642, 37.8921841 ], [ -122.5378184, 37.8922038 ], [ -122.5379, 37.8921868 ], [ -122.537974, 37.8921576 ], [ -122.5381337, 37.8918401 ], [ -122.5385021, 37.8919989 ], [ -122.5386943, 37.8920702 ], [ -122.5388163, 37.8920961 ], [ -122.5389424, 37.892058 ], [ -122.5392213, 37.8917828 ], [ -122.5392589, 37.8917045 ], [ -122.5391623, 37.8915521 ], [ -122.5391484, 37.8914502 ], [ -122.5391684, 37.8914015 ], [ -122.5391977, 37.8913574 ] ] ] } },
{ "type": "Feature", "properties": { "osm_id": 236761445, "osm_type": "ways_line", "opening_hours": null, "capacity": null, "power": null, "surface": null, "historic": null, "building": null, "amenity": null, "fuel": null, "tunnel": null, "railway": null, "width": null, "oneway": null, "highway": "residential", "smoothness": null, "water": null, "name": "Rhonda Way", "natural": null, "parking": null, "waterway": null, "landuse": null, "layer": null, "religion": null, "operator": null, "barrier": null, "bridge": null, "leisure": null, "denomination": null, "backup_generator": null }, "geometry": { "type": "MultiLineString", "coordinates": [ [ [ -122.5397871, 37.8919303 ], [ -122.5398389, 37.8918299 ], [ -122.5399029, 37.8917355 ], [ -122.5399268, 37.8917201 ], [ -122.5399541, 37.8917158 ], [ -122.5399836, 37.8917227 ], [ -122.5400032, 37.8917274 ], [ -122.540029, 37.8917345 ], [ -122.5400841, 37.8917486 ], [ -122.5401167, 37.8917581 ], [ -122.540162, 37.8917822 ], [ -122.5401808, 37.8918181 ], [ -122.5402102, 37.8919405 ], [ -122.5401986, 37.8920375 ], [ -122.5401765, 37.8921096 ], [ -122.5402564, 37.8921975 ], [ -122.5403347, 37.8922515 ], [ -122.5405928, 37.8923868 ], [ -122.5408608, 37.8923831 ] ] ] } },
{ "type": "Feature", "properties": { "osm_id": 1416648490, "osm_type": "ways_line", "opening_hours": null, "capacity": null, "power": null, "surface": null, "historic": null, "building": null, "amenity": null, "fuel": null, "tunnel": null, "railway": null, "width": null, "oneway": null, "highway": null, "smoothness": null, "water": null, "name": null, "natural": null, "parking": null, "waterway": null, "landuse": null, "layer": null, "religion": null, "operator": null, "barrier": "fence", "bridge": null, "leisure": null, "denomination": null, "backup_generator": null }, "geometry": { "type": "MultiLineString", "coordinates": [ [ [ -122.5350917, 37.8906796 ], [ -122.5350798, 37.8905179 ], [ -122.535071, 37.8903986 ] ] ] } },
{ "type": "Feature", "properties": { "osm_id": 12178962, "osm_type": "ways_line", "opening_hours": null, "capacity": null, "power": null, "surface": null, "historic": null, "building": null, "amenity": null, "fuel": null, "tunnel": null, "railway": null, "width": null, "oneway": null, "highway": "residential", "smoothness": null, "water": null, "name": "Evergreen Avenue", "natural": null, "parking": null, "waterway": null, "landuse": null, "layer": null, "religion": null, "operator": null, "barrier": null, "bridge": null, "leisure": null, "denomination": null, "backup_generator": null }, "geometry": { "type": "MultiLineString", "coordinates": [ [ [ -122.536800936324084, 37.896160321454175 ], [ -122.5369992, 37.8960216 ], [ -122.5374032, 37.8957445 ], [ -122.53746, 37.8956993 ], [ -122.5375223, 37.8956648 ], [ -122.5378616, 37.8954097 ], [ -122.5379563, 37.8953495 ], [ -122.5381418, 37.8952587 ], [ -122.5382337, 37.8952231 ], [ -122.5383397, 37.895195 ], [ -122.5384672, 37.8951767 ], [ -122.5386144, 37.8951783 ], [ -122.538761, 37.895204 ], [ -122.5392141, 37.8952962 ], [ -122.53942, 37.8953404 ], [ -122.5399034, 37.8954508 ], [ -122.5401838, 37.8955094 ], [ -122.5416622, 37.8958374 ], [ -122.5423971, 37.8959906 ], [ -122.5425323, 37.8960197 ], [ -122.5426619, 37.8960387 ], [ -122.5428216, 37.8960458 ], [ -122.5430385, 37.8960327 ], [ -122.5433857, 37.8960161 ] ] ] } },
{ "type": "Feature", "properties": { "osm_id": 1117468890, "osm_type": "ways_line", "opening_hours": null, "capacity": null, "power": null, "surface": null, "historic": null, "building": null, "amenity": null, "fuel": null, "tunnel": null, "railway": null, "width": null, "oneway": null, "highway": "residential", "smoothness": null, "water": null, "name": "Rydal Avenue", "natural": null, "parking": null, "waterway": null, "landuse": null, "layer": null, "religion": null, "operator": null, "barrier": null, "bridge": null, "leisure": null, "denomination": null, "backup_generator": null }, "geometry": { "type": "MultiLineString", "coordinates": [ [ [ -122.5452754, 37.8930161 ], [ -122.5449797, 37.892389 ] ] ] } },
{ "type": "Feature", "properties": { "osm_id": 12178289, "osm_type": "ways_line", "opening_hours": null, "capacity": null, "power": null, "surface": null, "historic": null, "building": null, "amenity": null, "fuel": null, "tunnel": null, "railway": null, "width": null, "oneway": null, "highway": "residential", "smoothness": null, "water": null, "name": "Vernal Avenue", "natural": null, "parking": null, "waterway": null, "landuse": null, "layer": null, "religion": null, "operator": null, "barrier": null, "bridge": null, "leisure": null, "denomination": null, "backup_generator": null }, "geometry": { "type": "MultiLineString", "coordinates": [ [ [ -122.5382744, 37.8902266 ], [ -122.5383717, 37.8900925 ], [ -122.538403, 37.8900301 ], [ -122.5384212, 37.8899611 ], [ -122.5384294, 37.8899012 ], [ -122.5384327, 37.8896228 ], [ -122.5384459, 37.889572 ], [ -122.5384723, 37.8895291 ], [ -122.5385036, 37.8894901 ], [ -122.5387905, 37.8892233 ], [ -122.5388548, 37.8891921 ], [ -122.5389175, 37.8891726 ], [ -122.5389818, 37.8891674 ], [ -122.5390395, 37.8891739 ], [ -122.5390566, 37.8891798 ], [ -122.5391229, 37.8892025 ], [ -122.5391664, 37.8892194 ], [ -122.5392159, 37.889248 ], [ -122.5392621, 37.8892806 ], [ -122.5393066, 37.8893248 ], [ -122.5393362, 37.8893599 ], [ -122.5396169, 37.8899013 ] ] ] } },
{ "type": "Feature", "properties": { "osm_id": 12187966, "osm_type": "ways_line", "opening_hours": null, "capacity": null, "power": null, "surface": null, "historic": null, "building": null, "amenity": null, "fuel": null, "tunnel": null, "railway": null, "width": null, "oneway": null, "highway": "residential", "smoothness": null, "water": null, "name": "West California Avenue", "natural": null, "parking": null, "waterway": null, "landuse": null, "layer": null, "religion": null, "operator": null, "barrier": null, "bridge": null, "leisure": null, "denomination": null, "backup_generator": null }, "geometry": { "type": "MultiLineString", "coordinates": [ [ [ -122.541128583644323, 37.889547056813782 ], [ -122.541316, 37.8898203 ] ] ] } },
{ "type": "Feature", "properties": { "osm_id": 12187968, "osm_type": "ways_line", "opening_hours": null, "capacity": null, "power": null, "surface": "asphalt", "historic": null, "building": null, "amenity": null, "fuel": null, "tunnel": null, "railway": null, "width": null, "oneway": null, "highway": "residential", "smoothness": null, "water": null, "name": "West California Avenue", "natural": null, "parking": null, "waterway": null, "landuse": null, "layer": null, "religion": null, "operator": null, "barrier": null, "bridge": null, "leisure": null, "denomination": null, "backup_generator": null }, "geometry": { "type": "MultiLineString", "coordinates": [ [ [ -122.542531075773439, 37.889374615867169 ], [ -122.542334, 37.8894122 ], [ -122.5422763, 37.8894265 ], [ -122.5421081, 37.8894994 ], [ -122.5418954, 37.8896269 ], [ -122.5418328, 37.8896555 ], [ -122.541316, 37.8898203 ] ] ] } },
{ "type": "Feature", "properties": { "osm_id": 12190067, "osm_type": "ways_line", "opening_hours": null, "capacity": null, "power": null, "surface": null, "historic": null, "building": null, "amenity": null, "fuel": null, "tunnel": null, "railway": null, "width": null, "oneway": null, "highway": "residential", "smoothness": null, "water": null, "name": "Ferndale Avenue", "natural": null, "parking": null, "waterway": null, "landuse": null, "layer": null, "religion": null, "operator": null, "barrier": null, "bridge": null, "leisure": null, "denomination": null, "backup_generator": null }, "geometry": { "type": "MultiLineString", "coordinates": [ [ [ -122.5460412, 37.8934257 ], [ -122.5460416, 37.8933532 ], [ -122.5460111, 37.893289 ], [ -122.5459929, 37.8932291 ], [ -122.5459958, 37.8931712 ], [ -122.5460472, 37.8931066 ], [ -122.5461164, 37.8930424 ], [ -122.5461829, 37.8929766 ], [ -122.54624, 37.8929175 ], [ -122.5462687, 37.8928646 ], [ -122.5462802, 37.8928239 ], [ -122.5462878, 37.8927748 ], [ -122.5462936, 37.892718 ], [ -122.5463007, 37.8926484 ], [ -122.5463227, 37.8925939 ], [ -122.5463614, 37.8925481 ], [ -122.54661, 37.8923347 ], [ -122.5467473, 37.8922454 ], [ -122.5467879, 37.8922043 ], [ -122.5468138, 37.8921636 ], [ -122.5468494, 37.8920899 ], [ -122.5470058, 37.8918489 ], [ -122.5471534, 37.8916908 ], [ -122.5475304, 37.8914482 ], [ -122.5475606, 37.8914118 ], [ -122.5475527, 37.89138 ], [ -122.5475115, 37.8913684 ], [ -122.5471834, 37.8913766 ], [ -122.546864, 37.8914342 ], [ -122.5466813, 37.8914467 ], [ -122.5465775, 37.8914213 ], [ -122.5465341, 37.8913898 ] ] ] } },
{ "type": "Feature", "properties": { "osm_id": 12190628, "osm_type": "ways_line", "opening_hours": null, "capacity": null, "power": null, "surface": null, "historic": null, "building": null, "amenity": null, "fuel": null, "tunnel": null, "railway": null, "width": null, "oneway": null, "highway": "residential", "smoothness": null, "water": null, "name": "Western Avenue", "natural": null, "parking": null, "waterway": null, "landuse": null, "layer": null, "religion": null, "operator": null, "barrier": null, "bridge": null, "leisure": null, "denomination": null, "backup_generator": null }, "geometry": { "type": "MultiLineString", "coordinates": [ [ [ -122.5413862, 37.8898847 ], [ -122.541449, 37.8899207 ], [ -122.5414988, 37.8899648 ], [ -122.5415813, 37.8900721 ], [ -122.5416399, 37.8901333 ], [ -122.541682, 37.8901668 ], [ -122.5417276, 37.8901901 ], [ -122.5417824, 37.8902021 ], [ -122.5418453, 37.8902008 ], [ -122.5419077, 37.8901836 ], [ -122.5419657, 37.8901508 ], [ -122.5421784, 37.8899915 ], [ -122.542263, 37.8899612 ], [ -122.5424429, 37.8899282 ], [ -122.5429295, 37.8898074 ], [ -122.5430299, 37.8897948 ], [ -122.5430719, 37.8897931 ], [ -122.5433377, 37.8897822 ], [ -122.543361790571112, 37.889779485569449 ] ] ] } },
{ "type": "Feature", "properties": { "osm_id": 442085233, "osm_type": "ways_line", "opening_hours": null, "capacity": null, "power": null, "surface": null, "historic": null, "building": null, "amenity": null, "fuel": null, "tunnel": null, "railway": null, "width": null, "oneway": null, "highway": "footway", "smoothness": null, "water": null, "name": null, "natural": null, "parking": null, "waterway": null, "landuse": null, "layer": null, "religion": null, "operator": null, "barrier": null, "bridge": null, "leisure": null, "denomination": null, "backup_generator": null }, "geometry": { "type": "MultiLineString", "coordinates": [ [ [ -122.5347019, 37.8908974 ], [ -122.5349145, 37.8907004 ], [ -122.5353072, 37.8907012 ], [ -122.5355594, 37.8906925 ] ] ] } },
{ "type": "Feature", "properties": { "osm_id": 442087290, "osm_type": "ways_line", "opening_hours": null, "capacity": null, "power": null, "surface": "ground", "historic": null, "building": null, "amenity": null, "fuel": null, "tunnel": null, "railway": null, "width": null, "oneway": null, "highway": "footway", "smoothness": null, "water": null, "name": "Homestead Trail East", "natural": null, "parking": null, "waterway": null, "landuse": null, "layer": null, "religion": null, "operator": null, "barrier": null, "bridge": null, "leisure": null, "denomination": null, "backup_generator": null }, "geometry": { "type": "MultiLineString", "coordinates": [ [ [ -122.5391484, 37.8914502 ], [ -122.5392039, 37.8914409 ], [ -122.5392039, 37.8914399 ], [ -122.5392804, 37.8913309 ], [ -122.5393568, 37.891243 ], [ -122.5394118, 37.8911785 ], [ -122.5394601, 37.8911224 ], [ -122.5395969, 37.89108 ], [ -122.539676, 37.8910758 ], [ -122.5397404, 37.8910885 ], [ -122.5398168, 37.891116 ], [ -122.5399281, 37.8911552 ], [ -122.5400515, 37.8911795 ], [ -122.5401816, 37.8911753 ], [ -122.5402886, 37.8911568 ], [ -122.5403573, 37.8911382 ], [ -122.5404257, 37.8910948 ], [ -122.5404927, 37.8910186 ], [ -122.5405437, 37.8909414 ], [ -122.5406429, 37.8908419 ], [ -122.5407247, 37.8907191 ], [ -122.5408039, 37.8906334 ], [ -122.5409111, 37.8905942 ], [ -122.5410184, 37.8905911 ], [ -122.54117, 37.8906038 ], [ -122.5413213, 37.890637 ], [ -122.5414529, 37.8906736 ], [ -122.5415951, 37.8907244 ], [ -122.5417037, 37.8907742 ], [ -122.5417847, 37.8908167 ], [ -122.5418137, 37.890825 ], [ -122.541921, 37.8909033 ], [ -122.541988, 37.8909771 ], [ -122.5420175, 37.8910102 ], [ -122.5420967, 37.8910446 ], [ -122.5421973, 37.8910605 ], [ -122.5422784, 37.8910647 ], [ -122.5423615, 37.8910673 ], [ -122.542434, 37.8910663 ], [ -122.5425594, 37.8910694 ], [ -122.5426583, 37.8910833 ], [ -122.542858, 37.891106 ], [ -122.5430113, 37.8911499 ], [ -122.543081, 37.8912367 ], [ -122.5431561, 37.8913245 ], [ -122.5432192, 37.8913531 ], [ -122.5432755, 37.8913647 ], [ -122.5433385, 37.8913584 ], [ -122.5434083, 37.8913393 ], [ -122.5434566, 37.8913076 ], [ -122.5435343, 37.8912854 ], [ -122.5436467, 37.8912868 ], [ -122.5437994, 37.891284 ], [ -122.5438589, 37.8912728 ], [ -122.543907, 37.8912406 ], [ -122.5439314, 37.8912094 ], [ -122.5439682, 37.8910446 ], [ -122.5439935, 37.8909813 ], [ -122.544027, 37.8909358 ], [ -122.5442014, 37.8907947 ], [ -122.5442613, 37.8907671 ], [ -122.5443108, 37.890762 ], [ -122.544475, 37.8907869 ], [ -122.5445432, 37.8907907 ], [ -122.5445893, 37.890769 ], [ -122.5447517, 37.8906433 ], [ -122.5448873, 37.8906698 ], [ -122.5450525, 37.8906863 ], [ -122.5451575, 37.8906953 ], [ -122.5452516, 37.8906667 ], [ -122.5453006, 37.8907954 ], [ -122.5453831, 37.8909601 ], [ -122.5454746, 37.891056 ], [ -122.5455956, 37.891153 ], [ -122.545688, 37.8911783 ], [ -122.5457592, 37.8911762 ], [ -122.5458372, 37.89113 ], [ -122.5459157, 37.8910586 ], [ -122.545964, 37.890996 ], [ -122.5460498, 37.8908808 ], [ -122.5461034, 37.8906886 ], [ -122.5462639, 37.8905637 ], [ -122.5463241, 37.8905562 ], [ -122.5464654, 37.890552 ], [ -122.5466579, 37.8905358 ], [ -122.5467797, 37.8905058 ], [ -122.5468491, 37.8904781 ], [ -122.5469033, 37.8904274 ], [ -122.5469917, 37.890391 ], [ -122.5471768, 37.8903201 ], [ -122.547313, 37.890212 ], [ -122.5474799, 37.8901328 ], [ -122.547605, 37.890092 ], [ -122.5476904, 37.8900682 ], [ -122.5478165, 37.890064 ], [ -122.5479935, 37.8900672 ], [ -122.548129, 37.8900587 ], [ -122.548247, 37.8900523 ], [ -122.548357, 37.8900206 ], [ -122.548519, 37.889969 ], [ -122.5486104, 37.8899539 ], [ -122.548697, 37.88995 ], [ -122.5487968, 37.8899391 ], [ -122.548872, 37.889963 ], [ -122.5488947, 37.8899867 ], [ -122.548917043231214, 37.889997198149416 ] ], [ [ -122.548621475017185, 37.889610266061496 ], [ -122.548588, 37.889593 ], [ -122.548546, 37.889537 ], [ -122.548540758154559, 37.889504595864558 ] ] ] } },
{ "type": "Feature", "properties": { "osm_id": 1416638846, "osm_type": "ways_line", "opening_hours": null, "capacity": null, "power": null, "surface": "ground", "historic": null, "building": null, "amenity": null, "fuel": null, "tunnel": null, "railway": null, "width": null, "oneway": null, "highway": "footway", "smoothness": null, "water": null, "name": null, "natural": null, "parking": null, "waterway": null, "landuse": null, "layer": null, "religion": null, "operator": null, "barrier": null, "bridge": null, "leisure": null, "denomination": null, "backup_generator": null }, "geometry": { "type": "MultiLineString", "coordinates": [ [ [ -122.542434, 37.8910663 ], [ -122.5424459, 37.8910005 ] ] ] } }
]
}
