{"type": "FeatureCollection", "name": "homestead_contours", "crs": {"type": "name", "properties": {"name": "urn:ogc:def:crs:OGC:1.3:CRS84"}}, "metadata": {"title": "Topographic contours - Homestead Valley Service Area (CSA 14), Marin County, California", "aoi": {"Name": "HOMESTEAD VALLEY SERVICE AREA", "Acres": 469.239, "Number": "CSA 14", "SBE_ID": "132CSA"}, "aoi_area_acres_geodesic": 469.305, "contour_interval_ft": 20, "index_contour_every_ft": 100, "elevation_range_ft": [9.3, 822.4], "elevation_range_m": [2.84, 250.68], "relief_ft": 813.1, "source": {"product": "USGS 3DEP 1-metre Digital Elevation Model (bare earth)", "project": "CA_NoCal_Wildfires_B5b_QL1_2018", "lidar_quality_level": "QL1 (>=8 pulses/m2, 10 cm RMSEz vertical accuracy spec)", "acquisition_year": 2018, "publication_date": "2020-01-14", "tiles": ["USGS one meter x53y420 CA NoCal Wildfires B5b QL1 2018", "USGS one meter x54y420 CA NoCal Wildfires B5b QL1 2018"], "urls": ["https://prd-tnm.s3.amazonaws.com/StagedProducts/Elevation/1m/Projects/CA_NoCal_Wildfires_B5b_QL1_2018/TIFF/USGS_1m_x53y420_CA_NoCal_Wildfires_B5b_QL1_2018.tif", "https://prd-tnm.s3.amazonaws.com/StagedProducts/Elevation/1m/Projects/CA_NoCal_Wildfires_B5b_QL1_2018/TIFF/USGS_1m_x54y420_CA_NoCal_Wildfires_B5b_QL1_2018.tif"], "archive": "USGS The National Map / AWS s3://prd-tnm (public, no authentication)"}, "verification": {"vertical_unit": "metre", "vertical_unit_evidence": "regression against USGS 1/3 arc-second metric DEM: slope 1.00040, r=0.999976 (feet would give 3.28084)", "vertical_datum": "NAVD88 (orthometric)", "vertical_datum_evidence": "mean bias vs USGS 3DEP NAVD88 reference = -0.004 m, RMSE 0.520 m; tidal-marsh minimum -0.011 m (an ellipsoidal datum would read ~-32 m)", "surface_type": "bare earth (DTM), not first-return surface (DSM)", "surface_type_evidence": "Copernicus GLO-30 DSM exceeds this surface by a median of +2.80 m and +14.29 m at p90; local 1 m relief p99 is only 1.03 m", "horizontal_datum_caveat": "Source DEM is NAD83 / UTM 10N (EPSG:26910). PROJ applied the EPSG-registered null transformation 'NAD83 to WGS 84 (1)'. The unmodelled NAD83(2011)-vs-WGS84(G2139) realisation drift in coastal California is approximately 1-1.5 m horizontally."}, "processing": {"working_crs": "EPSG:26910 (NAD83 / UTM zone 10N) - the DEM's native CRS; elevation was never resampled, the AOI vector was reprojected instead", "analysis_buffer_m": 600.0, "contour_smoothing": "Gaussian sigma=3.0 m applied before tracing; RMS vertical change 0.263 m = 4.3% of the contour interval", "minimum_line_length_m": 10.0, "simplification": "Douglas-Peucker 1.0 m in projected metres; max measured displacement 1.000 m", "clipped_to": "homestead.geojson (CSA 14 boundary)", "coordinate_precision": "7 decimal degrees (~1 cm)", "generated_by": "topo_work/01..07 (see topo_work/PROCESS.md)"}, "counts": {"features": 96, "levels": 41, "index_contours": 23, "total_length_km_geodesic": 104.502}}, "features": [{"type": "Feature", "properties": {"id": 1, "elev_ft": 20, "elev_m": 6.096, "index_contour": false, "label": "20 ft", "length_m": 652.47, "n_vertices": 44}, "geometry": {"type": "LineString", "coordinates": [[-122.5346062, 37.89503], [-122.5346528, 37.8950696], [-122.5347096, 37.8950709], [-122.5349374, 37.8950275], [-122.5350941, 37.8949683], [-122.5352905, 37.894944], [-122.5353586, 37.8949668], [-122.5355739, 37.8950875], [-122.5356761, 37.8951178], [-122.5358352, 37.8951358], [-122.5360742, 37.8951152], [-122.5365182, 37.8950469], [-122.5368143, 37.8949782], [-122.5369281, 37.8949305], [-122.5371454, 37.8947869], [-122.5373047, 37.8947658], [-122.5374871, 37.8947055], [-122.5376121, 37.8947185], [-122.5377147, 37.8946836], [-122.5380561, 37.8946433], [-122.5381391, 37.8946648], [-122.5381754, 37.894701], [-122.5382255, 37.8948389], [-122.5382822, 37.894867], [-122.5383727, 37.8948821], [-122.5383788, 37.8949001], [-122.5381788, 37.8950443], [-122.537938, 37.8953451], [-122.5378581, 37.8954929], [-122.5378768, 37.8956552], [-122.5378418, 37.8957182], [-122.5378344, 37.8957813], [-122.5377982, 37.8958352], [-122.5377457, 37.8958801], [-122.5376387, 37.8959231], [-122.5374557, 37.8960777], [-122.5373419, 37.8960881], [-122.5373076, 37.8962028], [-122.537338, 37.8964102], [-122.5374276, 37.8965908], [-122.5375104, 37.8966903], [-122.5375522, 37.8967716], [-122.5378032, 37.8968943], [-122.537834, 37.8969248]]}}, {"type": "Feature", "properties": {"id": 2, "elev_ft": 20, "elev_m": 6.096, "index_contour": false, "label": "20 ft", "length_m": 118.02, "n_vertices": 11}, "geometry": {"type": "LineString", "coordinates": [[-122.538408, 37.894755], [-122.5386809, 37.8947662], [-122.5388625, 37.8948209], [-122.5388979, 37.8948571], [-122.5387943, 37.8948278], [-122.5386806, 37.8948187], [-122.5384985, 37.8948386], [-122.538396, 37.8948648], [-122.5382787, 37.8947826], [-122.5383171, 37.8947535], [-122.538408, 37.894755]]}}, {"type": "Feature", "properties": {"id": 3, "elev_ft": 40, "elev_m": 12.192, "index_contour": false, "label": "40 ft", "length_m": 1222.62, "n_vertices": 86}, "geometry": {"type": "LineString", "coordinates": [[-122.5346109, 37.89496], [-122.5346988, 37.8949927], [-122.5348467, 37.8949797], [-122.5350462, 37.894914], [-122.5352003, 37.8948132], [-122.5352345, 37.894806], [-122.5356363, 37.8950245], [-122.5358584, 37.8950676], [-122.5359722, 37.8950644], [-122.5363481, 37.8949718], [-122.5365648, 37.8948708], [-122.5366564, 37.894777], [-122.5367974, 37.8946686], [-122.5369085, 37.8944693], [-122.5369772, 37.8943955], [-122.5371255, 37.8943306], [-122.537171, 37.8943267], [-122.5372504, 37.8943541], [-122.5373755, 37.8943602], [-122.5374852, 37.8944189], [-122.537553, 37.8945093], [-122.5376019, 37.8945264], [-122.5376488, 37.8945097], [-122.5376934, 37.8944524], [-122.5378639, 37.894474], [-122.5380233, 37.8944379], [-122.5383418, 37.8944383], [-122.5387289, 37.8943758], [-122.5388317, 37.8943062], [-122.5390037, 37.8942807], [-122.5390937, 37.8942336], [-122.5391848, 37.8942167], [-122.5393441, 37.8941989], [-122.539651, 37.8942254], [-122.539751, 37.8942746], [-122.5398021, 37.8943469], [-122.5398633, 37.8943832], [-122.5399982, 37.8944107], [-122.540127, 37.894508], [-122.5402179, 37.8945104], [-122.5403198, 37.8945955], [-122.5404891, 37.894638], [-122.5405534, 37.8946833], [-122.5406032, 37.8947501], [-122.5407561, 37.8948463], [-122.5407921, 37.8949817], [-122.540744, 37.8951167], [-122.5407061, 37.8953058], [-122.5407309, 37.8955853], [-122.540705, 37.8957024], [-122.5407554, 37.8958558], [-122.5407867, 37.895892], [-122.5408686, 37.8959567], [-122.5409481, 37.8959765], [-122.5411296, 37.8960601], [-122.5412433, 37.8960706], [-122.5413454, 37.8961081], [-122.5414931, 37.8961376], [-122.5416297, 37.8961128], [-122.5416865, 37.8961212], [-122.5422134, 37.8963842], [-122.5421625, 37.8964032], [-122.5420829, 37.8963902], [-122.541856, 37.8963012], [-122.5417655, 37.8962253], [-122.5414697, 37.8962315], [-122.5411516, 37.8961849], [-122.5410148, 37.8962209], [-122.5409694, 37.8962072], [-122.5408902, 37.8961513], [-122.5408447, 37.8961417], [-122.540765, 37.8961559], [-122.5406964, 37.8962158], [-122.5406508, 37.8962283], [-122.5402756, 37.8962135], [-122.5400711, 37.8961769], [-122.5399685, 37.8962178], [-122.539832, 37.8962237], [-122.5396952, 37.8962677], [-122.5393883, 37.8962434], [-122.5392857, 37.8962713], [-122.5391486, 37.896371], [-122.5390564, 37.8963719], [-122.5389215, 37.8963108], [-122.5388531, 37.8963328], [-122.5388102, 37.8963812]]}}, {"type": "Feature", "properties": {"id": 4, "elev_ft": 60, "elev_m": 18.288, "index_contour": false, "label": "60 ft", "length_m": 1776.29, "n_vertices": 115}, "geometry": {"type": "LineString", "coordinates": [[-122.5346155, 37.8948948], [-122.5347789, 37.8949155], [-122.5349726, 37.8948587], [-122.5350867, 37.8947974], [-122.5352241, 37.89465], [-122.535304, 37.8946086], [-122.5354757, 37.8946904], [-122.535656, 37.8949074], [-122.5357182, 37.8949527], [-122.5358816, 37.8949949], [-122.5360637, 37.8949693], [-122.5362401, 37.8948737], [-122.5363635, 37.894748], [-122.5364074, 37.894658], [-122.5365326, 37.8945634], [-122.536597, 37.8944244], [-122.5366181, 37.8942443], [-122.5366468, 37.8941993], [-122.5367743, 37.8941033], [-122.536911, 37.8940794], [-122.5370249, 37.8940403], [-122.5371842, 37.89403], [-122.5372976, 37.8940829], [-122.537468, 37.8941171], [-122.5376605, 37.8942576], [-122.5377966, 37.8943197], [-122.5379784, 37.894345], [-122.5383081, 37.8943646], [-122.538365, 37.8943544], [-122.5386211, 37.8942521], [-122.5386561, 37.8942162], [-122.5386926, 37.8941352], [-122.5387652, 37.8940905], [-122.5388221, 37.8940201], [-122.5388563, 37.8940055], [-122.538936, 37.8939908], [-122.5391635, 37.8939856], [-122.5395841, 37.8940115], [-122.5400054, 37.8939397], [-122.5400737, 37.893937], [-122.5401645, 37.893957], [-122.5403011, 37.8939478], [-122.5404264, 37.8939168], [-122.5404756, 37.8939349], [-122.5405544, 37.8940073], [-122.5405902, 37.8940886], [-122.5406523, 37.8941616], [-122.541037, 37.8944775], [-122.5411884, 37.8945686], [-122.5414895, 37.8948732], [-122.5416043, 37.8949217], [-122.542046, 37.8950103], [-122.5421017, 37.8950408], [-122.5421817, 37.8951281], [-122.5422953, 37.8951631], [-122.5423286, 37.8952835], [-122.5424099, 37.8953485], [-122.5424212, 37.8954387], [-122.5424524, 37.8955026], [-122.5425768, 37.895614], [-122.5427183, 37.8957012], [-122.5427524, 37.8957554], [-122.5428483, 37.8958479], [-122.5431207, 37.8959495], [-122.5432911, 37.8959795], [-122.5434276, 37.8959787], [-122.5435409, 37.8960437], [-122.5438476, 37.8961106], [-122.5439527, 37.8959674], [-122.5439754, 37.8958322], [-122.5440277, 37.8956973], [-122.5441122, 37.8956156], [-122.5440781, 37.8958597], [-122.5441181, 37.895986], [-122.5440981, 37.8960704], [-122.5445186, 37.8961211], [-122.5446546, 37.8961909], [-122.5448932, 37.8962411], [-122.5450179, 37.8963008], [-122.5451659, 37.89628], [-122.5452297, 37.8962968], [-122.5450972, 37.8963593], [-122.5450286, 37.8964201], [-122.5449944, 37.8964268], [-122.5448925, 37.8963577], [-122.5446199, 37.8962856], [-122.5444952, 37.8962303], [-122.5440971, 37.8962254], [-122.543983, 37.8962811], [-122.5439261, 37.8962917], [-122.543801, 37.8962916], [-122.5434714, 37.8962534], [-122.5433687, 37.8963089], [-122.543289, 37.8963112], [-122.543232, 37.8963319], [-122.5430836, 37.8964332], [-122.5430153, 37.8964293], [-122.5429246, 37.8963808], [-122.5428223, 37.8963831], [-122.5426629, 37.896431], [-122.5424579, 37.8964545], [-122.5421616, 37.8965405], [-122.5418711, 37.896455], [-122.5416504, 37.8964499], [-122.5414117, 37.8964138], [-122.5412978, 37.8964506], [-122.5411953, 37.8964607], [-122.5407976, 37.8965499], [-122.5405459, 37.8966463], [-122.540432, 37.8966724], [-122.5403292, 37.8967355], [-122.5401926, 37.8967557], [-122.5400882, 37.8967995], [-122.5398968, 37.8967747], [-122.5397592, 37.8967765]]}}, {"type": "Feature", "properties": {"id": 5, "elev_ft": 80, "elev_m": 24.384, "index_contour": false, "label": "80 ft", "length_m": 2251.1, "n_vertices": 151}, "geometry": {"type": "LineString", "coordinates": [[-122.5346216, 37.8948109], [-122.5347681, 37.8948198], [-122.5349961, 37.8947384], [-122.5350657, 37.8946798], [-122.535124, 37.8945538], [-122.5352935, 37.8944684], [-122.5353389, 37.8944883], [-122.5354316, 37.8945821], [-122.5355338, 37.8946366], [-122.5357348, 37.8948337], [-122.5359279, 37.8948718], [-122.5360645, 37.8948452], [-122.5361363, 37.8947831], [-122.5362441, 37.8944771], [-122.5362923, 37.8944142], [-122.5364437, 37.8941174], [-122.5366196, 37.8939829], [-122.5369008, 37.8938844], [-122.5373562, 37.8938087], [-122.5374189, 37.8938508], [-122.5375371, 37.8939798], [-122.5377069, 37.8941068], [-122.5379627, 37.8942225], [-122.5380359, 37.8942363], [-122.5381611, 37.8942343], [-122.538423, 37.8941787], [-122.5384943, 37.8941345], [-122.5385646, 37.8940086], [-122.5386208, 37.8937925], [-122.5386531, 37.8937598], [-122.5389146, 37.8937759], [-122.53921, 37.8938193], [-122.5396084, 37.8938414], [-122.5399156, 37.8937479], [-122.5400412, 37.8936735], [-122.540155, 37.893654], [-122.5402349, 37.8935735], [-122.5403721, 37.8934948], [-122.5404745, 37.8934919], [-122.5406107, 37.8935399], [-122.540725, 37.8936114], [-122.5407698, 37.8936837], [-122.540807, 37.8938281], [-122.5409147, 37.8939547], [-122.5410499, 37.8940724], [-122.5410806, 37.8942347], [-122.541333, 37.894435], [-122.5414459, 37.8945707], [-122.5415594, 37.8946147], [-122.5417122, 37.8947149], [-122.5419114, 37.8947081], [-122.5420354, 37.8947341], [-122.5423134, 37.8948344], [-122.5425218, 37.8949253], [-122.5426148, 37.894982], [-122.5427967, 37.895], [-122.5428691, 37.8950619], [-122.543009, 37.8951075], [-122.5431258, 37.8951255], [-122.5432737, 37.8951159], [-122.5433307, 37.8950884], [-122.5434108, 37.8950118], [-122.5435363, 37.8949435], [-122.5435819, 37.8949332], [-122.5437865, 37.8949449], [-122.5439796, 37.8949921], [-122.5441044, 37.8950481], [-122.5442068, 37.8950367], [-122.5442569, 37.8950132], [-122.5444156, 37.8948786], [-122.5444498, 37.8948156], [-122.5444492, 37.8947255], [-122.5445282, 37.8945626], [-122.544551, 37.8945566], [-122.5445962, 37.8945953], [-122.5446303, 37.8946034], [-122.5447482, 37.8945644], [-122.5447301, 37.8946184], [-122.5446208, 37.8947081], [-122.5445328, 37.8948249], [-122.5444833, 37.8949239], [-122.5444738, 37.895032], [-122.5443748, 37.8951849], [-122.5443799, 37.895239], [-122.5444674, 37.8953024], [-122.5444503, 37.8954015], [-122.544467, 37.8954376], [-122.5446247, 37.8955111], [-122.5448064, 37.895555], [-122.5450172, 37.8956921], [-122.5451461, 37.8958063], [-122.5452823, 37.8958561], [-122.5454471, 37.8959461], [-122.5455569, 37.8960457], [-122.5455989, 37.8961464], [-122.5457522, 37.8962717], [-122.5460071, 37.8963538], [-122.5462571, 37.8963875], [-122.5463288, 37.8964362], [-122.5463755, 37.8965445], [-122.5464448, 37.8966079], [-122.5465099, 37.8966262], [-122.5466651, 37.8966262], [-122.5467983, 37.8967444], [-122.5469144, 37.8967813], [-122.5469822, 37.8968554], [-122.5470162, 37.8968645], [-122.5471073, 37.8968522], [-122.5471214, 37.8968629], [-122.5470528, 37.8969347], [-122.5470043, 37.8969535], [-122.5469702, 37.8969509], [-122.5468902, 37.896871], [-122.546735, 37.8967983], [-122.5466532, 37.896722], [-122.5466191, 37.8967126], [-122.5464939, 37.8967285], [-122.5464371, 37.89672], [-122.546335, 37.8966677], [-122.5461992, 37.8965519], [-122.5460739, 37.8965844], [-122.5459718, 37.896541], [-122.5458238, 37.896573], [-122.5456989, 37.8965348], [-122.5455056, 37.8965307], [-122.5453234, 37.8965697], [-122.5452093, 37.8966189], [-122.5450727, 37.8966436], [-122.5449477, 37.8966232], [-122.5448564, 37.8966769], [-122.5447991, 37.8967337], [-122.5446407, 37.8966003], [-122.5445953, 37.8965988], [-122.5444972, 37.8966544], [-122.5444255, 37.8968525], [-122.5443553, 37.8969333], [-122.5442973, 37.8969604], [-122.5436723, 37.8968625], [-122.5435581, 37.8969377], [-122.5431708, 37.8970367], [-122.5431026, 37.89704], [-122.5429607, 37.897], [-122.542881, 37.8968555], [-122.5427402, 37.8967786], [-122.542479, 37.8967072], [-122.5418084, 37.8966334], [-122.5416832, 37.8966523], [-122.5412054, 37.8966688], [-122.5410912, 37.8967444], [-122.5408703, 37.8968296], [-122.540738, 37.8969129]]}}, {"type": "Feature", "properties": {"id": 6, "elev_ft": 80, "elev_m": 24.384, "index_contour": false, "label": "80 ft", "length_m": 60.65, "n_vertices": 6}, "geometry": {"type": "LineString", "coordinates": [[-122.5332843, 37.8935915], [-122.5333997, 37.8935852], [-122.5334429, 37.8936008], [-122.5333583, 37.8937176], [-122.5333502, 37.8937537], [-122.5334974, 37.8939701]]}}, {"type": "Feature", "properties": {"id": 7, "elev_ft": 80, "elev_m": 24.384, "index_contour": false, "label": "80 ft", "length_m": 14.6, "n_vertices": 2}, "geometry": {"type": "LineString", "coordinates": [[-122.5343491, 37.8946701], [-122.534487, 37.8947433]]}}, {"type": "Feature", "properties": {"id": 8, "elev_ft": 100, "elev_m": 30.48, "index_contour": true, "label": "100 ft", "length_m": 2877.86, "n_vertices": 191}, "geometry": {"type": "LineString", "coordinates": [[-122.5343233, 37.8945458], [-122.5344642, 37.8946233], [-122.5345868, 37.8947124], [-122.5346664, 37.8947184], [-122.534769, 37.8946699], [-122.534996, 37.8945083], [-122.5351152, 37.8944456], [-122.535192, 37.8943378], [-122.5352376, 37.8943167], [-122.5354001, 37.8944017], [-122.535566, 37.8945409], [-122.5357248, 37.8946095], [-122.5357927, 37.894662], [-122.5358382, 37.8946613], [-122.5359983, 37.8945144], [-122.5360431, 37.8944132], [-122.5360681, 37.8942766], [-122.5363664, 37.893856], [-122.5365371, 37.8936401], [-122.5366069, 37.8935906], [-122.5366639, 37.8935726], [-122.5367207, 37.8935781], [-122.536936, 37.8936507], [-122.5369985, 37.893732], [-122.5370495, 37.8937517], [-122.5372544, 37.8937234], [-122.5373687, 37.8936241], [-122.5374029, 37.893622], [-122.5375613, 37.893756], [-122.5376874, 37.893924], [-122.5378414, 37.8940238], [-122.5380595, 37.8941136], [-122.538253, 37.8940888], [-122.53831, 37.8940601], [-122.5384008, 37.8939178], [-122.538412, 37.8936925], [-122.5383972, 37.8936113], [-122.5384268, 37.8935749], [-122.5385065, 37.8935633], [-122.5388813, 37.8936363], [-122.539086, 37.8936474], [-122.5393705, 37.8936119], [-122.5395182, 37.8936393], [-122.5396095, 37.8935918], [-122.5398713, 37.8935519], [-122.540148, 37.8934109], [-122.5402251, 37.8933391], [-122.5402884, 37.8932402], [-122.5403741, 37.8931704], [-122.5404198, 37.8930875], [-122.5404771, 37.8930667], [-122.5405907, 37.8930922], [-122.5408517, 37.8931922], [-122.5409196, 37.8932397], [-122.5409767, 37.893351], [-122.540955, 37.8936213], [-122.5409925, 37.8937387], [-122.5411205, 37.8938595], [-122.5412558, 37.8939199], [-122.541279, 37.8940011], [-122.5413914, 37.8941968], [-122.541513, 37.8942815], [-122.5415998, 37.89439], [-122.5418569, 37.8944631], [-122.5419622, 37.8945266], [-122.5423324, 37.8946704], [-122.5425483, 37.8947063], [-122.5427185, 37.8947706], [-122.5428091, 37.8948305], [-122.5429684, 37.8948158], [-122.5430937, 37.894786], [-122.5432869, 37.894814], [-122.5433439, 37.8947994], [-122.5436219, 37.89456], [-122.5437766, 37.8944525], [-122.5440518, 37.8943534], [-122.5442419, 37.8941749], [-122.5444745, 37.8940502], [-122.5447601, 37.8938411], [-122.544776, 37.8938525], [-122.5447837, 37.8939517], [-122.5450318, 37.8940463], [-122.5451224, 37.8941048], [-122.5452932, 37.8940751], [-122.5454983, 37.894009], [-122.5455893, 37.8940089], [-122.5456322, 37.894027], [-122.5456123, 37.894054], [-122.5454782, 37.8941256], [-122.5454349, 37.8941885], [-122.5453037, 37.8942245], [-122.545156, 37.8943046], [-122.5451086, 37.8944126], [-122.5450129, 37.8944753], [-122.5449602, 37.8945856], [-122.5448595, 37.894691], [-122.544848, 37.8947991], [-122.5447175, 37.8951141], [-122.5447147, 37.8951681], [-122.5447402, 37.8952197], [-122.5447742, 37.8952421], [-122.5448651, 37.8952643], [-122.5449896, 37.895362], [-122.5450457, 37.8954308], [-122.5451819, 37.8955362], [-122.5452311, 37.8956478], [-122.5452827, 37.8956841], [-122.5457774, 37.8958302], [-122.5459866, 37.8959867], [-122.5462703, 37.8960914], [-122.5466106, 37.8962451], [-122.5470761, 37.8963737], [-122.5473375, 37.8964068], [-122.5474394, 37.8964922], [-122.5474844, 37.8965739], [-122.5476317, 37.8966524], [-122.5476402, 37.8966846], [-122.5476169, 37.8967386], [-122.5476346, 37.8967657], [-122.5476878, 37.8967804], [-122.5479039, 37.8967887], [-122.5480515, 37.8968281], [-122.5481681, 37.8968849], [-122.5483011, 37.8969233], [-122.5483409, 37.8969667], [-122.548347, 37.8970659], [-122.5483782, 37.8971201], [-122.5485606, 37.8972703], [-122.5486853, 37.8973416], [-122.5487339, 37.8974459], [-122.5488664, 37.8974861], [-122.5490137, 37.8975695], [-122.5491478, 37.8976187], [-122.5491936, 37.897664], [-122.5492271, 37.8977362], [-122.5493496, 37.8978448], [-122.5493192, 37.8978422], [-122.5492399, 37.8977926], [-122.5491853, 37.897727], [-122.5490357, 37.8976987], [-122.5488544, 37.8975863], [-122.5487976, 37.8975723], [-122.5487066, 37.8975799], [-122.5486044, 37.8975584], [-122.5485564, 37.8975173], [-122.5485134, 37.897418], [-122.5484169, 37.8973365], [-122.5483348, 37.8972911], [-122.5481919, 37.8971644], [-122.5481358, 37.8970741], [-122.5479819, 37.8970453], [-122.5478003, 37.8969831], [-122.5477352, 37.8970004], [-122.5477107, 37.8970905], [-122.547663, 37.8971195], [-122.5474225, 37.8971164], [-122.5473217, 37.8971323], [-122.5472195, 37.8971062], [-122.5470147, 37.8971227], [-122.5467303, 37.897123], [-122.5465826, 37.8971058], [-122.5464574, 37.897119], [-122.5462869, 37.8970948], [-122.5459683, 37.8971114], [-122.5458317, 37.8971012], [-122.5457065, 37.8971575], [-122.5455812, 37.8971848], [-122.5455011, 37.8972622], [-122.545444, 37.8972921], [-122.545091, 37.8973646], [-122.5450596, 37.8974047], [-122.5450716, 37.8975129], [-122.5450559, 37.8975189], [-122.5449954, 37.8974856], [-122.5448636, 37.897346], [-122.5444552, 37.8971818], [-122.5442507, 37.8971393], [-122.5440005, 37.8971362], [-122.5437613, 37.8971888], [-122.5434878, 37.8972778], [-122.5434244, 37.8973263], [-122.5433157, 37.8975164], [-122.5432128, 37.897612], [-122.5431785, 37.8976301], [-122.5430991, 37.8975943], [-122.543042, 37.897628], [-122.5427576, 37.8972065], [-122.5425741, 37.8969895], [-122.5423464, 37.8968714], [-122.5422394, 37.896843], [-122.5421286, 37.8968326]]}}, {"type": "Feature", "properties": {"id": 9, "elev_ft": 100, "elev_m": 30.48, "index_contour": true, "label": "100 ft", "length_m": 110.01, "n_vertices": 8}, "geometry": {"type": "LineString", "coordinates": [[-122.5333265, 37.8934564], [-122.533702, 37.8934847], [-122.5337011, 37.8935207], [-122.5336658, 37.8935837], [-122.5335239, 37.8937294], [-122.5334879, 37.8937903], [-122.533508, 37.8938534], [-122.5336675, 37.894093]]}}, {"type": "Feature", "properties": {"id": 10, "elev_ft": 100, "elev_m": 30.48, "index_contour": true, "label": "100 ft", "length_m": 22.18, "n_vertices": 6}, "geometry": {"type": "LineString", "coordinates": [[-122.5457259, 37.8939913], [-122.5457483, 37.8940095], [-122.5457256, 37.894035], [-122.5456434, 37.8940181], [-122.5456802, 37.8939912], [-122.5457259, 37.8939913]]}}, {"type": "Feature", "properties": {"id": 11, "elev_ft": 100, "elev_m": 30.48, "index_contour": true, "label": "100 ft", "length_m": 14.17, "n_vertices": 2}, "geometry": {"type": "LineString", "coordinates": [[-122.5327867, 37.8926931], [-122.5328269, 37.8928167]]}}, {"type": "Feature", "properties": {"id": 12, "elev_ft": 100, "elev_m": 30.48, "index_contour": true, "label": "100 ft", "length_m": 11.95, "n_vertices": 5}, "geometry": {"type": "LineString", "coordinates": [[-122.5430418, 37.8976724], [-122.5430592, 37.8976944], [-122.5430415, 37.8977206], [-122.5430297, 37.8977033], [-122.5430418, 37.8976724]]}}, {"type": "Feature", "properties": {"id": 13, "elev_ft": 120, "elev_m": 36.576, "index_contour": false, "label": "120 ft", "length_m": 3280.45, "n_vertices": 214}, "geometry": {"type": "LineString", "coordinates": [[-122.5343553, 37.8944727], [-122.5345762, 37.8945809], [-122.5346558, 37.8945853], [-122.534985, 37.894391], [-122.5350428, 37.8943102], [-122.5350934, 37.8941842], [-122.5351479, 37.8941483], [-122.5352499, 37.8941644], [-122.5354993, 37.8942892], [-122.535613, 37.8943049], [-122.535761, 37.8942754], [-122.5358753, 37.8941917], [-122.5360143, 37.8939625], [-122.5361681, 37.893873], [-122.5362873, 37.8937737], [-122.5363872, 37.8936485], [-122.536471, 37.8935086], [-122.5365851, 37.8934466], [-122.5368352, 37.8934593], [-122.5369712, 37.8935377], [-122.5370394, 37.8935497], [-122.5372103, 37.8935017], [-122.5372624, 37.8934627], [-122.5373191, 37.8933818], [-122.5373589, 37.8933734], [-122.5374268, 37.8934307], [-122.5375176, 37.8934596], [-122.5375742, 37.8934988], [-122.5376162, 37.8935452], [-122.5376806, 37.8936716], [-122.5377546, 37.893752], [-122.5378399, 37.8938164], [-122.5378699, 37.8938616], [-122.5379925, 37.8939131], [-122.5380389, 37.8938983], [-122.538183, 37.8937817], [-122.5382265, 37.8934935], [-122.5382751, 37.8934306], [-122.5383483, 37.8933887], [-122.5384507, 37.8933885], [-122.5386891, 37.8934555], [-122.5388595, 37.893481], [-122.5393036, 37.8934032], [-122.5393832, 37.8934112], [-122.5395307, 37.8934675], [-122.5396672, 37.8934618], [-122.5398609, 37.8934024], [-122.5399511, 37.893347], [-122.5401177, 37.8930683], [-122.5402677, 37.8929337], [-122.5402827, 37.8927895], [-122.5403316, 37.8926875], [-122.5403774, 37.89265], [-122.5404457, 37.8926391], [-122.5406499, 37.8927143], [-122.5410652, 37.8929097], [-122.5411413, 37.8930272], [-122.5411353, 37.8932165], [-122.5411715, 37.8933698], [-122.5411797, 37.8935862], [-122.541212, 37.8937125], [-122.541303, 37.8937774], [-122.5414893, 37.8938307], [-122.5415958, 37.8938852], [-122.5416928, 37.8940929], [-122.5418032, 37.8941654], [-122.5418447, 37.8942287], [-122.5419706, 37.8943196], [-122.5422594, 37.8944736], [-122.5424129, 37.8945246], [-122.5426744, 37.8945397], [-122.5428221, 37.8945728], [-122.5429585, 37.894585], [-122.543038, 37.8946095], [-122.5433108, 37.8946376], [-122.5433682, 37.8945504], [-122.5434822, 37.8945025], [-122.5437926, 37.8942993], [-122.5438366, 37.8942001], [-122.5439595, 37.8940656], [-122.5441327, 37.8939762], [-122.5443501, 37.8939353], [-122.5444414, 37.8938825], [-122.5445278, 37.8937344], [-122.5445796, 37.8936051], [-122.5448251, 37.8934201], [-122.5449457, 37.8932472], [-122.5450831, 37.893108], [-122.5451401, 37.8930805], [-122.5452083, 37.8930874], [-122.5452528, 37.8931153], [-122.54531, 37.893196], [-122.5453934, 37.8933772], [-122.5454565, 37.8934495], [-122.5459747, 37.893803], [-122.5461097, 37.8938486], [-122.5462352, 37.8939122], [-122.5463222, 37.8940027], [-122.5464627, 37.8940843], [-122.5465173, 37.8941656], [-122.5465107, 37.8941837], [-122.5464753, 37.8941892], [-122.5460774, 37.8941687], [-122.5458818, 37.8941993], [-122.5457235, 37.8942437], [-122.5455305, 37.8943207], [-122.5453289, 37.8944405], [-122.5450266, 37.8948899], [-122.5450131, 37.894944], [-122.545029, 37.8949891], [-122.5450988, 37.8950615], [-122.5451269, 37.8951517], [-122.5451861, 37.895215], [-122.5452301, 37.8953053], [-122.5454315, 37.8955585], [-122.5455565, 37.8956491], [-122.5457155, 37.8956912], [-122.5458405, 37.8956997], [-122.5459994, 37.895762], [-122.5460446, 37.8958019], [-122.5460874, 37.8958945], [-122.5461348, 37.8959358], [-122.5462937, 37.8959887], [-122.5465886, 37.8961202], [-122.546793, 37.8961794], [-122.5471224, 37.8962476], [-122.5474863, 37.8962591], [-122.5475543, 37.8962892], [-122.5477129, 37.8964016], [-122.5478378, 37.8964401], [-122.547906, 37.8964428], [-122.548111, 37.8964048], [-122.5482056, 37.8964164], [-122.5482463, 37.8965067], [-122.5482339, 37.8966328], [-122.5482457, 37.8966857], [-122.5484171, 37.8968859], [-122.5485092, 37.8970665], [-122.5486748, 37.8971919], [-122.5489587, 37.8972703], [-122.5491565, 37.8973664], [-122.5492056, 37.8974116], [-122.549252, 37.8975019], [-122.5494225, 37.8976868], [-122.5496159, 37.8976864], [-122.5498199, 37.8977921], [-122.5499444, 37.8978973], [-122.5500239, 37.8979227], [-122.5500644, 37.8980188], [-122.5500819, 37.898118], [-122.5502156, 37.8981875], [-122.5502284, 37.8982538], [-122.5502152, 37.8982653], [-122.5501585, 37.8982356], [-122.5500605, 37.8982171], [-122.5500189, 37.8981899], [-122.5499738, 37.8981356], [-122.5499682, 37.8980455], [-122.5499437, 37.8980168], [-122.5498187, 37.8979991], [-122.5496031, 37.8979123], [-122.5495235, 37.8979066], [-122.5494209, 37.8979494], [-122.5492958, 37.8979397], [-122.5491257, 37.8978589], [-122.5488419, 37.8977782], [-122.5485465, 37.8977212], [-122.5483991, 37.8976493], [-122.5481604, 37.897613], [-122.5480466, 37.8976239], [-122.5478423, 37.897556], [-122.5476604, 37.8975427], [-122.5475343, 37.8975044], [-122.5474222, 37.8974395], [-122.5471724, 37.8973699], [-122.5471155, 37.8973685], [-122.5468422, 37.8974222], [-122.5466716, 37.8974168], [-122.5462059, 37.8973159], [-122.5460302, 37.8973454], [-122.5459541, 37.8973991], [-122.5457226, 37.8975154], [-122.5455556, 37.8976428], [-122.545464, 37.8977441], [-122.5454269, 37.8978207], [-122.5454171, 37.8979692], [-122.545394, 37.898035], [-122.5451663, 37.8980613], [-122.545121, 37.8980372], [-122.5448561, 37.8977825], [-122.5447593, 37.8976627], [-122.5446687, 37.8975992], [-122.5446296, 37.8975202], [-122.5445898, 37.8974838], [-122.5444763, 37.8974369], [-122.5444085, 37.8973773], [-122.5443404, 37.8973519], [-122.5440561, 37.8973401], [-122.5439651, 37.8973497], [-122.5437916, 37.8974178], [-122.5436202, 37.8975253], [-122.5435319, 37.8976692], [-122.5434278, 37.897795], [-122.5432729, 37.8979295], [-122.5432216, 37.8980152], [-122.5430959, 37.8980731], [-122.543016, 37.8981678], [-122.5429704, 37.8981796], [-122.5427999, 37.8981667], [-122.5427204, 37.898145], [-122.5426978, 37.8981115], [-122.5427385, 37.8979455], [-122.5427465, 37.8976842], [-122.5426421, 37.8974684]]}}, {"type": "Feature", "properties": {"id": 14, "elev_ft": 120, "elev_m": 36.576, "index_contour": false, "label": "120 ft", "length_m": 168.51, "n_vertices": 16}, "geometry": {"type": "LineString", "coordinates": [[-122.5332512, 37.8933288], [-122.5333442, 37.8933581], [-122.5335034, 37.8933768], [-122.5336513, 37.8933668], [-122.5337993, 37.8933385], [-122.5338675, 37.893344], [-122.5339129, 37.8933671], [-122.5339152, 37.8934134], [-122.5338544, 37.8935484], [-122.533781, 37.8936743], [-122.5336522, 37.893836], [-122.5336355, 37.89389], [-122.5336919, 37.8940164], [-122.533783, 37.894113], [-122.5338283, 37.8941459], [-122.5339387, 37.8941887]]}}, {"type": "Feature", "properties": {"id": 15, "elev_ft": 120, "elev_m": 36.576, "index_contour": false, "label": "120 ft", "length_m": 47.48, "n_vertices": 4}, "geometry": {"type": "LineString", "coordinates": [[-122.5329416, 37.8925597], [-122.5329679, 37.8925895], [-122.5329992, 37.8927789], [-122.5329638, 37.8929773]]}}, {"type": "Feature", "properties": {"id": 16, "elev_ft": 140, "elev_m": 42.672, "index_contour": false, "label": "140 ft", "length_m": 3888.35, "n_vertices": 252}, "geometry": {"type": "LineString", "coordinates": [[-122.5343888, 37.8943965], [-122.5345885, 37.8944476], [-122.5346454, 37.8944377], [-122.5348592, 37.8943094], [-122.5349474, 37.8941205], [-122.5350573, 37.8940462], [-122.5351825, 37.894031], [-122.5353076, 37.894037], [-122.5353984, 37.8940631], [-122.5354667, 37.894052], [-122.5355323, 37.8939966], [-122.5356791, 37.8939341], [-122.5359005, 37.893789], [-122.5362883, 37.8936177], [-122.5363338, 37.8935491], [-122.5363375, 37.893423], [-122.5363922, 37.8933724], [-122.5365517, 37.8933369], [-122.5368246, 37.8933391], [-122.5369155, 37.8933578], [-122.5370516, 37.8934209], [-122.5371198, 37.8934213], [-122.5371852, 37.8933813], [-122.5372855, 37.8932014], [-122.537349, 37.893151], [-122.5373831, 37.8931515], [-122.5374284, 37.893176], [-122.5376433, 37.8933647], [-122.5377901, 37.8935423], [-122.5378581, 37.8935779], [-122.537915, 37.8935674], [-122.5380405, 37.893501], [-122.5381669, 37.8933064], [-122.5383044, 37.8931435], [-122.53835, 37.8931166], [-122.5385881, 37.8932428], [-122.5386789, 37.8932703], [-122.5389176, 37.8932835], [-122.539191, 37.8932202], [-122.5393162, 37.8932084], [-122.539373, 37.8932234], [-122.5395543, 37.8933263], [-122.5396452, 37.8933302], [-122.5397477, 37.8933109], [-122.5398209, 37.8932744], [-122.5398564, 37.8932385], [-122.5398743, 37.8930493], [-122.5399894, 37.8928573], [-122.5400913, 37.8927437], [-122.540145, 37.8926448], [-122.5401578, 37.8925907], [-122.5401439, 37.8925276], [-122.5401623, 37.8924881], [-122.540265, 37.8924348], [-122.540515, 37.8924653], [-122.5406973, 37.8924192], [-122.5407993, 37.892466], [-122.5409153, 37.8925937], [-122.5410256, 37.8926619], [-122.5411392, 37.8926858], [-122.5412872, 37.8926554], [-122.5413161, 37.8926674], [-122.5413375, 37.8927486], [-122.5413475, 37.8929289], [-122.5413307, 37.8929743], [-122.5412632, 37.8930547], [-122.541241, 37.8931988], [-122.5412677, 37.8933341], [-122.541344, 37.8935417], [-122.5414291, 37.8936232], [-122.5415197, 37.8936764], [-122.5415879, 37.893687], [-122.5417358, 37.8936809], [-122.5417997, 37.8937057], [-122.5418941, 37.8938287], [-122.5419387, 37.8939947], [-122.542221, 37.8942924], [-122.5423572, 37.8943505], [-122.5427209, 37.894387], [-122.5428685, 37.8944209], [-122.5431189, 37.8943884], [-122.543335, 37.894395], [-122.5434585, 37.8943521], [-122.5436525, 37.8942087], [-122.5437225, 37.8940737], [-122.5437427, 37.8939837], [-122.5438639, 37.8938309], [-122.5439528, 37.8937981], [-122.5441005, 37.8938292], [-122.5441801, 37.8938299], [-122.5442652, 37.8938054], [-122.5443217, 37.8937696], [-122.5444019, 37.8936528], [-122.54436, 37.8934273], [-122.5443701, 37.8933822], [-122.5444448, 37.8933327], [-122.5445814, 37.8933145], [-122.5447409, 37.8932681], [-122.5448208, 37.8932193], [-122.5449694, 37.893015], [-122.5450238, 37.8928981], [-122.5450468, 37.8927539], [-122.5450856, 37.8927008], [-122.5451311, 37.8926959], [-122.54529, 37.8927507], [-122.545415, 37.8927564], [-122.5455517, 37.8927243], [-122.5457194, 37.8926484], [-122.5458138, 37.8926366], [-122.545841, 37.8926669], [-122.5458284, 37.892757], [-122.545703, 37.8929998], [-122.5456659, 37.8931349], [-122.5456762, 37.893216], [-122.5457548, 37.8933155], [-122.5457705, 37.8934057], [-122.5460312, 37.893614], [-122.54616, 37.8936874], [-122.5463075, 37.8937466], [-122.5466988, 37.8939681], [-122.5469424, 37.894075], [-122.5471127, 37.8941151], [-122.5472334, 37.8941233], [-122.5472523, 37.8941414], [-122.5472388, 37.8942586], [-122.5472154, 37.8942945], [-122.5471731, 37.8943124], [-122.5469862, 37.8943387], [-122.546736, 37.8943392], [-122.5464064, 37.8942964], [-122.5462471, 37.8943198], [-122.5460554, 37.8944252], [-122.5456542, 37.8945489], [-122.5455058, 37.8946503], [-122.5453918, 37.8946898], [-122.5453665, 37.894729], [-122.5453598, 37.8948822], [-122.5453269, 37.8949542], [-122.5453442, 37.8950083], [-122.5454176, 37.8950807], [-122.5453676, 37.8952067], [-122.5453817, 37.8952789], [-122.5454219, 37.8953343], [-122.5455579, 37.8954142], [-122.5461032, 37.8955226], [-122.5461475, 37.8955883], [-122.5462205, 37.8956516], [-122.5463266, 37.8958323], [-122.5465176, 37.8959773], [-122.5467099, 37.8960681], [-122.5468957, 37.8961177], [-122.547213, 37.8961692], [-122.547362, 37.8961208], [-122.5475219, 37.8960092], [-122.5475559, 37.8960294], [-122.5477512, 37.8962524], [-122.5478386, 37.8963108], [-122.5479295, 37.8963143], [-122.5482597, 37.8962551], [-122.5483393, 37.896266], [-122.5483882, 37.8962999], [-122.5484119, 37.8963451], [-122.5484594, 37.8967328], [-122.5485067, 37.8967898], [-122.5486878, 37.8969271], [-122.5489145, 37.8970621], [-122.549334, 37.8972749], [-122.5494591, 37.8972847], [-122.549664, 37.8972443], [-122.5498005, 37.8972454], [-122.5501071, 37.8973234], [-122.5502549, 37.8973468], [-122.5504251, 37.8974047], [-122.5504591, 37.8974314], [-122.5504681, 37.8974705], [-122.5503869, 37.8976054], [-122.5503915, 37.8976505], [-122.5505888, 37.8978045], [-122.5506488, 37.897976], [-122.5506943, 37.898026], [-122.5508054, 37.8981027], [-122.5508417, 37.898193], [-122.5510001, 37.8982475], [-122.5510618, 37.8983381], [-122.5512244, 37.8985009], [-122.551328, 37.8985652], [-122.5513961, 37.8985808], [-122.5516152, 37.8985745], [-122.551772, 37.8985017], [-122.5519992, 37.8985391], [-122.5520292, 37.8985671], [-122.5519761, 37.898595], [-122.5518396, 37.898607], [-122.5517271, 37.898647], [-122.551475, 37.8987045], [-122.5512702, 37.8987213], [-122.551179, 37.8987454], [-122.5510995, 37.8987271], [-122.5509523, 37.8986204], [-122.5508042, 37.8986546], [-122.5505655, 37.8986414], [-122.5502136, 37.8985226], [-122.5501117, 37.8984445], [-122.5499981, 37.8984196], [-122.5494654, 37.8981095], [-122.5492271, 37.8980269], [-122.5491364, 37.897967], [-122.5487047, 37.8978881], [-122.5486023, 37.8978924], [-122.5484337, 37.8979495], [-122.5482371, 37.8980939], [-122.5481574, 37.8981053], [-122.5479983, 37.8980861], [-122.547953, 37.8980544], [-122.547863, 37.8978849], [-122.5477768, 37.8977937], [-122.5476934, 37.8977302], [-122.5475572, 37.8976729], [-122.5471936, 37.8976176], [-122.5471026, 37.8976262], [-122.546989, 37.8975915], [-122.5467385, 37.8976436], [-122.5466475, 37.8976424], [-122.5465794, 37.8976246], [-122.5464447, 37.8975543], [-122.5463524, 37.8975385], [-122.5462386, 37.8975479], [-122.5461019, 37.8975826], [-122.5459081, 37.8976621], [-122.545742, 37.8977498], [-122.5456353, 37.8979207], [-122.5455919, 37.8980377], [-122.5455207, 37.8984249], [-122.5454457, 37.8985238], [-122.5454394, 37.8986319], [-122.5454243, 37.8986533], [-122.5453902, 37.8986432], [-122.5452532, 37.898505], [-122.545007, 37.8980774], [-122.5449277, 37.8980297], [-122.5447914, 37.8979805], [-122.5445768, 37.8977521], [-122.544373, 37.8976014], [-122.54418, 37.8975363], [-122.5440662, 37.8975511], [-122.5438152, 37.8976704], [-122.5436136, 37.8978768], [-122.5435271, 37.8980567], [-122.5431855, 37.8983347], [-122.5431058, 37.8983599], [-122.5428101, 37.8983569], [-122.5427171, 37.8983826]]}}, {"type": "Feature", "properties": {"id": 17, "elev_ft": 140, "elev_m": 42.672, "index_contour": false, "label": "140 ft", "length_m": 252.27, "n_vertices": 17}, "geometry": {"type": "LineString", "coordinates": [[-122.5331031, 37.8925481], [-122.533122, 37.8928244], [-122.5332014, 37.8929509], [-122.5332549, 37.8931061], [-122.5334248, 37.8932067], [-122.5336181, 37.89322], [-122.5339594, 37.8932008], [-122.5340503, 37.8932173], [-122.5341067, 37.89327], [-122.5341354, 37.8933963], [-122.5340847, 37.8935493], [-122.5340192, 37.8936752], [-122.5338574, 37.8938728], [-122.5338389, 37.8939178], [-122.5338523, 37.893959], [-122.5339224, 37.8940353], [-122.5340282, 37.8941146]]}}, {"type": "Feature", "properties": {"id": 18, "elev_ft": 160, "elev_m": 48.768, "index_contour": false, "label": "160 ft", "length_m": 4621.47, "n_vertices": 289}, "geometry": {"type": "LineString", "coordinates": [[-122.5334856, 37.8927594], [-122.5335189, 37.892826], [-122.5335413, 37.8929793], [-122.5336542, 37.8930609], [-122.53371, 37.8930737], [-122.5338921, 37.8930469], [-122.5341417, 37.8930448], [-122.5342445, 37.8930791], [-122.5342897, 37.8931244], [-122.5343369, 37.8932258], [-122.5343764, 37.8935955], [-122.5343405, 37.8936945], [-122.5342192, 37.8938563], [-122.534201, 37.8939193], [-122.5342725, 37.8940507], [-122.534397, 37.8941409], [-122.5344978, 37.8940827], [-122.534622, 37.8939029], [-122.5347548, 37.8937773], [-122.5348204, 37.89374], [-122.535014, 37.8936983], [-122.5356399, 37.8936421], [-122.535993, 37.8935516], [-122.5360788, 37.893476], [-122.5361523, 37.8934403], [-122.5361383, 37.8933411], [-122.5361916, 37.8932602], [-122.5362339, 37.8932295], [-122.5364385, 37.8932518], [-122.5365409, 37.8932357], [-122.5366663, 37.8931845], [-122.5369844, 37.8932499], [-122.5370755, 37.8932337], [-122.5371326, 37.8932008], [-122.537182, 37.8931469], [-122.5373166, 37.8928771], [-122.5373623, 37.8928283], [-122.5373851, 37.8928272], [-122.5374142, 37.8928504], [-122.5376605, 37.8932029], [-122.5378598, 37.8933052], [-122.5379166, 37.8933104], [-122.5380421, 37.8932585], [-122.5380927, 37.8932226], [-122.5381594, 37.8931417], [-122.5381909, 37.8930517], [-122.538238, 37.8929798], [-122.5383059, 37.8928986], [-122.5383515, 37.8928732], [-122.538431, 37.8928968], [-122.5385892, 37.8930667], [-122.5387254, 37.8931107], [-122.5388504, 37.8931186], [-122.5390098, 37.8930951], [-122.5393175, 37.8930011], [-122.5394147, 37.8929033], [-122.5395916, 37.8928097], [-122.5396371, 37.892807], [-122.5397166, 37.892831], [-122.5397736, 37.8928165], [-122.5398984, 37.8926799], [-122.5399621, 37.8925539], [-122.5399338, 37.8923015], [-122.5399591, 37.8922424], [-122.5400106, 37.8922026], [-122.5401414, 37.8921818], [-122.5403457, 37.8922533], [-122.5404594, 37.8922649], [-122.5406073, 37.8922467], [-122.5407897, 37.8921767], [-122.5408466, 37.8921707], [-122.5409028, 37.8922241], [-122.5409717, 37.8923956], [-122.5410949, 37.892491], [-122.5412539, 37.8925202], [-122.5413564, 37.892496], [-122.5414933, 37.8924376], [-122.5415368, 37.8924519], [-122.5415762, 37.8928396], [-122.5415587, 37.8928822], [-122.5414991, 37.8929295], [-122.5414672, 37.892979], [-122.5414277, 37.8931004], [-122.5414677, 37.8932358], [-122.5414551, 37.8933709], [-122.5414871, 37.8934286], [-122.5416569, 37.893558], [-122.5418956, 37.8935761], [-122.5420318, 37.8936331], [-122.5420899, 37.8937339], [-122.5421052, 37.8938151], [-122.5421551, 37.8939273], [-122.5422909, 37.8940342], [-122.5423699, 37.8941271], [-122.5426765, 37.8942061], [-122.542847, 37.8942159], [-122.542995, 37.8941932], [-122.5432567, 37.8941832], [-122.543405, 37.894118], [-122.5434591, 37.8940457], [-122.5435593, 37.8937847], [-122.543612, 37.8937387], [-122.5439422, 37.8936834], [-122.5441242, 37.8936833], [-122.5441812, 37.8936588], [-122.5442183, 37.893607], [-122.5442246, 37.8935349], [-122.5441354, 37.8932912], [-122.5441892, 37.8931923], [-122.5442412, 37.8931537], [-122.5442981, 37.8931384], [-122.5445253, 37.8931763], [-122.544662, 37.8931552], [-122.5447703, 37.8930864], [-122.5448679, 37.8929515], [-122.5449131, 37.8926903], [-122.5448596, 37.8924197], [-122.5449062, 37.8922783], [-122.5449403, 37.8922756], [-122.5449743, 37.8922971], [-122.5451541, 37.892493], [-122.5452981, 37.8926017], [-122.5453817, 37.8926371], [-122.5454953, 37.8926507], [-122.545575, 37.8926344], [-122.5457576, 37.8925364], [-122.5459521, 37.8923515], [-122.5460435, 37.8922873], [-122.5461689, 37.8922361], [-122.5463168, 37.8922228], [-122.5463254, 37.8922361], [-122.5462249, 37.892369], [-122.5461435, 37.8925148], [-122.5460538, 37.8927398], [-122.5460534, 37.892875], [-122.5459709, 37.8929902], [-122.5459162, 37.8931178], [-122.5459178, 37.893253], [-122.5460016, 37.8934246], [-122.546216, 37.8935696], [-122.5465009, 37.8937278], [-122.5466824, 37.8938088], [-122.5468045, 37.8938423], [-122.5468979, 37.8939057], [-122.5472384, 37.8940179], [-122.5473976, 37.8940323], [-122.5476815, 37.8941026], [-122.5479488, 37.8941441], [-122.5480272, 37.8941895], [-122.5481342, 37.8943071], [-122.5481123, 37.894318], [-122.547794, 37.8943018], [-122.5473838, 37.8944215], [-122.547031, 37.8944521], [-122.5467128, 37.894414], [-122.5465425, 37.8943721], [-122.5464401, 37.8943705], [-122.5464026, 37.8943815], [-122.5463031, 37.8944541], [-122.5459957, 37.8945091], [-122.5458688, 37.8945687], [-122.545758, 37.8946855], [-122.5456474, 37.8949014], [-122.5456309, 37.8949554], [-122.5456343, 37.8950816], [-122.5456976, 37.895181], [-122.5458658, 37.8952808], [-122.5461837, 37.8953722], [-122.5463872, 37.895454], [-122.5467274, 37.8957486], [-122.5467868, 37.8958882], [-122.5468512, 37.8959503], [-122.5469079, 37.895978], [-122.5472717, 37.896012], [-122.5473287, 37.8959884], [-122.547443, 37.8958913], [-122.5476254, 37.8958336], [-122.5476655, 37.8958735], [-122.5476712, 37.8959907], [-122.5476935, 37.8960539], [-122.5477748, 37.8961624], [-122.5478279, 37.8961996], [-122.548078, 37.8962195], [-122.548215, 37.8961821], [-122.5483971, 37.8961058], [-122.5484995, 37.8960978], [-122.5485334, 37.8961427], [-122.5486483, 37.8964181], [-122.5486614, 37.8964902], [-122.5486467, 37.8965893], [-122.5486857, 37.8966706], [-122.5489755, 37.896888], [-122.5491924, 37.8970871], [-122.5492893, 37.8971509], [-122.5493915, 37.8971773], [-122.5494711, 37.8971789], [-122.5495394, 37.8971629], [-122.5496421, 37.8971137], [-122.549699, 37.8971081], [-122.5497899, 37.8971232], [-122.5499828, 37.8971947], [-122.5503239, 37.8972141], [-122.5505284, 37.8972589], [-122.5505584, 37.8972906], [-122.5505959, 37.8973824], [-122.5507099, 37.8973357], [-122.550915, 37.8972775], [-122.5509491, 37.8972788], [-122.5510578, 37.8973737], [-122.5510612, 37.8973917], [-122.5509292, 37.8975174], [-122.5508222, 37.8977513], [-122.5508205, 37.8978234], [-122.5509332, 37.8980209], [-122.5512257, 37.8981764], [-122.5513755, 37.8982369], [-122.5515232, 37.898259], [-122.5519433, 37.898376], [-122.5520798, 37.8983785], [-122.5522162, 37.8983996], [-122.5523642, 37.8983771], [-122.5524427, 37.8983884], [-122.5526022, 37.8985186], [-122.5527375, 37.8985878], [-122.5528175, 37.898656], [-122.5528743, 37.8986562], [-122.5531568, 37.8985894], [-122.5532021, 37.8985986], [-122.5529535, 37.8987269], [-122.5528334, 37.8987684], [-122.5527367, 37.8988498], [-122.5526227, 37.8988821], [-122.5525226, 37.8988844], [-122.5523385, 37.8988565], [-122.5521222, 37.8988958], [-122.551895, 37.8988463], [-122.5516673, 37.8988871], [-122.5511099, 37.8988863], [-122.5509738, 37.8988349], [-122.5506668, 37.8988147], [-122.5501671, 37.8986932], [-122.5499055, 37.8986906], [-122.5498295, 37.8986308], [-122.5496344, 37.8983717], [-122.5494868, 37.8982509], [-122.5492037, 37.898121], [-122.5488306, 37.8980501], [-122.5487038, 37.8980427], [-122.5485532, 37.8980671], [-122.5484811, 37.8980938], [-122.5481573, 37.898345], [-122.5478708, 37.8984818], [-122.5478144, 37.8983941], [-122.5477631, 37.8981001], [-122.5477256, 37.8980337], [-122.5476578, 37.8979625], [-122.5475817, 37.8979101], [-122.5474764, 37.8978669], [-122.5471812, 37.8977851], [-122.5470789, 37.8977696], [-122.546964, 37.8977816], [-122.5467827, 37.8978616], [-122.546703, 37.8978747], [-122.5465846, 37.8978612], [-122.5463851, 37.8977812], [-122.5462941, 37.8977798], [-122.546089, 37.8978345], [-122.5459326, 37.8979128], [-122.545838, 37.8980026], [-122.5457657, 37.8981014], [-122.5457086, 37.8982725], [-122.5457594, 37.898534], [-122.5457658, 37.8987954], [-122.5457417, 37.8988175], [-122.5455713, 37.8987966], [-122.5454005, 37.8988239], [-122.5453664, 37.898815], [-122.5451652, 37.8986128], [-122.545005, 37.8983957], [-122.5447674, 37.8982013], [-122.5445747, 37.8980815], [-122.5444359, 37.897907], [-122.5443351, 37.8978165], [-122.5442808, 37.897798], [-122.5441329, 37.897791], [-122.5438365, 37.8979009], [-122.5438022, 37.8979332], [-122.5437155, 37.8980845], [-122.5433633, 37.8984185]]}}, {"type": "Feature", "properties": {"id": 19, "elev_ft": 180, "elev_m": 54.864, "index_contour": false, "label": "180 ft", "length_m": 4990.27, "n_vertices": 326}, "geometry": {"type": "LineString", "coordinates": [[-122.5340938, 37.8915152], [-122.5341633, 37.891526], [-122.5342425, 37.8915841], [-122.5343844, 37.891811], [-122.5343961, 37.8918561], [-122.5343771, 37.891885], [-122.5342743, 37.8919571], [-122.5340125, 37.8919871], [-122.5339369, 37.8920165], [-122.5338806, 37.8920613], [-122.5338394, 37.8921964], [-122.533753, 37.8923042], [-122.5337924, 37.8924395], [-122.5337687, 37.8926738], [-122.5338173, 37.8927641], [-122.5339388, 37.89286], [-122.5339956, 37.8928644], [-122.5341095, 37.892837], [-122.5342117, 37.8928676], [-122.5343937, 37.8928712], [-122.5345071, 37.8929105], [-122.5346198, 37.893079], [-122.5346197, 37.8931909], [-122.5346752, 37.8933109], [-122.5347545, 37.8933674], [-122.5349133, 37.8934271], [-122.5350498, 37.893424], [-122.5351635, 37.8934408], [-122.5352434, 37.8933822], [-122.5353684, 37.8934119], [-122.5355048, 37.8934182], [-122.5358236, 37.8933641], [-122.5358744, 37.893313], [-122.5358542, 37.8932228], [-122.5358684, 37.8931778], [-122.5359643, 37.893061], [-122.5360418, 37.8930262], [-122.5362353, 37.8930063], [-122.5365307, 37.8930505], [-122.5367469, 37.893036], [-122.5369061, 37.8930423], [-122.5370085, 37.8930263], [-122.5371108, 37.8930477], [-122.5371566, 37.8930005], [-122.5372606, 37.8927368], [-122.5373178, 37.892671], [-122.5373863, 37.8926428], [-122.5374558, 37.8926703], [-122.537533, 37.8928222], [-122.5375954, 37.8929052], [-122.5379293, 37.8930993], [-122.5379863, 37.8930864], [-122.5381466, 37.8929099], [-122.5382387, 37.8927359], [-122.5383985, 37.8926398], [-122.538478, 37.8926544], [-122.5385586, 37.8927017], [-122.5386699, 37.8928845], [-122.5387151, 37.8929277], [-122.5388287, 37.8929602], [-122.5389539, 37.8929483], [-122.5391477, 37.8928718], [-122.5393641, 37.8928118], [-122.5395443, 37.8927055], [-122.5397774, 37.892409], [-122.5398161, 37.8922649], [-122.5398879, 37.8921661], [-122.5399008, 37.892076], [-122.5400065, 37.8919286], [-122.5400634, 37.8919272], [-122.5402335, 37.892017], [-122.5403578, 37.8921393], [-122.5404828, 37.8921566], [-122.5405738, 37.8921468], [-122.5406536, 37.8921165], [-122.5408368, 37.8919278], [-122.5409166, 37.8919024], [-122.5409619, 37.8919177], [-122.5409845, 37.8919485], [-122.5410485, 37.8922788], [-122.5410846, 37.8923176], [-122.5413458, 37.892377], [-122.5416081, 37.8922519], [-122.5416537, 37.8922432], [-122.5416849, 37.8922632], [-122.5417883, 37.892543], [-122.5417963, 37.8926602], [-122.5417775, 37.8927503], [-122.5417233, 37.8928312], [-122.5417441, 37.8929304], [-122.5416867, 37.8930203], [-122.5416737, 37.8931194], [-122.5416014, 37.8932453], [-122.5416005, 37.8932904], [-122.541623, 37.8933265], [-122.5416846, 37.8933808], [-122.5417601, 37.8934205], [-122.5421803, 37.8935269], [-122.542237, 37.893553], [-122.5422878, 37.8936085], [-122.5423227, 37.8937438], [-122.5423983, 37.8938613], [-122.5425641, 37.8939914], [-122.5427344, 37.8940339], [-122.5428027, 37.8940309], [-122.5429166, 37.8940009], [-122.5430758, 37.8940035], [-122.5431442, 37.8939887], [-122.5433425, 37.8938469], [-122.5433618, 37.8937435], [-122.5435103, 37.8936325], [-122.5435787, 37.8936149], [-122.5437493, 37.8936128], [-122.5439835, 37.893543], [-122.5440106, 37.893507], [-122.5440113, 37.893462], [-122.5439359, 37.8932724], [-122.5440384, 37.8931376], [-122.5442307, 37.8929981], [-122.5442876, 37.8929969], [-122.5444693, 37.8930456], [-122.5447092, 37.8929239], [-122.5447667, 37.892843], [-122.5448004, 37.8926899], [-122.5446694, 37.8923289], [-122.5446771, 37.8922298], [-122.5447116, 37.8921938], [-122.5448844, 37.8921253], [-122.5450101, 37.8920322], [-122.545067, 37.892024], [-122.5451405, 37.8920693], [-122.545163, 37.8921325], [-122.545174, 37.8922677], [-122.5453079, 37.8924665], [-122.5454163, 37.8925456], [-122.5455186, 37.8925671], [-122.5455869, 37.8925501], [-122.545701, 37.8924877], [-122.5459335, 37.8922346], [-122.5459986, 37.8921859], [-122.5463409, 37.892011], [-122.5464548, 37.8919787], [-122.546523, 37.8919898], [-122.546611, 37.892057], [-122.5466314, 37.8921472], [-122.5463891, 37.8923896], [-122.5462685, 37.8925424], [-122.546241, 37.8926234], [-122.5462065, 37.8929297], [-122.5460929, 37.8931546], [-122.5461069, 37.8932628], [-122.546209, 37.8934164], [-122.5463412, 37.8935341], [-122.5465241, 37.893652], [-122.5467738, 37.8937413], [-122.5470573, 37.8938712], [-122.5471936, 37.8939115], [-122.5473754, 37.8939426], [-122.547557, 37.8939999], [-122.5476593, 37.8940105], [-122.5478101, 37.8940625], [-122.5481931, 37.8941352], [-122.5483478, 37.8942358], [-122.5486013, 37.8943294], [-122.548715, 37.8943465], [-122.548729, 37.8943634], [-122.548669, 37.894422], [-122.548612, 37.8944456], [-122.5484414, 37.8944443], [-122.5482024, 37.894475], [-122.5478611, 37.8944794], [-122.5474057, 37.894565], [-122.5468826, 37.8945535], [-122.5465644, 37.8945062], [-122.546485, 37.8944675], [-122.5464395, 37.8944712], [-122.5461875, 37.89457], [-122.546056, 37.8947858], [-122.5459158, 37.8949294], [-122.5458992, 37.8949925], [-122.5459606, 37.8951099], [-122.5463209, 37.8952575], [-122.5464572, 37.8952868], [-122.5466834, 37.8953921], [-122.5468239, 37.8955188], [-122.5469484, 37.8957266], [-122.5470456, 37.8957908], [-122.5471819, 37.8958231], [-122.5472842, 37.8958237], [-122.5474437, 37.8957913], [-122.5476603, 37.8957015], [-122.5477058, 37.8957045], [-122.5477493, 37.8957837], [-122.5477926, 37.8960362], [-122.5478286, 37.8960816], [-122.5478887, 37.8961177], [-122.5479875, 37.896135], [-122.5480671, 37.89613], [-122.5484434, 37.8959763], [-122.5485117, 37.8959655], [-122.5485799, 37.8959811], [-122.5486162, 37.8960214], [-122.5486762, 37.8961929], [-122.5488557, 37.8964008], [-122.5488922, 37.8965272], [-122.548952, 37.8965725], [-122.5489854, 37.8966207], [-122.5490761, 37.8966629], [-122.5491666, 37.8967474], [-122.5492015, 37.8967987], [-122.5492198, 37.896907], [-122.5492792, 37.8969523], [-122.5494039, 37.8969979], [-122.5494721, 37.8970063], [-122.5496431, 37.8969502], [-122.5497683, 37.8969405], [-122.5498137, 37.8969553], [-122.5499269, 37.8970454], [-122.5500177, 37.8970748], [-122.5503132, 37.8971061], [-122.5504381, 37.8971355], [-122.5508132, 37.8971861], [-122.5509613, 37.8971426], [-122.5510635, 37.8971673], [-122.5511628, 37.8972659], [-122.5512672, 37.8973352], [-122.5512885, 37.8973926], [-122.5512666, 37.8974419], [-122.5511407, 37.8975662], [-122.5510489, 37.8976927], [-122.5510165, 37.8977611], [-122.5510194, 37.8978061], [-122.5510609, 37.8978604], [-122.5511838, 37.8979581], [-122.5514558, 37.8981259], [-122.5517285, 37.8981727], [-122.551876, 37.8982211], [-122.5520353, 37.8982227], [-122.5523306, 37.8982885], [-122.5525352, 37.8983115], [-122.5527054, 37.898373], [-122.552876, 37.8983757], [-122.553228, 37.8984833], [-122.5536941, 37.8985144], [-122.5539705, 37.8986015], [-122.5540351, 37.8986468], [-122.5540542, 37.8986829], [-122.5539992, 37.8988179], [-122.5540469, 37.8988451], [-122.5540331, 37.8988819], [-122.5539652, 37.898837], [-122.5538135, 37.8988983], [-122.5536119, 37.8989448], [-122.5534408, 37.8990223], [-122.5533611, 37.8990409], [-122.5530769, 37.8990072], [-122.552875, 37.899057], [-122.55269, 37.8990358], [-122.5525648, 37.8990517], [-122.5524393, 37.8991188], [-122.5523246, 37.8992857], [-122.5522676, 37.8993078], [-122.5522222, 37.8992885], [-122.5521769, 37.8992446], [-122.5520532, 37.8990219], [-122.5519965, 37.8989811], [-122.5519284, 37.8989575], [-122.5518033, 37.8989567], [-122.5515983, 37.8989993], [-122.5513936, 37.8990028], [-122.5512231, 37.898987], [-122.5509613, 37.8990166], [-122.5508023, 37.8989815], [-122.5506888, 37.8989393], [-122.550541, 37.8989216], [-122.5502004, 37.8988222], [-122.5500072, 37.8988025], [-122.5498818, 37.8988375], [-122.549825, 37.898833], [-122.5496976, 37.8987114], [-122.5496217, 37.8986012], [-122.5495064, 37.8984763], [-122.5494068, 37.8983964], [-122.5491687, 37.898275], [-122.5488848, 37.8981993], [-122.5487027, 37.8982151], [-122.5484423, 37.898319], [-122.5480753, 37.8985214], [-122.5479151, 37.8986784], [-122.5478581, 37.898694], [-122.5477856, 37.89865], [-122.5477224, 37.8985597], [-122.5476861, 37.8982801], [-122.5476112, 37.8981526], [-122.5475206, 37.8980889], [-122.5473391, 37.8980131], [-122.5471801, 37.8979644], [-122.5470892, 37.8979519], [-122.5469981, 37.8979696], [-122.546827, 37.8980493], [-122.5467587, 37.898063], [-122.5464178, 37.8980014], [-122.5462813, 37.8980067], [-122.5461218, 37.8980538], [-122.5460267, 37.8981114], [-122.5459619, 37.8982013], [-122.5459422, 37.8983094], [-122.5459624, 37.8985799], [-122.5459526, 37.898715], [-122.5459978, 37.8988955], [-122.5459913, 37.8989256], [-122.5459685, 37.898939], [-122.5455706, 37.8989124], [-122.545468, 37.8989421], [-122.5453538, 37.8990173], [-122.5453196, 37.8990248], [-122.5452252, 37.8988654], [-122.5448793, 37.8984956], [-122.5447208, 37.8983778], [-122.5445651, 37.8982861], [-122.5444376, 37.8981825], [-122.5443582, 37.8981541], [-122.5440168, 37.8981776], [-122.5437316, 37.8983258], [-122.5435488, 37.8984496], [-122.5433862, 37.89871]]}}, {"type": "Feature", "properties": {"id": 20, "elev_ft": 180, "elev_m": 54.864, "index_contour": false, "label": "180 ft", "length_m": 21.39, "n_vertices": 7}, "geometry": {"type": "LineString", "coordinates": [[-122.546706, 37.8918192], [-122.5467164, 37.8918681], [-122.5466942, 37.8918921], [-122.5466714, 37.8918926], [-122.546655, 37.8918769], [-122.5466601, 37.8918499], [-122.546706, 37.8918192]]}}, {"type": "Feature", "properties": {"id": 21, "elev_ft": 200, "elev_m": 60.96, "index_contour": true, "label": "200 ft", "length_m": 5343.75, "n_vertices": 335}, "geometry": {"type": "LineString", "coordinates": [[-122.5342294, 37.8913773], [-122.5344159, 37.8914415], [-122.5344636, 37.8915138], [-122.5344556, 37.8915949], [-122.5344694, 37.891631], [-122.5345261, 37.8917022], [-122.534628, 37.8917779], [-122.5347519, 37.8919566], [-122.5347096, 37.8920105], [-122.5346035, 37.8920635], [-122.5343301, 37.8921312], [-122.5342759, 37.892162], [-122.5341831, 37.8923239], [-122.5341985, 37.8924501], [-122.5343614, 37.8925842], [-122.5346702, 37.8927494], [-122.5350125, 37.8930662], [-122.5350758, 37.8931025], [-122.5351427, 37.8931197], [-122.535211, 37.8931091], [-122.5353023, 37.8930652], [-122.5354166, 37.892969], [-122.5354851, 37.8929322], [-122.5355803, 37.8928432], [-122.5357247, 37.8928056], [-122.5358726, 37.8927979], [-122.5360096, 37.8927165], [-122.5362823, 37.892771], [-122.536475, 37.8928582], [-122.5366795, 37.8929036], [-122.5368956, 37.8929047], [-122.5370015, 37.8928848], [-122.5371008, 37.892822], [-122.537269, 37.8925614], [-122.5373193, 37.8924437], [-122.5373535, 37.8924187], [-122.5374557, 37.8924465], [-122.5375675, 37.8925085], [-122.5376333, 37.8925899], [-122.5377154, 37.8927493], [-122.5378059, 37.8928215], [-122.537908, 37.892863], [-122.5379649, 37.8928583], [-122.5380172, 37.8928167], [-122.5381227, 37.8925828], [-122.538229, 37.8924689], [-122.538286, 37.8924474], [-122.538411, 37.8924603], [-122.5386379, 37.8925502], [-122.5388075, 37.8927036], [-122.5388755, 37.8927419], [-122.5389779, 37.8927469], [-122.5391259, 37.8927144], [-122.5392627, 37.8926702], [-122.5393316, 37.8926326], [-122.5396285, 37.8923666], [-122.5396759, 37.8922824], [-122.5396889, 37.8920842], [-122.5397831, 37.8919764], [-122.5398479, 37.8918326], [-122.5399051, 37.891778], [-122.5399507, 37.8917623], [-122.5400189, 37.891767], [-122.5403254, 37.8918642], [-122.5404185, 37.8919518], [-122.5405406, 37.8920109], [-122.5408851, 37.8916923], [-122.5409408, 37.8916678], [-122.5409976, 37.8916707], [-122.5410429, 37.8917086], [-122.5410952, 37.8918103], [-122.5411469, 37.8920358], [-122.5412108, 37.8921342], [-122.5412904, 37.8921416], [-122.5413697, 37.8921856], [-122.5414152, 37.8921925], [-122.541723, 37.8920777], [-122.5418254, 37.8920694], [-122.5418707, 37.8920891], [-122.541887, 37.8923001], [-122.5419223, 37.8924354], [-122.5419845, 37.8925708], [-122.5420014, 37.8926971], [-122.5419721, 37.8928502], [-122.5418382, 37.8931291], [-122.5418371, 37.8932372], [-122.5418796, 37.8932824], [-122.5420221, 37.8933627], [-122.5423854, 37.8934563], [-122.5425097, 37.8935966], [-122.5425792, 37.8937268], [-122.5426678, 37.8937738], [-122.5428041, 37.8937999], [-122.5429748, 37.8937865], [-122.5430467, 37.8937647], [-122.5432147, 37.8936119], [-122.5433746, 37.8935071], [-122.5434999, 37.8934797], [-122.5436705, 37.8934712], [-122.5437617, 37.8934347], [-122.5437932, 37.893389], [-122.5438023, 37.8932539], [-122.5438315, 37.8931854], [-122.5441633, 37.8928711], [-122.544243, 37.8928508], [-122.5444249, 37.8928742], [-122.5445476, 37.8928331], [-122.5446052, 37.8927973], [-122.5446422, 37.8927344], [-122.5446469, 37.8926623], [-122.5445558, 37.8923194], [-122.5445082, 37.8922021], [-122.5445105, 37.892148], [-122.5445661, 37.892093], [-122.5447596, 37.8920708], [-122.54486, 37.8920232], [-122.5448951, 37.8919782], [-122.5449957, 37.8917443], [-122.5450232, 37.8917507], [-122.5451024, 37.8918162], [-122.5452265, 37.8919807], [-122.5452626, 37.8920608], [-122.5452962, 37.8922322], [-122.5453607, 37.8923503], [-122.5454285, 37.8924178], [-122.5455194, 37.8924341], [-122.5455991, 37.8924162], [-122.5456676, 37.8923784], [-122.545771, 37.8922881], [-122.5458591, 37.8921803], [-122.5459206, 37.8921354], [-122.5462044, 37.8920096], [-122.5464326, 37.8918885], [-122.5466272, 37.8916749], [-122.5468893, 37.8916008], [-122.5470487, 37.8915757], [-122.5470663, 37.89159], [-122.5470609, 37.8916171], [-122.5469659, 37.8917249], [-122.5468647, 37.8918921], [-122.5467686, 37.8920846], [-122.5467346, 37.8922107], [-122.546478, 37.8924801], [-122.5463866, 37.8926239], [-122.5463757, 37.892705], [-122.5463982, 37.8928853], [-122.5463759, 37.8929574], [-122.546303, 37.8930833], [-122.5462773, 37.8931823], [-122.5462976, 37.8932815], [-122.5463533, 37.8933719], [-122.546466, 37.8934895], [-122.5466382, 37.8936048], [-122.5469105, 37.893709], [-122.5471713, 37.8938307], [-122.5475461, 37.8939132], [-122.5476712, 37.8939142], [-122.5478073, 37.8939874], [-122.5479435, 37.894031], [-122.548114, 37.8940532], [-122.5482961, 37.894027], [-122.5483978, 37.8941351], [-122.5485308, 37.8942185], [-122.5486359, 37.8942575], [-122.5489543, 37.8942589], [-122.5491248, 37.8942836], [-122.5491461, 37.8943019], [-122.5490988, 37.8943739], [-122.5490835, 37.8944459], [-122.5489533, 37.8944267], [-122.5488964, 37.8944328], [-122.5486796, 37.8945527], [-122.5482585, 37.8945896], [-122.5478832, 37.8945973], [-122.5474389, 37.8947156], [-122.5471207, 37.8946751], [-122.5468703, 37.8947036], [-122.5465064, 37.8946909], [-122.5464396, 37.8947242], [-122.5463884, 37.894787], [-122.5463219, 37.894931], [-122.5463394, 37.8949851], [-122.5464685, 37.8950848], [-122.5466513, 37.8951633], [-122.5469121, 37.8953078], [-122.5470745, 37.8954657], [-122.5471492, 37.895577], [-122.5472222, 37.8956285], [-122.5473194, 37.8956531], [-122.5474104, 37.8956551], [-122.5475015, 37.8956387], [-122.5477066, 37.8955694], [-122.5477634, 37.8955778], [-122.5478536, 37.8957481], [-122.5479126, 37.8959376], [-122.5480077, 37.89601], [-122.5481134, 37.8960091], [-122.5484554, 37.8958702], [-122.5485691, 37.8958796], [-122.5486713, 37.8959122], [-122.5487256, 37.8959587], [-122.5487911, 37.8960581], [-122.5488507, 37.8962116], [-122.5490364, 37.8963475], [-122.5492022, 37.8965122], [-122.5493364, 37.896592], [-122.5493565, 37.8966461], [-122.5493661, 37.8967904], [-122.5493936, 37.8968286], [-122.5494505, 37.8968302], [-122.549576, 37.8967687], [-122.5497012, 37.896754], [-122.5498828, 37.8968013], [-122.549918, 37.8968375], [-122.54996, 37.8969278], [-122.550041, 37.8969747], [-122.5502799, 37.8969715], [-122.5504957, 37.8970152], [-122.5508713, 37.8969795], [-122.551076, 37.8969836], [-122.5511327, 37.8970086], [-122.5512911, 37.8971428], [-122.5515429, 37.8972133], [-122.551561, 37.8972494], [-122.5515046, 37.8973393], [-122.5514712, 37.8974573], [-122.5512904, 37.8977711], [-122.5513068, 37.8978162], [-122.551359, 37.8978705], [-122.5515266, 37.8979703], [-122.5517862, 37.8980359], [-122.5519453, 37.8980583], [-122.5524561, 37.898216], [-122.5525926, 37.898215], [-122.5528086, 37.8982452], [-122.5532513, 37.8983883], [-122.5536037, 37.8984247], [-122.5538085, 37.8984153], [-122.5539675, 37.8984544], [-122.5541364, 37.8985751], [-122.5542434, 37.8986205], [-122.5545682, 37.8988041], [-122.5550221, 37.8989812], [-122.55509, 37.8990417], [-122.555192, 37.8991001], [-122.5553016, 37.8992555], [-122.5553114, 37.8993096], [-122.5553025, 37.8993456], [-122.55527, 37.8993597], [-122.5551339, 37.899302], [-122.5549295, 37.8992461], [-122.5547022, 37.8992212], [-122.5545661, 37.8991482], [-122.5541229, 37.8990826], [-122.5539635, 37.8991162], [-122.5538042, 37.8991218], [-122.5537017, 37.8991462], [-122.553599, 37.8991967], [-122.5534852, 37.8992094], [-122.5532464, 37.8992019], [-122.5531211, 37.8992209], [-122.5528597, 37.8991972], [-122.5526208, 37.8992012], [-122.5525263, 37.8992539], [-122.5523233, 37.8994967], [-122.5522776, 37.8995265], [-122.5522207, 37.8995355], [-122.5521753, 37.8995174], [-122.5521498, 37.8994869], [-122.5519956, 37.8991388], [-122.551939, 37.8990872], [-122.5518482, 37.8990543], [-122.5517459, 37.899048], [-122.5513133, 37.8991186], [-122.5509263, 37.899152], [-122.5506536, 37.8991195], [-122.5500403, 37.8989681], [-122.5499264, 37.8989819], [-122.549744, 37.8990584], [-122.5496378, 37.8989455], [-122.549588, 37.8988462], [-122.5495008, 37.8987467], [-122.5494009, 37.8985751], [-122.549342, 37.8985117], [-122.5491451, 37.8984162], [-122.5489065, 37.8983706], [-122.5488041, 37.8983756], [-122.5486902, 37.8984006], [-122.5483565, 37.898535], [-122.5480998, 37.8986963], [-122.5478568, 37.8989063], [-122.5478226, 37.8989153], [-122.5477941, 37.8988844], [-122.547744, 37.8987581], [-122.5475998, 37.8986312], [-122.5475589, 37.8984058], [-122.547474, 37.898265], [-122.5474174, 37.898215], [-122.5473267, 37.8981685], [-122.5471223, 37.898124], [-122.5470312, 37.8981353], [-122.5468033, 37.8982001], [-122.5464281, 37.8981819], [-122.5463369, 37.8982151], [-122.5462395, 37.8982835], [-122.5461849, 37.8983734], [-122.5461285, 37.8985805], [-122.5461383, 37.8987518], [-122.5461127, 37.898941], [-122.5461487, 37.8991033], [-122.5461378, 37.8991498], [-122.545911, 37.8990362], [-122.545786, 37.899017], [-122.5456722, 37.8990212], [-122.5455013, 37.8990743], [-122.5452499, 37.8992649], [-122.5452273, 37.8992427], [-122.5451947, 37.8990997], [-122.5451484, 37.8990094], [-122.544825, 37.8986656], [-122.5446743, 37.8985419], [-122.5445383, 37.8984634], [-122.544368, 37.8984053], [-122.5442203, 37.8983819], [-122.5441407, 37.8983844], [-122.5439243, 37.8984298], [-122.5437419, 37.8984998], [-122.5436045, 37.8986472], [-122.5434207, 37.8989265], [-122.5433636, 37.8989748], [-122.5433067, 37.8989824], [-122.543193, 37.8989628], [-122.5430482, 37.8988931], [-122.5429661, 37.8988732], [-122.5427188, 37.8989229]]}}, {"type": "Feature", "properties": {"id": 22, "elev_ft": 220, "elev_m": 67.056, "index_contour": false, "label": "220 ft", "length_m": 5439.1, "n_vertices": 323}, "geometry": {"type": "LineString", "coordinates": [[-122.5343643, 37.8912401], [-122.5344379, 37.8912722], [-122.5346781, 37.8915417], [-122.5347539, 37.891652], [-122.5349841, 37.8917863], [-122.5351274, 37.8919357], [-122.5351356, 37.8919942], [-122.5350925, 37.8920623], [-122.5348769, 37.8922275], [-122.5348388, 37.8922904], [-122.5348313, 37.8923625], [-122.5349263, 37.8923989], [-122.5349664, 37.8924802], [-122.535101, 37.8925272], [-122.535613, 37.8924971], [-122.5361246, 37.8925252], [-122.5363201, 37.8925847], [-122.5364528, 37.8927024], [-122.5367828, 37.8927526], [-122.5368967, 37.8927238], [-122.5370819, 37.8925787], [-122.5371784, 37.8924168], [-122.5372213, 37.8922548], [-122.5372524, 37.8922202], [-122.5372866, 37.8922084], [-122.5374002, 37.8922354], [-122.5377399, 37.8924748], [-122.5378759, 37.8925472], [-122.5379328, 37.8925372], [-122.5381958, 37.892323], [-122.5382984, 37.8922838], [-122.5385366, 37.8923745], [-122.538707, 37.8924092], [-122.5388088, 37.8925077], [-122.5388881, 37.8925511], [-122.5389789, 37.8925774], [-122.5390472, 37.8925747], [-122.5391955, 37.8925021], [-122.5394043, 37.8923354], [-122.5394512, 37.8922365], [-122.5394326, 37.8921373], [-122.5394441, 37.8920832], [-122.5396462, 37.8919128], [-122.5398214, 37.8916341], [-122.5399175, 37.8916147], [-122.540054, 37.8916177], [-122.5401528, 37.8916444], [-122.5404057, 37.891748], [-122.5405307, 37.891763], [-122.540679, 37.8916963], [-122.5408737, 37.8914762], [-122.5408974, 37.891458], [-122.5409307, 37.8914565], [-122.5411121, 37.8915445], [-122.5413059, 37.8919102], [-122.5413824, 37.8919774], [-122.5414846, 37.8920054], [-122.5415869, 37.8920034], [-122.5417577, 37.8919694], [-122.5419402, 37.8918883], [-122.5419812, 37.8918948], [-122.5420038, 37.891967], [-122.5420192, 37.8922375], [-122.5420669, 37.8924269], [-122.5421183, 37.8925145], [-122.5422008, 37.8925987], [-122.5422305, 37.8926709], [-122.5422628, 37.8928423], [-122.5422426, 37.8929774], [-122.5422521, 37.8930315], [-122.5423645, 37.893171], [-122.5425005, 37.893245], [-122.5426145, 37.8933304], [-122.5426813, 37.8934388], [-122.5427704, 37.8935293], [-122.5428511, 37.8935578], [-122.5429851, 37.8935391], [-122.5431479, 37.8933796], [-122.5434439, 37.8933398], [-122.5435703, 37.893298], [-122.5436493, 37.8932319], [-122.5437434, 37.8930463], [-122.5439454, 37.8929209], [-122.5440748, 37.8927502], [-122.5441415, 37.892721], [-122.5443557, 37.8927152], [-122.544423, 37.8926794], [-122.5444833, 37.8926228], [-122.5445053, 37.8925896], [-122.5445015, 37.8925445], [-122.5444343, 37.892337], [-122.5443604, 37.8922569], [-122.5443047, 37.8920624], [-122.5443324, 37.8920301], [-122.5443961, 37.8920023], [-122.5446806, 37.891982], [-122.5447504, 37.8919506], [-122.5448383, 37.8918248], [-122.5449108, 37.891523], [-122.5449676, 37.8915461], [-122.5452013, 37.8917992], [-122.5453582, 37.8920251], [-122.5454075, 37.8921695], [-122.5454639, 37.8922177], [-122.5454995, 37.892287], [-122.5455429, 37.8923117], [-122.5455771, 37.8923014], [-122.5458722, 37.8920721], [-122.5461934, 37.8919448], [-122.5463646, 37.8918487], [-122.5464109, 37.8917948], [-122.5464413, 37.8917228], [-122.5464382, 37.8915606], [-122.5464576, 37.8915234], [-122.5467076, 37.8915498], [-122.5470721, 37.8914663], [-122.5472222, 37.8914735], [-122.5472813, 37.8915188], [-122.5472821, 37.8915729], [-122.5471305, 37.8917075], [-122.5470153, 37.8918873], [-122.5469874, 37.8919683], [-122.5469741, 37.8921034], [-122.5469222, 37.8921934], [-122.5468964, 37.8922982], [-122.5466452, 37.8924511], [-122.5465683, 37.8925345], [-122.5465036, 37.8926424], [-122.5464993, 37.8927776], [-122.5465596, 37.892895], [-122.5464542, 37.89321], [-122.5465218, 37.8933725], [-122.5465989, 37.8934539], [-122.5466842, 37.8935145], [-122.5472513, 37.8937692], [-122.5475467, 37.893828], [-122.5476946, 37.8938204], [-122.5478535, 37.8939184], [-122.5480121, 37.8939715], [-122.5481372, 37.8939751], [-122.5483649, 37.8939324], [-122.5484778, 37.8940724], [-122.5486931, 37.8942005], [-122.549273, 37.8942211], [-122.5492892, 37.8942394], [-122.5492848, 37.8943115], [-122.5493, 37.8943476], [-122.5493763, 37.894429], [-122.5494825, 37.8945015], [-122.5494498, 37.8945194], [-122.5492711, 37.8945432], [-122.548964, 37.8945332], [-122.5487247, 37.8946185], [-122.5485196, 37.8946702], [-122.5479394, 37.8946925], [-122.5478369, 37.8947251], [-122.5476086, 37.8948503], [-122.5474719, 37.89489], [-122.5471536, 37.8948739], [-122.5468648, 37.8949151], [-122.546846, 37.894942], [-122.5468627, 37.8949691], [-122.5471443, 37.8951685], [-122.5473683, 37.8953857], [-122.5473987, 37.8954309], [-122.5474021, 37.895494], [-122.5474454, 37.8955035], [-122.54773, 37.8954583], [-122.5478209, 37.8954724], [-122.547872, 37.8955138], [-122.5479027, 37.895586], [-122.5479703, 37.8956584], [-122.5480577, 37.8958055], [-122.5481257, 37.8958499], [-122.5484447, 37.8957722], [-122.5487174, 37.8958023], [-122.5487902, 37.8958238], [-122.548904, 37.8959324], [-122.5489998, 37.8961287], [-122.5492263, 37.8962838], [-122.5494863, 37.8965526], [-122.5495317, 37.8965708], [-122.5497023, 37.8965677], [-122.5497931, 37.8965919], [-122.5499859, 37.8966817], [-122.5500764, 37.8967739], [-122.5501217, 37.8967991], [-122.550576, 37.8969034], [-122.5507125, 37.8969017], [-122.5508265, 37.8968677], [-122.5510314, 37.8968339], [-122.551202, 37.8968304], [-122.5512359, 37.8968516], [-122.5513244, 37.8969871], [-122.5515869, 37.8971431], [-122.551655, 37.8971635], [-122.5518663, 37.8971604], [-122.5518617, 37.8971784], [-122.5517274, 37.8972861], [-122.5516307, 37.8974152], [-122.5515381, 37.8976369], [-122.5515333, 37.897736], [-122.5515605, 37.8977812], [-122.5516509, 37.897841], [-122.5519234, 37.8979103], [-122.5520933, 37.898032], [-122.5524793, 37.898142], [-122.5526614, 37.8981268], [-122.5527751, 37.8981364], [-122.5529793, 37.8982318], [-122.5533199, 37.8983212], [-122.5536382, 37.8983548], [-122.5538661, 37.8982962], [-122.5539684, 37.8983021], [-122.5540364, 37.8983395], [-122.5541267, 37.8984603], [-122.5542183, 37.8985303], [-122.554614, 37.8987437], [-122.5549228, 37.8988574], [-122.5550385, 37.8988489], [-122.5552304, 37.8987234], [-122.5553264, 37.8987058], [-122.5553365, 37.8987238], [-122.5552947, 37.8990031], [-122.5553217, 37.8991203], [-122.5555319, 37.899325], [-122.5557634, 37.8994465], [-122.5558793, 37.899528], [-122.5559678, 37.8998078], [-122.5559497, 37.8998315], [-122.5559156, 37.8998243], [-122.5556434, 37.8996946], [-122.5555104, 37.8996528], [-122.5553598, 37.8995677], [-122.5552122, 37.8995196], [-122.5548995, 37.8993441], [-122.5546675, 37.8993054], [-122.5543383, 37.8992027], [-122.554236, 37.8991882], [-122.5541162, 37.8992059], [-122.5539851, 37.8993018], [-122.5538596, 37.899363], [-122.553689, 37.8993688], [-122.553382, 37.899338], [-122.5532342, 37.8993402], [-122.5530524, 37.8993], [-122.5529045, 37.8993162], [-122.5526884, 37.8993131], [-122.5525816, 37.8993713], [-122.5523565, 37.8996438], [-122.5521172, 37.8997156], [-122.5520719, 37.8996857], [-122.5520447, 37.8996397], [-122.5519377, 37.8993113], [-122.5518925, 37.8992599], [-122.5518273, 37.8992333], [-122.5517107, 37.8992204], [-122.5515968, 37.8992492], [-122.5514831, 37.8992488], [-122.5510164, 37.8992972], [-122.5507438, 37.8992484], [-122.550596, 37.8992368], [-122.5503235, 37.899147], [-122.5501417, 37.8991156], [-122.5499939, 37.8991074], [-122.5498915, 37.8991172], [-122.5497432, 37.8991858], [-122.549675, 37.8991834], [-122.5495877, 37.8991256], [-122.5494604, 37.8988907], [-122.5492906, 37.8986648], [-122.5491441, 37.8985702], [-122.5489624, 37.8985273], [-122.5487576, 37.8985451], [-122.5484156, 37.8986692], [-122.5481186, 37.8988765], [-122.5478897, 37.8991093], [-122.5478212, 37.8991423], [-122.547776, 37.8990991], [-122.5476299, 37.898818], [-122.5474703, 37.8986668], [-122.5473569, 37.898432], [-122.5472346, 37.8983519], [-122.5470869, 37.8983266], [-122.5465862, 37.8983744], [-122.5464721, 37.8984246], [-122.5463807, 37.8984995], [-122.5463369, 37.8985813], [-122.5462164, 37.8989233], [-122.5462993, 37.8992571], [-122.5462854, 37.8993562], [-122.5462615, 37.8993808], [-122.5462047, 37.899372], [-122.5461274, 37.8993286], [-122.5459558, 37.8991599], [-122.5458536, 37.8991314], [-122.5457398, 37.8991271], [-122.5456146, 37.8991524], [-122.5455233, 37.8991926], [-122.5454089, 37.8992977], [-122.5453211, 37.8994246], [-122.5452829, 37.8994435], [-122.5452375, 37.8994388], [-122.5451447, 37.8993338], [-122.5451025, 37.8991849], [-122.5450486, 37.8990811], [-122.5447224, 37.8987644], [-122.5445602, 37.8986375], [-122.5444744, 37.8985922], [-122.544333, 37.8985455], [-122.5442193, 37.8985404], [-122.5438638, 37.8986258], [-122.5434196, 37.8991054], [-122.5431464, 37.8991466], [-122.5430401, 37.8991995], [-122.5429185, 37.899213], [-122.5428628, 37.8992348], [-122.5427927, 37.8993201], [-122.5427858, 37.8994148], [-122.5427135, 37.8994686], [-122.5426921, 37.8995046], [-122.5426834, 37.8995586], [-122.5427032, 37.899632]]}}, {"type": "Feature", "properties": {"id": 23, "elev_ft": 240, "elev_m": 73.152, "index_contour": false, "label": "240 ft", "length_m": 5425.46, "n_vertices": 348}, "geometry": {"type": "LineString", "coordinates": [[-122.5344721, 37.8911304], [-122.5345638, 37.8911446], [-122.5346915, 37.8912173], [-122.5350051, 37.8914972], [-122.5354149, 37.8916888], [-122.5355157, 37.8917974], [-122.5355501, 37.8920769], [-122.5356348, 37.8922035], [-122.5356868, 37.8922487], [-122.5357863, 37.8922852], [-122.536228, 37.8923493], [-122.5366081, 37.8924957], [-122.5367614, 37.8925352], [-122.5368298, 37.8925137], [-122.5369056, 37.8924518], [-122.5370565, 37.8922902], [-122.5371092, 37.8922002], [-122.5371709, 37.8921374], [-122.5373331, 37.8920487], [-122.5374357, 37.892019], [-122.5375037, 37.8920458], [-122.5376191, 37.8922023], [-122.5377637, 37.8923084], [-122.5378317, 37.8923371], [-122.5379114, 37.8923319], [-122.5380275, 37.892285], [-122.5381069, 37.8922312], [-122.5382312, 37.8921114], [-122.5382882, 37.8920903], [-122.5383563, 37.8921156], [-122.5384729, 37.8922236], [-122.53856, 37.8922749], [-122.5387431, 37.8923238], [-122.5389118, 37.8924029], [-122.5389799, 37.8924115], [-122.5390596, 37.8923972], [-122.5391489, 37.8923525], [-122.5392197, 37.8922719], [-122.5392627, 37.8921817], [-122.5392743, 37.8920826], [-122.5393224, 37.8920106], [-122.5395092, 37.8918852], [-122.5395684, 37.8918223], [-122.5396083, 37.8917324], [-122.5396278, 37.8915612], [-122.5396718, 37.8915073], [-122.5397593, 37.8914579], [-122.5398162, 37.8914528], [-122.5399865, 37.8914957], [-122.5402819, 37.8915427], [-122.5403954, 37.891582], [-122.540566, 37.8915857], [-122.5406123, 37.891565], [-122.5407122, 37.8914663], [-122.5408523, 37.8912624], [-122.5408978, 37.8912553], [-122.5410676, 37.8913811], [-122.5411925, 37.8914235], [-122.541261, 37.8914684], [-122.5413452, 37.8915679], [-122.5413379, 37.891658], [-122.5413695, 37.8917302], [-122.5415538, 37.8918496], [-122.5416674, 37.8918707], [-122.541747, 37.8918649], [-122.5420778, 37.8917125], [-122.5421461, 37.8917078], [-122.5421647, 37.8917604], [-122.5421397, 37.892265], [-122.5422006, 37.8923644], [-122.542355, 37.8925002], [-122.5423736, 37.8925904], [-122.5424301, 37.8926987], [-122.5424909, 37.8929568], [-122.5426035, 37.8930689], [-122.5426881, 37.8931234], [-122.5428875, 37.8931921], [-122.5431262, 37.8932221], [-122.5432741, 37.8932035], [-122.5434337, 37.8931457], [-122.5435825, 37.892991], [-122.5438221, 37.8928648], [-122.5438545, 37.8928214], [-122.5439052, 37.8926864], [-122.5441539, 37.8925465], [-122.5442111, 37.8924998], [-122.5442645, 37.8923994], [-122.544266, 37.8922642], [-122.5442233, 37.8921739], [-122.5441097, 37.8920473], [-122.5440997, 37.8919752], [-122.5441235, 37.8919537], [-122.5441804, 37.8919377], [-122.5445787, 37.8918994], [-122.5446928, 37.8918471], [-122.5447272, 37.8917969], [-122.5447716, 37.8916623], [-122.5447931, 37.8915092], [-122.5447644, 37.8913739], [-122.5447982, 37.8913412], [-122.5448551, 37.8913381], [-122.5449004, 37.8913706], [-122.5452105, 37.891682], [-122.5454951, 37.8920166], [-122.5455332, 37.8920401], [-122.5455787, 37.8920441], [-122.5457052, 37.8920264], [-122.5460229, 37.891933], [-122.5461483, 37.8918868], [-122.5462577, 37.8918213], [-122.5463056, 37.8917674], [-122.5463324, 37.8917044], [-122.5463358, 37.8914701], [-122.5463787, 37.8914058], [-122.5464356, 37.8914039], [-122.5466058, 37.8914633], [-122.5467536, 37.8914665], [-122.5471296, 37.8913617], [-122.5474141, 37.8913293], [-122.5476079, 37.891248], [-122.5476648, 37.8912458], [-122.5476921, 37.891268], [-122.5476924, 37.891304], [-122.5475835, 37.8915235], [-122.5473699, 37.8916273], [-122.5472068, 37.8917507], [-122.5470935, 37.8919146], [-122.5470649, 37.8919956], [-122.547073, 37.8921038], [-122.5470326, 37.8923444], [-122.5467992, 37.8924633], [-122.5467198, 37.8925261], [-122.5466749, 37.892589], [-122.5466556, 37.8926971], [-122.5467233, 37.8929407], [-122.54671, 37.8930198], [-122.5466534, 37.8931297], [-122.546648, 37.8932378], [-122.5466739, 37.8933331], [-122.5467481, 37.8934365], [-122.5468775, 37.8935192], [-122.5470024, 37.893551], [-122.547279, 37.8936819], [-122.5473768, 37.893713], [-122.5475359, 37.8937335], [-122.5476952, 37.8937135], [-122.5477434, 37.8937197], [-122.5478703, 37.8938193], [-122.5480013, 37.8938798], [-122.5480922, 37.8938928], [-122.5481832, 37.8938877], [-122.5482857, 37.8938588], [-122.5484112, 37.8938007], [-122.5484681, 37.8937964], [-122.5486198, 37.8940205], [-122.5487051, 37.8941032], [-122.5487844, 37.8941434], [-122.5491824, 37.8941654], [-122.5493646, 37.894131], [-122.54941, 37.8941359], [-122.5494343, 37.8942309], [-122.5496288, 37.8944119], [-122.5498054, 37.894683], [-122.5497592, 37.8946919], [-122.5494185, 37.8946112], [-122.5492365, 37.8946209], [-122.5490659, 37.8946123], [-122.5489065, 37.8946417], [-122.5487698, 37.8946857], [-122.5485187, 37.8948161], [-122.548189, 37.8948025], [-122.5480183, 37.8948133], [-122.5478789, 37.8948829], [-122.5477166, 37.8950535], [-122.5477004, 37.8951076], [-122.5477163, 37.8952248], [-122.5478563, 37.8952651], [-122.5479243, 37.8953076], [-122.5480082, 37.8953881], [-122.5481387, 37.8955919], [-122.5482179, 37.8956516], [-122.5482974, 37.8956687], [-122.5487636, 37.8956897], [-122.5489214, 37.8957341], [-122.5489905, 37.8957895], [-122.5491138, 37.8959422], [-122.5492394, 37.8960029], [-122.5493073, 37.8960588], [-122.5494103, 37.8961776], [-122.5494877, 37.89632], [-122.5496012, 37.8963569], [-122.5497035, 37.8963686], [-122.5499534, 37.8964303], [-122.5500441, 37.8964764], [-122.5502138, 37.8966259], [-122.5503614, 37.8966547], [-122.5505315, 37.8967468], [-122.5506677, 37.8967898], [-122.5513167, 37.8966782], [-122.5513462, 37.8967078], [-122.5513455, 37.896843], [-122.551361, 37.8968881], [-122.5515988, 37.8970502], [-122.5516783, 37.8970659], [-122.552281, 37.8970839], [-122.5522885, 37.897108], [-122.5522614, 37.8971349], [-122.5520688, 37.8972423], [-122.5520192, 37.8973232], [-122.5518989, 37.897449], [-122.5518361, 37.897611], [-122.5517681, 37.8976467], [-122.5517577, 37.8976737], [-122.5517603, 37.8977188], [-122.5517906, 37.897755], [-122.5519467, 37.8978209], [-122.552162, 37.8979626], [-122.552514, 37.898051], [-122.5527076, 37.8980114], [-122.5527645, 37.8980122], [-122.5528212, 37.898034], [-122.5529571, 37.8981377], [-122.5530526, 37.8981834], [-122.5535591, 37.8982786], [-122.5536842, 37.8982737], [-122.553935, 37.8981862], [-122.5540487, 37.8981891], [-122.5541091, 37.8982235], [-122.5541812, 37.898386], [-122.5542753, 37.8984765], [-122.5546259, 37.8986688], [-122.5549209, 37.8987825], [-122.5550006, 37.8987745], [-122.5552518, 37.8986171], [-122.5554796, 37.8985523], [-122.5555479, 37.8985458], [-122.5555588, 37.8985714], [-122.5554108, 37.8988323], [-122.5553895, 37.8989584], [-122.5554078, 37.8990936], [-122.5555311, 37.8992293], [-122.555623, 37.8992956], [-122.5557478, 37.8993447], [-122.5559775, 37.8993662], [-122.5560859, 37.8994477], [-122.5560891, 37.8994837], [-122.5560217, 37.8995646], [-122.5560112, 37.8996186], [-122.5560933, 37.8998443], [-122.5561248, 37.9000607], [-122.5560857, 37.9001056], [-122.5560504, 37.9001052], [-122.5559445, 37.8999609], [-122.5558583, 37.8998904], [-122.5555406, 37.8997694], [-122.5553364, 37.899671], [-122.5551207, 37.8995973], [-122.5549256, 37.8995064], [-122.5548207, 37.8994159], [-122.5543036, 37.8992993], [-122.5542353, 37.8993055], [-122.5541555, 37.8993419], [-122.5540182, 37.8994736], [-122.5539269, 37.8995237], [-122.5537678, 37.8994918], [-122.5536313, 37.8995064], [-122.5535403, 37.8995009], [-122.5533131, 37.8994511], [-122.5532221, 37.8994501], [-122.55304, 37.8994763], [-122.5528468, 37.8994384], [-122.5527103, 37.8994439], [-122.552619, 37.899492], [-122.5523901, 37.8997274], [-122.5521731, 37.8998737], [-122.5521162, 37.8998844], [-122.5520073, 37.8998288], [-122.5519014, 37.8995941], [-122.5517939, 37.8994765], [-122.5517209, 37.899423], [-122.5516074, 37.8993771], [-122.5513003, 37.8993856], [-122.5511407, 37.8994421], [-122.5510724, 37.8994499], [-122.5507984, 37.8994006], [-122.5506976, 37.8993516], [-122.5506066, 37.8993508], [-122.5503567, 37.8993023], [-122.5501069, 37.899225], [-122.5499021, 37.8992481], [-122.5497425, 37.8992965], [-122.5496402, 37.8992916], [-122.5495317, 37.8992425], [-122.5494815, 37.8992037], [-122.5493404, 37.8989444], [-122.5492425, 37.8988268], [-122.5490999, 37.8987181], [-122.5489501, 37.8986809], [-122.5488363, 37.8986883], [-122.5487109, 37.898731], [-122.5482415, 37.8989672], [-122.5481632, 37.8990237], [-122.5479176, 37.8992814], [-122.5478658, 37.8992997], [-122.5477977, 37.8992692], [-122.5477235, 37.8992086], [-122.5475608, 37.8989499], [-122.5473911, 37.8988046], [-122.5472181, 37.8986118], [-122.5471196, 37.8985534], [-122.5470174, 37.8985285], [-122.5467228, 37.8985558], [-122.5466417, 37.8985875], [-122.546516, 37.8986921], [-122.5463769, 37.8988699], [-122.5463406, 37.8989419], [-122.5463369, 37.8990139], [-122.5464204, 37.8992666], [-122.5464353, 37.8993929], [-122.5464121, 37.8994559], [-122.5463175, 37.8995289], [-122.5462607, 37.8995152], [-122.54617, 37.8994618], [-122.5459436, 37.8992839], [-122.5458755, 37.8992592], [-122.5457959, 37.8992551], [-122.5456821, 37.8992714], [-122.5456019, 37.8993085], [-122.5454075, 37.8995334], [-122.545248, 37.8995744], [-122.5451911, 37.8995716], [-122.5451345, 37.8995347], [-122.5450899, 37.8994688], [-122.5449549, 37.899146], [-122.5447633, 37.8989358], [-122.5446033, 37.8987999], [-122.544423, 37.8987085], [-122.5443208, 37.8986813], [-122.544207, 37.8986951], [-122.5439791, 37.8987675], [-122.5438657, 37.8988151], [-122.5437508, 37.8988944], [-122.5437246, 37.8989588], [-122.543575, 37.8991745], [-122.5433265, 37.899471], [-122.5433262, 37.8995701], [-122.5432892, 37.8996331], [-122.5433734, 37.8997834]]}}, {"type": "Feature", "properties": {"id": 24, "elev_ft": 260, "elev_m": 79.248, "index_contour": false, "label": "260 ft", "length_m": 5508.96, "n_vertices": 368}, "geometry": {"type": "LineString", "coordinates": [[-122.5346448, 37.8909547], [-122.5347579, 37.8910208], [-122.5350665, 37.8912729], [-122.5354379, 37.891399], [-122.5357662, 37.8916371], [-122.5358658, 37.8916816], [-122.5358929, 37.8917448], [-122.5359996, 37.8918804], [-122.536, 37.8919165], [-122.535951, 37.8919974], [-122.5359396, 37.8920604], [-122.5359623, 37.8921146], [-122.5360244, 37.8921761], [-122.5360812, 37.8921922], [-122.5363541, 37.8922009], [-122.5365468, 37.8922962], [-122.5366605, 37.8922994], [-122.5367514, 37.8923211], [-122.5368197, 37.8923097], [-122.5368539, 37.8922884], [-122.5369597, 37.8921276], [-122.5371469, 37.8920021], [-122.5372217, 37.8919033], [-122.5372887, 37.8918735], [-122.537414, 37.8918497], [-122.5375049, 37.8918604], [-122.5375731, 37.8918866], [-122.5377862, 37.8920948], [-122.5378784, 37.8921465], [-122.5379353, 37.8921472], [-122.5379923, 37.8921268], [-122.5382208, 37.8919583], [-122.5382778, 37.8919357], [-122.5383347, 37.8919349], [-122.5384368, 37.891976], [-122.5385394, 37.8921247], [-122.5386505, 37.8922063], [-122.5387649, 37.8922507], [-122.5389126, 37.8922736], [-122.5389581, 37.8922688], [-122.539061, 37.892179], [-122.5391023, 37.8920819], [-122.5392059, 37.8919922], [-122.539256, 37.8919082], [-122.5394019, 37.8917766], [-122.5394254, 37.8917046], [-122.5393825, 37.8916233], [-122.5393893, 37.8915512], [-122.5394325, 37.8914883], [-122.5395802, 37.8913537], [-122.5396578, 37.8913152], [-122.5397375, 37.8913019], [-122.5400325, 37.891413], [-122.5404761, 37.8914018], [-122.5405331, 37.8913771], [-122.5406673, 37.8912768], [-122.5407736, 37.8911075], [-122.5408308, 37.8910593], [-122.5408763, 37.8910506], [-122.5411366, 37.8912639], [-122.5413182, 37.8913245], [-122.5414092, 37.8913238], [-122.5414432, 37.8913394], [-122.5414602, 37.8914782], [-122.541485, 37.8915324], [-122.541553, 37.8915957], [-122.5416687, 37.891656], [-122.5418391, 37.8916901], [-122.5421013, 37.891593], [-122.5422265, 37.8915798], [-122.542305, 37.8915987], [-122.5423469, 37.8918512], [-122.5423334, 37.8919863], [-122.5423529, 37.8920495], [-122.5424501, 37.892158], [-122.5424954, 37.8922483], [-122.5425857, 37.8923404], [-122.5427574, 37.892682], [-122.5428471, 37.8928085], [-122.5429828, 37.8929442], [-122.543082, 37.8929992], [-122.5431502, 37.8930098], [-122.5433095, 37.892992], [-122.5434808, 37.8928836], [-122.5436518, 37.8928198], [-122.5437059, 37.8927488], [-122.5437204, 37.8925686], [-122.5437447, 37.8925146], [-122.5438132, 37.8924722], [-122.5440069, 37.8924186], [-122.5440861, 37.8923627], [-122.5441123, 37.8923177], [-122.5441145, 37.8922636], [-122.5439703, 37.8920107], [-122.5439583, 37.8919476], [-122.5439722, 37.8918936], [-122.5440331, 37.8918504], [-122.5444541, 37.8918248], [-122.5445338, 37.8918051], [-122.5445909, 37.8917693], [-122.5446517, 37.8916799], [-122.5446853, 37.8915628], [-122.5446736, 37.8914546], [-122.5446037, 37.8913192], [-122.544628, 37.8912799], [-122.5448558, 37.8912224], [-122.5449013, 37.8912265], [-122.5450242, 37.8913839], [-122.5454324, 37.8917915], [-122.5455795, 37.8919083], [-122.5456931, 37.8919331], [-122.5460073, 37.8918564], [-122.5461045, 37.8918207], [-122.5461745, 37.8917759], [-122.5462184, 37.891722], [-122.5462418, 37.891659], [-122.5462513, 37.8914157], [-122.5463338, 37.8913068], [-122.5464251, 37.8912573], [-122.5464933, 37.8912583], [-122.5467315, 37.891363], [-122.5468339, 37.8913645], [-122.5470161, 37.8913241], [-122.5471644, 37.8912405], [-122.5472783, 37.8912239], [-122.547392, 37.8912257], [-122.5474831, 37.8912065], [-122.547677, 37.8911099], [-122.5479389, 37.8910658], [-122.5480235, 37.891071], [-122.548043, 37.8910891], [-122.5480312, 37.8911161], [-122.5478392, 37.8912776], [-122.5477482, 37.8913854], [-122.5477048, 37.8914663], [-122.5476741, 37.8915925], [-122.5474461, 37.8916692], [-122.5472695, 37.8918162], [-122.5472094, 37.891897], [-122.5471661, 37.892014], [-122.5471476, 37.8921852], [-122.5471871, 37.8923656], [-122.5471363, 37.8924105], [-122.5469014, 37.8925268], [-122.546861, 37.8925717], [-122.5468198, 37.8926616], [-122.5468116, 37.8927878], [-122.5468483, 37.8929412], [-122.5468198, 37.8931844], [-122.5468413, 37.8933016], [-122.5469503, 37.8933922], [-122.5471281, 37.8934554], [-122.5472078, 37.8935284], [-122.5473434, 37.8935947], [-122.547491, 37.8936289], [-122.5477186, 37.8936039], [-122.5478436, 37.8936284], [-122.547893, 37.8936572], [-122.547972, 37.8937476], [-122.5480701, 37.8937925], [-122.5482293, 37.8937907], [-122.5485028, 37.8936957], [-122.5485483, 37.8936947], [-122.5485754, 37.8937319], [-122.5486154, 37.8938891], [-122.5486604, 37.8939662], [-122.5487509, 37.8940468], [-122.5488416, 37.8940898], [-122.5490008, 37.8941047], [-122.5491828, 37.8940948], [-122.5493764, 37.8940611], [-122.5496038, 37.894071], [-122.5496214, 37.8940965], [-122.5495955, 37.8941775], [-122.5497296, 37.8943312], [-122.5497907, 37.8944937], [-122.5499268, 37.8946564], [-122.5499546, 37.8947196], [-122.5499361, 37.8947917], [-122.549895, 37.8948135], [-122.5497019, 37.894762], [-122.5495428, 37.8947474], [-122.5494293, 37.8947038], [-122.5493384, 37.8946941], [-122.5490311, 37.8947175], [-122.5487731, 37.8947962], [-122.5485923, 37.8949127], [-122.548568, 37.8949486], [-122.5485582, 37.8950207], [-122.5484602, 37.8950836], [-122.5484307, 37.8951194], [-122.5484178, 37.8952906], [-122.5484451, 37.8954259], [-122.5484693, 37.8954615], [-122.5485713, 37.8955217], [-122.5488782, 37.8955551], [-122.5489917, 37.8955966], [-122.5493785, 37.895817], [-122.5497165, 37.8960968], [-122.5498641, 37.8961465], [-122.5501206, 37.8962615], [-122.5502645, 37.8963431], [-122.5503392, 37.8964336], [-122.5505329, 37.8965189], [-122.5508281, 37.8966029], [-122.5513174, 37.8965589], [-122.5515098, 37.8965732], [-122.5515233, 37.8966003], [-122.5514704, 37.8967804], [-122.5514708, 37.8968435], [-122.5515404, 37.8969158], [-122.5516561, 37.8969754], [-122.5518947, 37.897012], [-122.5521905, 37.8970134], [-122.5523386, 37.8969747], [-122.5527502, 37.8968213], [-122.5528708, 37.8968127], [-122.5526798, 37.8969712], [-122.5525315, 37.89705], [-122.5522503, 37.897261], [-122.5521543, 37.8973508], [-122.5520269, 37.8974314], [-122.5520084, 37.8974764], [-122.5519916, 37.8976837], [-122.5520341, 37.8977559], [-122.5521012, 37.8978193], [-122.552242, 37.8978926], [-122.552492, 37.8979379], [-122.5525716, 37.8979321], [-122.5526857, 37.8978805], [-122.5527994, 37.8978857], [-122.5528561, 37.8979158], [-122.5529804, 37.8980472], [-122.5530824, 37.898109], [-122.5535482, 37.8981996], [-122.5536847, 37.8981929], [-122.5538444, 37.8981176], [-122.5539811, 37.8980789], [-122.5541061, 37.8981011], [-122.5541515, 37.898122], [-122.5541853, 37.8981603], [-122.5542516, 37.8983322], [-122.5543321, 37.8984226], [-122.554665, 37.8986041], [-122.5548987, 37.8986983], [-122.5549897, 37.8986868], [-122.5551687, 37.898579], [-122.5552864, 37.8985268], [-122.5556396, 37.8984268], [-122.5557192, 37.8984259], [-122.5557443, 37.898464], [-122.5557183, 37.898554], [-122.5555713, 37.8987067], [-122.555507, 37.8988236], [-122.5554842, 37.8989677], [-122.5555219, 37.8990908], [-122.5556123, 37.8991952], [-122.5557369, 37.8992692], [-122.5558278, 37.8992861], [-122.5562259, 37.8992937], [-122.5562735, 37.8993132], [-122.556341, 37.8993765], [-122.5563239, 37.8994125], [-122.556157, 37.8995471], [-122.5561185, 37.89961], [-122.5561244, 37.8996822], [-122.5561955, 37.8998627], [-122.5562064, 37.8999889], [-122.5562622, 37.9001243], [-122.5562434, 37.9001647], [-122.5561065, 37.9002393], [-122.5560044, 37.9001942], [-122.5558818, 37.9000237], [-122.555801, 37.8999584], [-122.5556988, 37.899933], [-122.5555396, 37.8999321], [-122.5554369, 37.8998508], [-122.5552903, 37.8997681], [-122.5550406, 37.8996873], [-122.5549386, 37.8996309], [-122.5548364, 37.8995986], [-122.5547233, 37.8994861], [-122.5544394, 37.8994209], [-122.554337, 37.8994254], [-122.5542344, 37.8994597], [-122.5540705, 37.8995753], [-122.5539943, 37.8996631], [-122.5539487, 37.8996794], [-122.5537898, 37.8996255], [-122.5535735, 37.8996506], [-122.5533351, 37.8995847], [-122.553062, 37.8995892], [-122.5527892, 37.8995604], [-122.5526638, 37.8996096], [-122.5525675, 37.8996687], [-122.5524598, 37.8997945], [-122.5524197, 37.8998664], [-122.5523532, 37.8999112], [-122.5521725, 37.8999796], [-122.5519338, 37.8999517], [-122.5518544, 37.8999199], [-122.5517951, 37.8998731], [-122.5516492, 37.8995841], [-122.551595, 37.8995498], [-122.5515609, 37.8995531], [-122.5514613, 37.8996104], [-122.5512077, 37.899637], [-122.5510943, 37.8995849], [-122.5509465, 37.8995753], [-122.5508332, 37.8995056], [-122.5506171, 37.8995068], [-122.5503332, 37.8994241], [-122.5501626, 37.899423], [-122.5499696, 37.8993722], [-122.5498786, 37.8993733], [-122.5497419, 37.8994069], [-122.5496736, 37.8994075], [-122.5494239, 37.8993227], [-122.5493559, 37.8992824], [-122.5492662, 37.8991604], [-122.5492065, 37.899016], [-122.5491064, 37.8988804], [-122.5490776, 37.8988532], [-122.5490401, 37.8988434], [-122.5488466, 37.8988626], [-122.5486346, 37.8989777], [-122.5484245, 37.8990666], [-122.5482076, 37.8991941], [-122.5480246, 37.8993713], [-122.5479105, 37.8994314], [-122.547831, 37.899407], [-122.5476616, 37.8992984], [-122.5474477, 37.8990453], [-122.547186, 37.8988577], [-122.5469818, 37.898769], [-122.5468568, 37.8987523], [-122.5467885, 37.8987583], [-122.5465947, 37.8988321], [-122.5464937, 37.8989695], [-122.5464847, 37.8990956], [-122.5465911, 37.8994566], [-122.5465449, 37.8995386], [-122.5464192, 37.8996377], [-122.5463622, 37.8996523], [-122.5462486, 37.8996363], [-122.5459313, 37.8994448], [-122.5458518, 37.8994179], [-122.5457836, 37.8994128], [-122.5456736, 37.899462], [-122.5455035, 37.8996326], [-122.5453154, 37.899715], [-122.5452471, 37.8997201], [-122.5451211, 37.8996672], [-122.5450088, 37.8995496], [-122.5449582, 37.8994683], [-122.5448525, 37.8992065], [-122.544683, 37.8989795], [-122.544615, 37.8989283], [-122.5444449, 37.8988517], [-122.5443085, 37.8988267], [-122.5440352, 37.8988878], [-122.543921, 37.8989628], [-122.5437785, 37.8992114], [-122.543676, 37.8994543], [-122.5436837, 37.8995985], [-122.5437883, 37.8997612], [-122.5438681, 37.8998426], [-122.5440171, 37.8999085]]}}, {"type": "Feature", "properties": {"id": 25, "elev_ft": 260, "elev_m": 79.248, "index_contour": false, "label": "260 ft", "length_m": 15.11, "n_vertices": 3}, "geometry": {"type": "LineString", "coordinates": [[-122.5343854, 37.8900199], [-122.5344571, 37.8900167], [-122.5345333, 37.890068]]}}, {"type": "Feature", "properties": {"id": 26, "elev_ft": 280, "elev_m": 85.344, "index_contour": false, "label": "280 ft", "length_m": 5415.13, "n_vertices": 358}, "geometry": {"type": "LineString", "coordinates": [[-122.535103, 37.8895761], [-122.5349815, 37.8897493], [-122.5349527, 37.8899024], [-122.5349656, 37.8899386], [-122.5350783, 37.8900472], [-122.5351113, 37.8901014], [-122.5351276, 37.8901916], [-122.5351113, 37.8902996], [-122.535092, 37.89034], [-122.5350115, 37.8904074], [-122.53496, 37.8905424], [-122.5348623, 37.8906881], [-122.5348451, 37.8907492], [-122.5348622, 37.8908124], [-122.5349499, 37.8908939], [-122.5351561, 37.8909934], [-122.5353151, 37.8910304], [-122.5354511, 37.8911078], [-122.5356554, 37.8911768], [-122.535926, 37.8914475], [-122.5361602, 37.8915836], [-122.5363086, 37.8918276], [-122.5364013, 37.8919288], [-122.5364579, 37.8919651], [-122.5365374, 37.8919827], [-122.5366621, 37.8920407], [-122.5367418, 37.892034], [-122.5370226, 37.8918304], [-122.5371623, 37.8916687], [-122.5372346, 37.8916329], [-122.5373358, 37.8916108], [-122.5374754, 37.8916339], [-122.5376448, 37.8917607], [-122.5377888, 37.8919261], [-122.5378682, 37.8919548], [-122.5380845, 37.8919301], [-122.5381416, 37.891885], [-122.5382448, 37.8917543], [-122.5383931, 37.8916789], [-122.5384507, 37.8916738], [-122.5385113, 37.8917191], [-122.5385639, 37.8918905], [-122.5386412, 37.8920127], [-122.5387705, 37.8920896], [-122.5388568, 37.8920924], [-122.5389711, 37.8920124], [-122.5391648, 37.8917667], [-122.5392086, 37.8916497], [-122.5392071, 37.8914784], [-122.5392299, 37.8914064], [-122.5395111, 37.8911348], [-122.5395794, 37.891119], [-122.5396703, 37.891136], [-122.5400672, 37.8913237], [-122.5403516, 37.8913053], [-122.5404428, 37.8912741], [-122.5405569, 37.8912054], [-122.5406256, 37.8911391], [-122.5407747, 37.8909358], [-122.5408318, 37.8908948], [-122.5408888, 37.8908834], [-122.5411378, 37.8910714], [-122.5412853, 37.8911219], [-122.5414558, 37.8911443], [-122.5415125, 37.8911699], [-122.5415689, 37.8912479], [-122.5416332, 37.8914338], [-122.5417386, 37.8915063], [-122.5418628, 37.8915306], [-122.5420564, 37.8914938], [-122.5422954, 37.8914727], [-122.5424091, 37.8914746], [-122.5424579, 37.8914911], [-122.5425035, 37.8916625], [-122.5425222, 37.891969], [-122.5425421, 37.8920286], [-122.542725, 37.8922312], [-122.5428785, 37.8925292], [-122.5429666, 37.8926377], [-122.5430837, 37.8927296], [-122.5432426, 37.892778], [-122.5433451, 37.8927676], [-122.5434615, 37.8927118], [-122.543504, 37.8926488], [-122.5434996, 37.8925046], [-122.5435236, 37.8924506], [-122.5435861, 37.8924101], [-122.5438143, 37.8923166], [-122.5438797, 37.8922627], [-122.5438968, 37.8921907], [-122.543837, 37.8920282], [-122.5438256, 37.891929], [-122.5438473, 37.89183], [-122.5438972, 37.8917536], [-122.5439656, 37.8917285], [-122.5441815, 37.8917553], [-122.544375, 37.8917417], [-122.5444547, 37.8917198], [-122.5445179, 37.8916703], [-122.5445635, 37.8915894], [-122.544576, 37.8915083], [-122.5445603, 37.8914452], [-122.5444682, 37.8912646], [-122.5444695, 37.8912285], [-122.5445008, 37.8912016], [-122.544731, 37.8911766], [-122.5449134, 37.8911097], [-122.5449589, 37.8911078], [-122.5449871, 37.8911404], [-122.5450313, 37.8912577], [-122.5450991, 37.8913481], [-122.5454671, 37.8916914], [-122.545637, 37.8918008], [-122.5456938, 37.8918172], [-122.5457848, 37.8918193], [-122.5459898, 37.8917712], [-122.5460981, 37.8917035], [-122.546149, 37.8916045], [-122.5461503, 37.8914423], [-122.546176, 37.8913793], [-122.5463002, 37.8912252], [-122.5464831, 37.8910732], [-122.5465215, 37.8910832], [-122.5465734, 37.8911813], [-122.5466187, 37.8912219], [-122.546732, 37.8912874], [-122.5468229, 37.8913002], [-122.5469482, 37.8912701], [-122.5472106, 37.8911298], [-122.5474073, 37.8911227], [-122.5475065, 37.8911045], [-122.5476549, 37.8910147], [-122.5478711, 37.8909944], [-122.5480871, 37.8910003], [-122.5482579, 37.8909765], [-122.548275, 37.8909998], [-122.548248, 37.8910448], [-122.5479832, 37.8912501], [-122.5478435, 37.8913947], [-122.547801, 37.8914757], [-122.5477938, 37.8916019], [-122.5477751, 37.8916468], [-122.5477304, 37.8916727], [-122.547514, 37.8917369], [-122.5473167, 37.8919065], [-122.5472702, 37.8920054], [-122.5472537, 37.8921586], [-122.5472627, 37.8922217], [-122.5473159, 37.8923391], [-122.5473154, 37.8923841], [-122.5472594, 37.8924421], [-122.5470769, 37.8925272], [-122.5470192, 37.8925723], [-122.5469679, 37.8926622], [-122.546944, 37.8927973], [-122.5470329, 37.8929419], [-122.5470011, 37.8930589], [-122.5470508, 37.8931402], [-122.5470365, 37.8932123], [-122.5470471, 37.8932394], [-122.5471345, 37.8933478], [-122.5473782, 37.8934849], [-122.5474917, 37.8935092], [-122.5477536, 37.8934705], [-122.5478331, 37.8934829], [-122.5478898, 37.8935146], [-122.5480367, 37.8936614], [-122.5480935, 37.8936858], [-122.5481957, 37.8937024], [-122.5483551, 37.8936804], [-122.548549, 37.8935871], [-122.5485945, 37.8935796], [-122.5486366, 37.893633], [-122.5486836, 37.8938225], [-122.5487211, 37.8939037], [-122.5487968, 37.8939792], [-122.5488989, 37.8940238], [-122.549024, 37.8940327], [-122.5492971, 37.8939951], [-122.549536, 37.8939995], [-122.5497066, 37.893985], [-122.5497521, 37.8939916], [-122.5497858, 37.894016], [-122.549774, 37.8941269], [-122.5498592, 37.8942866], [-122.5498923, 37.894449], [-122.5499495, 37.8945484], [-122.5500698, 37.894693], [-122.550109, 37.8947833], [-122.5501182, 37.8948645], [-122.5500493, 37.8949002], [-122.5499512, 37.8949073], [-122.5497014, 37.8948463], [-122.5493263, 37.8948062], [-122.5490988, 37.8948181], [-122.5489278, 37.8948751], [-122.5488396, 37.8949317], [-122.5487648, 37.8950125], [-122.5487444, 37.8950665], [-122.548898, 37.8953194], [-122.549208, 37.895556], [-122.5493948, 37.8956368], [-122.5495255, 37.8957232], [-122.5501317, 37.8960452], [-122.5504775, 37.896272], [-122.5507384, 37.8963942], [-122.5512498, 37.8964574], [-122.5515456, 37.8964484], [-122.5516592, 37.8964653], [-122.5516791, 37.8964927], [-122.5516783, 37.8965378], [-122.5516009, 37.8968079], [-122.551638, 37.8968621], [-122.5517361, 37.8969126], [-122.551952, 37.896953], [-122.552225, 37.8969389], [-122.5523276, 37.8969069], [-122.5525443, 37.8968038], [-122.5527228, 37.8967491], [-122.5529548, 37.8966285], [-122.5530117, 37.8966317], [-122.5531077, 37.8967415], [-122.5531401, 37.8968408], [-122.5528734, 37.8969221], [-122.5527249, 37.8970388], [-122.5525651, 37.8971284], [-122.5524624, 37.8972168], [-122.5522277, 37.8975043], [-122.5522136, 37.8977115], [-122.5522427, 37.8977714], [-122.5523222, 37.897802], [-122.5524472, 37.8978209], [-122.5526977, 37.8977786], [-122.5528341, 37.897781], [-122.5529248, 37.8978333], [-122.5530264, 37.8979606], [-122.553117, 37.8980253], [-122.5535942, 37.8981169], [-122.5536896, 37.8981047], [-122.5537993, 37.8980427], [-122.5539818, 37.8979688], [-122.5540842, 37.8979644], [-122.5542514, 37.8980437], [-122.5543343, 37.8982874], [-122.5544115, 37.8983768], [-122.5547521, 37.8985594], [-122.5548992, 37.8986095], [-122.5549789, 37.8986017], [-122.5551842, 37.8984977], [-122.5555148, 37.89838], [-122.5557427, 37.8983127], [-122.5558451, 37.8983005], [-122.5558617, 37.8983202], [-122.5558623, 37.8983743], [-122.5558328, 37.8985274], [-122.5556994, 37.8987072], [-122.5556641, 37.8987791], [-122.5556107, 37.898833], [-122.5555655, 37.898932], [-122.5555674, 37.8989861], [-122.5556309, 37.8990854], [-122.5557148, 37.8991668], [-122.5558169, 37.8992114], [-122.5563059, 37.8992277], [-122.5564989, 37.8992807], [-122.5565215, 37.8993064], [-122.5565102, 37.8993592], [-122.5564639, 37.899427], [-122.556293, 37.8995386], [-122.5562269, 37.8996195], [-122.5562269, 37.8997006], [-122.5562872, 37.899863], [-122.5563438, 37.9000976], [-122.5563529, 37.9002508], [-122.5563238, 37.9003048], [-122.5561626, 37.9003648], [-122.5561171, 37.9003562], [-122.5559357, 37.9002561], [-122.5558231, 37.9001137], [-122.5557662, 37.9000714], [-122.5556981, 37.9000562], [-122.5555501, 37.9000753], [-122.5554479, 37.9000496], [-122.5554069, 37.900022], [-122.5553566, 37.8999316], [-122.555301, 37.8998822], [-122.5550514, 37.8997806], [-122.5548921, 37.8997825], [-122.554824, 37.8997668], [-122.5547674, 37.899723], [-122.5546659, 37.8995835], [-122.5546092, 37.8995529], [-122.5545297, 37.8995344], [-122.5543932, 37.8995321], [-122.5542678, 37.8995718], [-122.5541536, 37.899646], [-122.5540551, 37.8997825], [-122.5539593, 37.899811], [-122.5539024, 37.899808], [-122.5537776, 37.8997637], [-122.5535272, 37.8997854], [-122.5533116, 37.8997013], [-122.5530955, 37.8997034], [-122.5529136, 37.8996797], [-122.552834, 37.8996897], [-122.5527541, 37.8997289], [-122.552683, 37.8997953], [-122.552669, 37.8998313], [-122.5526797, 37.8999305], [-122.552628, 37.9000024], [-122.5525589, 37.900028], [-122.552354, 37.9000622], [-122.5522623, 37.9001669], [-122.5520457, 37.9002605], [-122.5518871, 37.9001348], [-122.5518234, 37.9000444], [-122.5517026, 37.8999358], [-122.5516169, 37.8997913], [-122.5514915, 37.8997309], [-122.551412, 37.8997223], [-122.5510137, 37.8997542], [-122.5508548, 37.8996887], [-122.5507299, 37.8996586], [-122.5501727, 37.899632], [-122.5501046, 37.8996073], [-122.5500254, 37.8995434], [-122.5497519, 37.8996326], [-122.549695, 37.8996371], [-122.5496269, 37.8996054], [-122.5494912, 37.899485], [-122.549355, 37.8994324], [-122.5492055, 37.8993494], [-122.5489927, 37.8991514], [-122.5489247, 37.8991203], [-122.5488451, 37.8991099], [-122.5486971, 37.8991256], [-122.5484349, 37.899236], [-122.5479779, 37.8995645], [-122.5479437, 37.8995741], [-122.5475016, 37.899327], [-122.5473929, 37.8991802], [-122.5473096, 37.8991139], [-122.5470714, 37.8989969], [-122.5469124, 37.8989692], [-122.5467758, 37.8989867], [-122.5467127, 37.8990424], [-122.546686, 37.8991865], [-122.5467153, 37.899439], [-122.5467066, 37.8995291], [-122.5466402, 37.899637], [-122.5464754, 37.8997462], [-122.5464184, 37.8997585], [-122.5462479, 37.8997386], [-122.5460209, 37.8996582], [-122.5459072, 37.8996604], [-122.5457589, 37.8997357], [-122.545552, 37.8998131], [-122.5451239, 37.9000991]]}}, {"type": "Feature", "properties": {"id": 27, "elev_ft": 280, "elev_m": 85.344, "index_contour": false, "label": "280 ft", "length_m": 277.18, "n_vertices": 19}, "geometry": {"type": "LineString", "coordinates": [[-122.5443122, 37.8989611], [-122.5442395, 37.8989596], [-122.5441142, 37.8989933], [-122.544001, 37.899068], [-122.5438955, 37.8993109], [-122.5438849, 37.8995182], [-122.5439639, 37.8996537], [-122.5441445, 37.8997806], [-122.5442456, 37.8998106], [-122.544473, 37.8998218], [-122.5445238, 37.8998001], [-122.544576, 37.8997285], [-122.5447015, 37.8996537], [-122.5447842, 37.8995487], [-122.5447977, 37.8994767], [-122.5447416, 37.8992962], [-122.5445915, 37.8990586], [-122.5445104, 37.8990069], [-122.5443122, 37.8989611]]}}, {"type": "Feature", "properties": {"id": 28, "elev_ft": 300, "elev_m": 91.44, "index_contour": true, "label": "300 ft", "length_m": 5205.37, "n_vertices": 349}, "geometry": {"type": "LineString", "coordinates": [[-122.5361389, 37.8897782], [-122.535983, 37.8897055], [-122.5358914, 37.8896808], [-122.5357675, 37.8896141], [-122.5355516, 37.8895943], [-122.5355288, 37.8896006], [-122.5354821, 37.8896612], [-122.535391, 37.8897329], [-122.5353792, 37.8897689], [-122.5354138, 37.8899313], [-122.5354504, 37.8900306], [-122.5355675, 37.8901753], [-122.5355784, 37.8902925], [-122.5355466, 37.8903859], [-122.53542, 37.8905352], [-122.5354163, 37.8906163], [-122.5353788, 37.8906973], [-122.5353784, 37.8907423], [-122.5354043, 37.8907695], [-122.5355777, 37.8908596], [-122.5357366, 37.8909182], [-122.5358456, 37.8910056], [-122.5359519, 37.8910488], [-122.5362237, 37.8912343], [-122.5363713, 37.8912608], [-122.5364419, 37.8912963], [-122.5364958, 37.8913561], [-122.5365631, 37.8915113], [-122.5366016, 37.8916845], [-122.536664, 37.8917475], [-122.5366981, 37.8917483], [-122.5368456, 37.8916945], [-122.5369339, 37.8915957], [-122.536965, 37.8914967], [-122.5370202, 37.8914698], [-122.5370979, 37.8914616], [-122.5373593, 37.891491], [-122.5374728, 37.8915427], [-122.5376275, 37.8915894], [-122.5378015, 37.8917095], [-122.5378583, 37.8917253], [-122.5380292, 37.8916834], [-122.5382918, 37.8915119], [-122.5383943, 37.8914926], [-122.5384964, 37.8915276], [-122.5385746, 37.8915751], [-122.5386495, 37.8916475], [-122.5387449, 37.8917973], [-122.538836, 37.891785], [-122.5389611, 37.8917919], [-122.5390246, 37.8917571], [-122.5390519, 37.8917122], [-122.5390187, 37.8915768], [-122.5390284, 37.8913966], [-122.5392376, 37.8912213], [-122.5393407, 37.8910969], [-122.5394268, 37.8910377], [-122.539546, 37.8910006], [-122.539637, 37.8909997], [-122.5400338, 37.8911981], [-122.5401474, 37.8912208], [-122.5402612, 37.8912087], [-122.540398, 37.8911666], [-122.5404996, 37.8911049], [-122.5406765, 37.8908713], [-122.5408213, 37.8907633], [-122.5409011, 37.8907336], [-122.5409578, 37.8907542], [-122.5410822, 37.8908656], [-122.5411616, 37.8909091], [-122.5412864, 37.8909458], [-122.5415024, 37.8909687], [-122.5416061, 37.8910101], [-122.5416687, 37.8910734], [-122.5417734, 37.8912713], [-122.5419208, 37.8913563], [-122.5420235, 37.8913813], [-122.5421821, 37.8913912], [-122.5424781, 37.8913459], [-122.5426028, 37.8914061], [-122.5426679, 37.8914829], [-122.5426426, 37.891627], [-122.5426977, 37.8917985], [-122.5429311, 37.8920788], [-122.5430523, 37.8922949], [-122.5431089, 37.8923303], [-122.5435073, 37.8922819], [-122.5435985, 37.8922504], [-122.5436623, 37.8922078], [-122.5437076, 37.8921359], [-122.5436973, 37.8919466], [-122.5437242, 37.8918025], [-122.5437724, 37.891701], [-122.5438411, 37.8916317], [-122.5439322, 37.8916119], [-122.5441366, 37.8916581], [-122.5442162, 37.8916625], [-122.5443301, 37.8916466], [-122.544403, 37.8916068], [-122.5444391, 37.8915529], [-122.5444457, 37.8914898], [-122.54435, 37.891165], [-122.5443662, 37.891129], [-122.544413, 37.891105], [-122.5446973, 37.8911062], [-122.5448113, 37.8910711], [-122.544914, 37.8910071], [-122.545005, 37.8910087], [-122.5450389, 37.8910473], [-122.5451176, 37.89124], [-122.5452755, 37.8914049], [-122.5456038, 37.8916594], [-122.5457059, 37.8916962], [-122.5458309, 37.891708], [-122.5459448, 37.8916829], [-122.5460179, 37.8916311], [-122.5460453, 37.8915771], [-122.5460617, 37.891433], [-122.5460912, 37.891361], [-122.5463411, 37.8910735], [-122.5464086, 37.8909566], [-122.5464402, 37.8909297], [-122.5465295, 37.8909258], [-122.5466141, 37.8909484], [-122.5466654, 37.8910107], [-122.5467163, 37.8911471], [-122.5467894, 37.8911993], [-122.5468575, 37.8912133], [-122.5469259, 37.8911927], [-122.5471656, 37.8910501], [-122.5473704, 37.891035], [-122.5474388, 37.8910174], [-122.5476444, 37.8908594], [-122.5477243, 37.8908259], [-122.5477925, 37.8908172], [-122.5478614, 37.890827], [-122.5480877, 37.8909049], [-122.548304, 37.8908703], [-122.5484749, 37.8908255], [-122.5484855, 37.8908745], [-122.5483994, 37.8910273], [-122.5481425, 37.8912442], [-122.5480283, 37.8913211], [-122.5479174, 37.8914401], [-122.5478928, 37.8915121], [-122.5479, 37.8916744], [-122.5478783, 37.8917194], [-122.5478324, 37.8917396], [-122.5477068, 37.8917457], [-122.5475826, 37.8917993], [-122.5474561, 37.8918947], [-122.5473874, 37.8919753], [-122.5473569, 37.8920598], [-122.5473573, 37.892168], [-122.5474729, 37.8923757], [-122.5474181, 37.8924386], [-122.547159, 37.8926359], [-122.5471009, 37.8927348], [-122.5471439, 37.8930234], [-122.5472217, 37.893204], [-122.5473452, 37.8932978], [-122.5475153, 37.893375], [-122.5476291, 37.8933692], [-122.5477772, 37.8933184], [-122.5478227, 37.8933213], [-122.5480472, 37.8935496], [-122.5481168, 37.8935921], [-122.5481849, 37.893612], [-122.5483442, 37.8936026], [-122.5485951, 37.8934799], [-122.548652, 37.8934732], [-122.5486812, 37.893516], [-122.548783, 37.8938319], [-122.5488428, 37.8939044], [-122.5489221, 37.8939423], [-122.5490586, 37.8939495], [-122.5492749, 37.8939111], [-122.5494454, 37.893932], [-122.5495705, 37.8939311], [-122.5497049, 37.8939075], [-122.5497984, 37.8938619], [-122.5498324, 37.8938735], [-122.5499703, 37.8940167], [-122.5499952, 37.8941339], [-122.5499875, 37.8943773], [-122.5500163, 37.8944855], [-122.5503202, 37.8948111], [-122.5503438, 37.8948653], [-122.5502013, 37.8949329], [-122.5500532, 37.894971], [-122.5496098, 37.8949533], [-122.5494732, 37.8949691], [-122.5493809, 37.8949968], [-122.5493258, 37.8950327], [-122.5493091, 37.8950777], [-122.5493276, 37.8951949], [-122.5493948, 37.8953123], [-122.5495212, 37.895439], [-122.5498388, 37.8956655], [-122.5500616, 37.8957926], [-122.5503888, 37.8958991], [-122.5505811, 37.8960782], [-122.550717, 37.8961648], [-122.5509893, 37.8962723], [-122.5512391, 37.8963401], [-122.5513187, 37.896347], [-122.5514553, 37.8963287], [-122.5516827, 37.8963372], [-122.5518288, 37.8963761], [-122.5518482, 37.8964303], [-122.5517627, 37.8967274], [-122.5517768, 37.8967815], [-122.5518252, 37.8968268], [-122.5519866, 37.8968727], [-122.5521914, 37.8968571], [-122.552351, 37.8967919], [-122.5524766, 37.8967211], [-122.5526656, 37.8966587], [-122.5528073, 37.8965678], [-122.5529669, 37.8965125], [-122.5530692, 37.8965273], [-122.5531825, 37.8965947], [-122.5532696, 37.8967692], [-122.5533178, 37.8967946], [-122.5534201, 37.8968088], [-122.5534291, 37.8968329], [-122.553283, 37.8969134], [-122.5530667, 37.8969413], [-122.5529573, 37.8969753], [-122.5526201, 37.8971903], [-122.5525567, 37.8972622], [-122.5524478, 37.8974691], [-122.5524492, 37.8975322], [-122.5525054, 37.8975948], [-122.5526417, 37.8976346], [-122.5528578, 37.8976304], [-122.5529259, 37.8976438], [-122.5530174, 37.8977146], [-122.5530936, 37.8978771], [-122.5531403, 37.8979263], [-122.5532311, 37.897959], [-122.5535379, 37.8980084], [-122.5536062, 37.8980097], [-122.5536859, 37.8979896], [-122.5539484, 37.8978498], [-122.5540963, 37.8978311], [-122.5541645, 37.8978383], [-122.5543342, 37.8979974], [-122.5543982, 37.8981885], [-122.5544915, 37.8983247], [-122.5546274, 37.8984129], [-122.5548884, 37.8985214], [-122.554968, 37.8985165], [-122.5555266, 37.898302], [-122.5556976, 37.8982438], [-122.5558115, 37.898222], [-122.555937, 37.8981583], [-122.5559658, 37.8982034], [-122.5559718, 37.8982666], [-122.5559321, 37.8985007], [-122.5558578, 37.8986627], [-122.5556869, 37.8988874], [-122.5556727, 37.8989775], [-122.5557659, 37.899086], [-122.5558742, 37.8991424], [-122.5566693, 37.8991885], [-122.5567009, 37.8992067], [-122.5566621, 37.8993327], [-122.5565659, 37.8994585], [-122.5565157, 37.8995034], [-122.5563834, 37.8995744], [-122.5563292, 37.8996559], [-122.5563278, 37.899719], [-122.5563805, 37.8998634], [-122.5564773, 37.9003234], [-122.5564467, 37.9003774], [-122.5562298, 37.9005276], [-122.556139, 37.9005005], [-122.5560032, 37.9003791], [-122.5558556, 37.9003485], [-122.5556973, 37.9001896], [-122.5555154, 37.9001682], [-122.5553452, 37.9001024], [-122.5552416, 37.8999763], [-122.5551529, 37.8999165], [-122.5550281, 37.8998768], [-122.554846, 37.8998959], [-122.5547892, 37.8998816], [-122.5547137, 37.899812], [-122.5546085, 37.8996605], [-122.5545632, 37.8996346], [-122.554495, 37.8996209], [-122.5543926, 37.8996302], [-122.5543162, 37.8996663], [-122.5542212, 37.8997588], [-122.5541523, 37.8998756], [-122.5540952, 37.8999101], [-122.5539132, 37.8999127], [-122.5537656, 37.899871], [-122.5535038, 37.8998942], [-122.5533334, 37.8998542], [-122.5530833, 37.8998358], [-122.5529695, 37.8998455], [-122.5526951, 37.9000794], [-122.5524786, 37.9001488], [-122.5523638, 37.9003142], [-122.5521703, 37.9003356], [-122.5520222, 37.9003848], [-122.5519882, 37.900365], [-122.5518796, 37.9002339], [-122.5517685, 37.9001524], [-122.5517207, 37.9000621], [-122.5515589, 37.8998782], [-122.5514648, 37.8998267], [-122.5512862, 37.8998252], [-122.5509787, 37.8998876], [-122.5509106, 37.8998698], [-122.5507408, 37.8997699], [-122.5506612, 37.8997405], [-122.55056, 37.8997332], [-122.5504222, 37.8997537], [-122.5501722, 37.8997175], [-122.5499445, 37.8997482], [-122.5498192, 37.8997829], [-122.5496486, 37.8997792], [-122.5495232, 37.8997382], [-122.5494108, 37.8996057], [-122.5491952, 37.8995223], [-122.5490326, 37.8993668], [-122.5489123, 37.899284], [-122.5488442, 37.8992614], [-122.5487759, 37.899272], [-122.5485821, 37.8993454], [-122.5481597, 37.8995866], [-122.5480763, 37.8996696], [-122.5480226, 37.8996872], [-122.5479658, 37.8996861], [-122.5478637, 37.8996453], [-122.5477412, 37.8995331], [-122.5473795, 37.8993785], [-122.5472177, 37.89926], [-122.5471269, 37.8992214], [-122.5470474, 37.89921], [-122.5469676, 37.8992324], [-122.5469027, 37.8993045], [-122.5468782, 37.8995388], [-122.54681, 37.8997008], [-122.5467451, 37.8997726], [-122.5465595, 37.8999044]]}}, {"type": "Feature", "properties": {"id": 29, "elev_ft": 300, "elev_m": 91.44, "index_contour": true, "label": "300 ft", "length_m": 38.25, "n_vertices": 3}, "geometry": {"type": "LineString", "coordinates": [[-122.546336, 37.8999114], [-122.5461218, 37.899899], [-122.5459038, 37.8999233]]}}, {"type": "Feature", "properties": {"id": 30, "elev_ft": 320, "elev_m": 97.536, "index_contour": false, "label": "320 ft", "length_m": 5022.36, "n_vertices": 330}, "geometry": {"type": "LineString", "coordinates": [[-122.5373471, 37.889844], [-122.5371411, 37.8900194], [-122.5370159, 37.8900329], [-122.536902, 37.8900636], [-122.5368452, 37.8900595], [-122.5364933, 37.8899514], [-122.5363682, 37.8899427], [-122.5361747, 37.8899665], [-122.5360724, 37.8899599], [-122.5359097, 37.8900414], [-122.5358747, 37.8901494], [-122.5359187, 37.8902217], [-122.5359219, 37.8903119], [-122.5360105, 37.8904384], [-122.5359552, 37.8906274], [-122.5360367, 37.8906818], [-122.5360923, 37.8907722], [-122.5361405, 37.8908174], [-122.5363124, 37.8908992], [-122.5364185, 37.8909954], [-122.5365663, 37.8910075], [-122.536838, 37.891198], [-122.5370536, 37.8912862], [-122.5374281, 37.8914111], [-122.5376208, 37.8915082], [-122.5379161, 37.8915729], [-122.5381117, 37.8914561], [-122.5384064, 37.8913727], [-122.5384859, 37.8913868], [-122.538656, 37.8914753], [-122.5387241, 37.8914847], [-122.5387811, 37.8914755], [-122.5388337, 37.8914319], [-122.5388688, 37.8913419], [-122.5389303, 37.891257], [-122.5391138, 37.8911446], [-122.539285, 37.8909104], [-122.5394218, 37.8908594], [-122.5394903, 37.8908112], [-122.5395585, 37.8908279], [-122.5396718, 37.8908986], [-122.5400573, 37.8910872], [-122.5401595, 37.8911024], [-122.5402961, 37.8910821], [-122.5403875, 37.8910324], [-122.5405354, 37.8908347], [-122.540685, 37.8907268], [-122.5407994, 37.8906174], [-122.5408565, 37.8905898], [-122.5409247, 37.890587], [-122.5410192, 37.8906112], [-122.5412421, 37.8907526], [-122.5415261, 37.8908071], [-122.5417192, 37.8908754], [-122.5417993, 37.8909388], [-122.5419108, 37.8911223], [-122.5421375, 37.8912501], [-122.5422625, 37.8912765], [-122.5425812, 37.8912239], [-122.5426792, 37.8912396], [-122.5427356, 37.8912939], [-122.5427714, 37.8913571], [-122.5428066, 37.8916457], [-122.5428831, 37.8917631], [-122.5431904, 37.892022], [-122.5432698, 37.8920644], [-122.5434174, 37.8921041], [-122.5434857, 37.8920927], [-122.5435341, 37.8920451], [-122.5435959, 37.8917839], [-122.5436821, 37.8916004], [-122.5437279, 37.8915459], [-122.5437963, 37.8915167], [-122.543876, 37.8915089], [-122.5441714, 37.8915574], [-122.544237, 37.8915431], [-122.5442854, 37.891511], [-122.5443029, 37.8914171], [-122.5442293, 37.8911194], [-122.544256, 37.8910835], [-122.5443908, 37.8910107], [-122.5446637, 37.8910283], [-122.5447662, 37.8909998], [-122.5448691, 37.8909167], [-122.5450624, 37.8909236], [-122.5450947, 37.8909605], [-122.5451972, 37.8911964], [-122.5453101, 37.8913247], [-122.5456159, 37.8915409], [-122.5457294, 37.8915801], [-122.5458317, 37.8915884], [-122.5458886, 37.891576], [-122.5459338, 37.8915406], [-122.5460185, 37.8913336], [-122.5462589, 37.8910371], [-122.5463364, 37.8908867], [-122.5463935, 37.8908447], [-122.5467344, 37.8908897], [-122.5467758, 37.890922], [-122.5468359, 37.891029], [-122.546904, 37.8910523], [-122.5471422, 37.8909684], [-122.5474165, 37.8909298], [-122.5474936, 37.8908707], [-122.5475883, 37.8907362], [-122.5476796, 37.8906883], [-122.5477934, 37.8906834], [-122.5481565, 37.8908067], [-122.5482134, 37.8908145], [-122.5483386, 37.8907982], [-122.548578, 37.890699], [-122.5486573, 37.8907039], [-122.5486575, 37.8907399], [-122.5485926, 37.8908208], [-122.54848, 37.8910547], [-122.5482175, 37.891288], [-122.5480894, 37.8913777], [-122.5480275, 37.8914539], [-122.5479987, 37.8915846], [-122.5480152, 37.8916568], [-122.5480634, 37.8917471], [-122.5480543, 37.8917921], [-122.5480012, 37.891819], [-122.5477521, 37.8918528], [-122.5476837, 37.8918745], [-122.547581, 37.8919399], [-122.5475122, 37.8920246], [-122.5474946, 37.8921775], [-122.5475989, 37.8923402], [-122.5476057, 37.8923853], [-122.5473137, 37.8926365], [-122.5472638, 37.8927084], [-122.5472439, 37.8927804], [-122.5472742, 37.8929788], [-122.5473803, 37.89313], [-122.5474595, 37.893196], [-122.547573, 37.8932422], [-122.5478119, 37.8932295], [-122.5478661, 37.8932425], [-122.5480835, 37.8934527], [-122.5482196, 37.8935176], [-122.5482992, 37.8935206], [-122.5483903, 37.8935006], [-122.5486413, 37.8933751], [-122.5486982, 37.8933693], [-122.5487379, 37.8934261], [-122.5488585, 37.893751], [-122.5489116, 37.8938139], [-122.5489796, 37.8938477], [-122.5490819, 37.8938545], [-122.5492868, 37.8938212], [-122.5494799, 37.8938673], [-122.5495936, 37.893871], [-122.5496962, 37.8938269], [-122.5497651, 37.8937252], [-122.5497993, 37.8937121], [-122.549864, 37.8937549], [-122.5499462, 37.8938716], [-122.5500824, 37.8939164], [-122.5501054, 37.8939541], [-122.5501338, 37.8940894], [-122.5501271, 37.8941885], [-122.5500867, 37.8943326], [-122.5501043, 37.8944408], [-122.550169, 37.8945222], [-122.5503735, 37.8946738], [-122.5505052, 37.8948389], [-122.550515, 37.894875], [-122.5504857, 37.8949276], [-122.55044, 37.8949554], [-122.5501666, 37.8950295], [-122.5499276, 37.895063], [-122.5498498, 37.8950888], [-122.5498084, 37.8951337], [-122.5497932, 37.8951787], [-122.5498333, 37.895332], [-122.5501684, 37.8956217], [-122.550265, 37.8956754], [-122.550543, 37.8957764], [-122.5508019, 37.8960027], [-122.55101, 37.8961297], [-122.5511037, 37.8961611], [-122.5512742, 37.8961822], [-122.5515013, 37.8962476], [-122.5519557, 37.8963312], [-122.551999, 37.8963858], [-122.5520205, 37.896458], [-122.5520147, 37.8965121], [-122.5519607, 37.896638], [-122.5519637, 37.8966831], [-122.5519876, 37.8967081], [-122.5520785, 37.8967221], [-122.5522492, 37.8967014], [-122.5526712, 37.8965043], [-122.5529904, 37.8963878], [-122.5530699, 37.8964103], [-122.5531609, 37.8964131], [-122.5532628, 37.8964842], [-122.5533038, 37.896535], [-122.553338, 37.8966523], [-122.5533699, 37.8966884], [-122.5535345, 37.8966945], [-122.5535406, 37.8968423], [-122.5534991, 37.8969065], [-122.5533623, 37.8969616], [-122.5531573, 37.8970031], [-122.5529977, 37.8970556], [-122.5527237, 37.897227], [-122.5526779, 37.897288], [-122.5526591, 37.8973527], [-122.552645, 37.8974698], [-122.5526808, 37.897524], [-122.5527446, 37.8975406], [-122.5530063, 37.8975305], [-122.5530744, 37.8975481], [-122.5531535, 37.8976252], [-122.5532296, 37.8978145], [-122.553266, 37.8978425], [-122.5533228, 37.8978562], [-122.5535615, 37.8978734], [-122.5537559, 37.8977715], [-122.5538695, 37.8977299], [-122.5541427, 37.8976888], [-122.5542564, 37.8977023], [-122.5543017, 37.8977292], [-122.5543522, 37.8977918], [-122.5544778, 37.8981437], [-122.5545566, 37.8982612], [-122.5546733, 37.8983491], [-122.5548889, 37.898431], [-122.5549799, 37.8984241], [-122.5552421, 37.8983348], [-122.5556183, 37.8981883], [-122.555812, 37.8981302], [-122.555949, 37.8980458], [-122.5559945, 37.8980467], [-122.5560277, 37.8980865], [-122.5560558, 37.8982308], [-122.5560567, 37.898339], [-122.5559567, 37.8986721], [-122.5558076, 37.8988878], [-122.5558038, 37.8989509], [-122.5558295, 37.8990087], [-122.5558974, 37.8990626], [-122.556011, 37.8990885], [-122.556409, 37.8991084], [-122.5567843, 37.8991057], [-122.5568584, 37.8991261], [-122.5568852, 37.8991623], [-122.5567928, 37.8993692], [-122.556715, 37.899432], [-122.5566213, 37.8995398], [-122.5564855, 37.8996169], [-122.5564546, 37.8996564], [-122.5564494, 37.8997645], [-122.5565247, 37.9001524], [-122.5566021, 37.9003329], [-122.5565718, 37.90045], [-122.5565092, 37.9005579], [-122.5564859, 37.9006659], [-122.5564334, 37.9007188], [-122.5563312, 37.9006902], [-122.5560476, 37.9005681], [-122.5559441, 37.9004836], [-122.5557755, 37.9004142], [-122.5556398, 37.9002918], [-122.5555035, 37.9002495], [-122.5552899, 37.9001567], [-122.5551523, 37.9000242], [-122.5550956, 37.8999888], [-122.5549934, 37.899965], [-122.5547885, 37.8999877], [-122.5547127, 37.8999743], [-122.5545509, 37.8997865], [-122.5544942, 37.899757], [-122.5544259, 37.8997724], [-122.5543459, 37.8998229], [-122.5541794, 37.9000173], [-122.5541399, 37.9000384], [-122.5539467, 37.9000154], [-122.5534347, 37.9000293], [-122.5532188, 37.9000039], [-122.5529797, 37.9000395], [-122.5529226, 37.9000709], [-122.5528228, 37.9001744], [-122.5525461, 37.9002643], [-122.5524817, 37.9003804], [-122.552439, 37.9004163], [-122.5523859, 37.9004317], [-122.5522608, 37.9004242], [-122.5521583, 37.9004398], [-122.5519758, 37.9005346], [-122.5519435, 37.9005045], [-122.5518957, 37.9003962], [-122.5518405, 37.9003359], [-122.5517612, 37.9002858], [-122.5516325, 37.900233], [-122.5515853, 37.9000705], [-122.5515013, 37.8999897], [-122.5514361, 37.8999528], [-122.5512629, 37.8999237], [-122.5510692, 37.8999808], [-122.550944, 37.8999893], [-122.5506602, 37.8998894], [-122.5503987, 37.8998751], [-122.5501942, 37.8998378], [-122.5500121, 37.8998541], [-122.5496951, 37.8999462], [-122.5496135, 37.8999466], [-122.5494253, 37.899864], [-122.5493425, 37.8997465], [-122.549289, 37.8997013], [-122.5491037, 37.899612], [-122.5488885, 37.8994622], [-122.548809, 37.8994353], [-122.5486952, 37.8994477], [-122.5484786, 37.8995176], [-122.5483192, 37.8996435], [-122.5481927, 37.899784], [-122.5481242, 37.8998162], [-122.5480331, 37.8998345], [-122.5479536, 37.8998174], [-122.5478515, 37.8997704], [-122.5476268, 37.8995867], [-122.5472961, 37.8994545], [-122.5471824, 37.8994428], [-122.5471253, 37.8994855], [-122.5470581, 37.8996296], [-122.5468957, 37.899824], [-122.5468396, 37.89992]]}}, {"type": "Feature", "properties": {"id": 31, "elev_ft": 340, "elev_m": 103.632, "index_contour": false, "label": "340 ft", "length_m": 4858.56, "n_vertices": 312}, "geometry": {"type": "LineString", "coordinates": [[-122.5374622, 37.8889549], [-122.5375353, 37.8890654], [-122.5377262, 37.8892041], [-122.5377698, 37.8893007], [-122.5377634, 37.8893908], [-122.5377056, 37.8895077], [-122.5377003, 37.8895888], [-122.5376389, 37.8896426], [-122.5376074, 37.8897056], [-122.537636, 37.8898139], [-122.537597, 37.8898948], [-122.5375985, 37.890003], [-122.5374817, 37.8901125], [-122.5372648, 37.8902478], [-122.5370938, 37.890304], [-122.5368514, 37.8903516], [-122.5367998, 37.8904956], [-122.5367255, 37.8905403], [-122.5366781, 37.8906303], [-122.5366727, 37.8907745], [-122.5367039, 37.8908176], [-122.5368515, 37.890867], [-122.5370409, 37.8909922], [-122.5372709, 37.8910909], [-122.537452, 37.891226], [-122.5375882, 37.8912756], [-122.5377018, 37.8912944], [-122.5378724, 37.8912816], [-122.5382939, 37.8911819], [-122.5386009, 37.8911831], [-122.5387831, 37.8911476], [-122.5389012, 37.8910446], [-122.5389407, 37.8908645], [-122.53899, 37.8908055], [-122.5390812, 37.890759], [-122.5393315, 37.890747], [-122.5394571, 37.8906699], [-122.5395593, 37.8906929], [-122.5397405, 37.8908165], [-122.5400013, 37.8909417], [-122.5401148, 37.8909738], [-122.5402059, 37.8909688], [-122.5402857, 37.8909239], [-122.5404004, 37.8907762], [-122.5405946, 37.8906383], [-122.540732, 37.8904933], [-122.5408459, 37.8904555], [-122.5410622, 37.8904237], [-122.5411416, 37.8904546], [-122.5412438, 37.8905671], [-122.5413113, 37.8906106], [-122.5416958, 37.890722], [-122.541849, 37.8907857], [-122.5419353, 37.8908499], [-122.542075, 37.8910029], [-122.5422634, 37.8911205], [-122.5424112, 37.8911363], [-122.5427186, 37.8910733], [-122.5427982, 37.8910831], [-122.5428662, 37.8911135], [-122.5429084, 37.8911504], [-122.5429358, 37.8912136], [-122.5429622, 37.8915111], [-122.5429998, 37.8916104], [-122.5430562, 37.8916668], [-122.5431468, 37.8917204], [-122.5433512, 37.891765], [-122.5433968, 37.8917483], [-122.5434541, 37.8916913], [-122.5435507, 37.8914954], [-122.5436148, 37.891439], [-122.5437287, 37.8914182], [-122.5440584, 37.8914305], [-122.5441238, 37.8914074], [-122.5441507, 37.8913264], [-122.5441345, 37.891056], [-122.5443464, 37.8909216], [-122.5446301, 37.890945], [-122.5446989, 37.890923], [-122.5448014, 37.890824], [-122.5451084, 37.8908418], [-122.5451525, 37.8908887], [-122.5452457, 37.8910873], [-122.5453891, 37.8912681], [-122.5456052, 37.8914208], [-122.545696, 37.8914586], [-122.5457755, 37.8914669], [-122.5458211, 37.8914554], [-122.54586, 37.8914232], [-122.5461767, 37.8910008], [-122.5462686, 37.890808], [-122.5463486, 37.8907462], [-122.5466896, 37.890779], [-122.5468289, 37.890778], [-122.5468713, 37.8907962], [-122.546962, 37.8908737], [-122.547087, 37.8908876], [-122.5472918, 37.890864], [-122.5473716, 37.8908394], [-122.5474402, 37.8907818], [-122.5475892, 37.8905987], [-122.5476804, 37.8905626], [-122.5478054, 37.8905712], [-122.5479075, 37.8906196], [-122.5481231, 37.8906893], [-122.5482256, 37.8906793], [-122.5483391, 37.8907106], [-122.5484074, 37.890696], [-122.5485443, 37.8906326], [-122.5488175, 37.8905864], [-122.5488183, 37.8906234], [-122.5486737, 37.8908391], [-122.5485588, 37.8910911], [-122.5482851, 37.8913514], [-122.5481364, 37.8914319], [-122.5480987, 37.891603], [-122.5481821, 37.8917385], [-122.5481752, 37.8918106], [-122.548059, 37.8918845], [-122.5477742, 37.8919574], [-122.5476289, 37.892115], [-122.547633, 37.8921871], [-122.547746, 37.8923948], [-122.5477187, 37.8924398], [-122.5475041, 37.8925922], [-122.547414, 37.892709], [-122.547398, 37.8927901], [-122.5474058, 37.8928712], [-122.5474382, 37.8929524], [-122.5474867, 37.8930157], [-122.5475616, 37.8930791], [-122.5476307, 37.8931126], [-122.5478466, 37.8931395], [-122.547926, 37.8931662], [-122.5481266, 37.8933607], [-122.5482429, 37.8934177], [-122.5483909, 37.8934078], [-122.5486646, 37.8932829], [-122.5487442, 37.8932749], [-122.5488119, 37.8933723], [-122.5489239, 37.8936527], [-122.5489766, 37.8937154], [-122.5490371, 37.8937476], [-122.5491053, 37.8937552], [-122.5493101, 37.8937347], [-122.5494804, 37.8937855], [-122.54956, 37.8937871], [-122.5496171, 37.8937537], [-122.5497432, 37.8935933], [-122.5497774, 37.8935766], [-122.5500377, 37.893785], [-122.5502491, 37.8938465], [-122.550277, 37.8938917], [-122.5502811, 37.8939908], [-122.5501822, 37.8943059], [-122.5501956, 37.8944231], [-122.5502721, 37.89451], [-122.5504726, 37.8946044], [-122.550528, 37.8946858], [-122.5506566, 37.8947764], [-122.5506799, 37.8948215], [-122.5505481, 37.8950103], [-122.5502768, 37.8951264], [-122.550208, 37.8951712], [-122.5501902, 37.8952072], [-122.5501872, 37.8952973], [-122.5502987, 37.895469], [-122.5504023, 37.8955408], [-122.5505951, 37.8956331], [-122.550746, 37.8957862], [-122.5515245, 37.8961715], [-122.5518311, 37.89626], [-122.5518744, 37.8962501], [-122.5519452, 37.8961965], [-122.5519907, 37.8962], [-122.5521419, 37.8963233], [-122.5522413, 37.8964588], [-122.5522846, 37.8964909], [-122.5523643, 37.8964852], [-122.5525695, 37.8963975], [-122.5527176, 37.8963575], [-122.5530711, 37.896218], [-122.5532186, 37.8962632], [-122.5533833, 37.8964361], [-122.5534671, 37.8965627], [-122.5536536, 37.8965994], [-122.5536647, 37.8966265], [-122.5536422, 37.8967255], [-122.5536475, 37.8968968], [-122.5536264, 37.8969418], [-122.5535555, 37.8969802], [-122.5531873, 37.8970843], [-122.5529629, 37.8971762], [-122.5528906, 37.8972274], [-122.5528408, 37.8972903], [-122.5528335, 37.8973444], [-122.5528641, 37.8973805], [-122.5530751, 37.8974255], [-122.5531546, 37.8974578], [-122.5532399, 37.8975172], [-122.5533458, 37.8976527], [-122.5534035, 37.8976744], [-122.55354, 37.8976706], [-122.5539614, 37.8975719], [-122.5542116, 37.8975761], [-122.5543025, 37.8975939], [-122.5544192, 37.8976839], [-122.5545237, 37.8978285], [-122.5545452, 37.8980449], [-122.5546086, 37.8981893], [-122.5547079, 37.8982763], [-122.5548781, 37.898341], [-122.5549805, 37.898338], [-122.5551969, 37.8982771], [-122.5556189, 37.8980858], [-122.5557898, 37.898038], [-122.5559268, 37.8979614], [-122.5560064, 37.8979618], [-122.5561172, 37.8980598], [-122.5561435, 37.8983303], [-122.5560551, 37.8986634], [-122.5559314, 37.8988883], [-122.555932, 37.8989334], [-122.5559536, 37.8989695], [-122.5560153, 37.8990058], [-122.5561251, 37.8990317], [-122.5565346, 37.8990305], [-122.5568416, 37.8990474], [-122.5570575, 37.8990765], [-122.5571142, 37.8991091], [-122.5570722, 37.899181], [-122.5569514, 37.8992887], [-122.5568701, 37.8994146], [-122.5567935, 37.8994795], [-122.5567336, 37.8995583], [-122.5565826, 37.8996659], [-122.5565592, 37.8997018], [-122.5566265, 37.9001708], [-122.5567415, 37.9003605], [-122.5568206, 37.9004239], [-122.5568364, 37.90046], [-122.5567555, 37.9005047], [-122.5567363, 37.9005317], [-122.5567609, 37.900676], [-122.5567404, 37.9007452], [-122.5566946, 37.9007951], [-122.5565119, 37.900906], [-122.5564665, 37.9008965], [-122.5563759, 37.900824], [-122.5562059, 37.9007245], [-122.5559676, 37.9006241], [-122.5558735, 37.9005465], [-122.5557069, 37.9004756], [-122.5555651, 37.900347], [-122.5552535, 37.9002262], [-122.5550723, 37.9000805], [-122.5549473, 37.9000608], [-122.5547651, 37.9000939], [-122.5546855, 37.9000924], [-122.55447, 37.8999956], [-122.5543675, 37.9000194], [-122.5542596, 37.9001438], [-122.554196, 37.9001719], [-122.5541505, 37.9001681], [-122.5540597, 37.9001289], [-122.5540029, 37.9001251], [-122.5536615, 37.900146], [-122.5534792, 37.9002072], [-122.5532179, 37.9001448], [-122.55307, 37.9001548], [-122.55279, 37.9003005], [-122.5527559, 37.9003454], [-122.5527272, 37.9004354], [-122.5526584, 37.9005032], [-122.5525216, 37.9005556], [-122.5523398, 37.9005247], [-122.5522146, 37.9005381], [-122.5521089, 37.9005863], [-122.5519975, 37.9007015], [-122.5519519, 37.9007156], [-122.5519065, 37.9007002], [-122.55187, 37.9006665], [-122.5518284, 37.9005221], [-122.5517716, 37.9004432], [-122.5515234, 37.9003137], [-122.5514319, 37.9001917], [-122.5512959, 37.9001124], [-122.5511368, 37.9000825], [-122.5509092, 37.9001012], [-122.5506253, 37.900018], [-122.5501593, 37.8999659], [-122.5499886, 37.8999765], [-122.5497307, 37.9000364], [-122.5495106, 37.9000176], [-122.5493404, 37.8999538], [-122.5491932, 37.8998417], [-122.5490232, 37.8997419], [-122.5488985, 37.8996367], [-122.548774, 37.8995838], [-122.548626, 37.8995959], [-122.5485119, 37.8996549], [-122.5484547, 37.8997072], [-122.5483741, 37.899871], [-122.5482601, 37.8999161], [-122.5481799, 37.900014], [-122.5480658, 37.9000656], [-122.5479635, 37.9000553], [-122.547839, 37.8999603], [-122.5477256, 37.8998985], [-122.5475327, 37.899831], [-122.5473163, 37.8998715], [-122.5472029, 37.8999397]]}}, {"type": "Feature", "properties": {"id": 32, "elev_ft": 360, "elev_m": 109.728, "index_contour": false, "label": "360 ft", "length_m": 4562.47, "n_vertices": 281}, "geometry": {"type": "LineString", "coordinates": [[-122.5376194, 37.8888969], [-122.5376819, 37.8890079], [-122.5378746, 37.8891159], [-122.5379152, 37.889157], [-122.5379291, 37.8892382], [-122.537906, 37.8893372], [-122.5379475, 37.8894456], [-122.537947, 37.8894996], [-122.537928, 37.8895536], [-122.5378614, 37.8896435], [-122.5378159, 37.8897605], [-122.5377607, 37.8900397], [-122.5375042, 37.8903361], [-122.5374775, 37.8904081], [-122.5374057, 37.8904799], [-122.5373766, 37.8905485], [-122.5372818, 37.8906237], [-122.5372547, 37.8906957], [-122.5373468, 37.8908582], [-122.5374425, 37.8909271], [-122.5375332, 37.8909699], [-122.5376217, 37.8910666], [-122.5379075, 37.8911348], [-122.5379871, 37.8911292], [-122.538124, 37.8910639], [-122.5385333, 37.8910906], [-122.5386357, 37.8910779], [-122.5387393, 37.891044], [-122.5387954, 37.8909989], [-122.5388057, 37.8908099], [-122.5388445, 37.8907289], [-122.5391504, 37.8906087], [-122.539333, 37.8905038], [-122.5394127, 37.890501], [-122.5394808, 37.8905196], [-122.5396846, 37.8906576], [-122.5399, 37.8907725], [-122.5399795, 37.8907936], [-122.5400818, 37.8907994], [-122.5401959, 37.8907482], [-122.5406188, 37.8904009], [-122.5409035, 37.890342], [-122.54112, 37.8902761], [-122.5411994, 37.8903019], [-122.541369, 37.8904696], [-122.541573, 37.8905778], [-122.5417537, 37.8906051], [-122.5418569, 37.8906585], [-122.5419591, 37.8906794], [-122.5420271, 37.8907106], [-122.5422282, 37.8908773], [-122.5423098, 37.8909825], [-122.5424917, 37.8909951], [-122.5426284, 37.8909463], [-122.5427877, 37.8909314], [-122.5429013, 37.890957], [-122.5430601, 37.891029], [-122.5431317, 37.8911062], [-122.5431946, 37.8913512], [-122.5432285, 37.8913795], [-122.5432853, 37.8913918], [-122.5434905, 37.8913203], [-122.543843, 37.8913302], [-122.5439341, 37.8913108], [-122.5440046, 37.8912447], [-122.5440561, 37.8910106], [-122.5442553, 37.8908583], [-122.544335, 37.8908389], [-122.5445965, 37.8908564], [-122.5447792, 37.8907412], [-122.5449724, 37.8907659], [-122.5451202, 37.8907673], [-122.545177, 37.8907868], [-122.5453458, 37.8910696], [-122.545572, 37.8912832], [-122.5456513, 37.8913222], [-122.5457309, 37.891335], [-122.5458107, 37.8913014], [-122.5459825, 37.8911098], [-122.5460943, 37.8909644], [-122.5461964, 37.8907395], [-122.5462696, 37.8906501], [-122.5463152, 37.8906253], [-122.5463721, 37.8906258], [-122.5465196, 37.8906801], [-122.5466332, 37.8907], [-122.5469064, 37.8906597], [-122.5470499, 37.8907698], [-122.5471672, 37.8907882], [-122.5472696, 37.8907757], [-122.5473266, 37.8907531], [-122.5475443, 37.8905041], [-122.5476924, 37.8904517], [-122.5479196, 37.8904975], [-122.5480788, 37.8905015], [-122.5482831, 37.8905626], [-122.548374, 37.8905749], [-122.5485335, 37.8905432], [-122.5486927, 37.8905368], [-122.5488749, 37.8904949], [-122.5489886, 37.8905002], [-122.5490015, 37.8905249], [-122.5488057, 37.8907856], [-122.5487418, 37.8909475], [-122.5486497, 37.8911094], [-122.5484449, 37.8913069], [-122.5482571, 37.8915225], [-122.548244, 37.8916126], [-122.5483456, 37.8917842], [-122.5483434, 37.8918636], [-122.5482864, 37.891896], [-122.5479691, 37.8919991], [-122.5478418, 37.8920645], [-122.5477919, 37.8921156], [-122.5477921, 37.8922237], [-122.5478727, 37.8923502], [-122.547878, 37.8923863], [-122.5476051, 37.8927187], [-122.5475941, 37.8928359], [-122.5476544, 37.8929428], [-122.547745, 37.8930096], [-122.5479834, 37.8930837], [-122.5481643, 37.8932528], [-122.5482777, 37.8933065], [-122.548346, 37.8933084], [-122.5484257, 37.8932901], [-122.5487335, 37.8931741], [-122.5488118, 37.893183], [-122.5488622, 37.8932373], [-122.5489927, 37.8935569], [-122.5490379, 37.8936118], [-122.5490946, 37.8936426], [-122.5491628, 37.8936525], [-122.549322, 37.8936415], [-122.5494584, 37.8936692], [-122.5495152, 37.8936656], [-122.549618, 37.8935954], [-122.5497099, 37.8934581], [-122.5497441, 37.8934464], [-122.5500045, 37.8936383], [-122.5504243, 37.8938078], [-122.5504682, 37.8938653], [-122.550478, 37.8939645], [-122.5503231, 37.8941622], [-122.5502772, 37.8943153], [-122.5502937, 37.8944145], [-122.550361, 37.8944778], [-122.5505491, 37.8945506], [-122.5506409, 37.8946141], [-122.550851, 37.8947059], [-122.5508778, 37.8947502], [-122.5508617, 37.8948098], [-122.5507105, 37.895038], [-122.5505317, 37.8952266], [-122.5505367, 37.8953618], [-122.5506075, 37.8954634], [-122.5507339, 37.8955338], [-122.5509667, 37.8956969], [-122.5512447, 37.8958512], [-122.5515025, 37.8960558], [-122.5516613, 37.8961132], [-122.5518091, 37.8961307], [-122.5519576, 37.8960324], [-122.5520031, 37.8960229], [-122.5522409, 37.8961907], [-122.5523884, 37.8962535], [-122.5524566, 37.8962659], [-122.5531176, 37.8960386], [-122.5531859, 37.8960406], [-122.5533736, 37.8961297], [-122.5533996, 37.8961568], [-122.5534099, 37.896238], [-122.5535361, 37.8964264], [-122.5537289, 37.896521], [-122.5537625, 37.8965547], [-122.5537511, 37.8968071], [-122.5537788, 37.8969604], [-122.5537554, 37.8969964], [-122.5537145, 37.8970193], [-122.5533955, 37.8971132], [-122.5532268, 37.8971836], [-122.5531279, 37.8972734], [-122.5531272, 37.8973094], [-122.553152, 37.8973366], [-122.5533706, 37.8974661], [-122.5534841, 37.8975026], [-122.5540188, 37.8974884], [-122.5543486, 37.8975007], [-122.5544167, 37.8975148], [-122.5545251, 37.8976662], [-122.5546718, 37.89782], [-122.5546792, 37.8978741], [-122.5546431, 37.8980182], [-122.5546828, 37.8981355], [-122.554758, 37.8982079], [-122.5548786, 37.8982553], [-122.554981, 37.8982534], [-122.5551319, 37.8982183], [-122.5553114, 37.8981503], [-122.5554714, 37.8980277], [-122.5555776, 37.8979766], [-122.5558932, 37.8978765], [-122.5559842, 37.8978608], [-122.5560297, 37.897869], [-122.5561987, 37.8980241], [-122.5562224, 37.8980692], [-122.5562204, 37.8984117], [-122.5561548, 37.8986458], [-122.5560688, 37.8988528], [-122.5560803, 37.8989165], [-122.556137, 37.8989475], [-122.5562279, 37.8989624], [-122.5565122, 37.8989617], [-122.5567623, 37.8989852], [-122.5572172, 37.8989988], [-122.5572563, 37.8990195], [-122.5572883, 37.8990827], [-122.5572732, 37.8991277], [-122.557056, 37.8993205], [-122.5569475, 37.8994509], [-122.5566686, 37.8997203], [-122.5566631, 37.8998284], [-122.5567268, 37.9001711], [-122.5568454, 37.9003112], [-122.557008, 37.9004246], [-122.557041, 37.9004968], [-122.5570239, 37.9005418], [-122.5569477, 37.9006046], [-122.5569066, 37.9006765], [-122.5568868, 37.9007396], [-122.5568862, 37.9008477], [-122.5568646, 37.9008912], [-122.5565111, 37.9010492], [-122.55616, 37.9008002], [-122.555899, 37.9006921], [-122.5557858, 37.9005937], [-122.5556376, 37.9005456], [-122.5554913, 37.9003986], [-122.5552189, 37.900298], [-122.5550943, 37.9002034], [-122.5550149, 37.9001746], [-122.5546505, 37.9002407], [-122.5544688, 37.9002033], [-122.5543205, 37.9002718], [-122.5541838, 37.9003026], [-122.5540493, 37.9002872], [-122.5538089, 37.9002307], [-122.5536873, 37.9002678], [-122.5535466, 37.9003489], [-122.5533192, 37.9003201], [-122.5530461, 37.9003439], [-122.5528977, 37.900441], [-122.5528044, 37.9005619], [-122.5526689, 37.9006555], [-122.5525435, 37.9006886], [-122.552396, 37.9006349], [-122.552305, 37.90064], [-122.5521908, 37.90071], [-122.5521172, 37.9008387], [-122.552042, 37.9008632], [-122.5519285, 37.9008325], [-122.5517647, 37.9007382], [-122.5517399, 37.900702], [-122.5517218, 37.9005938], [-122.5516641, 37.9005305], [-122.5514419, 37.9004114], [-122.5512608, 37.9002683], [-122.5511019, 37.9002118], [-122.5508972, 37.9002002], [-122.5505791, 37.9001385], [-122.5501018, 37.9000778], [-122.549988, 37.9000773], [-122.549749, 37.900105], [-122.549476, 37.9001063], [-122.5492941, 37.9000899], [-122.5490328, 37.9000383], [-122.5489304, 37.9000455], [-122.5488711, 37.9000782], [-122.5487378, 37.9001047], [-122.5485995, 37.9002129], [-122.5485701, 37.9002579]]}}, {"type": "Feature", "properties": {"id": 33, "elev_ft": 380, "elev_m": 115.824, "index_contour": false, "label": "380 ft", "length_m": 4446.23, "n_vertices": 275}, "geometry": {"type": "LineString", "coordinates": [[-122.5378272, 37.8888585], [-122.5378584, 37.8889495], [-122.5380559, 37.8891035], [-122.5380893, 37.8891757], [-122.5380512, 37.8893558], [-122.5380532, 37.8895181], [-122.5379297, 37.8897429], [-122.5379119, 37.8898059], [-122.5378941, 37.8899861], [-122.5379625, 37.8901757], [-122.5377642, 37.8904072], [-122.5377713, 37.8905084], [-122.5377369, 37.8905894], [-122.5377773, 37.8908059], [-122.5379313, 37.89096], [-122.5381703, 37.8909408], [-122.53825, 37.890918], [-122.5383409, 37.8909399], [-122.5383978, 37.8909318], [-122.5385065, 37.8907997], [-122.5385414, 37.8907187], [-122.538619, 37.890665], [-122.5387296, 37.8906157], [-122.5389164, 37.890576], [-122.5390372, 37.8905201], [-122.5392234, 37.8904059], [-122.5393426, 37.8903704], [-122.5394362, 37.8903702], [-122.5395043, 37.8903951], [-122.5395861, 37.8904795], [-122.5396483, 37.8905158], [-122.5397078, 37.8905869], [-122.5398002, 37.8905975], [-122.5399463, 37.8906416], [-122.5400373, 37.8906375], [-122.5401855, 37.8905829], [-122.5402884, 37.8904921], [-122.5403916, 37.890368], [-122.5404777, 37.8903117], [-122.5406082, 37.8902727], [-122.5408928, 37.890233], [-122.541064, 37.8901391], [-122.5411779, 37.8901004], [-122.541246, 37.8901319], [-122.5413899, 37.8903243], [-122.5414718, 37.8903981], [-122.5419225, 37.8904706], [-122.5420623, 37.8905481], [-122.5421819, 37.8905887], [-122.5423381, 37.8907336], [-122.5424134, 37.8907687], [-122.5427089, 37.890809], [-122.5429022, 37.8908119], [-122.5429742, 37.8908262], [-122.5431972, 37.8909532], [-122.5433782, 37.8910862], [-122.5436051, 37.891172], [-122.543696, 37.8911884], [-122.5437756, 37.8911828], [-122.5438359, 37.891154], [-122.5439819, 37.8909255], [-122.5442104, 37.890763], [-122.5443015, 37.890747], [-122.5445175, 37.8907598], [-122.5447457, 37.8906454], [-122.5452231, 37.8906829], [-122.5454285, 37.8910069], [-122.545607, 37.8911331], [-122.5457206, 37.8911583], [-122.5458118, 37.8911264], [-122.5459171, 37.8910358], [-122.5460277, 37.890874], [-122.5460926, 37.890658], [-122.5462248, 37.8905359], [-122.5462933, 37.890502], [-122.5463728, 37.8905079], [-122.5466566, 37.8906038], [-122.5467362, 37.8905978], [-122.5468957, 37.890554], [-122.5469867, 37.8905531], [-122.5470361, 37.8905715], [-122.5471241, 37.8906439], [-122.5471907, 37.8906616], [-122.5472477, 37.8906516], [-122.5472933, 37.8906256], [-122.5475451, 37.8903714], [-122.5476818, 37.8903234], [-122.5483291, 37.8904837], [-122.5485795, 37.890445], [-122.5487501, 37.8904496], [-122.5490801, 37.8904246], [-122.5491435, 37.8904353], [-122.5491432, 37.8904804], [-122.5489101, 37.890804], [-122.5488757, 37.8909751], [-122.5487216, 37.8911728], [-122.5484941, 37.8913937], [-122.5483954, 37.891523], [-122.548387, 37.8916312], [-122.5484866, 37.8918208], [-122.5485038, 37.891893], [-122.5484944, 37.891929], [-122.548206, 37.8920216], [-122.5480409, 37.8921075], [-122.5479752, 37.8921794], [-122.5479623, 37.8922424], [-122.5479915, 37.8923507], [-122.5479863, 37.8924138], [-122.5478546, 37.8926115], [-122.5478175, 37.8927105], [-122.5478316, 37.8928097], [-122.5478845, 37.8928911], [-122.5483125, 37.8932006], [-122.5483694, 37.8932025], [-122.5484605, 37.8931796], [-122.5487568, 37.8930756], [-122.5488137, 37.8930823], [-122.5489624, 37.8931385], [-122.5489898, 37.8931657], [-122.5490105, 37.893301], [-122.5490601, 37.8934364], [-122.5491068, 37.8934992], [-122.5491635, 37.893531], [-122.5494364, 37.8935436], [-122.5495047, 37.8935304], [-122.5495509, 37.8934923], [-122.5496995, 37.8932916], [-122.5497566, 37.8932568], [-122.549847, 37.893343], [-122.5499629, 37.8934939], [-122.5500278, 37.8935458], [-122.5503228, 37.8936536], [-122.5505159, 37.8937046], [-122.5505921, 37.8937757], [-122.5506344, 37.8939381], [-122.5505806, 37.8940821], [-122.550422, 37.8942437], [-122.5503988, 37.8943698], [-122.5504187, 37.8944059], [-122.5504614, 37.8944331], [-122.5508294, 37.8945205], [-122.5510375, 37.8946336], [-122.5510189, 37.8948318], [-122.5509354, 37.8949938], [-122.5508665, 37.8952549], [-122.5509103, 37.8953992], [-122.5510606, 37.895544], [-122.5513113, 37.8956915], [-122.5515263, 37.8958753], [-122.5516624, 37.8959444], [-122.5517419, 37.8959661], [-122.5518215, 37.8959577], [-122.55197, 37.8958622], [-122.5520269, 37.8958479], [-122.5520999, 37.8958815], [-122.5522336, 37.8959901], [-122.5523102, 37.8960208], [-122.5524693, 37.8960395], [-122.5527424, 37.8960281], [-122.5528449, 37.896007], [-122.5532781, 37.8958409], [-122.5533092, 37.895841], [-122.5533179, 37.8959402], [-122.5533439, 37.8959763], [-122.5536012, 37.8960404], [-122.5535793, 37.8961665], [-122.5536513, 37.896338], [-122.5538319, 37.8964184], [-122.5538658, 37.8964483], [-122.5538914, 37.8965462], [-122.5538607, 37.8966813], [-122.5538624, 37.8968165], [-122.5539304, 37.896979], [-122.5539164, 37.897024], [-122.5538621, 37.8970663], [-122.5536359, 37.8971491], [-122.553463, 37.8972321], [-122.553412, 37.8972925], [-122.5534413, 37.8973467], [-122.5535189, 37.8973899], [-122.5536212, 37.8974092], [-122.5544172, 37.8974285], [-122.5545806, 37.8974591], [-122.5546159, 37.8974953], [-122.5546409, 37.8976396], [-122.5548013, 37.8978475], [-122.5548043, 37.8979106], [-122.5547694, 37.8980187], [-122.5547805, 37.8980728], [-122.5548338, 37.8981332], [-122.5549133, 37.8981633], [-122.5550384, 37.898155], [-122.5551952, 37.8981014], [-122.5552453, 37.8980655], [-122.5553432, 37.8979487], [-122.5554153, 37.8979046], [-122.5556089, 37.897866], [-122.5558711, 37.8977653], [-122.5560077, 37.8977469], [-122.5560872, 37.8977626], [-122.5561212, 37.8977893], [-122.5561838, 37.8978978], [-122.556307, 37.8980515], [-122.5563171, 37.898358], [-122.5562931, 37.8985201], [-122.5562039, 37.8987992], [-122.5562165, 37.8988623], [-122.5563306, 37.8988933], [-122.5565127, 37.8988882], [-122.5567286, 37.8989212], [-122.5570015, 37.898935], [-122.5572973, 37.8989117], [-122.5573313, 37.8989349], [-122.5573593, 37.8990199], [-122.5574184, 37.8991102], [-122.5574012, 37.8991552], [-122.5572381, 37.899301], [-122.5571306, 37.8994336], [-122.5568265, 37.8996654], [-122.5567618, 37.8997477], [-122.5567583, 37.8998378], [-122.5568215, 37.9001535], [-122.5569027, 37.9002379], [-122.5571807, 37.9003621], [-122.5571838, 37.9004973], [-122.557112, 37.9006232], [-122.557008, 37.900749], [-122.557028, 37.9009474], [-122.5570119, 37.9009899], [-122.5569319, 37.9010563], [-122.5568179, 37.9010916], [-122.5567333, 37.9011356], [-122.5566226, 37.9012433], [-122.5565389, 37.901234], [-122.5564421, 37.9011716], [-122.5563491, 37.901053], [-122.5562505, 37.9009805], [-122.5561369, 37.9008578], [-122.5558417, 37.9007602], [-122.5557512, 37.9006871], [-122.5555924, 37.9006108], [-122.5554, 37.9004485], [-122.5550254, 37.9003119], [-122.5549572, 37.9003181], [-122.5547976, 37.9003681], [-122.5546043, 37.9003659], [-122.5543196, 37.9004188], [-122.5539668, 37.9004408], [-122.5538643, 37.9004638], [-122.5537566, 37.9005204], [-122.5536591, 37.9005477], [-122.5533295, 37.9005047], [-122.5532385, 37.900512], [-122.5530558, 37.9006164], [-122.5528502, 37.9007593], [-122.552702, 37.9008131], [-122.5525996, 37.9008169], [-122.5525602, 37.9008584], [-122.5522912, 37.9010295], [-122.5521772, 37.9010716], [-122.5520748, 37.9010851], [-122.5519838, 37.901077], [-122.5518607, 37.901027], [-122.5516439, 37.9008575], [-122.5515767, 37.9006893], [-122.5515345, 37.9006382], [-122.5511576, 37.9003972], [-122.5509533, 37.9003257], [-122.5501353, 37.9001772], [-122.5499533, 37.9001719], [-122.5496461, 37.9001948], [-122.5494979, 37.900244], [-122.5494309, 37.9003237], [-122.5494376, 37.9004229], [-122.5495236, 37.9005582]]}}, {"type": "Feature", "properties": {"id": 34, "elev_ft": 380, "elev_m": 115.824, "index_contour": false, "label": "380 ft", "length_m": 34.06, "n_vertices": 3}, "geometry": {"type": "LineString", "coordinates": [[-122.5425393, 37.8893867], [-122.5422971, 37.889359], [-122.5421558, 37.8893734]]}}, {"type": "Feature", "properties": {"id": 35, "elev_ft": 400, "elev_m": 121.92, "index_contour": true, "label": "400 ft", "length_m": 2284.66, "n_vertices": 149}, "geometry": {"type": "LineString", "coordinates": [[-122.5481631, 37.8929498], [-122.5483134, 37.8930499], [-122.5484156, 37.8930772], [-122.5485636, 37.89305], [-122.5487803, 37.8929494], [-122.5488599, 37.8929536], [-122.5490712, 37.8931029], [-122.54915, 37.8932925], [-122.549194, 37.8933557], [-122.5492553, 37.8933913], [-122.5493349, 37.8934034], [-122.5494373, 37.8933885], [-122.5495172, 37.8933405], [-122.5496012, 37.8932582], [-122.5498037, 37.8929859], [-122.5498494, 37.8929497], [-122.5498836, 37.8929468], [-122.5498786, 37.8930339], [-122.5498979, 37.8931061], [-122.5500874, 37.8934493], [-122.5501759, 37.893504], [-122.5503008, 37.8935307], [-122.5504029, 37.8935778], [-122.5506063, 37.8936315], [-122.5507546, 37.8937233], [-122.5507697, 37.8938395], [-122.550697, 37.8942718], [-122.5507395, 37.894317], [-122.5510457, 37.894482], [-122.5511479, 37.8945116], [-122.5511705, 37.8945364], [-122.5512162, 37.8947244], [-122.5511068, 37.8950575], [-122.5511021, 37.8951747], [-122.551147, 37.89531], [-122.5512333, 37.8954237], [-122.551441, 37.8955635], [-122.5516523, 37.8957344], [-122.5516976, 37.8957535], [-122.5518456, 37.8957319], [-122.5521079, 37.8956284], [-122.5521648, 37.89562], [-122.552326, 37.8957832], [-122.552425, 37.8958421], [-122.5524818, 37.8958571], [-122.5526865, 37.8958629], [-122.5529643, 37.8958307], [-122.5533476, 37.8956249], [-122.5534042, 37.8956699], [-122.5534871, 37.8958146], [-122.5535509, 37.8958658], [-122.5536417, 37.8958959], [-122.5538292, 37.895897], [-122.5538409, 37.8959151], [-122.5538016, 37.8960682], [-122.5538058, 37.8961583], [-122.5538416, 37.8962306], [-122.5539787, 37.8963212], [-122.5540063, 37.8963574], [-122.554003, 37.8964836], [-122.5540217, 37.8965828], [-122.5539707, 37.8966997], [-122.5539703, 37.8967809], [-122.5539918, 37.896853], [-122.554072, 37.8969525], [-122.5540858, 37.8969976], [-122.5540212, 37.8970965], [-122.5538305, 37.89724], [-122.5538167, 37.897267], [-122.5538266, 37.8972866], [-122.5538785, 37.8973123], [-122.553997, 37.8973353], [-122.5546564, 37.8973754], [-122.5547359, 37.8973938], [-122.5547747, 37.8974238], [-122.5547972, 37.897469], [-122.5547766, 37.8976131], [-122.5547982, 37.8976763], [-122.5549606, 37.8978539], [-122.5550513, 37.8979079], [-122.5551423, 37.8978994], [-122.5553703, 37.8978138], [-122.5555866, 37.8977827], [-122.5558831, 37.8976568], [-122.5560425, 37.8976376], [-122.5561866, 37.8976905], [-122.5562321, 37.8977358], [-122.5563959, 37.8980248], [-122.5564146, 37.8983223], [-122.5563923, 37.8985115], [-122.5563289, 37.8987185], [-122.5563426, 37.8987963], [-122.5563993, 37.8988172], [-122.5565359, 37.8988005], [-122.556729, 37.8988561], [-122.5569905, 37.898875], [-122.557127, 37.8988709], [-122.5573547, 37.8988304], [-122.5573954, 37.8988668], [-122.5574364, 37.8989931], [-122.557523, 37.8991016], [-122.5575311, 37.8991377], [-122.5575151, 37.8991737], [-122.557334, 37.8993532], [-122.5572658, 37.8994702], [-122.557181, 37.8995329], [-122.557043, 37.8996032], [-122.5569151, 37.8997122], [-122.556883, 37.8997661], [-122.5568631, 37.8999013], [-122.5568817, 37.9000546], [-122.5569062, 37.9001177], [-122.5569713, 37.9001786], [-122.5571416, 37.900234], [-122.5573076, 37.9003265], [-122.5573525, 37.900498], [-122.5572869, 37.9006538], [-122.557139, 37.9008036], [-122.5571689, 37.9009569], [-122.5571481, 37.9010342], [-122.5570616, 37.9011278], [-122.556933, 37.9013346], [-122.5567817, 37.9014506], [-122.5566984, 37.9014509], [-122.5565659, 37.901382], [-122.5563844, 37.9013136], [-122.5562787, 37.9011338], [-122.5561441, 37.9010252], [-122.5560273, 37.9008805], [-122.5557845, 37.9008187], [-122.5556031, 37.9007178], [-122.5555453, 37.9006534], [-122.5554407, 37.9005989], [-122.5553654, 37.9005237], [-122.5551951, 37.900474], [-122.5550587, 37.9004545], [-122.5545922, 37.9004729], [-122.5543528, 37.9005671], [-122.5539885, 37.9006201], [-122.5537491, 37.9007098], [-122.5535675, 37.9006475], [-122.5535106, 37.9006481], [-122.5533973, 37.9007083], [-122.5532822, 37.900805], [-122.5530884, 37.9008727], [-122.5529514, 37.9009556], [-122.5528147, 37.9009938], [-122.5527003, 37.9010995], [-122.5525275, 37.9011795]]}}, {"type": "Feature", "properties": {"id": 36, "elev_ft": 400, "elev_m": 121.92, "index_contour": true, "label": "400 ft", "length_m": 1385.61, "n_vertices": 88}, "geometry": {"type": "LineString", "coordinates": [[-122.5381278, 37.8888205], [-122.5380922, 37.888866], [-122.5380903, 37.8889144], [-122.5381287, 37.8889956], [-122.5382177, 37.8891041], [-122.5382392, 37.8891943], [-122.5381482, 37.8895275], [-122.5381283, 37.8896986], [-122.538139, 37.8897347], [-122.5382114, 37.8898232], [-122.5382543, 37.8900236], [-122.5382271, 37.8901046], [-122.5381612, 37.8901855], [-122.5381726, 37.8902937], [-122.5380578, 37.8904735], [-122.5381216, 37.8905819], [-122.5381377, 37.8906851], [-122.5381831, 37.8907106], [-122.5383693, 37.890673], [-122.5384447, 37.8906372], [-122.5385803, 37.8905386], [-122.538662, 37.8905097], [-122.5388442, 37.8904774], [-122.539175, 37.8903078], [-122.539289, 37.8902693], [-122.5394597, 37.8902527], [-122.5396638, 37.8903568], [-122.5398114, 37.8903851], [-122.5399475, 37.890443], [-122.5400044, 37.8904398], [-122.5401012, 37.8903914], [-122.5403509, 37.890167], [-122.5407798, 37.8901099], [-122.5410879, 37.8899457], [-122.541236, 37.8899058], [-122.5412814, 37.8899219], [-122.5414107, 37.8900269], [-122.5415606, 37.8902438], [-122.5416543, 37.890307], [-122.541995, 37.8903931], [-122.5421538, 37.8904579], [-122.5423015, 37.8904731], [-122.5424713, 37.8906036], [-122.5425392, 37.8906352], [-122.5428008, 37.8906664], [-122.5430168, 37.8906707], [-122.5432207, 37.8908118], [-122.5436974, 37.890968], [-122.5437657, 37.8909526], [-122.5438801, 37.8908367], [-122.5440502, 37.8907582], [-122.5441655, 37.8906707], [-122.5444952, 37.8906909], [-122.5445636, 37.8906639], [-122.5446779, 37.8905731], [-122.5447234, 37.890563], [-122.5449847, 37.8906134], [-122.5450757, 37.8906137], [-122.5452123, 37.8905903], [-122.5452691, 37.890599], [-122.5453203, 37.890646], [-122.5453938, 37.8908085], [-122.5454992, 37.8909531], [-122.5456077, 37.8910202], [-122.5457214, 37.8910315], [-122.545824, 37.8909809], [-122.5459168, 37.8908826], [-122.5459616, 37.8907926], [-122.5459852, 37.8906666], [-122.5460221, 37.8905766], [-122.5462598, 37.8903904], [-122.5463167, 37.8903893], [-122.5464756, 37.8904467], [-122.5466914, 37.8904904], [-122.5467824, 37.8904857], [-122.5470102, 37.8904264], [-122.5472374, 37.8904776], [-122.5473514, 37.8904203], [-122.5475459, 37.8902338], [-122.5477169, 37.8901717], [-122.5477599, 37.8901777], [-122.5478302, 37.890232], [-122.5479777, 37.8903006], [-122.5483183, 37.8903874], [-122.5483979, 37.8903854], [-122.5485915, 37.8903454], [-122.5487733, 37.8903784], [-122.5491947, 37.8903607]]}}, {"type": "Feature", "properties": {"id": 37, "elev_ft": 400, "elev_m": 121.92, "index_contour": true, "label": "400 ft", "length_m": 229.75, "n_vertices": 16}, "geometry": {"type": "LineString", "coordinates": [[-122.5504624, 37.9007074], [-122.5508199, 37.9008067], [-122.5509611, 37.9009184], [-122.5510176, 37.9009826], [-122.5510516, 37.9009948], [-122.5511199, 37.9009844], [-122.5512166, 37.9009434], [-122.5512981, 37.9008716], [-122.5513492, 37.9007907], [-122.5513219, 37.9007185], [-122.5512544, 37.9006461], [-122.5511525, 37.9005736], [-122.5510205, 37.9005073], [-122.5508956, 37.9004661], [-122.5506911, 37.9004299], [-122.5500873, 37.9002721]]}}, {"type": "Feature", "properties": {"id": 38, "elev_ft": 400, "elev_m": 121.92, "index_contour": true, "label": "400 ft", "length_m": 155.74, "n_vertices": 10}, "geometry": {"type": "LineString", "coordinates": [[-122.5426314, 37.8895017], [-122.5424552, 37.8895282], [-122.5422505, 37.8895312], [-122.5421251, 37.8895803], [-122.541931, 37.8897008], [-122.5417259, 37.8897727], [-122.541373, 37.8898153], [-122.5413357, 37.8898013], [-122.5412599, 37.8897284], [-122.5411495, 37.8895434]]}}, {"type": "Feature", "properties": {"id": 39, "elev_ft": 400, "elev_m": 121.92, "index_contour": true, "label": "400 ft", "length_m": 124.09, "n_vertices": 6}, "geometry": {"type": "LineString", "coordinates": [[-122.5492638, 37.8904512], [-122.5491605, 37.8905796], [-122.5490404, 37.8907865], [-122.5490202, 37.8910027], [-122.5488101, 37.8912452], [-122.548621, 37.8914157]]}}, {"type": "Feature", "properties": {"id": 40, "elev_ft": 400, "elev_m": 121.92, "index_contour": true, "label": "400 ft", "length_m": 109.61, "n_vertices": 10}, "geometry": {"type": "LineString", "coordinates": [[-122.5500873, 37.9002721], [-122.5499186, 37.9002652], [-122.5497592, 37.9002934], [-122.5497319, 37.9003158], [-122.5497141, 37.9003698], [-122.5497332, 37.900442], [-122.5498065, 37.9005144], [-122.5499961, 37.90061], [-122.5501666, 37.9006287], [-122.5503557, 37.900673]]}}, {"type": "Feature", "properties": {"id": 41, "elev_ft": 400, "elev_m": 121.92, "index_contour": true, "label": "400 ft", "length_m": 19.28, "n_vertices": 3}, "geometry": {"type": "LineString", "coordinates": [[-122.5486006, 37.8914359], [-122.5485341, 37.8915236], [-122.5485147, 37.8915933]]}}, {"type": "Feature", "properties": {"id": 42, "elev_ft": 420, "elev_m": 128.016, "index_contour": false, "label": "420 ft", "length_m": 2074.36, "n_vertices": 140}, "geometry": {"type": "LineString", "coordinates": [[-122.5493768, 37.893235], [-122.5494383, 37.8932214], [-122.5494954, 37.8931818], [-122.5497931, 37.8928587], [-122.5499413, 37.8928101], [-122.550101, 37.8927246], [-122.5501238, 37.8927253], [-122.5501253, 37.8927735], [-122.5500513, 37.8929444], [-122.5500522, 37.8930796], [-122.5500667, 37.8931518], [-122.5501655, 37.8933464], [-122.5502334, 37.8933996], [-122.5503696, 37.893438], [-122.5505398, 37.8935088], [-122.5506761, 37.8935371], [-122.5508811, 37.8936326], [-122.5509227, 37.893777], [-122.5508945, 37.8939391], [-122.5509243, 37.8941825], [-122.550979, 37.8942352], [-122.5511604, 37.8943367], [-122.5512625, 37.8943659], [-122.5512888, 37.8943912], [-122.5513612, 37.8946529], [-122.5513739, 37.8948602], [-122.551338, 37.8950674], [-122.551347, 37.8951485], [-122.5514048, 37.89528], [-122.5515516, 37.8954504], [-122.5516424, 37.8954936], [-122.5518357, 37.8955012], [-122.5519961, 37.8954575], [-122.5522348, 37.8953309], [-122.5523258, 37.8953233], [-122.5523939, 37.8953539], [-122.5524465, 37.8954862], [-122.5525178, 37.8955531], [-122.5526766, 37.8956208], [-122.5528243, 37.89564], [-122.5530179, 37.8955998], [-122.5532573, 37.8955061], [-122.5534285, 37.8954097], [-122.553458, 37.8954089], [-122.5535414, 37.8955487], [-122.5535778, 37.8956708], [-122.5536426, 37.8957341], [-122.5537265, 37.8957705], [-122.5540289, 37.8958139], [-122.5540838, 37.8958349], [-122.5540179, 37.8959609], [-122.5540117, 37.8960419], [-122.5540399, 37.8961412], [-122.5541766, 37.8962769], [-122.5541291, 37.896484], [-122.5541304, 37.8966012], [-122.5541032, 37.8967363], [-122.5541268, 37.8968175], [-122.5542208, 37.896917], [-122.5542416, 37.8969621], [-122.5541906, 37.8971692], [-122.5542137, 37.8972295], [-122.554283, 37.8972597], [-122.5544952, 37.8972876], [-122.5547025, 37.8972782], [-122.5548386, 37.8973345], [-122.5549335, 37.8974334], [-122.5549325, 37.8976137], [-122.5549504, 37.8976712], [-122.5550069, 37.8977277], [-122.5550863, 37.8977575], [-122.5551773, 37.8977559], [-122.555519, 37.8976817], [-122.5557814, 37.8975507], [-122.5559067, 37.8975192], [-122.5560886, 37.8975297], [-122.5562814, 37.8976204], [-122.5563267, 37.8976607], [-122.5564148, 37.8978446], [-122.5564901, 37.897944], [-122.5565162, 37.8980072], [-122.5565174, 37.8982866], [-122.5564545, 37.8986469], [-122.5564637, 37.898692], [-122.5567361, 37.8987832], [-122.5568998, 37.898813], [-122.5571274, 37.8988051], [-122.5572526, 37.8987883], [-122.5573665, 37.8987535], [-122.557412, 37.8987566], [-122.5574459, 37.8987933], [-122.5575132, 37.8989578], [-122.5576149, 37.8990749], [-122.5576177, 37.899156], [-122.5575453, 37.899286], [-122.5574278, 37.8994077], [-122.5573618, 37.8995408], [-122.5572552, 37.8996053], [-122.5570972, 37.8996678], [-122.5569964, 37.8997843], [-122.5569618, 37.8998554], [-122.5569604, 37.8999827], [-122.5569947, 37.9000665], [-122.5570513, 37.9001131], [-122.5572038, 37.9001549], [-122.557315, 37.9002545], [-122.5574141, 37.9002999], [-122.5574291, 37.9003721], [-122.5574948, 37.9004715], [-122.5575076, 37.9005256], [-122.5574461, 37.9006564], [-122.5572743, 37.9008515], [-122.5572558, 37.9010204], [-122.5571573, 37.9011822], [-122.5571235, 37.9013557], [-122.5570695, 37.9014252], [-122.5569437, 37.9014969], [-122.5568491, 37.9015788], [-122.5567922, 37.9015849], [-122.5565994, 37.9014865], [-122.5563494, 37.9014567], [-122.5562699, 37.9014345], [-122.5562208, 37.901386], [-122.5561445, 37.9011964], [-122.5559425, 37.9010277], [-122.5557723, 37.9009521], [-122.5556477, 37.9008663], [-122.5555002, 37.9008113], [-122.5551601, 37.9006219], [-122.5550126, 37.9005646], [-122.5549216, 37.9005646], [-122.5547507, 37.9006044], [-122.5543403, 37.9007505], [-122.554215, 37.9007821], [-122.5540185, 37.900891], [-122.5538838, 37.9010014], [-122.5538269, 37.9010072], [-122.5537133, 37.9009825], [-122.5536108, 37.9010184], [-122.5535254, 37.9010191]]}}, {"type": "Feature", "properties": {"id": 43, "elev_ft": 420, "elev_m": 128.016, "index_contour": false, "label": "420 ft", "length_m": 848.52, "n_vertices": 57}, "geometry": {"type": "LineString", "coordinates": [[-122.5427352, 37.889605], [-122.5426478, 37.8896472], [-122.5425066, 37.8896887], [-122.5424196, 37.8897515], [-122.5422829, 37.8898092], [-122.542226, 37.8898235], [-122.5421464, 37.8898209], [-122.5421121, 37.8898378], [-122.5420395, 37.8899302], [-122.5420239, 37.8899752], [-122.5420235, 37.8900654], [-122.5420724, 37.8902188], [-122.5421323, 37.8902629], [-122.542382, 37.8903403], [-122.5426768, 37.8904873], [-122.5428357, 37.8905372], [-122.5430856, 37.890586], [-122.5432897, 37.8906874], [-122.5433692, 37.890706], [-122.543517, 37.8907143], [-122.543938, 37.8906763], [-122.543995, 37.8906588], [-122.5441092, 37.8905808], [-122.5441547, 37.8905668], [-122.5443479, 37.8905999], [-122.5444616, 37.8906019], [-122.5445186, 37.8905819], [-122.5446785, 37.8904776], [-122.5449851, 37.8905511], [-122.5452469, 37.8905158], [-122.545315, 37.8905358], [-122.5453752, 37.8905831], [-122.5455519, 37.8908522], [-122.5456198, 37.890894], [-122.545688, 37.8909035], [-122.5457564, 37.8908796], [-122.5458136, 37.8908334], [-122.5459486, 37.8905402], [-122.546089, 37.8904205], [-122.5462265, 37.8902525], [-122.5462834, 37.8902506], [-122.5464874, 37.8903631], [-122.5466465, 37.8903933], [-122.5467489, 37.8903856], [-122.5468744, 37.8903133], [-122.5469428, 37.8902933], [-122.5472382, 37.8903353], [-122.547318, 37.8903028], [-122.5475352, 37.8901178], [-122.5477177, 37.8900328], [-122.5478654, 37.8900668], [-122.548001, 37.8902012], [-122.5482962, 37.8902832], [-122.5484099, 37.8902859], [-122.5485922, 37.8902431], [-122.5488306, 37.890309], [-122.5491471, 37.8902984]]}}, {"type": "Feature", "properties": {"id": 44, "elev_ft": 420, "elev_m": 128.016, "index_contour": false, "label": "420 ft", "length_m": 455.12, "n_vertices": 30}, "geometry": {"type": "LineString", "coordinates": [[-122.538809, 37.8886854], [-122.5385705, 37.8887707], [-122.5385033, 37.8888349], [-122.5383731, 37.8889155], [-122.5383671, 37.8890236], [-122.5384045, 37.8891139], [-122.5384032, 37.889195], [-122.5383821, 37.889267], [-122.538336, 37.8893389], [-122.5383235, 37.889429], [-122.5382511, 37.8895369], [-122.5382732, 37.8896271], [-122.538269, 37.8897077], [-122.5383937, 37.889889], [-122.5384772, 37.8900876], [-122.5386027, 37.8903134], [-122.5386267, 37.8903315], [-122.5387653, 37.8903572], [-122.5390277, 37.8902339], [-122.5393239, 37.890147], [-122.5394944, 37.8901586], [-122.5396986, 37.8902383], [-122.5398462, 37.8902786], [-122.5399714, 37.8902684], [-122.5402227, 37.890093], [-122.540496, 37.8900374], [-122.5407125, 37.8899708], [-122.5407445, 37.8899342], [-122.5407932, 37.8897934], [-122.5408776, 37.8896507]]}}, {"type": "Feature", "properties": {"id": 45, "elev_ft": 420, "elev_m": 128.016, "index_contour": false, "label": "420 ft", "length_m": 104.84, "n_vertices": 10}, "geometry": {"type": "LineString", "coordinates": [[-122.5506116, 37.9005535], [-122.5505539, 37.9005492], [-122.5504769, 37.900571], [-122.5507805, 37.9006909], [-122.5508828, 37.9006971], [-122.5509623, 37.9007262], [-122.5510023, 37.9006992], [-122.5509924, 37.9006541], [-122.5508608, 37.9005804], [-122.5506116, 37.9005535]]}}, {"type": "Feature", "properties": {"id": 46, "elev_ft": 420, "elev_m": 128.016, "index_contour": false, "label": "420 ft", "length_m": 19.42, "n_vertices": 2}, "geometry": {"type": "LineString", "coordinates": [[-122.5489895, 37.8929168], [-122.5491507, 37.8930363]]}}, {"type": "Feature", "properties": {"id": 47, "elev_ft": 420, "elev_m": 128.016, "index_contour": false, "label": "420 ft", "length_m": 18.4, "n_vertices": 2}, "geometry": {"type": "LineString", "coordinates": [[-122.5492888, 37.8905477], [-122.5491946, 37.8906957]]}}, {"type": "Feature", "properties": {"id": 48, "elev_ft": 440, "elev_m": 134.112, "index_contour": false, "label": "440 ft", "length_m": 1933.7, "n_vertices": 135}, "geometry": {"type": "LineString", "coordinates": [[-122.5501851, 37.893075], [-122.5502202, 37.8931884], [-122.5503364, 37.893287], [-122.5504159, 37.8933164], [-122.5507112, 37.8933703], [-122.5508473, 37.8934477], [-122.5510174, 37.8935205], [-122.5510551, 37.8937684], [-122.5510415, 37.8939306], [-122.551088, 37.894093], [-122.55115, 37.8941541], [-122.5512522, 37.8941943], [-122.5513317, 37.8942082], [-122.5514569, 37.894198], [-122.5514774, 37.8942117], [-122.5514366, 37.8943557], [-122.5514694, 37.8945992], [-122.5515655, 37.8948249], [-122.5515808, 37.8949061], [-122.551565, 37.8950232], [-122.551584, 37.8951134], [-122.5516151, 37.8951766], [-122.5516667, 37.8952312], [-122.5517574, 37.895271], [-122.551894, 37.8952626], [-122.552008, 37.8952223], [-122.552202, 37.8951078], [-122.5522703, 37.8950917], [-122.5524292, 37.8951571], [-122.5526793, 37.8951781], [-122.5527079, 37.8951988], [-122.552752, 37.8952801], [-122.5528376, 37.8953195], [-122.5529853, 37.8953512], [-122.5532127, 37.8953606], [-122.5533266, 37.8953361], [-122.5535549, 37.8951947], [-122.5536118, 37.8951934], [-122.5536466, 37.8952384], [-122.5537266, 37.8955632], [-122.5538289, 37.8956807], [-122.5539043, 37.895723], [-122.5540088, 37.8957445], [-122.5543093, 37.8957276], [-122.5542146, 37.8958895], [-122.5541978, 37.8960066], [-122.5542422, 37.8960879], [-122.5543903, 37.8962349], [-122.5544223, 37.8962959], [-122.5543098, 37.8964487], [-122.554269, 37.8965837], [-122.5542559, 37.8967188], [-122.5542734, 37.8967608], [-122.5543881, 37.8968906], [-122.5544278, 37.897044], [-122.5544557, 37.8970891], [-122.5545555, 37.8971408], [-122.5547486, 37.8971821], [-122.5550549, 37.8973154], [-122.5550885, 37.897389], [-122.5550889, 37.8975692], [-122.5551213, 37.8976222], [-122.5551666, 37.8976452], [-122.5552917, 37.8976434], [-122.5554161, 37.8976155], [-122.5554769, 37.8975887], [-122.5555997, 37.8974928], [-122.5559301, 37.8974007], [-122.5561121, 37.8974013], [-122.5562938, 37.8974592], [-122.5564554, 37.8975834], [-122.5565133, 37.8977729], [-122.5566308, 37.8979446], [-122.5566692, 37.8980348], [-122.556581, 37.8985573], [-122.5565939, 37.8986294], [-122.5568207, 37.8987288], [-122.5569116, 37.8987514], [-122.5572302, 37.8987319], [-122.5573556, 37.8986785], [-122.5574467, 37.8986569], [-122.5575036, 37.8986617], [-122.5575488, 37.8986991], [-122.5575806, 37.8988945], [-122.5576989, 37.8990211], [-122.5577222, 37.8990753], [-122.5577197, 37.8991384], [-122.5576774, 37.8992374], [-122.5576777, 37.8993365], [-122.5575615, 37.8994352], [-122.5574296, 37.8996174], [-122.5572473, 37.8996756], [-122.5571896, 37.8997132], [-122.5571088, 37.8998121], [-122.5570893, 37.8998931], [-122.5571451, 37.8999925], [-122.5573547, 37.9001284], [-122.5573805, 37.9002144], [-122.5574827, 37.9002433], [-122.5575111, 37.9002642], [-122.5575136, 37.9003544], [-122.5576014, 37.9004989], [-122.5576104, 37.900571], [-122.5575368, 37.9007174], [-122.5573611, 37.9009577], [-122.5573431, 37.9010387], [-122.5572707, 37.9011917], [-122.5572783, 37.9013629], [-122.5572489, 37.901462], [-122.5572022, 37.9015091], [-122.5570195, 37.9016206], [-122.5568476, 37.9018267], [-122.5568135, 37.9018368], [-122.5567682, 37.9018023], [-122.5566911, 37.9016942], [-122.5566627, 37.901604], [-122.5566331, 37.901567], [-122.5566086, 37.9015587], [-122.5565533, 37.9015963], [-122.5564622, 37.9016038], [-122.5562579, 37.9015367], [-122.5561112, 37.9014306], [-122.5560322, 37.9012681], [-122.5558849, 37.9011382], [-122.5557829, 37.9010854], [-122.5554834, 37.9009866], [-122.55539, 37.9009142], [-122.5552271, 37.9008305], [-122.5551132, 37.900844], [-122.5549654, 37.900831], [-122.5547489, 37.9008994], [-122.5546423, 37.9009744], [-122.5545885, 37.9010925], [-122.5544061, 37.9011674], [-122.5543606, 37.9013201]]}}, {"type": "Feature", "properties": {"id": 49, "elev_ft": 440, "elev_m": 134.112, "index_contour": false, "label": "440 ft", "length_m": 745.78, "n_vertices": 52}, "geometry": {"type": "LineString", "coordinates": [[-122.542848, 37.8897172], [-122.5426704, 37.8898426], [-122.5425952, 37.8899234], [-122.5425827, 37.8900044], [-122.5425157, 37.8900763], [-122.5425691, 37.8901937], [-122.5427873, 37.8903297], [-122.5429842, 37.8904227], [-122.5433704, 37.8905121], [-122.5438933, 37.8905527], [-122.5439616, 37.8905356], [-122.5440758, 37.8904675], [-122.5441441, 37.8904549], [-122.5443485, 37.8905071], [-122.5444167, 37.8905111], [-122.5444964, 37.8904853], [-122.5446221, 37.8903866], [-122.5446791, 37.8903721], [-122.5448492, 37.8904476], [-122.5449514, 37.890473], [-122.5450652, 37.8904678], [-122.5452019, 37.8904273], [-122.5452928, 37.8904389], [-122.5454252, 37.8905112], [-122.5455758, 37.89066], [-122.5456325, 37.8906859], [-122.5456893, 37.8906926], [-122.5457349, 37.8906735], [-122.5457693, 37.8906383], [-122.546182, 37.8900914], [-122.5462162, 37.8900874], [-122.5462729, 37.8901104], [-122.5465108, 37.8902699], [-122.5466584, 37.8902993], [-122.5467268, 37.8902789], [-122.5468639, 37.8901821], [-122.5469437, 37.8901489], [-122.5470233, 37.8901464], [-122.5472051, 37.890178], [-122.5472847, 37.890167], [-122.5475597, 37.8899876], [-122.5476291, 37.8899248], [-122.5476844, 37.8899103], [-122.5478094, 37.8899148], [-122.5478889, 37.889935], [-122.5479816, 37.8899802], [-122.5481268, 37.8900922], [-122.548297, 37.8901484], [-122.5483993, 37.8901608], [-122.5486497, 37.890128], [-122.5488424, 37.8902284], [-122.5490996, 37.8902362]]}}, {"type": "Feature", "properties": {"id": 50, "elev_ft": 440, "elev_m": 134.112, "index_contour": false, "label": "440 ft", "length_m": 357.06, "n_vertices": 24}, "geometry": {"type": "LineString", "coordinates": [[-122.5389535, 37.8889152], [-122.538797, 37.888919], [-122.538683, 37.8889662], [-122.5386258, 37.8890121], [-122.5386184, 37.8891057], [-122.5385606, 37.8892317], [-122.5385311, 37.8893487], [-122.5384855, 37.8896279], [-122.538487, 37.8897], [-122.5385384, 37.8898625], [-122.538643, 37.8899055], [-122.5387785, 37.8900615], [-122.5388239, 37.8900727], [-122.5390173, 37.8900711], [-122.5392677, 37.8900448], [-122.5394041, 37.8900505], [-122.539756, 37.8901482], [-122.5398812, 37.8901404], [-122.5402235, 37.889953], [-122.5404402, 37.8898662], [-122.5404502, 37.8898159], [-122.5404321, 37.8896716], [-122.5403842, 37.8895813], [-122.5403246, 37.8895369]]}}, {"type": "Feature", "properties": {"id": 51, "elev_ft": 440, "elev_m": 134.112, "index_contour": false, "label": "440 ft", "length_m": 28.23, "n_vertices": 3}, "geometry": {"type": "LineString", "coordinates": [[-122.5431663, 37.8896108], [-122.5430119, 37.88963], [-122.5428716, 37.8896982]]}}, {"type": "Feature", "properties": {"id": 52, "elev_ft": 460, "elev_m": 140.208, "index_contour": false, "label": "460 ft", "length_m": 1702.6, "n_vertices": 114}, "geometry": {"type": "LineString", "coordinates": [[-122.5516077, 37.8944501], [-122.5516299, 37.8945728], [-122.5516593, 37.894636], [-122.5518189, 37.8947808], [-122.5518963, 37.8948866], [-122.5519529, 37.8949226], [-122.5520097, 37.8949291], [-122.5521692, 37.8948876], [-122.552283, 37.8948827], [-122.5523624, 37.8949092], [-122.5524871, 37.8949899], [-122.5525779, 37.8950141], [-122.5528853, 37.8949635], [-122.5529103, 37.8949742], [-122.5529732, 37.8950826], [-122.5530348, 37.8951369], [-122.5531229, 37.8951696], [-122.553282, 37.8951855], [-122.5533503, 37.8951813], [-122.5534187, 37.8951565], [-122.5536357, 37.8950091], [-122.5536927, 37.8949877], [-122.5538259, 37.895158], [-122.5538233, 37.8953653], [-122.5538397, 37.8954555], [-122.5538772, 37.8955547], [-122.5539391, 37.8956216], [-122.5540298, 37.8956617], [-122.5541435, 37.895668], [-122.5542801, 37.8956473], [-122.5544754, 37.895584], [-122.5545649, 37.8955784], [-122.554563, 37.8956114], [-122.5544398, 37.8957642], [-122.5544057, 37.8958902], [-122.5544478, 37.8960706], [-122.5546066, 37.8962082], [-122.554665, 37.8962878], [-122.5546522, 37.8963328], [-122.5545304, 37.8964675], [-122.5544979, 37.8965575], [-122.5545051, 37.8966657], [-122.554625, 37.8969262], [-122.554751, 37.8970272], [-122.5548856, 37.8970939], [-122.5550901, 37.8971303], [-122.5552263, 37.8971756], [-122.5552733, 37.8972184], [-122.555373, 37.8973723], [-122.555407, 37.897395], [-122.5557712, 37.8973451], [-122.5559763, 37.8972888], [-122.556147, 37.8972784], [-122.5562264, 37.8973035], [-122.5565594, 37.8974937], [-122.5566092, 37.8975569], [-122.5566556, 37.8978185], [-122.55682, 37.8980625], [-122.5567076, 37.8985037], [-122.5567233, 37.8985848], [-122.5568553, 37.89866], [-122.5569462, 37.8986766], [-122.5571624, 37.898654], [-122.5574473, 37.8985673], [-122.5575837, 37.8985781], [-122.5576992, 37.8986336], [-122.5577476, 37.8988591], [-122.5578761, 37.8989948], [-122.5578679, 37.8990758], [-122.5577575, 37.8993729], [-122.5576492, 37.8994806], [-122.5575386, 37.8996514], [-122.5574518, 37.8997024], [-122.5572735, 37.8997225], [-122.5572355, 37.8997494], [-122.5572125, 37.8997908], [-122.5572235, 37.8998535], [-122.5573008, 37.899939], [-122.55745, 37.9000174], [-122.5576278, 37.9001745], [-122.5577518, 37.9002201], [-122.5577779, 37.9002652], [-122.5577124, 37.9003641], [-122.5577269, 37.9005534], [-122.5576679, 37.9007245], [-122.5576722, 37.9008893], [-122.5576378, 37.9009322], [-122.5574665, 37.9010478], [-122.5574203, 37.9011291], [-122.5574364, 37.9014717], [-122.5572924, 37.9016359], [-122.5570872, 37.9017134], [-122.5570071, 37.9017874], [-122.5569722, 37.9019116], [-122.5570248, 37.902056], [-122.556994, 37.902071], [-122.5569486, 37.9020659], [-122.5566587, 37.9019374], [-122.5564047, 37.9017085], [-122.5561549, 37.901602], [-122.5560483, 37.9014845], [-122.555952, 37.9013297], [-122.5558955, 37.901272], [-122.5556345, 37.9011635], [-122.5554756, 37.9011186], [-122.5553618, 37.9011272], [-122.5552817, 37.9012051], [-122.5551847, 37.9012108], [-122.5550875, 37.9013362], [-122.5550191, 37.9013647], [-122.5548981, 37.9014621], [-122.5548951, 37.9015072], [-122.5550233, 37.9016248], [-122.5550392, 37.9017073]]}}, {"type": "Feature", "properties": {"id": 53, "elev_ft": 460, "elev_m": 140.208, "index_contour": false, "label": "460 ft", "length_m": 684.87, "n_vertices": 47}, "geometry": {"type": "LineString", "coordinates": [[-122.5433111, 37.8897309], [-122.5431908, 37.8897815], [-122.5430317, 37.8899161], [-122.5429785, 37.889988], [-122.5429641, 37.890069], [-122.5430437, 37.8902135], [-122.5431096, 37.8902679], [-122.543167, 37.8902928], [-122.5438373, 37.8904127], [-122.5439169, 37.8904084], [-122.5440423, 37.8903626], [-122.5441106, 37.8903526], [-122.544315, 37.8904012], [-122.544406, 37.8904007], [-122.544463, 37.890377], [-122.5445887, 37.8902764], [-122.5446685, 37.8902547], [-122.5447252, 37.8902699], [-122.5448726, 37.8903536], [-122.544952, 37.8903764], [-122.545043, 37.8903774], [-122.5452024, 37.8903468], [-122.5452933, 37.8903566], [-122.5453955, 37.8903934], [-122.5455882, 37.8904971], [-122.5456791, 37.89051], [-122.5457247, 37.8904883], [-122.5458048, 37.8904108], [-122.5460798, 37.890036], [-122.5461486, 37.8899746], [-122.5462169, 37.8899785], [-122.5465341, 37.8901654], [-122.5466364, 37.8901856], [-122.5467047, 37.8901638], [-122.5468213, 37.8900749], [-122.5469217, 37.8900242], [-122.547206, 37.890033], [-122.5473198, 37.8900093], [-122.5474454, 37.8899382], [-122.5475598, 37.8898219], [-122.5476168, 37.8897931], [-122.5477305, 37.889812], [-122.5479352, 37.889802], [-122.5483663, 37.8899859], [-122.5487074, 37.8899909], [-122.5489119, 37.890137], [-122.5490477, 37.8901682]]}}, {"type": "Feature", "properties": {"id": 54, "elev_ft": 460, "elev_m": 140.208, "index_contour": false, "label": "460 ft", "length_m": 231.92, "n_vertices": 19}, "geometry": {"type": "LineString", "coordinates": [[-122.5391218, 37.8891978], [-122.5389545, 37.8891961], [-122.5388861, 37.8892191], [-122.5388378, 37.8892598], [-122.5387966, 37.8893498], [-122.5386743, 37.8894845], [-122.5387121, 37.889774], [-122.5387686, 37.8898335], [-122.5388592, 37.8898916], [-122.5389159, 37.8899098], [-122.5390637, 37.8899196], [-122.5392679, 37.8898473], [-122.5392918, 37.8898114], [-122.5392945, 37.8897212], [-122.5393972, 37.8895234], [-122.5394031, 37.8894062], [-122.539373, 37.889343], [-122.5392725, 37.8892599], [-122.5391218, 37.8891978]]}}, {"type": "Feature", "properties": {"id": 55, "elev_ft": 460, "elev_m": 140.208, "index_contour": false, "label": "460 ft", "length_m": 25.57, "n_vertices": 3}, "geometry": {"type": "LineString", "coordinates": [[-122.5513048, 37.8940605], [-122.5514234, 37.894093], [-122.5515823, 37.8940573]]}}, {"type": "Feature", "properties": {"id": 56, "elev_ft": 480, "elev_m": 146.304, "index_contour": false, "label": "480 ft", "length_m": 1606.9, "n_vertices": 103}, "geometry": {"type": "LineString", "coordinates": [[-122.5525528, 37.8947433], [-122.5527043, 37.8948027], [-122.552932, 37.8947669], [-122.5530343, 37.8947738], [-122.5530836, 37.8948217], [-122.5531582, 37.8949778], [-122.5531923, 37.8950023], [-122.5532489, 37.8950144], [-122.5533513, 37.8950091], [-122.5534766, 37.8949785], [-122.5537162, 37.8948617], [-122.55383, 37.8948464], [-122.5538526, 37.8948714], [-122.5538822, 37.8949959], [-122.5539937, 37.8951226], [-122.5539732, 37.8953839], [-122.5540033, 37.8954831], [-122.5540646, 37.8955527], [-122.5541327, 37.8955787], [-122.554235, 37.8955823], [-122.5544629, 37.8955196], [-122.5547247, 37.8954805], [-122.5547284, 37.8955399], [-122.5546198, 37.8957108], [-122.5546017, 37.8958098], [-122.5546652, 37.8959903], [-122.5548713, 37.8962705], [-122.554864, 37.8963336], [-122.5547712, 37.8964774], [-122.5547632, 37.8965675], [-122.5548083, 37.8967097], [-122.5549225, 37.8968836], [-122.5550569, 37.8969705], [-122.5553748, 37.8970679], [-122.5555105, 37.8972062], [-122.5555672, 37.8972366], [-122.5557946, 37.8972456], [-122.5559085, 37.8972183], [-122.5560567, 37.8971593], [-122.5561933, 37.897147], [-122.5563089, 37.8972043], [-122.5565332, 37.8973589], [-122.5567443, 37.8974493], [-122.5567646, 37.8974764], [-122.5567792, 37.8978099], [-122.5569443, 37.8980359], [-122.5569358, 37.8981801], [-122.5568772, 37.8984412], [-122.5568923, 37.8985224], [-122.5569469, 37.8985579], [-122.5570151, 37.8985657], [-122.5571062, 37.8985483], [-122.5572544, 37.8984888], [-122.5575729, 37.8984827], [-122.5577886, 37.8985564], [-122.557825, 37.898589], [-122.5578354, 37.8987603], [-122.557856, 37.8988234], [-122.5579003, 37.8988901], [-122.5579905, 37.8989682], [-122.558014, 37.8991395], [-122.5579498, 37.8992384], [-122.5578687, 37.8994183], [-122.5577476, 37.899517], [-122.5576111, 37.8997023], [-122.5574631, 37.8997773], [-122.5574313, 37.8998133], [-122.5574695, 37.8998855], [-122.5577088, 37.9000937], [-122.557972, 37.9002108], [-122.5580052, 37.9002571], [-122.5578758, 37.9004098], [-122.5578969, 37.9005361], [-122.5578309, 37.9007161], [-122.5578353, 37.9008242], [-122.5578132, 37.9008963], [-122.5577375, 37.9010131], [-122.5575831, 37.9011658], [-122.5575849, 37.9012109], [-122.5576527, 37.9013553], [-122.5576096, 37.9015625], [-122.5574525, 37.9017061], [-122.5571584, 37.90175], [-122.557094, 37.9017949], [-122.5570564, 37.9018488], [-122.5570596, 37.9019029], [-122.5571085, 37.9019499], [-122.5573471, 37.9019912], [-122.5573551, 37.9020212], [-122.5573282, 37.9020661], [-122.557164, 37.9021762], [-122.5570159, 37.902224], [-122.5568908, 37.9022216], [-122.5567205, 37.9021634], [-122.5565279, 37.9020324], [-122.5563132, 37.9017952], [-122.5560864, 37.9016786], [-122.5558148, 37.9014456], [-122.5557127, 37.9014099], [-122.5555531, 37.9014585], [-122.5554061, 37.9015992], [-122.5553464, 37.9017612], [-122.5553989, 37.9020116]]}}, {"type": "Feature", "properties": {"id": 57, "elev_ft": 480, "elev_m": 146.304, "index_contour": false, "label": "480 ft", "length_m": 583.07, "n_vertices": 40}, "geometry": {"type": "LineString", "coordinates": [[-122.5434908, 37.8899129], [-122.5434333, 37.8900078], [-122.543451, 37.8900979], [-122.5435347, 37.8901974], [-122.543645, 37.8902409], [-122.5438609, 37.890267], [-122.5440998, 37.8902561], [-122.5443497, 37.8902976], [-122.5444181, 37.890274], [-122.5445894, 37.8901581], [-122.5446692, 37.8901385], [-122.5447259, 37.8901531], [-122.5448619, 37.8902423], [-122.5449526, 37.8902806], [-122.5450322, 37.8902901], [-122.5452484, 37.8902729], [-122.5456117, 37.8903759], [-122.54568, 37.8903602], [-122.5457486, 37.8903065], [-122.5460695, 37.8898907], [-122.5461266, 37.8898556], [-122.5462062, 37.8898675], [-122.5465009, 37.8900256], [-122.5466145, 37.8900469], [-122.5467057, 37.8900118], [-122.54689, 37.8898859], [-122.5470363, 37.8898731], [-122.5472069, 37.8898842], [-122.547298, 37.8898642], [-122.5475947, 37.889693], [-122.5476744, 37.8896824], [-122.5478448, 37.8897064], [-122.5479928, 37.8896903], [-122.5481402, 37.8897541], [-122.5484467, 37.8898551], [-122.5485149, 37.8898603], [-122.5486628, 37.8898412], [-122.5487764, 37.8898646], [-122.5488331, 37.8898955], [-122.5489137, 37.8899928]]}}, {"type": "Feature", "properties": {"id": 58, "elev_ft": 500, "elev_m": 152.4, "index_contour": true, "label": "500 ft", "length_m": 1584.23, "n_vertices": 107}, "geometry": {"type": "LineString", "coordinates": [[-122.5533052, 37.8948019], [-122.5533522, 37.8948594], [-122.5534318, 37.8948639], [-122.5535914, 37.8948103], [-122.5537854, 37.8947], [-122.5538879, 37.8946811], [-122.5539675, 37.8946866], [-122.5539854, 37.8947169], [-122.5539765, 37.8948611], [-122.5540043, 37.8949333], [-122.5540566, 37.8949883], [-122.5542042, 37.8950693], [-122.5542023, 37.8950963], [-122.5541337, 37.8951862], [-122.5541161, 37.8952582], [-122.5541429, 37.8953575], [-122.5542081, 37.8954388], [-122.5542585, 37.8954615], [-122.5543267, 37.8954613], [-122.5545658, 37.8954265], [-122.554805, 37.8953623], [-122.5548624, 37.8953602], [-122.5548651, 37.8954053], [-122.5547787, 37.8956573], [-122.5547749, 37.8957384], [-122.5551075, 37.8962624], [-122.5551156, 37.8963345], [-122.555068, 37.8964966], [-122.555069, 37.8965957], [-122.5551746, 37.8968215], [-122.5552282, 37.8968607], [-122.5555119, 37.8969765], [-122.5556476, 37.8971023], [-122.5557036, 37.8971299], [-122.5558294, 37.8971372], [-122.5560118, 37.8970533], [-122.5562507, 37.8970456], [-122.5564776, 37.8971564], [-122.5565697, 37.8972594], [-122.5566246, 37.8972979], [-122.556897, 37.8973924], [-122.5569172, 37.8974409], [-122.5569015, 37.8975851], [-122.5569087, 37.8977924], [-122.5569774, 37.8978828], [-122.5570833, 37.8979823], [-122.5571089, 37.8982258], [-122.5571305, 37.8982873], [-122.5571768, 37.8983162], [-122.5573346, 37.8983618], [-122.5576758, 37.8983896], [-122.5578005, 37.8984633], [-122.5579254, 37.8984984], [-122.5579382, 37.8985263], [-122.5579292, 37.8986795], [-122.5579653, 37.8987968], [-122.558012, 37.8988601], [-122.5581308, 37.8989236], [-122.5581135, 37.8990317], [-122.5581656, 37.8991491], [-122.5581624, 37.8991851], [-122.5580387, 37.8992838], [-122.55798, 37.8994548], [-122.5578296, 37.8995804], [-122.5577244, 37.8997062], [-122.5575827, 37.8998319], [-122.5576315, 37.8999132], [-122.5578056, 37.90004], [-122.5578478, 37.9000557], [-122.5579502, 37.9000552], [-122.5580297, 37.900074], [-122.5582602, 37.9001769], [-122.5582941, 37.9002131], [-122.5582674, 37.9002745], [-122.5581873, 37.9003428], [-122.5580719, 37.9004917], [-122.5579922, 37.9006476], [-122.5579717, 37.9007346], [-122.5580095, 37.900888], [-122.5580049, 37.9009511], [-122.5579321, 37.9011844], [-122.5578439, 37.901293], [-122.557789, 37.9016803], [-122.5576756, 37.9018421], [-122.5576826, 37.9018872], [-122.5577287, 37.9019595], [-122.5579093, 37.9021044], [-122.5579207, 37.9021585], [-122.5578901, 37.9021854], [-122.5578236, 37.9022041], [-122.5575846, 37.9022199], [-122.5572541, 37.902337], [-122.5570377, 37.9023739], [-122.5567876, 37.9023627], [-122.5566854, 37.9023259], [-122.5566288, 37.9022883], [-122.5564028, 37.9020345], [-122.5561991, 37.9018542], [-122.5557911, 37.9016142], [-122.555723, 37.9015913], [-122.5556547, 37.9015914], [-122.5555975, 37.9016475], [-122.5555506, 37.9018431], [-122.5555935, 37.9021137], [-122.5556513, 37.9021567], [-122.5558672, 37.9022013], [-122.5559586, 37.9022714]]}}, {"type": "Feature", "properties": {"id": 59, "elev_ft": 500, "elev_m": 152.4, "index_contour": true, "label": "500 ft", "length_m": 495.17, "n_vertices": 36}, "geometry": {"type": "LineString", "coordinates": [[-122.5438639, 37.8900556], [-122.5439529, 37.8900996], [-122.544305, 37.8901808], [-122.5444001, 37.8901557], [-122.5446016, 37.8900366], [-122.5446926, 37.890019], [-122.5447494, 37.8900386], [-122.5448852, 37.8901477], [-122.5449646, 37.8901836], [-122.5452261, 37.8901862], [-122.5454874, 37.8902438], [-122.5455669, 37.890248], [-122.5456467, 37.8902306], [-122.5457082, 37.8901878], [-122.5460208, 37.8898105], [-122.5461499, 37.8897617], [-122.5462295, 37.8897683], [-122.5464221, 37.8898942], [-122.5465015, 37.8899238], [-122.5465697, 37.8899314], [-122.5466659, 37.8898941], [-122.5467639, 37.8897903], [-122.546821, 37.8897585], [-122.5470484, 37.8897604], [-122.5472077, 37.8897455], [-122.5475726, 37.8895928], [-122.5476409, 37.8895839], [-122.5478, 37.8895976], [-122.5479368, 37.8895427], [-122.5480051, 37.8895324], [-122.5480846, 37.8895509], [-122.5482546, 37.889651], [-122.5484361, 37.8897194], [-122.548527, 37.8897325], [-122.5486408, 37.889727], [-122.5487299, 37.8897522]]}}, {"type": "Feature", "properties": {"id": 60, "elev_ft": 500, "elev_m": 152.4, "index_contour": true, "label": "500 ft", "length_m": 29.54, "n_vertices": 8}, "geometry": {"type": "LineString", "coordinates": [[-122.5573844, 37.9017869], [-122.5573226, 37.9017867], [-122.5572908, 37.9018226], [-122.5572904, 37.9018497], [-122.5573366, 37.9018575], [-122.5573922, 37.901841], [-122.5574068, 37.9018141], [-122.5573844, 37.9017869]]}}, {"type": "Feature", "properties": {"id": 61, "elev_ft": 520, "elev_m": 158.496, "index_contour": false, "label": "520 ft", "length_m": 1225.18, "n_vertices": 90}, "geometry": {"type": "LineString", "coordinates": [[-122.5541257, 37.8946784], [-122.5540964, 37.8948165], [-122.5541259, 37.8948977], [-122.5542021, 37.8949431], [-122.5544205, 37.8950057], [-122.5544528, 37.8950342], [-122.554441, 37.8950702], [-122.5542972, 37.8952138], [-122.5542935, 37.8952679], [-122.5543387, 37.8953131], [-122.5544298, 37.8953398], [-122.5545436, 37.8953412], [-122.5549877, 37.895242], [-122.5550446, 37.8952384], [-122.5550909, 37.8952529], [-122.5550941, 37.8952799], [-122.5550064, 37.8953878], [-122.5549372, 37.8955227], [-122.55492, 37.8956037], [-122.5549355, 37.8956759], [-122.5549846, 37.8957614], [-122.555143, 37.8958953], [-122.5553864, 37.8962454], [-122.5554028, 37.8963176], [-122.5553872, 37.8965609], [-122.5554083, 37.8966421], [-122.5556231, 37.8968502], [-122.5557176, 37.8969677], [-122.5557733, 37.8970051], [-122.5558301, 37.8970122], [-122.5559896, 37.8969633], [-122.5561717, 37.8969427], [-122.5562973, 37.8968663], [-122.5563542, 37.8968626], [-122.5564417, 37.8969705], [-122.5565691, 37.8970564], [-122.556648, 37.8971785], [-122.5566933, 37.8972188], [-122.5567954, 37.8972584], [-122.5569886, 37.8972831], [-122.5570412, 37.8973152], [-122.557056, 37.8974775], [-122.5570385, 37.8975766], [-122.5570661, 37.897793], [-122.5570971, 37.8978472], [-122.5571969, 37.8979377], [-122.5572177, 37.8981], [-122.5573128, 37.8982242], [-122.5573913, 37.8982719], [-122.5574944, 37.8982953], [-122.5577333, 37.8982813], [-122.55779, 37.8983076], [-122.5578806, 37.8983885], [-122.5580758, 37.8984277], [-122.5580385, 37.8985988], [-122.5580434, 37.8986889], [-122.5581029, 37.8987793], [-122.5582191, 37.8988308], [-122.5582417, 37.8988543], [-122.5582385, 37.8990322], [-122.5582885, 37.8991315], [-122.5582938, 37.8991946], [-122.5581437, 37.8993563], [-122.5580876, 37.8995093], [-122.5579528, 37.8996169], [-122.5578487, 37.8997608], [-122.5577471, 37.8998415], [-122.5577358, 37.8998685], [-122.5577804, 37.8999182], [-122.5579964, 37.899945], [-122.5583028, 37.900061], [-122.558436, 37.9001325], [-122.5584884, 37.9002138], [-122.5584724, 37.9002859], [-122.5584078, 37.9004208], [-122.5582705, 37.9006186], [-122.5581955, 37.9008785], [-122.5580922, 37.9010393], [-122.5580037, 37.9013026], [-122.5579081, 37.9013909], [-122.5578936, 37.9014283], [-122.5579076, 37.9014718], [-122.5579919, 37.9015729], [-122.5579332, 37.9017259], [-122.5579424, 37.9018251], [-122.558045, 37.9019607], [-122.5581863, 37.9020513], [-122.5583082, 37.902169], [-122.5583119, 37.902214], [-122.5582785, 37.9022486]]}}, {"type": "Feature", "properties": {"id": 62, "elev_ft": 520, "elev_m": 158.496, "index_contour": false, "label": "520 ft", "length_m": 132.34, "n_vertices": 10}, "geometry": {"type": "LineString", "coordinates": [[-122.5447656, 37.8899258], [-122.5449199, 37.890051], [-122.5449879, 37.8900831], [-122.5452154, 37.8900896], [-122.5454312, 37.8901292], [-122.5455449, 37.8901326], [-122.5456133, 37.8901111], [-122.5456704, 37.8900723], [-122.5458094, 37.8898998], [-122.5459557, 37.8897546]]}}, {"type": "Feature", "properties": {"id": 63, "elev_ft": 520, "elev_m": 158.496, "index_contour": false, "label": "520 ft", "length_m": 111.65, "n_vertices": 10}, "geometry": {"type": "LineString", "coordinates": [[-122.5560302, 37.901917], [-122.5559712, 37.9019204], [-122.5558686, 37.9019563], [-122.5558435, 37.9019884], [-122.5558532, 37.9020245], [-122.5560032, 37.9021062], [-122.5561271, 37.902341], [-122.556241, 37.9024635], [-122.556377, 37.9025395], [-122.5565111, 37.9025773]]}}, {"type": "Feature", "properties": {"id": 64, "elev_ft": 520, "elev_m": 158.496, "index_contour": false, "label": "520 ft", "length_m": 93.93, "n_vertices": 6}, "geometry": {"type": "LineString", "coordinates": [[-122.5566268, 37.9025664], [-122.5566536, 37.9025233], [-122.5566445, 37.9024691], [-122.5564019, 37.9021888], [-122.5561642, 37.9019846], [-122.5560302, 37.901917]]}}, {"type": "Feature", "properties": {"id": 65, "elev_ft": 520, "elev_m": 158.496, "index_contour": false, "label": "520 ft", "length_m": 41.99, "n_vertices": 3}, "geometry": {"type": "LineString", "coordinates": [[-122.5482168, 37.8894292], [-122.5484484, 37.8895785], [-122.5486223, 37.8896113]]}}, {"type": "Feature", "properties": {"id": 66, "elev_ft": 520, "elev_m": 158.496, "index_contour": false, "label": "520 ft", "length_m": 39.98, "n_vertices": 5}, "geometry": {"type": "LineString", "coordinates": [[-122.5463285, 37.8897009], [-122.5464342, 37.8897663], [-122.5465138, 37.8897773], [-122.5465785, 37.8897495], [-122.5466863, 37.8896494]]}}, {"type": "Feature", "properties": {"id": 67, "elev_ft": 520, "elev_m": 158.496, "index_contour": false, "label": "520 ft", "length_m": 39.1, "n_vertices": 4}, "geometry": {"type": "LineString", "coordinates": [[-122.5468941, 37.8896195], [-122.5469809, 37.8896468], [-122.5470605, 37.8896488], [-122.5473078, 37.88956]]}}, {"type": "Feature", "properties": {"id": 68, "elev_ft": 520, "elev_m": 158.496, "index_contour": false, "label": "520 ft", "length_m": 29.23, "n_vertices": 3}, "geometry": {"type": "LineString", "coordinates": [[-122.5537795, 37.8945925], [-122.5539341, 37.89456], [-122.5541064, 37.8945564]]}}, {"type": "Feature", "properties": {"id": 69, "elev_ft": 540, "elev_m": 164.592, "index_contour": false, "label": "540 ft", "length_m": 1279.58, "n_vertices": 86}, "geometry": {"type": "LineString", "coordinates": [[-122.5542376, 37.8947874], [-122.5542766, 37.8948442], [-122.5543464, 37.8948805], [-122.5546599, 37.8949165], [-122.5547424, 37.8949541], [-122.5547647, 37.8950083], [-122.5547101, 37.8951433], [-122.554738, 37.8951664], [-122.5548972, 37.8951634], [-122.5550908, 37.8951303], [-122.5552726, 37.8951529], [-122.5554887, 37.8951585], [-122.5554723, 37.8951912], [-122.5552019, 37.8953615], [-122.5551117, 37.8954783], [-122.5550994, 37.8955774], [-122.5551765, 37.8957129], [-122.5553871, 37.8958669], [-122.5556947, 37.8962105], [-122.5557182, 37.8962737], [-122.5557182, 37.8964269], [-122.5557381, 37.8965262], [-122.5558475, 37.896788], [-122.5559198, 37.8968423], [-122.5559824, 37.8968425], [-122.5561614, 37.8967771], [-122.5564238, 37.8966354], [-122.5565036, 37.8966145], [-122.5565604, 37.8966221], [-122.5565807, 37.8966645], [-122.556582, 37.8968448], [-122.5567508, 37.8971198], [-122.5568302, 37.897146], [-122.5569668, 37.8971361], [-122.5570918, 37.8971474], [-122.557183, 37.8971209], [-122.5572093, 37.8971356], [-122.5571894, 37.8973789], [-122.5571514, 37.89755], [-122.5571599, 37.8976491], [-122.5572132, 37.8977734], [-122.5573294, 37.8979021], [-122.5573127, 37.8980373], [-122.5573929, 37.8981558], [-122.5574496, 37.8981839], [-122.5578021, 37.8981916], [-122.5578502, 37.8982195], [-122.5579312, 37.89831], [-122.5579719, 37.8983299], [-122.5580288, 37.8983266], [-122.5581997, 37.8982765], [-122.5582337, 37.8982888], [-122.5582329, 37.8983652], [-122.5581576, 37.8985271], [-122.558159, 37.8985993], [-122.5582023, 37.8986986], [-122.5583224, 37.8987531], [-122.5583519, 37.8987802], [-122.5583369, 37.8989604], [-122.5583867, 37.8990688], [-122.5584083, 37.8992131], [-122.5583862, 37.8992581], [-122.5582155, 37.899436], [-122.5582112, 37.8995278], [-122.5581646, 37.8996538], [-122.5582186, 37.8997712], [-122.55827, 37.8998312], [-122.5585534, 37.8999936], [-122.5587237, 37.9000532], [-122.5588558, 37.9001341], [-122.5586349, 37.9003676], [-122.5583918, 37.9007092], [-122.5583691, 37.9008082], [-122.5583671, 37.9010335], [-122.5583351, 37.9010965], [-122.5582342, 37.9012043], [-122.5582076, 37.9012763], [-122.5581918, 37.9013754], [-122.5581966, 37.9016638], [-122.5582582, 37.9018081], [-122.5583942, 37.9018917], [-122.5586101, 37.9019246], [-122.5588151, 37.9018872], [-122.5589955, 37.9019102], [-122.5590163, 37.9019553], [-122.5590089, 37.9021137]]}}, {"type": "Feature", "properties": {"id": 70, "elev_ft": 540, "elev_m": 164.592, "index_contour": false, "label": "540 ft", "length_m": 90.14, "n_vertices": 6}, "geometry": {"type": "LineString", "coordinates": [[-122.5449039, 37.8899059], [-122.5449681, 37.8899506], [-122.5450341, 37.8899736], [-122.5454888, 37.8900081], [-122.5456078, 37.8899621], [-122.5457674, 37.8897817]]}}, {"type": "Feature", "properties": {"id": 71, "elev_ft": 560, "elev_m": 170.688, "index_contour": false, "label": "560 ft", "length_m": 504.09, "n_vertices": 39}, "geometry": {"type": "LineString", "coordinates": [[-122.5553013, 37.8954973], [-122.5552983, 37.8955601], [-122.5553605, 37.8956415], [-122.5554738, 37.895737], [-122.5556727, 37.895859], [-122.5558509, 37.8960038], [-122.5559945, 37.8961491], [-122.5561017, 37.8962752], [-122.556162, 37.8963745], [-122.5562316, 37.8964415], [-122.556277, 37.8964547], [-122.5564479, 37.8964096], [-122.5567436, 37.8964111], [-122.5568232, 37.8964247], [-122.5569, 37.8964675], [-122.5569228, 37.8965487], [-122.5568602, 37.8967828], [-122.5569, 37.8968924], [-122.5569906, 37.8969465], [-122.5573091, 37.8969506], [-122.5573832, 37.896983], [-122.5574242, 37.8970282], [-122.5574182, 37.8971364], [-122.5573357, 37.8972983], [-122.5572986, 37.8974694], [-122.557298, 37.8975685], [-122.5573432, 37.8976769], [-122.5574998, 37.8978307], [-122.5575667, 37.8980022], [-122.5576097, 37.8980356], [-122.5577316, 37.8980839], [-122.5578822, 37.8981138], [-122.5579727, 37.8981979], [-122.5580181, 37.8982169], [-122.5580977, 37.8982128], [-122.558246, 37.8981486], [-122.5583257, 37.8981346], [-122.5583496, 37.8981583], [-122.558353, 37.8982507]]}}, {"type": "Feature", "properties": {"id": 72, "elev_ft": 560, "elev_m": 170.688, "index_contour": false, "label": "560 ft", "length_m": 435.49, "n_vertices": 35}, "geometry": {"type": "LineString", "coordinates": [[-122.5586093, 37.8992196], [-122.5585956, 37.8993039], [-122.5585154, 37.8993937], [-122.5584559, 37.8995287], [-122.5584647, 37.8996161], [-122.5585034, 37.8997091], [-122.5586001, 37.8997987], [-122.5587247, 37.8998776], [-122.558963, 37.8999669], [-122.5591334, 37.9000053], [-122.5591812, 37.9000452], [-122.5590395, 37.9002069], [-122.5588469, 37.9003732], [-122.5587027, 37.9005301], [-122.5586226, 37.9006289], [-122.5585603, 37.9007428], [-122.5585303, 37.9008359], [-122.5585363, 37.9009541], [-122.5586042, 37.9010188], [-122.5587176, 37.9010709], [-122.558742, 37.9011161], [-122.5587058, 37.9011468], [-122.5585576, 37.9011896], [-122.5584991, 37.9012774], [-122.5584845, 37.9013584], [-122.5585844, 37.901485], [-122.5587715, 37.9015722], [-122.5588511, 37.901566], [-122.559045, 37.9014833], [-122.5592042, 37.9014956], [-122.5592836, 37.9015216], [-122.5593402, 37.9015757], [-122.5593691, 37.9016502], [-122.5593627, 37.9017313], [-122.5593199, 37.9018359]]}}, {"type": "Feature", "properties": {"id": 73, "elev_ft": 560, "elev_m": 170.688, "index_contour": false, "label": "560 ft", "length_m": 64.03, "n_vertices": 7}, "geometry": {"type": "LineString", "coordinates": [[-122.5551088, 37.8949679], [-122.5551385, 37.8950097], [-122.555207, 37.895046], [-122.5552731, 37.895064], [-122.5553755, 37.8950684], [-122.5555918, 37.8950237], [-122.5557609, 37.8949567]]}}, {"type": "Feature", "properties": {"id": 74, "elev_ft": 560, "elev_m": 170.688, "index_contour": false, "label": "560 ft", "length_m": 28.05, "n_vertices": 4}, "geometry": {"type": "LineString", "coordinates": [[-122.5583082, 37.8984947], [-122.5583176, 37.8985458], [-122.558354, 37.8986], [-122.5584757, 37.898701]]}}, {"type": "Feature", "properties": {"id": 75, "elev_ft": 560, "elev_m": 170.688, "index_contour": false, "label": "560 ft", "length_m": 14.74, "n_vertices": 2}, "geometry": {"type": "LineString", "coordinates": [[-122.5583323, 37.8983631], [-122.5583082, 37.8984945]]}}, {"type": "Feature", "properties": {"id": 76, "elev_ft": 560, "elev_m": 170.688, "index_contour": false, "label": "560 ft", "length_m": 13.57, "n_vertices": 2}, "geometry": {"type": "LineString", "coordinates": [[-122.5554148, 37.8953589], [-122.5553218, 37.8954565]]}}, {"type": "Feature", "properties": {"id": 77, "elev_ft": 560, "elev_m": 170.688, "index_contour": false, "label": "560 ft", "length_m": 11.6, "n_vertices": 2}, "geometry": {"type": "LineString", "coordinates": [[-122.5453664, 37.8898394], [-122.5454961, 37.8898207]]}}, {"type": "Feature", "properties": {"id": 78, "elev_ft": 580, "elev_m": 176.784, "index_contour": false, "label": "580 ft", "length_m": 359.85, "n_vertices": 24}, "geometry": {"type": "LineString", "coordinates": [[-122.5588097, 37.8991698], [-122.5587024, 37.8994846], [-122.5587113, 37.8995567], [-122.5587552, 37.899629], [-122.5588431, 37.8997194], [-122.5590089, 37.8998372], [-122.5593046, 37.8999104], [-122.5594658, 37.9000012], [-122.5594461, 37.9000371], [-122.5593122, 37.9001448], [-122.5592228, 37.9002734], [-122.5590056, 37.9004681], [-122.5589598, 37.9005581], [-122.5588793, 37.9006545], [-122.5588615, 37.900774], [-122.5589034, 37.9008463], [-122.5589231, 37.9009402], [-122.5589683, 37.9009951], [-122.559116, 37.9010257], [-122.5593544, 37.9011061], [-122.5594468, 37.9011638], [-122.5594697, 37.9012269], [-122.5594784, 37.9014884], [-122.5595489, 37.9016314]]}}, {"type": "Feature", "properties": {"id": 79, "elev_ft": 580, "elev_m": 176.784, "index_contour": false, "label": "580 ft", "length_m": 329.74, "n_vertices": 21}, "geometry": {"type": "LineString", "coordinates": [[-122.5564286, 37.8961089], [-122.5569492, 37.8962333], [-122.5570318, 37.8962697], [-122.5571534, 37.8963622], [-122.557231, 37.8964777], [-122.5572742, 37.8966671], [-122.5574352, 37.8967882], [-122.5576393, 37.896896], [-122.5576963, 37.8969752], [-122.5577042, 37.8970293], [-122.5576849, 37.8971103], [-122.5575303, 37.8973891], [-122.5575345, 37.8974793], [-122.5575784, 37.8975696], [-122.5576861, 37.8977052], [-122.5578044, 37.8978155], [-122.5580195, 37.897975], [-122.5581898, 37.8980364], [-122.5583946, 37.8980206], [-122.55844, 37.8980322], [-122.5584654, 37.8980554]]}}, {"type": "Feature", "properties": {"id": 80, "elev_ft": 600, "elev_m": 182.88, "index_contour": true, "label": "600 ft", "length_m": 377.46, "n_vertices": 28}, "geometry": {"type": "LineString", "coordinates": [[-122.5590402, 37.8991342], [-122.5589742, 37.8992422], [-122.5589448, 37.8994404], [-122.558974, 37.8995577], [-122.5590511, 37.8996661], [-122.5591578, 37.8997391], [-122.5593851, 37.8997604], [-122.559476, 37.8997883], [-122.5595843, 37.8998484], [-122.5596238, 37.8999116], [-122.559717, 37.8999841], [-122.5595532, 37.900186], [-122.559486, 37.9003167], [-122.5594156, 37.900376], [-122.5592364, 37.9005952], [-122.5592967, 37.9006585], [-122.5593758, 37.900803], [-122.5594356, 37.9008383], [-122.5595491, 37.9008751], [-122.5596457, 37.9009662], [-122.5598388, 37.9010931], [-122.5598405, 37.9011292], [-122.5597973, 37.9012258], [-122.5596536, 37.9013628], [-122.5596239, 37.9014528], [-122.5596587, 37.901573], [-122.5597867, 37.9016878], [-122.5597893, 37.9017549]]}}, {"type": "Feature", "properties": {"id": 81, "elev_ft": 600, "elev_m": 182.88, "index_contour": true, "label": "600 ft", "length_m": 299.44, "n_vertices": 21}, "geometry": {"type": "LineString", "coordinates": [[-122.5565869, 37.8959578], [-122.5570088, 37.8961073], [-122.557257, 37.8961538], [-122.5573235, 37.8961896], [-122.5574635, 37.8963344], [-122.5575714, 37.896515], [-122.5579016, 37.8967758], [-122.5579882, 37.8968952], [-122.5580271, 37.8970035], [-122.5580338, 37.8971116], [-122.5580131, 37.8971462], [-122.5579561, 37.8971604], [-122.5579269, 37.8971833], [-122.5579035, 37.8973094], [-122.5579127, 37.8973635], [-122.5579765, 37.8974719], [-122.5580336, 37.8975291], [-122.5580801, 37.8976165], [-122.5582256, 37.8977448], [-122.5582936, 37.8977832], [-122.5584502, 37.8978194]]}}, {"type": "Feature", "properties": {"id": 82, "elev_ft": 620, "elev_m": 188.976, "index_contour": false, "label": "620 ft", "length_m": 346.33, "n_vertices": 24}, "geometry": {"type": "LineString", "coordinates": [[-122.5592921, 37.8990963], [-122.5592436, 37.8991801], [-122.5592172, 37.8992792], [-122.5592189, 37.8994414], [-122.5592762, 37.8995768], [-122.5593518, 37.8996198], [-122.5598062, 37.8997254], [-122.5598685, 37.8997503], [-122.5598965, 37.8997865], [-122.5598818, 37.8998585], [-122.5599257, 37.8999218], [-122.5599306, 37.8999578], [-122.5598367, 37.900282], [-122.5597683, 37.9004259], [-122.5597346, 37.9005429], [-122.5597379, 37.900588], [-122.5598116, 37.9007215], [-122.5598795, 37.9007898], [-122.5599088, 37.9008681], [-122.5601592, 37.9010222], [-122.5601941, 37.9011035], [-122.5601612, 37.9011755], [-122.5600222, 37.9013101], [-122.5599398, 37.9016439]]}}, {"type": "Feature", "properties": {"id": 83, "elev_ft": 620, "elev_m": 188.976, "index_contour": false, "label": "620 ft", "length_m": 190.41, "n_vertices": 13}, "geometry": {"type": "LineString", "coordinates": [[-122.5567778, 37.8957757], [-122.5569061, 37.8958692], [-122.5571429, 37.8959997], [-122.5572237, 37.896015], [-122.5573829, 37.8960156], [-122.5574283, 37.8960308], [-122.5575338, 37.8961634], [-122.5576546, 37.8962407], [-122.5578351, 37.8964259], [-122.5579713, 37.8965317], [-122.5580842, 37.8966702], [-122.5581151, 37.8967604], [-122.5582652, 37.8969142]]}}, {"type": "Feature", "properties": {"id": 84, "elev_ft": 640, "elev_m": 195.072, "index_contour": false, "label": "640 ft", "length_m": 322.32, "n_vertices": 20}, "geometry": {"type": "LineString", "coordinates": [[-122.5594747, 37.899073], [-122.5594486, 37.8991899], [-122.5594524, 37.8992981], [-122.5594972, 37.8994064], [-122.5595508, 37.8994787], [-122.5596481, 37.8995324], [-122.5599435, 37.8995948], [-122.5601118, 37.8996881], [-122.5601479, 37.8997423], [-122.5601549, 37.8999406], [-122.5600907, 37.9001477], [-122.5600141, 37.9003097], [-122.5599652, 37.9005528], [-122.5601634, 37.900887], [-122.5603592, 37.9010049], [-122.5604173, 37.9010683], [-122.560436, 37.9011134], [-122.5603889, 37.9011946], [-122.5602451, 37.90132], [-122.5601798, 37.9014494]]}}, {"type": "Feature", "properties": {"id": 85, "elev_ft": 640, "elev_m": 195.072, "index_contour": false, "label": "640 ft", "length_m": 140.43, "n_vertices": 9}, "geometry": {"type": "LineString", "coordinates": [[-122.5569403, 37.8956237], [-122.5572877, 37.895838], [-122.5573725, 37.8958582], [-122.5574976, 37.8958571], [-122.5575724, 37.8958841], [-122.5576714, 37.8960107], [-122.557837, 37.8961571], [-122.5579164, 37.8961915], [-122.5581385, 37.8963891]]}}, {"type": "Feature", "properties": {"id": 86, "elev_ft": 660, "elev_m": 201.168, "index_contour": false, "label": "660 ft", "length_m": 282.68, "n_vertices": 21}, "geometry": {"type": "LineString", "coordinates": [[-122.5596567, 37.8990498], [-122.5596375, 37.8991906], [-122.5596563, 37.8992448], [-122.559696, 37.89929], [-122.5598429, 37.8993987], [-122.560188, 37.8994991], [-122.5602922, 37.8995897], [-122.5603362, 37.8996799], [-122.560366, 37.8999054], [-122.5603966, 37.8999956], [-122.5603847, 37.9001668], [-122.5602921, 37.9002641], [-122.5602696, 37.9003106], [-122.5603012, 37.9004099], [-122.5602892, 37.900536], [-122.5603032, 37.9007794], [-122.5603532, 37.9008787], [-122.560515, 37.9010287], [-122.5606021, 37.901087], [-122.5606014, 37.901114], [-122.5605524, 37.9011682]]}}, {"type": "Feature", "properties": {"id": 87, "elev_ft": 660, "elev_m": 201.168, "index_contour": false, "label": "660 ft", "length_m": 53.37, "n_vertices": 6}, "geometry": {"type": "LineString", "coordinates": [[-122.5571227, 37.8954558], [-122.5572482, 37.8955675], [-122.557353, 37.8956309], [-122.5574306, 37.895655], [-122.5575443, 37.8956627], [-122.5576204, 37.8956988]]}}, {"type": "Feature", "properties": {"id": 88, "elev_ft": 680, "elev_m": 207.264, "index_contour": false, "label": "680 ft", "length_m": 299.42, "n_vertices": 15}, "geometry": {"type": "LineString", "coordinates": [[-122.5599351, 37.8987765], [-122.5599447, 37.8988403], [-122.5598429, 37.8990742], [-122.5598528, 37.8991824], [-122.5598818, 37.8992456], [-122.5599679, 37.899313], [-122.5601951, 37.8993518], [-122.5603428, 37.8994006], [-122.560541, 37.8996266], [-122.5605447, 37.9001945], [-122.5604695, 37.9004015], [-122.5604947, 37.9008162], [-122.5605266, 37.9008974], [-122.560582, 37.9009517], [-122.5607794, 37.9010296]]}}, {"type": "Feature", "properties": {"id": 89, "elev_ft": 700, "elev_m": 213.36, "index_contour": true, "label": "700 ft", "length_m": 292.3, "n_vertices": 19}, "geometry": {"type": "LineString", "coordinates": [[-122.5601173, 37.8987524], [-122.5601216, 37.8988319], [-122.5600404, 37.8990029], [-122.5600435, 37.899075], [-122.5600712, 37.8991521], [-122.5601732, 37.899224], [-122.5604002, 37.8992982], [-122.5605125, 37.8993561], [-122.5606579, 37.8995279], [-122.5607233, 37.8996994], [-122.560759, 37.8998618], [-122.5607134, 37.8999698], [-122.5607298, 37.9001231], [-122.5606373, 37.9005553], [-122.5606508, 37.9008168], [-122.5606979, 37.9008771], [-122.5607659, 37.9009165], [-122.5608568, 37.9009315], [-122.5609569, 37.9009211]]}}, {"type": "Feature", "properties": {"id": 90, "elev_ft": 720, "elev_m": 219.456, "index_contour": false, "label": "720 ft", "length_m": 287.7, "n_vertices": 19}, "geometry": {"type": "LineString", "coordinates": [[-122.5603127, 37.8987127], [-122.5603125, 37.8987786], [-122.5602334, 37.8989585], [-122.5602588, 37.8990668], [-122.5603442, 37.89915], [-122.5606084, 37.8992754], [-122.5607367, 37.899393], [-122.560805, 37.8994834], [-122.5609172, 37.8997092], [-122.5609188, 37.8997723], [-122.5608033, 37.9002765], [-122.5608111, 37.9003937], [-122.560875, 37.9005021], [-122.5608434, 37.9006282], [-122.5608531, 37.9006913], [-122.5609033, 37.9007613], [-122.5609714, 37.9007877], [-122.5610738, 37.9007844], [-122.5612482, 37.9007431]]}}, {"type": "Feature", "properties": {"id": 91, "elev_ft": 740, "elev_m": 225.552, "index_contour": false, "label": "740 ft", "length_m": 282.3, "n_vertices": 17}, "geometry": {"type": "LineString", "coordinates": [[-122.5604843, 37.8986779], [-122.5604239, 37.8989052], [-122.5604418, 37.8990044], [-122.5604886, 37.8990586], [-122.5606228, 37.8991583], [-122.5608737, 37.8993124], [-122.5609822, 37.8995472], [-122.5610936, 37.8996918], [-122.5609572, 37.9000969], [-122.5609262, 37.90025], [-122.5609517, 37.9003402], [-122.5610397, 37.9004667], [-122.561075, 37.900557], [-122.5611318, 37.9005987], [-122.5612568, 37.9006121], [-122.5614048, 37.9005968], [-122.561573, 37.9005447]]}}, {"type": "Feature", "properties": {"id": 92, "elev_ft": 760, "elev_m": 231.648, "index_contour": false, "label": "760 ft", "length_m": 271.63, "n_vertices": 18}, "geometry": {"type": "LineString", "coordinates": [[-122.5606408, 37.8986461], [-122.5606349, 37.8988609], [-122.5606795, 37.8989962], [-122.5607993, 37.8991358], [-122.5609468, 37.8991889], [-122.5609921, 37.8992212], [-122.5611267, 37.8995297], [-122.5612398, 37.8996578], [-122.5612357, 37.8997103], [-122.5611699, 37.8998453], [-122.5610613, 37.9001694], [-122.5610557, 37.9002505], [-122.5610772, 37.9003136], [-122.5611218, 37.9003661], [-122.5612124, 37.9004315], [-122.5612918, 37.9004661], [-122.5613828, 37.9004698], [-122.5617326, 37.9004259]]}}, {"type": "Feature", "properties": {"id": 93, "elev_ft": 780, "elev_m": 237.744, "index_contour": false, "label": "780 ft", "length_m": 242.06, "n_vertices": 15}, "geometry": {"type": "LineString", "coordinates": [[-122.5608237, 37.8986089], [-122.5608454, 37.8987986], [-122.5609018, 37.89897], [-122.5609406, 37.8990062], [-122.5610613, 37.899067], [-122.5611104, 37.899115], [-122.5612347, 37.8994219], [-122.5613557, 37.8996026], [-122.5613366, 37.8997468], [-122.5612111, 37.9001248], [-122.5612237, 37.900224], [-122.5612917, 37.9002964], [-122.5614063, 37.9003493], [-122.5614858, 37.9003575], [-122.5616986, 37.9003421]]}}, {"type": "Feature", "properties": {"id": 94, "elev_ft": 800, "elev_m": 243.84, "index_contour": true, "label": "800 ft", "length_m": 76.7, "n_vertices": 7}, "geometry": {"type": "LineString", "coordinates": [[-122.5614674, 37.899716], [-122.5613808, 37.9000263], [-122.5613828, 37.9001255], [-122.5614186, 37.9001855], [-122.5614639, 37.9002204], [-122.561532, 37.9002379], [-122.561659, 37.9002444]]}}, {"type": "Feature", "properties": {"id": 95, "elev_ft": 800, "elev_m": 243.84, "index_contour": true, "label": "800 ft", "length_m": 41.69, "n_vertices": 3}, "geometry": {"type": "LineString", "coordinates": [[-122.5610271, 37.8985677], [-122.5610792, 37.8987724], [-122.5611777, 37.8989198]]}}, {"type": "Feature", "properties": {"id": 96, "elev_ft": 820, "elev_m": 249.936, "index_contour": false, "label": "820 ft", "length_m": 18.9, "n_vertices": 3}, "geometry": {"type": "LineString", "coordinates": [[-122.561545, 37.899935], [-122.5615497, 37.900036], [-122.5616007, 37.9000922]]}}]}